ts_unix_ns,portfolio,kol_name,token_address,token_symbol,bnb_in_wei,bnb_out_wei,pnl_wei,pnl_bnb,pnl_usd,pnl_pct,d_mcap_usd,our_entry_mcap_usd,bnb_usd_close,opened_at_block,closed_at_block,held_secs,buy_tx_count,close_reason,trigger_sell_tx,kol_exit_count,kol_exit_mcap_first_usd,kol_exit_mcap_last_usd,our_avg_exit_mcap_usd
1779778261430444664,fast_tip,O,0x6657adbcaa70f579a46a13dbab7961695e434444,币安恋,30000000000000000,28534368657996128,-1465631342003872,-0.001466,-0.96,-0.048854,42278,45575,658.01,100494645,100494646,1,1,kol_sell,0x4e76c3a699090d9bbcc0e45ced439c02cee8258817d9ecc937948fdc7e5d5fae,1,44174,44174,43349
1779779401094454747,fast_tip,O,0x5e3fa66568fd526e5b9b67d54dab6946e3aa4444,发财熊,11971228183185644,31624322917090677,19653094733905033,0.019653,12.90,1.641694,8288,9630,656.15,100497174,100497185,5,1,kol_sell,0xc4a346057cf9e8d519fa980ee5feedb3045edcb8320f0f9815e57ccdf4992553,1,23429,23429,25439
1779779419257092087,fast_tip,A,0x5e3fa66568fd526e5b9b67d54dab6946e3aa4444,发财熊,30000000000000000,16915596500912284,-13084403499087716,-0.013084,-8.59,-0.436147,39487,41133,656.15,100497215,100497220,2,1,kol_sell,0x7037cbb29d23b1795aa4c5788a60d15ea715f25a56a08c206be88173c9cc37be,1,25465,25465,23193
1779779414192540433,fast_tip,D,0xaa8ba2b3904efd96b63582e98845f8f03a494444,大熊贝尔,15000000000000000,19349174300867398,4349174300867398,0.004349,2.85,0.289945,7561,7876,656.15,100497204,100497221,7,1,kol_sell,0x7085b652bf8cd1f5ebbb5c3cb2fd302d19acc7169bb3f571a57ae3baa63b59e6,1,11083,11083,10160
1779779401094454747,fast_tip,O,0x5e3fa66568fd526e5b9b67d54dab6946e3aa4444,发财熊,5364662604784190,9023987633004047,3659325028219857,0.003659,2.40,0.682117,8288,9630,656.15,100497174,100497228,24,1,kol_sell,0x73666a38b00c74e5c115c6461fef75876e3e540b76f0f8270cabceb7e30069f0,1,18583,18583,16198
1779779401094454747,fast_tip,O,0x5e3fa66568fd526e5b9b67d54dab6946e3aa4444,发财熊,3754012068741150,6161006306436597,2406994237695447,0.002407,1.58,0.641179,8288,9630,656.15,100497174,100497232,26,1,kol_sell,0x2276f2b2b94f8fcbcf80e5406a8beb9fd1cf59c1e6c85f792f6ddc897cc0afc7,1,18906,18906,15804
1779779433685168528,fast_tip,A,0x5e3fa66568fd526e5b9b67d54dab6946e3aa4444,发财熊,28691559650091228,20128376221673397,-8563183428417831,-0.008563,-5.62,-0.298457,31265,32568,655.97,100497247,100497252,2,1,kol_sell,0x6945f4212a380154b43f89246fb86bd3fd0d8907fc0ffae1f136dcef592775ce,1,24881,24881,22848
1779779423688643526,fast_tip,E,0x5e3fa66568fd526e5b9b67d54dab6946e3aa4444,发财熊,30000000000000000,26866082784706504,-3133917215293496,-0.003134,-2.06,-0.104464,20546,21402,655.97,100497225,100497254,13,1,kol_sell,0x7d8ff4aeb5814bf48b69ec98434206cf61f3100002d83ab3df215b68594df681,1,20639,20639,19161
1779779401094454747,fast_tip,O,0x5e3fa66568fd526e5b9b67d54dab6946e3aa4444,发财熊,8763534009088628,9658723512783538,895189503694910,0.000895,0.59,0.102149,8288,9630,655.97,100497174,100497260,38,1,kol_sell,0x50c4263308b7accd383cf01e2c45affdd689972a5d31657a5e0454b55f01d12f,1,12099,12099,10610
1779779414192540433,fast_tip,D,0xaa8ba2b3904efd96b63582e98845f8f03a494444,大熊贝尔,15000000000000000,8217362295418788,-6782637704581212,-0.006783,-4.45,-0.452176,7561,7876,655.97,100497204,100497293,41,1,kol_sell,0xc5af43f06c06a7990f6ccb60a99d7de1270fe59e3b5753bd27490619b0691a31,1,4993,4993,4314
1779779470059852168,fast_tip,A,0x5e3fa66568fd526e5b9b67d54dab6946e3aa4444,发财熊,23799131317698275,17154538281835927,-6644593035862348,-0.006645,-4.36,-0.279195,41855,43599,655.97,100497327,100497343,7,2,kol_sell,0x7796c57da304fb45c36ff2c8bc953b1679d152ace72f84529122dc2351f1a1cb,1,33968,33968,30959
1779779473192748348,fast_tip,E,0x5e3fa66568fd526e5b9b67d54dab6946e3aa4444,发财熊,40225354217327730,35600628375408666,-4624725841919064,-0.004625,-3.03,-0.114970,38204,39796,656.06,100497334,100497391,26,3,kol_sell,0x029715be2fd66560f072287487403daeb9b4ae5b7cd1bdcffa50b37713c6154d,1,26693,26693,24984
1779779473192748348,fast_tip,E,0x5e3fa66568fd526e5b9b67d54dab6946e3aa4444,发财熊,40225354217327731,36729253319267564,-3496100898060167,-0.003496,-2.29,-0.086913,38204,39796,656.06,100497334,100497395,28,3,kol_sell,0xb0e3a0edc5267874ce15cd64e0b224e6d156740ffabebd108ca56765a2a2dae7,1,27518,27518,25776
1779779452336395420,fast_tip,A,0xe69e41b1c05f91cebca5c7116b1cef4fb47f4444,发财贝尔,24921293024208941,28846577891604988,3925284867396047,0.003925,2.58,0.157507,8700,9062,656.06,100497288,100497408,54,2,kol_sell,0x02766e81af19a027b155ea8e4505fc9543b6962c254549b2ae240ba8297e3882,1,9681,9681,9008
1779779452336395420,fast_tip,A,0xe69e41b1c05f91cebca5c7116b1cef4fb47f4444,发财贝尔,12460646512104471,19880897946816827,7420251434712356,0.007420,4.87,0.595495,8700,9062,656.06,100497288,100497448,72,2,kol_sell,0x69c207e33df847f666fbfb13ada44b25485cc2d49a6fb096926be7b73a858dae,1,13530,13530,12417
1779779452336395420,fast_tip,A,0xe69e41b1c05f91cebca5c7116b1cef4fb47f4444,发财贝尔,12460646512104471,7601202026413437,-4859444485691034,-0.004859,-3.19,-0.389983,8700,9062,656.03,100497288,100497486,89,2,kol_sell,0x096013218f11748d752571bcc7e34accc066d4f7e525c4b00376cb50601e89cf,1,5540,5540,4747
1779779562883756698,fast_tip,A,0x9d601dae218b319899983337a6bd3780bfb84444,RichBear,11485771134222871,11834208692334150,348437558111279,0.000348,0.23,0.030336,20012,20846,655.80,100497533,100497540,3,1,kol_sell,0xffe78957aa3fcc66ad13c8dd991889b884a96f3ea6b09f794872820567fbcc4d,1,24103,24103,21479
1779779562883756698,fast_tip,A,0x9d601dae218b319899983337a6bd3780bfb84444,RichBear,2296005649731151,1583183353654509,-712822296076642,-0.000713,-0.47,-0.310462,20012,20846,655.80,100497533,100497546,6,1,kol_sell,0x73ef0adc832764c51ba0bb40405abc5e59aadfa2652023a5e8e1919a0f0a3285,1,23626,23626,14374
1779779562883756698,fast_tip,A,0x9d601dae218b319899983337a6bd3780bfb84444,RichBear,1837034120349894,504132306428024,-1332901813921870,-0.001333,-0.87,-0.725573,20012,20846,655.80,100497533,100497565,14,1,kol_sell,0x1f8ec140335be251e73a04634a650754a1752c57db1bb7bdb46bc313ad42597e,1,16774,16774,5721
1779779470059852168,fast_tip,A,0x5e3fa66568fd526e5b9b67d54dab6946e3aa4444,发财熊,45193417545689260,41343654851975283,-3849762693713977,-0.003850,-2.52,-0.085184,41855,43599,655.79,100497327,100497649,145,5,kol_sell,0x6e6f175e65b2bb309320faeee6244778dfe2304b453a46ff843f47cababc3e71,1,29299,29299,27518
1779779605641630956,fast_tip,G,0xaffc28c6f9d31dd542b6f242993b94546e8799de,Fozzie Bear,15000000000000000,16915999229208024,1915999229208024,0.001916,1.26,0.127733,5487,5716,655.79,100497628,100497659,14,1,kol_sell,0xacad4cf64e5eb591e6f26724465452396ba5af1c896cb4f4db654eec7dbf6456,1,7078,7078,6446
1779779562883756698,fast_tip,A,0x9d601dae218b319899983337a6bd3780bfb84444,RichBear,3676365682070913,516311793881323,-3160053888189590,-0.003160,-2.07,-0.859559,20012,20846,655.72,100497533,100497722,85,1,kol_sell,0x3d53ec57e38eb8199b4d5cf14bdb6f7a50c158edf3f31753f7ab04d6c9533ac2,1,8453,8453,2927
1779779470059852168,fast_tip,A,0x5e3fa66568fd526e5b9b67d54dab6946e3aa4444,发财熊,9037778555927945,9725254740292155,687476184364210,0.000687,0.45,0.076067,41855,43599,655.72,100497327,100497748,190,5,kol_sell,0xfdcf9060910fee3ab7453903674db03471a217aa81b6d005baf054cccb5ff175,1,36886,36886,32365
1779779605641630956,fast_tip,G,0xaffc28c6f9d31dd542b6f242993b94546e8799de,Fozzie Bear,15000000000000000,12065393596034746,-2934606403965254,-0.002935,-1.92,-0.195640,5487,5716,655.38,100497628,100497874,111,1,kol_sell,0x81710a39bebf1e3a99bfb4b1d1c26ed4d9b36552752d0328d8bc65528096cfa2,1,5150,5150,4595
1779779562883756698,fast_tip,A,0x9d601dae218b319899983337a6bd3780bfb84444,RichBear,1838182841035456,0,-1838182841035456,-0.001838,-1.20,-1.000000,20012,20846,655.35,100497533,100497980,201,1,kol_sell,0x10a88b8b09b7bcb98bc09ec6a1935b08a0417d4b424770a2201e0548f4628478,1,6340,6340,0
1779779598005878258,fast_tip,E,0x5e3fa66568fd526e5b9b67d54dab6946e3aa4444,发财熊,29549193043738778,27698305267338970,-1850887776399808,-0.001851,-1.21,-0.062638,25243,26294,655.35,100497611,100497991,171,5,kol_sell,0x70318bce3dcc015768721a2e183506ef42d76298f3374da06d0c85395ae31aae,1,30250,30250,28111
1779779470059852168,fast_tip,A,0x5e3fa66568fd526e5b9b67d54dab6946e3aa4444,发财熊,59206139897833807,36071628672050683,-23134511225783124,-0.023135,-15.16,-0.390745,41855,43599,655.33,100497327,100498290,434,6,kol_sell,0xac645b10644bc899eb1d1fadb13a62f5c14606629e84772ebc499f3202d2286c,1,21821,21821,20430
1779779598005878258,fast_tip,E,0x5e3fa66568fd526e5b9b67d54dab6946e3aa4444,发财熊,88694876759137486,52907847886398834,-35787028872738652,-0.035787,-23.46,-0.403485,25243,26294,655.48,100497611,100498382,348,5,kol_sell,0xd4523c4a4e01c632b27b8bae2bed1f1a98c6eeeefbff0f49b57c2c4d2254b1e8,1,18961,18961,17893
1779779954802571750,fast_tip,A,0x5e3fa66568fd526e5b9b67d54dab6946e3aa4444,发财熊,22263423006339703,25838729626828975,3575306620489272,0.003575,2.34,0.160591,17079,17791,655.59,100498403,100498713,141,1,kol_sell,0x6da78252d58a5ac17537376c33adaa0f5c65fb5e4d6c2eb4c5f3419e8135a3c8,1,22751,22751,20652
1779779562883756698,fast_tip,A,0x9d601dae218b319899983337a6bd3780bfb84444,RichBear,22567360773407273,13066443657024631,-9500917116382642,-0.009501,-6.23,-0.421003,20012,20846,656.07,100497533,100499272,785,2,kol_sell,0x85171978ebdd9ff2820f755b93dc86c36e77f946837730197850d86137738e2a,1,4683,4683,4159
1779780451231523230,fast_tip,A,0xafe7d012b9a7bbef5f78fb0324a8bbe9c5174444,Four咪咪,11963799017045546,11199997249353512,-763801767692034,-0.000764,-0.50,-0.063843,5019,5228,655.92,100499504,100499525,10,1,kol_sell,0x193a3eec8f1bdb57d27dc6f457bb90eaaf433025f7ace09ea093dfbfc12104d8,1,5535,5535,4894
1779780451231523230,fast_tip,A,0xafe7d012b9a7bbef5f78fb0324a8bbe9c5174444,Four咪咪,11963799017045547,8973585546424513,-2990213470621034,-0.002990,-1.96,-0.249938,5019,5228,655.92,100499504,100499554,22,1,kol_sell,0xe8787dd2687d3d58b385af4d5046951a6805ec0c52a47311fe29d2c7d78a64c3,1,4501,4501,3921
1779781036038449723,fast_tip,A,0x477d7dcabab243efd65c7851294a412b7e6a4444,BUCE,21196976859233808,16665658230173795,-4531318629060013,-0.004531,-2.97,-0.213772,9895,10679,655.29,100500802,100500810,4,1,kol_sell,0xf0160571bb9654f48d8f41443375035934b09bac3466bee47d72c0eed2d396f5,1,10008,10008,8401
1779781008866199322,fast_tip,A,0x79c3af88247070700d5a3062fbf5af6929d74444,Byberpunk,23552196510259786,17330455508674728,-6221741001585058,-0.006222,-4.08,-0.264168,4337,5027,655.29,100500743,100500857,52,1,kol_sell,0xc4dd00cf55d179bbd7d339516f74b5f15b8e4ff2b835007e219b25395fe02777,1,4059,4059,3701
1779781112025964350,fast_tip,A,0x477d7dcabab243efd65c7851294a412b7e6a4444,BUCE,30456186691449603,31049118306927568,592931615477965,0.000593,0.39,0.019468,6357,6876,655.41,100500970,100501247,125,3,kol_sell,0x350b64396196d6d8fb4fb4b86b6f8ae08693004e080e46c600924164912f5526,1,7262,7262,6717
1779778397701681360,fast_tip,M,0x4e6cbe10e9f7120d19d0fdba68b092545b6d4444,地球Online,7500000000000000,7563390004367689,63390004367689,0.000063,0.04,0.008452,44744,48945,655.66,100494947,100501311,2867,1,kol_sell,0x207f62cdbbda363f23e38d38a6fd7162acd3b3848f5599fc856ad163c223c0d4,1,56672,56672,49182
1779781603390315625,fast_tip,M,0x127b949ad471e7ff42744f5650bb78f9ec1a4444,BURGER,19232367293402636,20400434527559304,1168067234156668,0.001168,0.77,0.060734,7071,9244,656.59,100502061,100502083,11,1,kol_sell,0x208d2ebb70eb922b69cebb042382796ad4779a95d6334b435158a20f90ea5405,1,9352,9352,9806
1779781603390315625,fast_tip,M,0x127b949ad471e7ff42744f5650bb78f9ec1a4444,BURGER,4261985853517066,4595525948804871,333540095287805,0.000334,0.22,0.078259,7071,9244,656.79,100502061,100502197,62,1,kol_sell,0xa2aa6b8302053a6f2f1a5048ab7afcd4c188029654ef6f0e165d38b8096cfdcf,1,12190,12190,9971
1779781603390315625,fast_tip,M,0x127b949ad471e7ff42744f5650bb78f9ec1a4444,BURGER,4261985853517066,3327562213036959,-934423640480107,-0.000934,-0.61,-0.219246,7071,9244,656.79,100502061,100502222,73,1,kol_sell,0x89e3b6252a3acb8bb0cc220dda387d211d873d92ec12d0e34383922cbf2fa0c5,1,9585,9585,7220
1779781686452161910,fast_tip,A,0x127b949ad471e7ff42744f5650bb78f9ec1a4444,BURGER,17541508535638304,14796503511312224,-2745005024326080,-0.002745,-1.80,-0.156486,9238,10068,656.97,100502245,100502268,10,1,kol_sell,0xabb0fdf56220ede7fd2c4462e003be21864475341e73ea705309a24c6ed7b94d,1,9395,9395,8495
1779781884061646104,fast_tip,A,0x6fd1d1a13271dd08f9a3a6f9c6d4d53a694c4444,ShangPepe,17267008033205696,13693964024046135,-3573044009159561,-0.003573,-2.35,-0.206929,4199,4576,657.47,100502684,100502733,22,1,kol_sell,0x7ebb3551a07c2900a1950af2b2aa15b04dc65e539d3eac5973fea877f524d1cc,1,4223,4223,3629
1779782099661461216,fast_tip,A,0xb26de2b8f9b559b896c89e49a3f8649a0d2e4444,背手负狗,8454851816144870,11089491659406879,2634639843262009,0.002635,1.73,0.311613,7618,8390,658.08,100503163,100503182,9,1,kol_sell,0x06111a92b0e21f7650504178b23295b7c9cc319dbc5557427921aaacca672186,1,11049,11049,11004
1779782099661461216,fast_tip,A,0xb26de2b8f9b559b896c89e49a3f8649a0d2e4444,背手负狗,1690124878047359,1432744234067057,-257380643980302,-0.000257,-0.17,-0.152285,7618,8390,658.08,100503163,100503188,11,1,kol_sell,0xf3a2d2cd06d5fbb057c2a445b9db343dec20517cf72be4a820f5ee129eb14dbe,1,12123,12123,7112
1779782099661461216,fast_tip,A,0xb26de2b8f9b559b896c89e49a3f8649a0d2e4444,背手负狗,1352268914925692,1057045672810178,-295223242115514,-0.000295,-0.19,-0.218317,7618,8390,658.08,100503163,100503203,18,1,kol_sell,0xfb977a67a48e08db74b97f1cdd26b92993cbd567e03635c08a4afde1122bb447,1,12724,12724,6558
1779782099661461216,fast_tip,A,0xb26de2b8f9b559b896c89e49a3f8649a0d2e4444,背手负狗,1081950358832046,528535730702176,-553414628129870,-0.000553,-0.36,-0.511497,7618,8390,657.09,100503163,100503413,114,1,kol_sell,0xed6ebfce28c88a0565e9af267fe4953cb008c4e9415f0a492af0260808f81851,1,11507,11507,4092
1779782385060681123,fast_tip,G,0xaa8317dd375273c21bcf497c4ce8cb8f63664444,负狗,29898139282524277,23830808431969702,-6067330850554575,-0.006067,-3.99,-0.202933,21568,23516,657.02,100503797,100503880,38,1,kol_sell,0xd96bc63457a33154c5fa38dae82e54b0c37cb9ded394bfba3a561d84113f1367,1,20373,20373,18747
1779782479432801493,fast_tip,A,0x9cd906680fc6e750739e49a1f9c6975019944444,TOKENPAY,15798039248821425,15940166673856322,142127425034897,0.000142,0.09,0.008997,4154,4620,657.13,100504006,100504139,60,2,kol_sell,0x70e4ec31b0f35b2aeb59b44922f6d4de772aa44509859b8d81e7c5d2c956a58b,1,6224,6224,5303
1779782099661461216,fast_tip,A,0xb26de2b8f9b559b896c89e49a3f8649a0d2e4444,背手负狗,865668482101520,1330001570760386,464333088658866,0.000464,0.31,0.536387,7618,8390,657.24,100503163,100504552,627,1,kol_sell,0x2f14e2542ebb4a93c3b21db96d39fc528f2e8d6a83b1ba282f064a36ce13275f,1,21623,21623,12873
1779782099661461216,fast_tip,A,0xb26de2b8f9b559b896c89e49a3f8649a0d2e4444,背手负狗,865863311641339,1279080691683301,413217380041962,0.000413,0.27,0.477232,7618,8390,657.24,100503163,100504555,628,1,kol_sell,0x36a4316a9ed1aea40c45b8d299b5180a686172efbcb86e591628c3051b50a9d8,1,22096,22096,12378
1779782479432801493,fast_tip,A,0x9cd906680fc6e750739e49a1f9c6975019944444,TOKENPAY,3158028045839402,4434004498468677,1275976452629275,0.001276,0.84,0.404042,4154,4620,657.26,100504006,100505216,546,2,kol_sell,0xceb229568c0f7374e76ca33ec84d4bd820df606358de3adeaac4fa16005985de,1,9159,9159,7380
1779782479432801493,fast_tip,A,0x9cd906680fc6e750739e49a1f9c6975019944444,TOKENPAY,2526738239476106,4002182667735555,1475444428259449,0.001475,0.97,0.583932,4154,4620,657.26,100504006,100505274,572,2,kol_sell,0x90088f93f09e43e55f90c919c6d639da1375548248f83a0d746e5738be69e995,1,10651,10651,8326
1779782479432801493,fast_tip,A,0x9cd906680fc6e750739e49a1f9c6975019944444,TOKENPAY,2021643265404832,3646354923779215,1624711658374383,0.001625,1.07,0.803659,4154,4620,657.18,100504006,100505290,579,2,kol_sell,0x0cb7a872f107555e6ca024dfda5462e610f963cda25b2988fc58fa53ee8e6b46,1,12347,12347,9479
1779782769695766911,fast_tip,G,0xb26de2b8f9b559b896c89e49a3f8649a0d2e4444,背手负狗,29291406197468819,18151326669390400,-11140079528078419,-0.011140,-7.32,-0.380319,24700,25729,657.13,100504650,100505489,379,1,kol_sell,0xe2adb1bc41dd398386d7d875a9dec64e2e965acf23a7c6ac92cbb2e44bdd8674,1,17189,17189,15949
1779782930055119080,fast_tip,A,0x64054235bfcca010c78cd26657d364169db24444,CZ Tweet Count,13792348838362599,9482624678340675,-4309724160021924,-0.004310,-2.83,-0.312472,6069,6711,656.37,100505006,100506372,617,1,kol_sell,0x7c1c4656cc81bd48d98b5dd5112c786f136715e54a4d03164c71c949cd002d0e,1,5361,5361,4610
1779782099661461216,fast_tip,A,0xb26de2b8f9b559b896c89e49a3f8649a0d2e4444,背手负狗,8961903956611012,12490467349770781,3528563393159769,0.003529,2.32,0.393729,7618,8390,656.25,100503163,100508500,2404,2,kol_sell,0xb6d4249a62e8ab7a75b6205f661e9c59991fe95b31131f0e42016bad2e27cdf6,1,28511,28511,29348
1779782099661461216,fast_tip,A,0xb26de2b8f9b559b896c89e49a3f8649a0d2e4444,背手负狗,11709222253297187,17855206108060399,6145983854763212,0.006146,4.03,0.524884,7618,8390,656.15,100503163,100508665,2479,3,kol_sell,0x5c5f8310969759655e2fdc6514aaad18a29bdc8224e15fe820939e2c03e7cc25,1,46245,46245,43031
1779784983723680591,fast_tip,O,0x7f6407c3340493044cef19c3d14c4968e4434444,菠萝屋,26499641231163176,23911962621369868,-2587678609793308,-0.002588,-1.70,-0.097650,5989,6514,656.71,100509564,100509613,23,1,kol_sell,0x23969e4bcd3c5d8b453ef6e15c58b374084397fed49d2429f1b0607d90dd5080,1,6918,6918,5878
1779784983723680591,fast_tip,O,0x7f6407c3340493044cef19c3d14c4968e4434444,菠萝屋,6015255984987961,2972101044014330,-3043154940973631,-0.003043,-2.00,-0.505906,5989,6514,656.41,100509564,100510220,296,1,kol_sell,0x63b78d9988d5e4e6c1f4aa97fc60943d15cbf049f29434f537a9b39494a3faaa,1,4185,4185,3217
1779785339249782163,fast_tip,A,0x6673c615948e561e589f52a4ad2d05db68a44444,勾兑,13316766395211959,9747985158410348,-3568781236801611,-0.003569,-2.34,-0.267992,5432,6242,655.81,100510353,100510571,99,1,kol_sell,0xfadc205f49e85ffe69f6a9eb1682c5e8aecfe290f9d1a69a20127c54fd22606e,1,5372,5372,4566
1779783136016694640,fast_tip,G,0x9cd906680fc6e750739e49a1f9c6975019944444,TOKENPAY,26362265577721937,13425802472528710,-12936463105193227,-0.012936,-8.48,-0.490719,13293,16181,655.81,100505463,100510598,2313,1,kol_sell,0x917e69f5206affbde05702ecb92e9dc875d7acc5077cfa8603c5ab1591e178db,1,9150,9150,8224
1779786052598238251,fast_tip,A,0xc911e8f97a02b7469294cb89440a6c616abd7777,金靴杯,6479944135765899,0,-6479944135765899,-0.006480,-4.25,-1.000000,19966,20797,656.38,100511937,100511979,20,1,kol_sell,0xda156933da8c01e54a06364a33049db51b372fa3dfb991ca9373b701c9b1f3e9,1,823,823,0
1779786052598238251,fast_tip,A,0xc911e8f97a02b7469294cb89440a6c616abd7777,金靴杯,1295988827153179,0,-1295988827153179,-0.001296,-0.85,-1.000000,19966,20797,656.38,100511937,100511986,22,1,kol_sell,0x23eb72297023295c56bec6f03a1493f4b479e63affc04442b52c83adcb84796f,1,781,781,0
1779786052598238251,fast_tip,A,0xc911e8f97a02b7469294cb89440a6c616abd7777,金靴杯,1036791061722544,721645438153368,-315145623569176,-0.000315,-0.21,-0.303963,19966,20797,655.94,100511937,100512182,111,1,kol_sell,0x8f89489db6290ab13791d588737a938b2830544ebd9a1bd8bfd913438b5dd01b,1,949,949,14466
1779786374782744532,fast_tip,A,0xe4333be9bc6324d398b8c31f5aad4916abb97777,CR7,5868031994096977,0,-5868031994096977,-0.005868,-3.85,-1.000000,8790,9863,655.83,100512652,100512683,15,1,kol_sell,0x713a12b493478db14e1b13da6b8fec8542825b132d7bd335d8ba8f8c502493f6,1,311,311,0
1779786374782744532,fast_tip,A,0xe4333be9bc6324d398b8c31f5aad4916abb97777,CR7,5868031994096978,0,-5868031994096978,-0.005868,-3.85,-1.000000,8790,9863,655.83,100512652,100512696,20,1,kol_sell,0x64271643daae0a1658ca6ec183295705f03c9f6f725176845a9725f45b3498fc,1,246,246,0
1779786052598238251,fast_tip,A,0xc911e8f97a02b7469294cb89440a6c616abd7777,金靴杯,829018132953346,1159610886134945,330592753181599,0.000331,0.22,0.398776,19966,20797,656.35,100511937,100513362,642,1,kol_sell,0x3e32756b02bed776983a0335b383588584c9929624a8cb0b3a0b43355e9ea031,1,52341,52341,29089
1779787228539749006,fast_tip,A,0x53f09bf8d5fc49e00294e791b92357860ad47777,姆巴佩,3902198281203099,0,-3902198281203099,-0.003902,-2.56,-1.000000,6132,6820,656.73,100514547,100514578,15,1,kol_sell,0xd10d1e6f69224e2b656c279761a0da7145bd1fe6830f66f6effcb506cbeb852b,1,353,353,0
1779787228539749006,fast_tip,A,0x53f09bf8d5fc49e00294e791b92357860ad47777,姆巴佩,1951099140601550,0,-1951099140601550,-0.001951,-1.28,-1.000000,6132,6820,656.73,100514547,100514593,21,1,kol_sell,0x5e3779b0f44aa868d6a302fb8dbf631e5b761e532bd193bc1ae72031d94a9275,1,312,312,0
1779786052598238251,fast_tip,A,0xc911e8f97a02b7469294cb89440a6c616abd7777,金靴杯,663629222787366,1530801316456277,867172093668911,0.000867,0.57,1.306712,19966,20797,656.41,100511937,100514800,1290,1,kol_sell,0xaa8be70c558b82f3229d02036f85a0e4655e870414f5f3574e9573d20178cd50,1,77136,77136,47976
1779786052598238251,fast_tip,A,0xc911e8f97a02b7469294cb89440a6c616abd7777,金靴杯,1327258445574732,4487018852066491,3159760406491759,0.003160,2.07,2.380667,19966,20797,655.61,100511937,100515114,1431,1,kol_sell,0x945df42456766e8cadcc9ba9cc244dfa55501b809f90f8b9cc642888978532b9,1,85778,85778,70227
1779786052598238251,fast_tip,A,0xc911e8f97a02b7469294cb89440a6c616abd7777,金靴杯,1327258445574732,4420500158542936,3093241712968204,0.003093,2.03,2.330550,19966,20797,655.82,100511937,100515200,1470,1,kol_sell,0xef84fe33b1b5c95bc18032eea29e264db94a022817a7140c09be67cd93649f2a,1,84568,84568,69207
1779787640789951455,fast_tip,A,0xce80dd9a62197bc8f2976a95dbeaed8f69a44444,小蜗,7350085235091029,4455219405131117,-2894865829959912,-0.002895,-1.90,-0.393855,4574,5148,656.54,100515461,100515770,140,1,kol_sell,0x27ad21b2a10698a91e80e2379fef285a6e795853094b46c4e79049b283aa5fe0,1,4067,4067,3122
1779789616185349805,fast_tip,O,0xdf3c84e8c0bed1f102aef432576a5830a23d4444,CHILLDOG,31951813861074443,24348530144412522,-7603283716661921,-0.007603,-4.99,-0.237961,13177,11273,656.06,100519845,100519874,13,1,kol_sell,0xee2e250eb733f9bcc11beadb22de8e91e0946f513156bcbb5c1383cc0a67afa0,1,9285,9285,8591
1779789623620504409,fast_tip,D,0xbd0be2e16948f7af29c7c048ae818cc271e54444,VIBEDOG,14878326829814309,46814732457723920,31936405627909611,0.031936,20.95,2.146505,5600,5834,656.06,100519861,100519884,10,1,kol_sell,0x70cc0e89781480cf2ef2cb4ba9bdbe55d7368924847884fa08224af84a6be4d3,1,19494,19494,18356
1779789630755182256,fast_tip,A,0xbd0be2e16948f7af29c7c048ae818cc271e54444,VIBEDOG,6036811847541257,5391967672720950,-644844174820307,-0.000645,-0.42,-0.106819,19261,20064,656.06,100519877,100519896,9,2,kol_sell,0x9fb09dc6cd6071826a86c8c9e187ab4a7d2c05e28d5f5fc29793b579bb233b35,1,26272,26272,21563
1779789630755182256,fast_tip,A,0xbd0be2e16948f7af29c7c048ae818cc271e54444,VIBEDOG,1206758688323497,95644196852898,-1111114491470599,-0.001111,-0.73,-0.920743,19261,20064,656.06,100519877,100519900,10,2,kol_sell,0x3283d9c6f0240a23b40b073d605773b67b94f0582ed739d35c8e657f1b357136,1,21052,21052,1913
1779789623620504409,fast_tip,D,0xbd0be2e16948f7af29c7c048ae818cc271e54444,VIBEDOG,4908360021155740,14436792911097727,9528432889941987,0.009528,6.25,1.941266,5600,5834,655.91,100519861,100519915,24,1,kol_sell,0x6c3061e46e1d20fc288e7ef3f7cd9eed4ea8b69ca6491463f9324acd793bbd90,1,19002,19002,17155
1779789630755182256,fast_tip,A,0xbd0be2e16948f7af29c7c048ae818cc271e54444,VIBEDOG,10525990763552427,8675896940411622,-1850093823140805,-0.001850,-1.21,-0.175764,19261,20064,655.91,100519877,100519916,18,3,kol_sell,0x54709400f06279b9f22992bc5991ff7a2dcd9258def83f212aadb8f232f16bcd,1,18486,18486,16054
1779789656399017712,fast_tip,A,0xd48d1d75a95976ac3c8e6640716ef80a4e944444,MUSICDOG,5993933537942363,4165802988093730,-1828130549848633,-0.001828,-1.20,-0.304997,9553,9951,655.91,100519934,100519941,3,1,kol_sell,0x397d2930df54adb199f730a0fa2fadf6774ec81d9f7a6f76836cd4d96afcf63a,1,8786,8786,6916
1779789655964674250,fast_tip,O,0xb278803b06dae2be295e3e2ea75337cc6a3a4444,VIBEDOG,20673716582379788,24484109833215429,3810393250835641,0.003810,2.50,0.184311,5961,6210,655.91,100519933,100519955,10,1,kol_sell,0xdee8b66ae2a5d1ad46ca769b26a754e8b2ce6b2ede35120dfedea4f7e8de6b96,1,7947,7947,7354
1779789655964674250,fast_tip,O,0xb278803b06dae2be295e3e2ea75337cc6a3a4444,VIBEDOG,10517768907028463,6971565926214135,-3546202980814328,-0.003546,-2.33,-0.337163,5961,6210,655.91,100519933,100519979,21,1,kol_sell,0xca8639510050a15ca6849d96d0113b9054c48d9967c9f15de4353f2a08519afc,1,4850,4850,4116
1779789674861349705,fast_tip,D,0x1c2ee8a2ed2be3bbbb36935fb1049fa849e34444,BLOCKSHOALS,8226535207636980,14333776317650999,6107241110014019,0.006107,4.01,0.742383,6089,6342,656.04,100519975,100519984,4,1,kol_sell,0x67b4cd2052eb4b35c850a82cc2ee496f1737d5781a3f5e167c12e4f74510686e,1,12248,12248,11053
1779789674861349705,fast_tip,D,0x1c2ee8a2ed2be3bbbb36935fb1049fa849e34444,BLOCKSHOALS,8144269855560610,8567199133429541,422929277868931,0.000423,0.28,0.051930,6089,6342,656.04,100519975,100519991,7,1,kol_sell,0xc276cf9bfabc3905df08e63bbd19ebdbcf56eccb3020f86f5db619e6330062ee,1,7693,7693,6673
1779789674861349705,fast_tip,D,0x1c2ee8a2ed2be3bbbb36935fb1049fa849e34444,BLOCKSHOALS,8267667883675165,8136727910048334,-130939973626831,-0.000131,-0.09,-0.015838,6089,6342,656.04,100519975,100520005,14,1,kol_sell,0x49c4093ed18d68f5dae458fa5274829fd38fd4301988563fb56403e3424023bb,1,7234,7234,6243
1779789701313716124,fast_tip,A,0x4356c00a2f9a59166aa66fd1f3c01d39439f4444,VIBEDOG,5520564458809624,6349521428632371,828956969822747,0.000829,0.54,0.150158,5957,6206,656.04,100520032,100520049,8,2,kol_sell,0xa3d915359bbc30038138d2a3f225cb6639d7fe04cfbc8099d78821841b5255e9,1,9057,9057,7600
1779789701313716124,fast_tip,A,0x4356c00a2f9a59166aa66fd1f3c01d39439f4444,VIBEDOG,1104112891761924,472309032719912,-631803859042012,-0.000632,-0.41,-0.572228,5957,6206,656.04,100520032,100520055,10,2,kol_sell,0xeec77554d18d1dc42b547ea595873f55f4f663b8e5151b721dc0b01623462421,1,8646,8646,2826
1779789674861349705,fast_tip,D,0x1c2ee8a2ed2be3bbbb36935fb1049fa849e34444,BLOCKSHOALS,8267667883675166,5119776687569464,-3147891196105702,-0.003148,-2.07,-0.380747,6089,6342,656.04,100519975,100520057,38,1,kol_sell,0x68f2977cf90882e01cf4776e891cf65b49677c2ab528b79c86aa1da66700a5af,1,4823,4823,3928
1779789701313716124,fast_tip,A,0x4356c00a2f9a59166aa66fd1f3c01d39439f4444,VIBEDOG,1104112891761925,333204100402759,-770908791359166,-0.000771,-0.51,-0.698216,5957,6206,656.04,100520032,100520058,12,2,kol_sell,0xc13f71b9b7962df9e199ea31c77c7080949fd47b2ce92fe5f2778df9b8cd5fce,1,7778,7778,1994
1779789713905517314,fast_tip,O,0x28f6b667e88ec0065d883884e0d060c3dd064444,eventdog,22330167100588346,25159274202214980,2829107101626634,0.002829,1.86,0.126694,14404,15004,656.04,100520060,100520089,13,1,kol_sell,0x639e794080f5d2771f4684c727c46b1de73b11dfa75c9bcf4466e45beddb3be3,1,18249,18249,16905
1779789725852525212,fast_tip,A,0x28f6b667e88ec0065d883884e0d060c3dd064444,eventdog,5422511047371079,3451552671313797,-1970958376057282,-0.001971,-1.29,-0.363477,20439,21291,656.04,100520086,100520093,3,1,kol_sell,0xbd21fbc2b6968ab62f074aca0b63fe48a398aee30275374543f77018e3168d1a,1,17858,17858,13552
1779789713905517314,fast_tip,O,0x28f6b667e88ec0065d883884e0d060c3dd064444,eventdog,8887737415822036,9101882299384998,214144883562962,0.000214,0.14,0.024094,14404,15004,656.07,100520060,100520185,57,1,kol_sell,0xf2138273683f0e5fa99dfe4792ae8266f4949eea202443e24c47406fe9f42459,1,17615,17615,15366
1779789752407492473,fast_tip,A,0x28f6b667e88ec0065d883884e0d060c3dd064444,eventdog,14160875218464099,8373978534042728,-5786896684421371,-0.005787,-3.80,-0.408654,17068,17779,656.07,100520145,100520202,26,3,kol_sell,0xb0205c8c6cc9d65ec94e11f7ec9a572ccba7f6d5cd35d82a85ceaaaf3d57ec23,1,14064,14064,12172
1779789623620504409,fast_tip,D,0xbd0be2e16948f7af29c7c048ae818cc271e54444,VIBEDOG,9969966808658569,7919186886157969,-2050779922500600,-0.002051,-1.35,-0.205696,5600,5834,655.94,100519861,100520279,189,1,kol_sell,0xdd8653b8515311a4b6ff9238844914a7f12d0f73258d19341e1ed76f15d1a139,1,5383,5383,4633
1779789808795787344,fast_tip,A,0x034477ef760e50acc53e1c7d7a5ded81d1094444,eventdog,2323362770661606,1585167064781811,-738195705879795,-0.000738,-0.48,-0.317727,14309,14905,655.94,100520270,100520295,11,1,kol_sell,0xf0cda8230d0d9a15223bd8505dd69b38c6051a8caa9d3222c5daa2bf933f45a6,1,16706,16706,10169
1779789808795787344,fast_tip,A,0x034477ef760e50acc53e1c7d7a5ded81d1094444,eventdog,464440217855255,0,-464440217855255,-0.000464,-0.30,-1.000000,14309,14905,655.94,100520270,100520300,14,1,kol_sell,0x5ca1946fcf166c302e3e3bd630597b3da8da2366d61ab188663c36ce70a7f7d3,1,17372,17372,0
1779789808795787344,fast_tip,A,0x034477ef760e50acc53e1c7d7a5ded81d1094444,eventdog,464730638201588,0,-464730638201588,-0.000465,-0.30,-1.000000,14309,14905,655.94,100520270,100520305,16,1,kol_sell,0xd21505ac72a415dd824c1e75340531af0fe971799f481d525808b88369b9ad11,1,16063,16063,0
1779789808795787344,fast_tip,A,0x034477ef760e50acc53e1c7d7a5ded81d1094444,eventdog,278838382920952,0,-278838382920952,-0.000279,-0.18,-1.000000,14309,14905,656.06,100520270,100520376,48,1,kol_sell,0xa3a6df62f954d2b23d3713a084ef691a22ade92d1b72bef33785babbf2e36b3d,1,21129,21129,0
1779789808795787344,fast_tip,A,0x034477ef760e50acc53e1c7d7a5ded81d1094444,eventdog,557676765841906,0,-557676765841906,-0.000558,-0.37,-1.000000,14309,14905,656.12,100520270,100520443,78,1,kol_sell,0x88e87d9b6d55fb94e6caa994b8f86211464a4e5ef8d4af8461813aa8a59bf1c0,1,15538,15538,0
1779789808795787344,fast_tip,A,0x034477ef760e50acc53e1c7d7a5ded81d1094444,eventdog,557676765841906,0,-557676765841906,-0.000558,-0.37,-1.000000,14309,14905,656.12,100520270,100520445,79,1,kol_sell,0x7fc623396cf055ea25f1f4d4085b149cb67d63a5d158a2ea35f5603771c3211a,1,16042,16042,0
1779789903150641684,fast_tip,A,0x28f6b667e88ec0065d883884e0d060c3dd064444,eventdog,4340569693669073,2813923740756884,-1526645952912189,-0.001527,-1.00,-0.351716,20597,20657,656.12,100520479,100520494,7,1,kol_sell,0x9b55092012e15237b4f875b17accf25a0fc288501ec8df993e69b66bfc728741,1,19324,19324,13391
1779789942637830028,fast_tip,A,0xb6f4f86a8cee35bccd50ad30774d228be4824444,eventdog,19622806249908290,16834464248475671,-2788342001432619,-0.002788,-1.83,-0.142097,13412,12659,655.78,100520567,100520621,25,6,kol_sell,0xc930f507cd65722b79f5854a88525546fd200538b2a2424689697d95ff19e023,1,11953,11953,10883
1779789989704198112,fast_tip,H,0xb6f4f86a8cee35bccd50ad30774d228be4824444,eventdog,13728000000000000,7802535334133679,-5925464665866321,-0.005925,-3.89,-0.431633,13352,13909,656.14,100520671,100520746,34,1,kol_sell,0xfa91365344443d7434348e5af4ff21b0603c75de3bda72e72b20d04578a99a66,1,9203,9203,7908
1779789989704198112,fast_tip,H,0xb6f4f86a8cee35bccd50ad30774d228be4824444,eventdog,16272000000000000,7131530751362368,-9140469248637632,-0.009140,-6.00,-0.561730,13352,13909,656.14,100520671,100520753,37,1,kol_sell,0x3a46da1d12a38a0d115b14585812af50a8d16c03c485aed28546f0492869bc87,1,7167,7167,6098
1779790009467861977,fast_tip,A,0x28f6b667e88ec0065d883884e0d060c3dd064444,eventdog,1759081904205566,1183117032340384,-575964871865182,-0.000576,-0.38,-0.327424,24919,24989,656.18,100520715,100520864,67,1,kol_sell,0x41f0bebab60f8147f5c5a34daeb4d7bb3908b4321b9a70f00ac77f345d192656,1,29963,29963,16814
1779789701313716124,fast_tip,A,0x4356c00a2f9a59166aa66fd1f3c01d39439f4444,VIBEDOG,3312338675285775,1063542638300583,-2248796036985192,-0.002249,-1.48,-0.678915,5957,6206,656.18,100520032,100520898,391,2,kol_sell,0x09b59b9d01b625f58e50d930c16ffcf96953f2d04c8d770f8a4ec537f43f64b0,1,4029,4029,2122
1779787854222108429,fast_tip,A,0x7ec2caf0f339ed995de0dbfb25e543e7a7404444,织灵,7060598652095037,5797899438767611,-1262699213327426,-0.001263,-0.83,-0.178837,4312,4623,656.35,100515934,100521101,2330,1,kol_sell,0xae4d416365ddc681036ce7e3572b4b46df2839e7d0a06beaac2f8499570bf359,1,4576,4576,3794
1779790009467861977,fast_tip,A,0x28f6b667e88ec0065d883884e0d060c3dd064444,eventdog,2864942621358222,2593909782255969,-271032839102253,-0.000271,-0.18,-0.094603,24919,24989,656.53,100520715,100521337,280,2,kol_sell,0xecf02e0cca451e6e79c5df512c6f2c82f713233f4af21cdbb27a0e2ced512971,1,27930,27930,20511
1779790009467861977,fast_tip,A,0x28f6b667e88ec0065d883884e0d060c3dd064444,eventdog,3157372602977535,3198498712267707,41126109290172,0.000041,0.03,0.013025,24919,24989,656.95,100520715,100521763,472,3,kol_sell,0x6c85547bbfb3a95689c3dd38f01cd62c8bd5f01060315a8f6a24d99292758f9a,1,40868,40868,28712
1779790009467861977,fast_tip,A,0x28f6b667e88ec0065d883884e0d060c3dd064444,eventdog,631474520595507,169115581282843,-462358939312664,-0.000462,-0.30,-0.732189,24919,24989,657.57,100520715,100522008,583,3,kol_sell,0x2cf0da66753ca33d75a0916f7949ad06af12209b3327e568610cb8a0b545e8a3,1,46859,46859,7598
1779790009467861977,fast_tip,A,0x28f6b667e88ec0065d883884e0d060c3dd064444,eventdog,504927026668167,0,-504927026668167,-0.000505,-0.33,-1.000000,24919,24989,657.57,100520715,100522020,588,3,kol_sell,0x706a06baaf4447ab282c931a0eef910cd619db7746b1ddd717cd11056ee2e952,1,45886,45886,0
1779790009467861977,fast_tip,A,0x28f6b667e88ec0065d883884e0d060c3dd064444,eventdog,404194211142772,0,-404194211142772,-0.000404,-0.27,-1.000000,24919,24989,657.47,100520715,100522372,747,3,kol_sell,0x044634d20f6c66f568ca401809582af445ee4358558b64bf9d8cbfbf1d3e45cc,1,58310,58310,0
1779790382214296966,fast_tip,A,0xb6f4f86a8cee35bccd50ad30774d228be4824444,eventdog,3833113982885387,2018191509710224,-1814922473175163,-0.001815,-1.20,-0.473485,4576,5126,658.75,100521542,100522744,543,1,kol_sell,0x4fa9a2c913f1ea953543985bcc9d818743ee09353761100290faafd7a9deeb8b,1,4329,4329,2707
1779790997472702523,fast_tip,O,0xbcc827ddbb5117cf3c9cf1942229e3b795e55555,Snowball,22741397405538624,22464190552160839,-277206853377785,-0.000277,-0.18,-0.012190,22344,22488,658.45,100522907,100522944,17,1,kol_sell,0xa5560f4ffdf84e46d8c33a473b2ff9a873160b34c4773e17a24c7383ce7e0a79,1,25277,25277,22214
1779790009467861977,fast_tip,A,0x28f6b667e88ec0065d883884e0d060c3dd064444,eventdog,323355368914218,146398480822913,-176956888091305,-0.000177,-0.12,-0.547252,24919,24989,660.91,100520715,100524420,1670,3,kol_sell,0xd5ed0cf660f75f1e753348874237875f9ca3172adaa8c0510f1aebaefbca381c,1,94175,94175,12910
1779790009467861977,fast_tip,A,0x28f6b667e88ec0065d883884e0d060c3dd064444,eventdog,258554952983808,124952388323452,-133602564660356,-0.000134,-0.09,-0.516728,24919,24989,660.91,100520715,100524465,1690,3,kol_sell,0x32ef8f9a475f0be9e7ad54eef5ddf2bd51232679a4944f928e7f39e83f6bb29b,1,113241,113241,13780
1779790009467861977,fast_tip,A,0x28f6b667e88ec0065d883884e0d060c3dd064444,eventdog,206869817882345,0,-206869817882345,-0.000207,-0.14,-1.000000,24919,24989,661.22,100520715,100524557,1731,3,kol_sell,0x6b38bdb1beb07ec330ea47ba26070f62884d74f2b8d3f20890089ae23bdf9d08,1,119662,119662,0
1779790009467861977,fast_tip,A,0x28f6b667e88ec0065d883884e0d060c3dd064444,eventdog,165599340958143,0,-165599340958143,-0.000166,-0.11,-1.000000,24919,24989,662.03,100520715,100524877,1875,3,kol_sell,0xbb6b35bdf79ceb391babff4d74790628c3f3ae40beda634ca8c965d97c8c6a14,1,131211,131211,0
1779791897156805957,fast_tip,A,0x52884f8db63d17a8e0a2a39580219003f7e34444,Alkie,3670537993377877,2244270442050330,-1426267551327547,-0.001426,-0.95,-0.388572,40736,44548,662.69,100524904,100525083,81,1,kol_sell,0x5742ad78860eb2f236f8101980a364d3b2286349864c7e6fd97c289c94f77e90,1,40998,40998,27265
1779790009467861977,fast_tip,A,0x28f6b667e88ec0065d883884e0d060c3dd064444,eventdog,662397363832576,1649055588759791,986658224927215,0.000987,0.65,1.489526,24919,24989,663.66,100520715,100525453,2135,3,kol_sell,0x6c5721658de33976156c6e97aee9205abef46828f2c38980cef0ce5aa326600d,1,112946,112946,71282
1779787359410259043,fast_tip,A,0x6657adbcaa70f579a46a13dbab7961695e434444,币安恋,1435407407562241,971523928725413,-463883478836828,-0.000464,-0.31,-0.323172,25735,26150,662.43,100514837,100526858,5419,1,kol_sell,0x30e6b1caa3d309a6d64df1ae31f001543bed2a24d020fd5509854fb9fdddb6d8,1,34698,34698,17861
1779795682615753324,fast_tip,A,0x343579cae02675272fe32bbfe756d9284c454444,Sigma,2505702810237296,1005146311587493,-1500556498649803,-0.001501,-0.99,-0.598857,5607,5841,661.81,100533306,100533503,90,1,kol_sell,0x7fd3be31c9575de77a0b8c9368a809372fc74cd0763293bf140696f6272cfef1,1,4772,4772,2343
1779795904014846873,fast_tip,A,0x6cc5e4a877a53c00da708ed6d23877b509be4444,酸黄瓜,1177823580186158,582270159419409,-595553420766749,-0.000596,-0.39,-0.505639,5756,6458,661.66,100533798,100533966,77,1,kol_sell,0x9da64d46c1b1ac6de67d3aadb4c952f9faab5f22224db73baad103ebb069634b,1,8477,8477,3192
1779795904014846873,fast_tip,A,0x6cc5e4a877a53c00da708ed6d23877b509be4444,酸黄瓜,670890994788590,0,-670890994788590,-0.000671,-0.44,-1.000000,5756,6458,661.70,100533798,100534122,146,2,kol_sell,0x61ab6ed2494bcac787d7cc668d9e6113de981e52d4b8a6771df5e7ed2e869165,1,10007,10007,0
1779795904014846873,fast_tip,A,0x6cc5e4a877a53c00da708ed6d23877b509be4444,酸黄瓜,536779884930351,0,-536779884930351,-0.000537,-0.36,-1.000000,5756,6458,661.70,100533798,100534128,149,2,kol_sell,0xbae3881926e0f16864e3370ed4c9dae1ea225e7aaf2ef93413a7aeac469da486,1,9683,9683,0
1779796219911328078,fast_tip,O,0xa6863afbe81892038ac7c7514c90ca2cac2d4444,fourhouse,27779425124308851,24167909902980279,-3611515221328572,-0.003612,-2.39,-0.130007,5239,5458,662.23,100534499,100534505,3,1,kol_sell,0x96d0b8bf4395954300ab3fec305a636642b13bafa3f93d37d0d0cc40a5c2a1e9,1,5131,5131,4748
1779796219235391586,fast_tip,A,0xf83f4286499fdf33f6d6e81eafbdfc5141c74444,HOUSECOIN,1764430662824390,278977021937095,-1485453640887295,-0.001485,-0.98,-0.841888,8248,8571,662.23,100534497,100534510,6,1,kol_sell,0x368e26a3ee62c6d2f8ab8de29f5d1f286ab964b3274369ace6fec9accd8e0b99,1,5996,5996,1355
1779796227102830775,fast_tip,H,0x36350bc624d09357f0f38cecc162fac4bca84444,FOURHOUSE,4613623904649743,5747039271490891,1133415366841148,0.001133,0.75,0.245667,14696,15309,662.23,100534515,100534535,9,1,kol_sell,0x3f90205a0a5fa21fb03cfeaeb1383ae65cf1d994a222064d449e8cafcfd43b6b,1,22995,22995,19069
1779796270096979809,fast_tip,A,0x36350bc624d09357f0f38cecc162fac4bca84444,FOURHOUSE,1535091033798878,481411252572204,-1053679781226674,-0.001054,-0.70,-0.686396,11764,12254,662.08,100534610,100534626,7,2,kol_sell,0x882625edd49b2197224657978cdcb5b6d410a7529c1a022e6755d151aa94c097,1,12608,12608,4199
1779796270096979809,fast_tip,A,0x36350bc624d09357f0f38cecc162fac4bca84444,FOURHOUSE,1535091033798878,444713462626905,-1090377571171973,-0.001090,-0.72,-0.710302,11764,12254,662.08,100534610,100534633,10,2,kol_sell,0x24af94a6a223d91883b5952c2d57d720351fa73488c521e8d58f5249a4620580,1,12274,12274,3879
1779796227102830775,fast_tip,H,0x36350bc624d09357f0f38cecc162fac4bca84444,FOURHOUSE,18466035448275436,11644943526286320,-6821091921989116,-0.006821,-4.52,-0.369386,14696,15309,662.16,100534515,100534708,87,1,kol_sell,0xc8c82b73f5be05bc62cd156fd60049c11edd0cdb32412cfbcdf4248444817249,1,10837,10837,9653
1779796560240676759,fast_tip,A,0xdeb8d1acb2b398012eb797a2b7fa989e78dc4444,FEMO,700739781747898,202375521370935,-498364260376963,-0.000498,-0.33,-0.711197,5060,5202,662.40,100535254,100535309,26,1,kol_sell,0xa7183fb2f05f6cbd2c1a8a0c0c475f0b75821718ac92122c2aa8208e94a2bfa0,1,8408,8408,1502
1779796560240676759,fast_tip,A,0xdeb8d1acb2b398012eb797a2b7fa989e78dc4444,FEMO,140077882371404,0,-140077882371404,-0.000140,-0.09,-1.000000,5060,5202,662.40,100535254,100535316,28,1,kol_sell,0x457fce913b8543e55c654ececfc6364ab23829d179634b71f389f1448ee351c6,1,8627,8627,0
1779796560240676759,fast_tip,A,0xdeb8d1acb2b398012eb797a2b7fa989e78dc4444,FEMO,112132379875298,0,-112132379875298,-0.000112,-0.07,-1.000000,5060,5202,662.26,100535254,100535322,31,1,kol_sell,0xea7d1a5ea80a85f1c8c43fad4a377bf26f522fa7c11f54caaf49e2b84e763ac9,1,9325,9325,0
1779796560240676759,fast_tip,A,0xdeb8d1acb2b398012eb797a2b7fa989e78dc4444,FEMO,89661050948289,0,-89661050948289,-0.000090,-0.06,-1.000000,5060,5202,662.26,100535254,100535328,33,1,kol_sell,0xdc63c0042002f9727483baf3aeed6f44bccc9d1ae30992a5a9279c413b52a315,1,9704,9704,0
1779796560240676759,fast_tip,A,0xdeb8d1acb2b398012eb797a2b7fa989e78dc4444,FEMO,71737806863726,0,-71737806863726,-0.000072,-0.05,-1.000000,5060,5202,662.26,100535254,100535340,39,1,kol_sell,0x595a454261b4a41e52efc84c5538e458b3d5a6130fa2904b1e1be87366d25e18,1,12320,12320,0
1779796560240676759,fast_tip,A,0xdeb8d1acb2b398012eb797a2b7fa989e78dc4444,FEMO,57397419271667,0,-57397419271667,-0.000057,-0.04,-1.000000,5060,5202,662.26,100535254,100535379,56,1,kol_sell,0x022469aa063f84ab951efa52bfe721afac2bea532a143aa57d3ad6a0f6242e9d,1,12783,12783,0
1779796560240676759,fast_tip,A,0xdeb8d1acb2b398012eb797a2b7fa989e78dc4444,FEMO,45946648483502,0,-45946648483502,-0.000046,-0.03,-1.000000,5060,5202,661.87,100535254,100535498,111,1,kol_sell,0x531040d454ddce03b3dbe1f0ce6933ba933e4b1ecc57c9f81f054e528bd19185,1,20016,20016,0
1779796713734404281,fast_tip,A,0x87ed08a60d8353ff64c2f6182af4ca4164667777,暴利柯尔鸭,1281569159283310,0,-1281569159283310,-0.001282,-0.85,-1.000000,15857,16518,661.95,100535593,100535648,25,1,kol_sell,0x1492b67eb2480384591c2183e18dce2ff800ac7905bb8e277262fe563024b5c9,1,502,502,0
1779794767910314057,fast_tip,A,0x28f6b667e88ec0065d883884e0d060c3dd064444,eventdog,1546730129776109,1235202862468202,-311527267307907,-0.000312,-0.21,-0.201410,39225,39331,661.73,100531276,100535829,2052,1,kol_sell,0x23019d59fda19ca62b6fbe063fa9dc16e46841f2d965d94b6235a0e6ea5d566b,1,56566,56566,31423
1779796862859893394,fast_tip,D,0xd5ffda00a91425a947011d60b96a4ed830144444,磁场,17011596720489380,20159517156422082,3147920435932702,0.003148,2.08,0.185046,5124,7901,661.80,100535924,100535979,25,1,kol_sell,0xa3de1ab656beb995a8e2e46cc27e744932eab7c2e5b10c486b42c19f4c5ad322,1,10155,10155,9363
1779796895349090595,fast_tip,O,0xd5ffda00a91425a947011d60b96a4ed830144444,磁场,27418273602175994,20914128060132047,-6504145542043947,-0.006504,-4.30,-0.237219,13646,14214,661.85,100535996,100536035,18,1,kol_sell,0x42d0bed9d926524093436504015cbf7d7358d6004d07af6c8c70e191de7bfb02,1,11784,11784,10842
1779796919174856067,fast_tip,A,0xd5ffda00a91425a947011d60b96a4ed830144444,磁场,517157674488728,0,-517157674488728,-0.000517,-0.34,-1.000000,13150,13697,662.12,100536049,100536073,11,1,kol_sell,0x41057e926fe6f61c2547b48ce1e033b7b9fae6091ac2e22971380e6f7b84a813,1,18087,18087,0
1779796919174856067,fast_tip,A,0xd5ffda00a91425a947011d60b96a4ed830144444,磁场,103379819130296,0,-103379819130296,-0.000103,-0.07,-1.000000,13150,13697,662.12,100536049,100536079,13,1,kol_sell,0xecaead5d6b10b8fe02ea2f85954977dcbc2222884773f3f6229066a57975108e,1,18979,18979,0
1779796919174856067,fast_tip,A,0xd5ffda00a91425a947011d60b96a4ed830144444,磁场,82714193286150,0,-82714193286150,-0.000083,-0.05,-1.000000,13150,13697,662.12,100536049,100536085,16,1,kol_sell,0x44ac8d689601aa16bbe3b9b9fa955d75c7e1263b4c5cb4d0803b6316d1f2cc16,1,18388,18388,0
1779796883259706007,fast_tip,A,0x3aab70d72f300a37ee9b825484bb6b9d89e54444,aura,1149239276641619,12499580368491,-1136739696273128,-0.001137,-0.75,-0.989124,13692,13728,662.12,100535969,100536132,73,1,kol_sell,0xaa2e510e3fd0134a0a0b1a16e9914ead0576c2c4c5eea6363fef03364f365681,1,11867,11867,149
1779796862859893394,fast_tip,D,0xd5ffda00a91425a947011d60b96a4ed830144444,磁场,5612125758089446,20838394804702965,15226269046613519,0.015226,10.08,2.713102,5124,7901,662.06,100535924,100536293,166,1,kol_sell,0x6c125aff0dbb97653669cd5dc4d198daf45f65ee2a38346c43b3904686301c4d,1,31902,31902,29350
1779796919174856067,fast_tip,A,0xd5ffda00a91425a947011d60b96a4ed830144444,磁场,165531831036141,0,-165531831036141,-0.000166,-0.11,-1.000000,13150,13697,661.72,100536049,100536382,150,1,kol_sell,0xf96d49a0a01849986b43c3430e04e2b9609b5db294a133c1fdb2cf5e505c43d9,1,28519,28519,0
1779796560240676759,fast_tip,A,0xdeb8d1acb2b398012eb797a2b7fa989e78dc4444,FEMO,183786593934012,0,-183786593934012,-0.000184,-0.12,-1.000000,5060,5202,661.12,100535254,100536656,633,1,kol_sell,0xa1726ec732faa0d8eec4f7c1a026053aee0089dce0f815c8fc20057b50a62168,1,11779,11779,0
1779796862859893394,fast_tip,D,0xd5ffda00a91425a947011d60b96a4ed830144444,磁场,2849867740599983,15066417977274330,12216550236674347,0.012217,8.08,4.286708,5124,7901,661.12,100535924,100536704,351,1,kol_sell,0x6ea5caf50cc545ee772445f5a520212924e460bd311d462b16fa97f275e6e0cb,1,43166,43166,41729
1779796919174856067,fast_tip,A,0xd5ffda00a91425a947011d60b96a4ed830144444,磁场,33089813024124,0,-33089813024124,-0.000033,-0.02,-1.000000,13150,13697,660.30,100536049,100536852,362,1,kol_sell,0xd04ee2eaebef45c59095206dbec94739d6c2d825b11901453fe49a5140dd78b7,1,58949,58949,0
1779796878598120356,fast_tip,G,0xdeb8d1acb2b398012eb797a2b7fa989e78dc4444,FEMO,72854967741523883,40096289288771130,-32758678452752753,-0.032759,-21.62,-0.449642,15101,15731,659.90,100535959,100537177,550,3,kol_sell,0x2c84cdc10c88c6bf84cd4c8608ff6aa0fa4d45dda3b41db9e30c7b0ed64c0b05,1,7129,7129,6273
1779797411032433886,fast_tip,B,0xd5ffda00a91425a947011d60b96a4ed830144444,磁场,15000000000000000,13550522212116369,-1449477787883631,-0.001449,-0.96,-0.096632,34317,34478,661.03,100537140,100537746,273,1,kol_sell,0x9b589c1ff1d7df3b5ef532eb48ffdf9f3ab6891cd0ee0e7376b19f0e41a2ff25,1,33712,33712,31200
1779797633093105484,fast_tip,N,0xd5ffda00a91425a947011d60b96a4ed830144444,磁场,30000000000000000,29728595954012879,-271404045987121,-0.000271,-0.18,-0.009047,31039,31188,660.93,100537633,100537816,83,1,kol_sell,0x6466adee4e3adba3b5ed4b2bb805063a523b52498c87f66274d48463670c6274,1,32488,32488,30916
1779797411032433886,fast_tip,B,0xd5ffda00a91425a947011d60b96a4ed830144444,磁场,15000000000000000,11853670783919901,-3146329216080099,-0.003146,-2.08,-0.209755,34317,34478,660.93,100537140,100537823,308,1,kol_sell,0x876fa726b05aecbfe794cfd6ab7600e6781c41f38a7c3e092a1a070f08636544,1,29608,29608,27289
1779797918720649583,fast_tip,B,0xc3313066b843488df32bb5d301824d6119be4444,清德,29540419299603627,21998228152772076,-7542191146831551,-0.007542,-4.98,-0.255318,5259,5479,660.75,100538266,100538380,52,1,kol_sell,0x1411f3a2bc19b1b973f924ec27d71db779fa1e8e2796d2d2a622413d7d4cf0ad,1,4425,4425,4080
1779798193350267558,fast_tip,B,0xca63471f4393e5e9d5ed709c5499407767164444,耐心资本,28786200184920471,20405595518736523,-8380604666183948,-0.008381,-5.54,-0.291133,7323,7853,660.63,100538874,100538916,19,1,kol_sell,0x6283af75eec3056934d80c064e896fa0f700043aa7f4e521d6ffa7ba9460ab3d,1,6056,6056,5566
1779798905203961012,fast_tip,N,0xe3faf39409ba3cc772fd93723473256c83494444,喵脆角,29972859595401287,27841802940364706,-2131056655036581,-0.002131,-1.41,-0.071100,5980,6229,660.89,100540454,100540491,18,1,kol_sell,0x0bf99b1831dbe429a125dc53dfd600fe15523d4ab0f03c92d4b5f145f59245d9,1,6224,6224,5786
1779794767910314057,fast_tip,A,0x28f6b667e88ec0065d883884e0d060c3dd064444,eventdog,1411831329688954,431134841180117,-980696488508837,-0.000981,-0.65,-0.694627,39225,39331,660.97,100531276,100540644,4223,2,kol_sell,0x8e6e3600e17727652ea59c5ba14775b2982015ab3db80219af4269a509b92af1,1,43823,43823,13660
1779781112025964350,fast_tip,A,0x477d7dcabab243efd65c7851294a412b7e6a4444,BUCE,15228093345724801,15644313944893615,416220599168814,0.000416,0.28,0.027332,6357,6876,661.11,100500970,100540714,17911,3,kol_sell,0x30f0b75f35056809af63dbff009ef439e9a2c46f2acf26412d86655a658c0632,1,7360,7360,6827
1779800558309652735,fast_tip,A,0x155b131c558700f5fe6127da4c5bf8790424eb6f,bYoR,1142855392825770,623653935976521,-519201456849249,-0.000519,-0.34,-0.454302,12699,13228,662.14,100544121,100544130,4,1,kol_sell,0x69e46efe882ea096bd8f1c5ba291169f331d5b7727256e0e15098a605c6d92e7,1,18444,18444,7218
1779800558309652735,fast_tip,A,0x155b131c558700f5fe6127da4c5bf8790424eb6f,bYoR,228456793025871,0,-228456793025871,-0.000228,-0.15,-1.000000,12699,13228,662.14,100544121,100544134,6,1,kol_sell,0x4196399a1e4f0090a6f0c8310ecbea6384021054fc4b79ee2f20dfa2cd4132f9,1,19622,19622,0
1779800558309652735,fast_tip,A,0x155b131c558700f5fe6127da4c5bf8790424eb6f,bYoR,182788280100000,0,-182788280100000,-0.000183,-0.12,-1.000000,12699,13228,662.14,100544121,100544138,8,1,kol_sell,0x9cd069ad58154571b92436ceba1ab6dd8618ef9ff516fb823c5bec0834662d9c,1,17735,17735,0
1779800558309652735,fast_tip,A,0x155b131c558700f5fe6127da4c5bf8790424eb6f,bYoR,570223084076787,0,-570223084076787,-0.000570,-0.38,-1.000000,12699,13228,662.59,100544121,100544328,94,2,kol_sell,0x83c9c430e2ae8a920c06e23bd57d453dd5d1682ab239529d16b1a376e3016204,1,15360,15360,0
1779800668923774405,fast_tip,N,0x2bc0524ba83b1121558628089af536d17c914444,BYOR,26783778536907866,22805508582025307,-3978269954882559,-0.003978,-2.64,-0.148533,4065,4234,662.59,100544366,100544391,11,1,kol_sell,0x46d86c1a7628781c82b859a3fe255cec53b2e9220ead6d3d1999297cf6d4ae0e,1,3905,3905,3605
1779800676575003905,fast_tip,N,0xf824c9f38d4df3ad850d434e28a1c562aba14444,BYOR,6026350170804270,5621641786556595,-404708384247675,-0.000405,-0.27,-0.067156,5705,5942,662.21,100544383,100544422,18,1,kol_sell,0x5d4e9cd0a082acea5d943165c4549f9d289f0d76df7ea1c7211c813247bfe99d,1,6701,6701,5540
1779800717951664974,fast_tip,A,0x1b3c95b67998d32817a0644b9c00beac6a4d4444,BYOR,953777295307817,339253606584620,-614523688723197,-0.000615,-0.41,-0.644305,8633,10120,662.14,100544475,100544481,3,1,kol_sell,0x4ad7f61d98d502494bb3b55706abb46a869516b708ffba1ed27b545d2e3b07ce,1,13765,13765,3600
1779800717951664974,fast_tip,A,0x1b3c95b67998d32817a0644b9c00beac6a4d4444,BYOR,190660081332032,0,-190660081332032,-0.000191,-0.13,-1.000000,8633,10120,662.14,100544475,100544491,7,1,kol_sell,0xadc7867b33f0bb60224675af9edf6a38ddd2aa9602951b9cf6afec17ac0aec4e,1,15875,15875,0
1779800717951664974,fast_tip,A,0x1b3c95b67998d32817a0644b9c00beac6a4d4444,BYOR,152547131073759,0,-152547131073759,-0.000153,-0.10,-1.000000,8633,10120,662.14,100544475,100544503,13,1,kol_sell,0x3dac890e1767c7b76216227e46377eceb7ebded6203782fb5f027942ab61fa64,1,13604,13604,0
1779800717951664974,fast_tip,A,0x1b3c95b67998d32817a0644b9c00beac6a4d4444,BYOR,122052959572115,0,-122052959572115,-0.000122,-0.08,-1.000000,8633,10120,662.16,100544475,100544539,29,1,kol_sell,0x70031da04c7a00445f257558b7fb784000964d0a2fdcadac7f9d62491f5a4bf6,1,16376,16376,0
1779800676575003905,fast_tip,N,0xf824c9f38d4df3ad850d434e28a1c562aba14444,BYOR,18079050512412810,20770487715923541,2691437203510731,0.002691,1.78,0.148870,5705,5942,662.16,100544383,100544561,80,1,kol_sell,0x13d89fbea5cda9d0dbcab9dd6e1adbae8d918fbe2a4501419b3132b85795dba8,1,7417,7417,6822
1779800801473891510,fast_tip,N,0x1b3c95b67998d32817a0644b9c00beac6a4d4444,BYOR,26614624423345916,12891787787949624,-13722836635396292,-0.013723,-9.08,-0.515613,17071,17783,661.95,100544660,100544736,35,1,kol_sell,0x210e5043eea8cacbf36d9747c91bc85f86cc028cfd38a41f5c7f9b979b379d35,1,9603,9603,8613
1779800717951664974,fast_tip,A,0x1b3c95b67998d32817a0644b9c00beac6a4d4444,BYOR,488517123329912,0,-488517123329912,-0.000489,-0.32,-1.000000,8633,10120,661.95,100544475,100544742,121,1,kol_sell,0x735406cc03eec21c1520a9ac3762ec09e200245203ee6ad5b74551b7f781321d,1,7387,7387,0
1779800849221450842,fast_tip,A,0x1b3c95b67998d32817a0644b9c00beac6a4d4444,BYOR,787826021495640,199764064697555,-588061956798085,-0.000588,-0.39,-0.746436,8457,8810,662.21,100544766,100544843,35,1,kol_sell,0x3200ddc0fc10d5fcd3a7786f6c65e2d004b263eb3d68398bcf79b3cf6181e3ca,1,12931,12931,2235
1779800816119060253,fast_tip,A,0xf824c9f38d4df3ad850d434e28a1c562aba14444,BYOR,1750724492212533,313441868386439,-1437282623826094,-0.001437,-0.95,-0.820964,7230,7872,662.33,100544692,100544906,97,1,kol_sell,0x67fc1e7da8eefc50ecac96fad6affc862092901837187e1295d2dc2848525d2b,1,5714,5714,1410
1779800856579278821,fast_tip,N,0x1b3c95b67998d32817a0644b9c00beac6a4d4444,BYOR,2524234075980,0,-2524234075980,-0.000003,-0.00,-1.000000,10249,10676,662.33,100544782,100544916,60,1,kol_sell,0x8cacbd89eddd4af8b4ab384d01e7ff1e170046cc0d30d5e1e87d5d828d1cdb83,1,18855,18855,0
1779800856579278821,fast_tip,N,0x1b3c95b67998d32817a0644b9c00beac6a4d4444,BYOR,2523981652573,0,-2523981652573,-0.000003,-0.00,-1.000000,10249,10676,662.33,100544782,100544917,60,1,kol_sell,0x0cc923f3d2547ae53bea9e072144cd333e0e37fedd688fc4fb538f47fcbbc097,1,18855,18855,0
1779800856579278821,fast_tip,N,0x1b3c95b67998d32817a0644b9c00beac6a4d4444,BYOR,5047458508815,0,-5047458508815,-0.000005,-0.00,-1.000000,10249,10676,662.33,100544782,100544917,61,1,kol_sell,0x30ff691fbb4484578acde6fb0ca04527dd700ac642c0714e5ca3841f95daf087,1,18854,18854,0
1779800856579278821,fast_tip,N,0x1b3c95b67998d32817a0644b9c00beac6a4d4444,BYOR,5046449017113,0,-5046449017113,-0.000005,-0.00,-1.000000,10249,10676,662.33,100544782,100544918,61,1,kol_sell,0x51afa12db62cf0ea7dabc8485dbd40454b08024b88145e95ea6f597cee05dc56,1,18854,18854,0
1779800856579278821,fast_tip,N,0x1b3c95b67998d32817a0644b9c00beac6a4d4444,BYOR,7568159590965,0,-7568159590965,-0.000008,-0.01,-1.000000,10249,10676,662.33,100544782,100544918,61,1,kol_sell,0x7aa87576e07a34d4f7a11d2bd5523035d91b39cac5480b112ef675c655d907fd,1,26434,26434,0
1779800856579278821,fast_tip,N,0x1b3c95b67998d32817a0644b9c00beac6a4d4444,BYOR,7565889143088,0,-7565889143088,-0.000008,-0.01,-1.000000,10249,10676,662.33,100544782,100544919,61,1,kol_sell,0x95c5b51481f375cdbcbe140b2e7176c049c44de739e78facc5afefe511e63060,1,26439,26439,0
1779800856579278821,fast_tip,N,0x1b3c95b67998d32817a0644b9c00beac6a4d4444,BYOR,7563619376345,0,-7563619376345,-0.000008,-0.01,-1.000000,10249,10676,662.33,100544782,100544919,61,1,kol_sell,0xd15b0f3f6b6a418a9c403875c902b36bd44ac0cea18c317bfa745725c95f5150,1,26439,26439,0
1779800856579278821,fast_tip,N,0x1b3c95b67998d32817a0644b9c00beac6a4d4444,BYOR,5040900193688,0,-5040900193688,-0.000005,-0.00,-1.000000,10249,10676,662.33,100544782,100544919,62,1,kol_sell,0x54d107009d696ff9fb33ea596e06ba3724cdb0a2a77de6a68ffb3fe822c735cb,1,18139,18139,0
1779800856579278821,fast_tip,N,0x1b3c95b67998d32817a0644b9c00beac6a4d4444,BYOR,5039892013649,0,-5039892013649,-0.000005,-0.00,-1.000000,10249,10676,662.33,100544782,100544920,62,1,kol_sell,0xd030808c778b6919b4ecef46fab40c6241b05e9038fcb2c849c259c6a6b7225e,1,18142,18142,0
1779800856579278821,fast_tip,N,0x1b3c95b67998d32817a0644b9c00beac6a4d4444,BYOR,5038884035246,0,-5038884035246,-0.000005,-0.00,-1.000000,10249,10676,662.33,100544782,100544920,62,1,kol_sell,0x0038958f487374f1427730ac52fa14761802a876e0f2899af01a3cc2f32fddcf,1,18139,18139,0
1779800856579278821,fast_tip,N,0x1b3c95b67998d32817a0644b9c00beac6a4d4444,BYOR,5037876258439,0,-5037876258439,-0.000005,-0.00,-1.000000,10249,10676,662.33,100544782,100544921,62,1,kol_sell,0x2e292397ea84de56d9d4995ac769aa6d7ed32be5d6c4b263f9573559a4cefc1c,1,18139,18139,0
1779800856579278821,fast_tip,N,0x1b3c95b67998d32817a0644b9c00beac6a4d4444,BYOR,2518434341594,0,-2518434341594,-0.000003,-0.00,-1.000000,10249,10676,662.33,100544782,100544921,63,1,kol_sell,0xbfebe71bc635b8b698710012c31ebe176116683c8ba6c76bd4673234b910f9a5,1,9845,9845,0
1779800856579278821,fast_tip,N,0x1b3c95b67998d32817a0644b9c00beac6a4d4444,BYOR,25181824981598792,20219948069154631,-4961876912444161,-0.004962,-3.29,-0.197042,10249,10676,662.33,100544782,100544969,84,1,kol_sell,0xe26a30d164d854052640ad989258f97d5776214a9757ec3e1deb59d61261da30,1,9335,9335,8577
1779800849221450842,fast_tip,A,0x1b3c95b67998d32817a0644b9c00beac6a4d4444,BYOR,2225889266657547,1032707695890832,-1193181570766715,-0.001193,-0.79,-0.536047,8457,8810,662.15,100544766,100545002,107,2,kol_sell,0xf280250d834aa1fc88c31888d2591b1b29480768cde2a1b83c4218c1e9816194,1,10490,10490,5364
1779800558309652735,fast_tip,A,0x155b131c558700f5fe6127da4c5bf8790424eb6f,bYoR,3709764213380596,1608926647054777,-2100837566325819,-0.002101,-1.39,-0.566299,12699,13228,662.10,100544121,100545161,469,3,kol_sell,0x0dcb1dde0d4d23bfab9f29d5ffda806a049b8aac8151488df72a92dab0601b22,1,7976,7976,4898
1779801133254833345,fast_tip,L,0xbef5dd01ef8a7d5fa4b8d09cf1379115909a4444,BYOR,30000000000000000,20186459400405360,-9813540599594640,-0.009814,-6.50,-0.327118,5986,7095,662.00,100545396,100545522,57,1,kol_sell,0x7d1105bee9a1aa473549f7392ad74f36d44b85473a8eea20c0a26fa4690f1c90,1,5196,5196,4774
1779801149282038352,fast_tip,N,0x1b3c95b67998d32817a0644b9c00beac6a4d4444,BYOR,12370050745370560,21215669413832496,8845618668461936,0.008846,5.85,0.715083,9234,9582,660.92,100545432,100546917,671,1,kol_sell,0xd5ac5f4c9d18e47790ecfdbfd721b8c72f759a7a5403911ed43d561860bade90,1,18357,18357,16407
1779801149282038352,fast_tip,N,0x1b3c95b67998d32817a0644b9c00beac6a4d4444,BYOR,12370050745370561,17720850275704025,5350799530333464,0.005351,3.54,0.432561,9234,9582,660.85,100545432,100546994,704,1,kol_sell,0xebbf8212c081f3ac61dbdafe2c760bfb9cb0e6bcd743fc35e38a2b99af23cebd,1,15006,15006,13703
1779801919405237932,fast_tip,A,0xb867fccd306dcacbcbbeabc5c658902f56ba4444,BNBPlus,651094809332209,0,-651094809332209,-0.000651,-0.43,-1.000000,9359,10799,660.80,100547140,100547174,15,1,kol_sell,0xbb4338c251e1e74743694ea9548bfee0f42b8f2ba1782edc52b0e04c85036d01,1,11327,11327,0
1779801919405237932,fast_tip,A,0xb867fccd306dcacbcbbeabc5c658902f56ba4444,BNBPlus,651094809332210,0,-651094809332210,-0.000651,-0.43,-1.000000,9359,10799,660.74,100547140,100547244,47,1,kol_sell,0x3e690c4afe5ec774867d011ef772ebb1298ddebed2c9ed010b6069103421aa17,1,7353,7353,0
1779801953635664736,fast_tip,A,0x53fd430789321453ce8deaa8cbd0d3c365e74444,胖象,1171970656797978,120772646984807,-1051198009813171,-0.001051,-0.69,-0.896949,6377,6643,660.70,100547216,100547357,64,1,kol_sell,0x4785e2d5a5b4f246239ab1281ed0804c3bf4fc9ddf8ead7ed9b5bc7e5c60f09f,1,6331,6331,684
1779782099661461216,fast_tip,A,0xb26de2b8f9b559b896c89e49a3f8649a0d2e4444,背手负狗,15237133491542309,6370153096631126,-8866980394911183,-0.008867,-5.86,-0.581932,7618,8390,660.66,100503163,100547786,20111,4,kol_sell,0x25b65914fad2942609e7d89790bbef39df180c2ba1e0e9c402e594f3aa584e37,1,12800,12800,10875
1779802763820346069,fast_tip,G,0x6e428af1a967eac382dfcee059ec56a7d0794444,未来已来,20184740895980754,15915922271490822,-4268818624489932,-0.004269,-2.82,-0.211487,4994,5940,661.43,100549014,100549177,74,2,kol_sell,0xabbc1da080e572c5039ade6fffbad32bc436a6c0b49b20bffa0e6962648d4cb5,1,4650,4650,4223
1779802763820346069,fast_tip,G,0x6e428af1a967eac382dfcee059ec56a7d0794444,未来已来,20184740895980754,14385227604438743,-5799513291542011,-0.005800,-3.84,-0.287322,4994,5940,661.43,100549014,100549239,101,2,kol_sell,0x0a3a5816b121419d1540dffd7aafe9534a0143fa1514b7b4cd84a11aafa20d24,1,4227,4227,3817
1779803465369716822,fast_tip,N,0x6cfa55f0c429a4c12e5ee70e6329ee50cc9e4444,MFGA,26159743310620661,27713077281520200,1553333970899539,0.001553,1.03,0.059379,4738,4968,662.65,100550571,100550775,93,1,kol_sell,0x490d9cf509174cce2c8e5e9c7c4e1fd1f4d39507a23551005c80a5e298550aa1,1,6349,6349,5253
1779802161110575562,fast_tip,G,0xdeb8d1acb2b398012eb797a2b7fa989e78dc4444,FEMO,23607884088866379,14960968640662651,-8646915448203728,-0.008647,-5.73,-0.366272,6594,7574,662.70,100547677,100550945,1473,1,kol_sell,0x3566478236a2c886f332a779d3c9f99d71901d917dd789fdad7cc40287a47f35,1,5320,5320,4816
1779803672774119697,fast_tip,N,0x6cfa55f0c429a4c12e5ee70e6329ee50cc9e4444,MFGA,6578769176927653,6150168473052426,-428600703875227,-0.000429,-0.28,-0.065149,10837,11289,662.63,100551031,100551076,21,1,kol_sell,0xb4cf9d7bf17d508b815da6fb72f01a5f363e67981f6f6aaf6b35df82f6fe2f80,1,12321,12321,10554
1779803672774119697,fast_tip,N,0x6cfa55f0c429a4c12e5ee70e6329ee50cc9e4444,MFGA,19736307530782962,15025497450124019,-4710810080658943,-0.004711,-3.12,-0.238688,10837,11289,662.76,100551031,100551186,70,1,kol_sell,0x8b730dd11dac6015c239a6a505b94b370a8808e34e87ce655e876fbdfd669a25,1,9494,9494,8596
1779803745814763854,fast_tip,N,0x6cfa55f0c429a4c12e5ee70e6329ee50cc9e4444,MFGA,25801135629257198,21914407740103802,-3886727889153396,-0.003887,-2.58,-0.150642,9423,9961,662.76,100551193,100551198,2,1,kol_sell,0x4437896c8032f37d1921c3cbd94a525b1468f7986b0ff38c581f89b16c1416ef,1,9177,9177,8461
1779803907921022119,fast_tip,N,0x6cfa55f0c429a4c12e5ee70e6329ee50cc9e4444,MFGA,12706231420170929,5224645272445892,-7481586147725037,-0.007482,-4.96,-0.588812,19564,20380,662.49,100551553,100551679,58,1,kol_sell,0xecab84da40182a46cd66afc26afc95c3d90f83571b6d77a8f241a1ee460c8509,1,10013,10013,8374
1779803907921022119,fast_tip,N,0x6cfa55f0c429a4c12e5ee70e6329ee50cc9e4444,MFGA,12706231420170930,5452774850297092,-7253456569873838,-0.007253,-4.81,-0.570858,19564,20380,662.74,100551553,100551827,124,1,kol_sell,0x6dccb50905d17ff03e4c929331d3c292b811a5d403e3d13761001ef0c63d9370,1,10620,10620,8744
1779803468880938586,fast_tip,H,0xff7d8d368d049b90ad7d05b8f2d0754f89544444,Flipsters,22510891697410383,11784489726453580,-10726401970956803,-0.010726,-7.11,-0.476498,24710,25525,662.74,100550579,100551840,569,1,kol_sell,0xe9ad1fb1b4db5ddf66133e4e30c00b83269101ca9c701734d5b98ea6bcf53aef,1,14962,14962,13338
1779804051240685817,fast_tip,N,0x9c1d6d0dd02ad325791cde4e09316f938d5e4444,MEMED,23938958568581971,17402664074614754,-6536294493967217,-0.006536,-4.33,-0.273040,14226,17094,662.70,100551871,100551881,5,1,kol_sell,0xff2c89992e45166dda4502e94dfeb2f674a75514804f3df2f3ba9c2e2b72458b,1,13617,13617,12426
1779804087188262786,fast_tip,N,0x8034a0f70f20a59c8901ae680965703282724444,MEMED,5821332279796312,4720443781336698,-1100888498459614,-0.001101,-0.73,-0.189113,4313,4493,662.76,100551951,100551983,15,1,kol_sell,0x3b80a95c5d79735dfb51dff2fe27df8cf673be462ba18693f71c93530d6cb4d2,1,4523,4523,3643
1779804087188262786,fast_tip,N,0x8034a0f70f20a59c8901ae680965703282724444,MEMED,17463996839388937,14983223478777357,-2480773360611580,-0.002481,-1.64,-0.142051,4313,4493,662.80,100551951,100552166,97,1,kol_sell,0x948c59e59c662c5aa4436758917e61c873028638e196b74b250ed0abd00b9e9b,1,4258,4258,3855
1779799481895579921,fast_tip,N,0x34016422dbe374262e130e53ddf36d14b0434444,得劲魔法,29759753929897629,25172068018102223,-4587685911795406,-0.004588,-3.04,-0.154157,27884,29046,662.49,100541733,100552577,4888,1,kol_sell,0xac71b5002e775b2f25d8d70e494a2aad09986b5f75e70450face18e627b3ffbb,1,26553,26553,24606
1779804441953654113,fast_tip,N,0x1fef3213079e6911d415d6c20cc9e63077824444,滑稽,25444369735088352,14174741938119792,-11269627796968560,-0.011270,-7.47,-0.442912,10187,10611,662.87,100552737,100552751,7,1,kol_sell,0x6867bfb5b940e50d2a52d0ede85ec38508af649be6626a21fa2e3c7d721f4731,1,7445,7445,5911
1779804860487033653,fast_tip,B,0x6cfa55f0c429a4c12e5ee70e6329ee50cc9e4444,MFGA,23057215267599213,23019591242520557,-37624025078656,-0.000038,-0.02,-0.001632,11928,12663,664.17,100553665,100553999,152,1,kol_sell,0x4a513b1c3676d30a1c76b5279163461ee081c4a8bf0a09c3d86e5bd2d190756c,1,13905,13905,12654
1779804860487033653,fast_tip,B,0x6cfa55f0c429a4c12e5ee70e6329ee50cc9e4444,MFGA,4890924450702864,3991608839933125,-899315610769739,-0.000899,-0.60,-0.183874,11928,12663,664.40,100553665,100554172,229,1,kol_sell,0x978647b0d684435816a2b05fe282dd7f3878df5657865849d3ea6a4778a448e3,1,13218,13218,10348
1779805668612968134,fast_tip,B,0x799c8f53a204774fc3c69c89fe3ead81a8ef4444,浙大菲比,27854445754717237,21972721856904865,-5881723897812372,-0.005882,-3.92,-0.211159,8300,8646,667.00,100555458,100555504,22,1,kol_sell,0x20b52667687dea7f494027fae45878097012c86c2e0c9496ac0fe9c71531dc25,1,7396,7396,6820
1779805699410656469,fast_tip,N,0x799c8f53a204774fc3c69c89fe3ead81a8ef4444,浙大菲比,24317406955391496,21604059750322554,-2713347205068942,-0.002713,-1.81,-0.111580,7565,7880,666.59,100555526,100555667,64,1,kol_sell,0x8da361b6822de7232f70dff80a6b0024ce4b177e0832ca2e30b5e80a7db1b265,1,7590,7590,6995
1779806687177577929,fast_tip,B,0x1164b09430e53a41a6657e8cee32970b20a84444,越玩越大,27266273364936000,23200412873501247,-4065860491434753,-0.004066,-2.69,-0.149117,4613,5202,661.16,100557718,100557719,1,1,kol_sell,0xe6a6303003c2e686d28f78a802f70950546e7021dfc497c716d8ef07da1bd7a6,1,4791,4791,4426
1779807858656129615,fast_tip,B,0x34016422dbe374262e130e53ddf36d14b0434444,得劲魔法,26859687315792525,22502945294056894,-4356742021735631,-0.004357,-2.88,-0.162204,17755,18494,660.87,100560317,100560320,2,1,kol_sell,0x8a67b273cec3e7041c2bc1f9b316f218fbc34b5a83087cd9a1ea6a6493a149c9,1,16791,16791,15495
1779790586742365651,fast_tip,O,0x6657adbcaa70f579a46a13dbab7961695e434444,币安恋,31522229714929342,21407165572065255,-10115064142864087,-0.010115,-6.69,-0.320887,30081,31335,661.45,100521996,100561079,17617,1,kol_sell,0x5936cbec6e74936b8dfcf62bebede99689c48a8b1c8772451507261aaccbb8e2,1,23242,23242,21406
1779790997472702523,fast_tip,O,0xbcc827ddbb5117cf3c9cf1942229e3b795e55555,Snowball,5628609337897784,766428141386776,-4862181196511008,-0.004862,-3.22,-0.863833,22344,22488,661.45,100522907,100561083,17207,1,kol_sell,0xaa9372e2e89eff758e52fac64c1b6c57f73ceb6555a464e5d37f775761977fde,1,6791,6791,3076
1779808947057122048,fast_tip,A,0x739b77537b17bad17dec79378428909810277777,雪球自拉,718731485954148,0,-718731485954148,-0.000719,-0.48,-1.000000,8514,8945,661.19,100562731,100562766,16,1,kol_sell,0x01dda292e1e9af492b8df4f49e86057105b08ab5a1e1fe4a3cfe7b84c50fae0e,1,504,504,0
1779808947057122048,fast_tip,A,0x739b77537b17bad17dec79378428909810277777,雪球自拉,359365742977074,0,-359365742977074,-0.000359,-0.24,-1.000000,8514,8945,660.43,100562731,100562865,61,1,kol_sell,0x514296abf614e0264bfbec8f194e1b238b7eee4ea64e5adf6fba7d4b0603e074,1,405,405,0
1779810015468700736,fast_tip,N,0xb2d0f423d0cba5bccdffdf67805bc69e7d674444,❤️,24046072234884602,18446967797375720,-5599104437508882,-0.005599,-3.69,-0.232849,4439,4624,658.53,100565098,100565164,30,1,kol_sell,0x4aca1c467aa79c7f63bfca2737b76d543ff935a29ba869b02f9a9b94de4385fe,1,3876,3876,3546
1779810125614983623,fast_tip,A,0x8ab4efe0c51af1cdf52169ab6db9f7d7c19a4444,DYOR,1293716674717467,165673144055156,-1128043530662311,-0.001128,-0.74,-0.871940,42350,42459,659.08,100565343,100565392,22,1,kol_sell,0xf46e591183fde719ecc2019b6696d2c67ad0245bbdbd36ccaed6fc8488a8eb38,1,36796,36796,5437
1779810336527348116,fast_tip,B,0x540456adab6652498b2080587421ffc0c09b4444,BUMP,23781611802257065,14354411444742007,-9427200357515058,-0.009427,-6.22,-0.396407,24754,25785,659.27,100565811,100565822,5,1,kol_sell,0x5a0224a58e944e8e441b81e9b7d54b2ffe78b9888bc2cb0c454047d13a767fd4,1,17240,17240,15564
1779810338844339779,fast_tip,C,0x1dd172d6d41722c825d23e04dbf91dc56bcd4444,BUMP,10500000000000000,17345563550561371,6845563550561371,0.006846,4.51,0.651958,6176,6433,659.27,100565816,100565858,19,1,kol_sell,0xcb7bb72d95d3706dfbc6a6fc08b6e4ee063ab97449fcd90c2313866956ddf0e3,1,11651,11651,10627
1779810338844339779,fast_tip,C,0x1dd172d6d41722c825d23e04dbf91dc56bcd4444,BUMP,19500000000000000,27553261072943758,8053261072943758,0.008053,5.31,0.412988,6176,6433,659.34,100565816,100565890,33,1,kol_sell,0x520183a9c59bf8ea4e6085f17e619e67894ab02daae53e5e85b8a007f216c535,1,9782,9782,9091
1779810805592893632,fast_tip,N,0xdfeb2ebfbbc46bb1466f9ac1a34f3ad676a14444,ceezee,40161336662838651,31534712687538823,-8626623975299828,-0.008627,-5.67,-0.214799,30261,30385,656.73,100566852,100566957,47,2,kol_sell,0x7e7efb3ae7a3d83f19a04c76167c545a1c7c285e4f7c1e42e9ab3be2c0cc1fb2,1,20486,20486,19192
1779810895522051852,fast_tip,N,0x6a388da26f4839e5d37e3d6172c6b1889a0e4444,babypepe,20274883214490360,18339372773633867,-1935510440856493,-0.001936,-1.27,-0.095463,6746,7027,657.23,100567051,100567075,11,1,kol_sell,0xcfe23591840a5a3db4a30275c3ac02a91935b2a7313985039485cfc995140530,1,6951,6951,6357
1779811000794348327,fast_tip,C,0x87331620cbb3b6e2a5a9be25589b23d681cf4444,BUMP,28340894216115461,16485209107696044,-11855685108419417,-0.011856,-7.80,-0.418324,7313,7364,657.88,100567285,100567341,25,1,kol_sell,0x8daa2926d77d919a705ddc3dab6257d36059ed721748411d88cd6d2b4b25e4ad,1,5269,5269,4283
1779810937896332509,fast_tip,N,0x6a388da26f4839e5d37e3d6172c6b1889a0e4444,babypepe,20081332170404710,16184923387384557,-3896408783020153,-0.003896,-2.56,-0.194031,5236,5454,657.88,100567145,100567342,88,1,kol_sell,0xf2b4f67f673af71c8ea8b86ceb33f00062b2d2c19a81bc7466ae22fc2344e436,1,4841,4841,4399
1779810886102828630,fast_tip,C,0x6a388da26f4839e5d37e3d6172c6b1889a0e4444,babypepe,15744941231175256,12690347490474571,-3054593740700685,-0.003055,-2.01,-0.194005,4652,4846,658.14,100567031,100567361,149,1,kol_sell,0x3f9ca13e1582537be09d84d6ba37076a0e674c53ef0ab14d1b6335f9ce4564d7,1,4367,4367,3912
1779811206399208417,fast_tip,N,0xd4de71eb8c69fd0eeff8818bed9987e238f84444,要完,19691691292102695,14560988653985198,-5130702638117497,-0.005131,-3.38,-0.260552,4569,4760,659.37,100567741,100567782,19,1,kol_sell,0x4e4dc6f9b9dc275cc9c0c120330672a4f1acb60c8d19d879db31c95d81c6812c,1,3895,3895,3519
1779811643171170677,fast_tip,G,0x25df7c6bb9bb987fd9fef10b00be03081a994444,OOTD,21736359352442812,13111649337053813,-8624710015388999,-0.008625,-5.68,-0.396787,5582,6680,658.62,100568710,100568833,57,1,kol_sell,0x6679f74c972b1dd555577b49a81bf12f2e334c042b06217e96e2210d656097b1,1,4724,4724,4031
1779811701038027930,fast_tip,A,0x365d58ebc01f7c19c2624ca3601cf9f8ee074444,RUNNER,1180912321651236,109008260033757,-1071904061617479,-0.001072,-0.71,-0.907691,5253,5472,658.33,100568838,100568865,12,1,kol_sell,0xe7adc95d0f547dc79f3b117421262d4ed6b2353a1c41941420e0140a863b72cb,1,4923,4923,505
1779811720387931724,fast_tip,A,0xee911f31b07f0bdaf1da9e7d30a174e0331a4444,BUNNER,1073721915489488,47711988193367,-1026009927296121,-0.001026,-0.68,-0.955564,4597,5060,658.33,100568881,100568920,18,1,kol_sell,0xb466950b19ce976eb7c10229521a961ce3a2f18f46edd081a2f5a0b530f34a79,1,4708,4708,225
1779812015439063162,fast_tip,B,0xc8b382eabdc87755382cfdca81ad7c815e6d0000,PEVM,18663942351588343,19497681163071071,833738811482728,0.000834,0.55,0.044671,8432,8473,657.57,100569536,100569560,11,1,kol_sell,0x272c283347863b9c0c2c62551a10db9a2a40190b089a9ec62ec12081f80f1550,1,9749,9749,8852
1779812032547937384,fast_tip,N,0xc8b382eabdc87755382cfdca81ad7c815e6d0000,PEVM,19178621028290945,17767673649835938,-1410947378455007,-0.001411,-0.93,-0.073569,8471,8510,657.57,100569574,100569581,3,1,kol_sell,0xe886b4a8ea539dda8c9f07582f46ad5de9968f56d039832332304b7216fe293e,1,8408,8408,7884
1779812015439063162,fast_tip,B,0xc8b382eabdc87755382cfdca81ad7c815e6d0000,PEVM,4174949414917217,2510496851597795,-1664452563319422,-0.001664,-1.09,-0.398676,8432,8473,657.57,100569536,100569590,24,1,kol_sell,0x6e19636b6bd213e42a6a254242fed1d051b9bbff15f7826d52b3671b56a07846,1,7445,7445,5095
1779812313157620705,fast_tip,M,0xe0b20e7e4ec63cbcdd34481f942a007f2acf4444,Hippo,9124073470009758,11705486259746952,2581412789737194,0.002581,1.70,0.282923,10724,13425,658.60,100570197,100570260,29,1,kol_sell,0xba30e6b9fcc122711eb771dae7bf321a3ff3d2b50bbdb5a9231e6a99d0747bc9,1,20019,20019,17220
1779810886102828630,fast_tip,C,0x6a388da26f4839e5d37e3d6172c6b1889a0e4444,babypepe,15744941231175256,11165290298875748,-4579650932299508,-0.004580,-3.02,-0.290865,4652,4846,658.78,100567031,100570502,1565,1,kol_sell,0xf8fe00aa48fc7fc2b5bb617f8cf4517f7b6207b027b3376d0c035c5699ee575e,1,3904,3904,3445
1779811867615290834,fast_tip,M,0x0419d90af52dd44ad65a33eda09b18689fb74444,莫邪,20275718822243906,11758509291155979,-8517209531087927,-0.008517,-5.61,-0.420069,4288,6475,658.78,100569208,100570530,596,1,kol_sell,0xcdb0b4c9ae485e80934d11e95a9ea6f20185989e2571a6cd2f58a6eccd4229ba,1,4220,4220,3760
1779808947057122048,fast_tip,A,0x739b77537b17bad17dec79378428909810277777,雪球自拉,89805499169970,0,-89805499169970,-0.000090,-0.06,-1.000000,8514,8945,659.75,100562731,100573007,4633,1,kol_sell,0x34922c77b1386a2f0fa8f6384479a43eb03c8d1b8aef5cd005003ac16e3b7589,1,1217,1217,0
1779810092646735207,fast_tip,N,0x6657adbcaa70f579a46a13dbab7961695e434444,币安恋,23486161791133714,14738662478032445,-8747499313101269,-0.008747,-5.74,-0.372453,21615,22515,655.90,100565269,100578896,6139,1,kol_sell,0x43f8443d797654c576542b091d9a196ab844a72485f0913feeb53c0449022a93,1,15569,15569,14073
1779840423874771098,fast_tip,M,0x9b08a30e977b6bce6c696b2e80fa80577af74444,新疆足球小将,7601741379448682,10582881259958730,2981139880510048,0.002981,1.96,0.392165,4719,5669,656.59,100632630,100633135,228,1,kol_sell,0x71655eb5702b4d3de8039e8aaf5be321b80e0a9ad1a47cd3375cea7bcf39eacb,1,8747,8747,7891
1779840423874771098,fast_tip,M,0x9b08a30e977b6bce6c696b2e80fa80577af74444,新疆足球小将,3800110515586396,11082789536886489,7282679021300093,0.007283,4.78,1.916439,4719,5669,656.20,100632630,100636756,1859,1,kol_sell,0x0f5d1852402ef014b68cbc2aebe3baf552a9d7f5f80b9e616aa706b00cac7fec,1,18347,18347,16522
1779821204833832273,fast_tip,M,0x074e426d5802780a8d020d3a50db668d5dda4444,美光科技,12780310383374339,13308884066274448,528573682900109,0.000529,0.35,0.041358,4628,5692,657.53,100589941,100640184,22623,1,kol_sell,0x37b7df808855e8fad35a5511d11dabc7f684c0b343114150a5d65d4b2feced09,1,6580,6580,5956
1779812313157620705,fast_tip,M,0xe0b20e7e4ec63cbcdd34481f942a007f2acf4444,Hippo,9124073470009758,2676828963587292,-6447244506422466,-0.006447,-4.24,-0.706619,10724,13425,657.53,100570197,100640218,31530,1,kol_sell,0x504fa4a81a28c5e4d1c48f239af78bb777c1e18373e0f527d75477dd3f0f5349,1,5491,5491,3931
1779800344015440033,fast_tip,M,0x62ba69199e62331a16b68e4abe149d73cd894444,KK键盘,25031751632399885,25093822523980171,62070891580286,0.000062,0.04,0.002480,9931,10345,657.55,100543645,100640308,43539,1,kol_sell,0xd3060e4fe68bcc08b5ac4241940df3c8ad9797874c231fbba6adced4d37a0289,1,11120,11120,10301
1779848732053774980,fast_tip,M,0xdacfd90679ec2930e1993d6db1d974b2fcc14444,草台班子,12550381097410447,12579204063922907,28822966512460,0.000029,0.02,0.002297,4670,5635,654.39,100651073,100651130,27,1,kol_sell,0x02c3edcbfd40e16542923aa98b8b871060da5116b2273d5ef1cf93272cc414b7,1,6598,6598,5647
1779848732053774980,fast_tip,M,0xdacfd90679ec2930e1993d6db1d974b2fcc14444,草台班子,2911151932198339,6968374325203776,4057222393005437,0.004057,2.66,1.393683,4670,5635,654.95,100651073,100652531,658,1,kol_sell,0x0e43780f685eca487e5e865d6397a1b6786fa9d5cadd0ba59d183d65e7f0c68a,1,15609,15609,13499
1779851667932435767,fast_tip,B,0xee09a7e1fc79576d608c6b50f160cefe38484444,meme,14613787855306917,18319467493239953,3705679637933036,0.003706,2.43,0.253574,5239,5638,655.32,100657588,100657707,54,1,kol_sell,0xe104cbcb4add19be188c2d5e7981edeaaaeb4368b621f73d2bd44fc295059238,1,7825,7825,7067
1779851667932435767,fast_tip,B,0xee09a7e1fc79576d608c6b50f160cefe38484444,meme,2035508134003743,3243992214555927,1208484080552184,0.001208,0.79,0.593701,5239,5638,655.27,100657588,100657829,109,1,kol_sell,0x893460cd07a21acb82f70e1a7e4b022a890645323276b896f90a5c73bc268fe5,1,11617,11617,8984
1779851667932435767,fast_tip,B,0xee09a7e1fc79576d608c6b50f160cefe38484444,meme,1526020448062606,2877185246976341,1351164798913735,0.001351,0.89,0.885417,5239,5638,655.27,100657588,100657900,141,1,kol_sell,0xa5ba86d23c4dd767c205acfdb1385ef6d088a956d450475cc34169058c99aca1,1,14594,14594,10628
1779851667932435767,fast_tip,B,0xee09a7e1fc79576d608c6b50f160cefe38484444,meme,2290251976974312,3804344437061779,1514092460087467,0.001514,0.99,0.661103,5239,5638,654.94,100657588,100658339,341,1,kol_sell,0x43eb4c4f4b21d859714ea825a1436d65908c48df897073cc50de38d931dcb0eb,1,12097,12097,9359
1779851667932435767,fast_tip,B,0xee09a7e1fc79576d608c6b50f160cefe38484444,meme,2290251976974312,2156640783905419,-133611193068893,-0.000134,-0.09,-0.058339,5239,5638,654.97,100657588,100658593,455,1,kol_sell,0x7aca053eeabb5e132613fe2df1f53034e66a3d8c256284f43e18f8068e777cd9,1,7763,7763,5306
1779858105534112862,fast_tip,B,0x52ed823b403f5cb40f1e779372eb0f2171424444,我以后不赌了,23520401369763643,21179078498543102,-2341322871220541,-0.002341,-1.53,-0.099544,4709,4905,653.32,100671875,100671964,41,1,kol_sell,0x7d8ef26d8a54b7c8b3854ea8281cd80fae3ec6aa5d83953297323bac5a301cb1,1,5004,5004,4417
1779858207723896754,fast_tip,D,0xeb42bbb7e5f813b980c8658501905292e6a34444,雪,18113653545360410,28109805808577540,9996152263217130,0.009996,6.53,0.551857,4710,6673,653.40,100672101,100672125,11,1,kol_sell,0x4349323072968883919af6ebcf1fad37f9789d600fbf8621891cd1f7a96c4f7c,1,11139,11139,10355
1779858213930263794,fast_tip,B,0xeb42bbb7e5f813b980c8658501905292e6a34444,雪,11033034291355584,23878326651057367,12845292359701783,0.012845,8.39,1.164257,8454,9309,653.39,100672115,100672166,23,1,kol_sell,0x082c574d3d4917a5fd00243c63c77fe546ed24c4dc1db13ca49f6a87373284db,1,21794,21794,20147
1779858213930263794,fast_tip,B,0xeb42bbb7e5f813b980c8658501905292e6a34444,雪,607760445647785,2929359464828319,2321599019180534,0.002322,1.52,3.819925,8454,9309,653.39,100672115,100672167,23,1,kol_sell,0x81336932ddab7e796d06d81db8409aff62d3a5ec718ec1cb944b2949ba1898ce,1,61390,61390,44869
1779858213930263794,fast_tip,B,0xeb42bbb7e5f813b980c8658501905292e6a34444,雪,577615527543655,1881130461647368,1303514934103713,0.001304,0.85,2.256717,8454,9309,653.39,100672115,100672168,23,1,kol_sell,0x91ac9290edcf8d53cbb6451d47453d768c7ae929f20f89f84b9f862f6749ea66,1,46997,46997,30317
1779858213930263794,fast_tip,B,0xeb42bbb7e5f813b980c8658501905292e6a34444,雪,548965797377490,1774015769587166,1225049972209676,0.001225,0.80,2.231560,8454,9309,653.39,100672115,100672168,23,1,kol_sell,0x167eed5a56de624fe58a34200c250e19323843d4b10bb9acf96aa97e62fa7498,1,47557,47557,30083
1779858207723896754,fast_tip,D,0xeb42bbb7e5f813b980c8658501905292e6a34444,雪,5977505669968935,15367405713888040,9389900043919105,0.009390,6.14,1.570873,4710,6673,653.39,100672101,100672170,31,1,kol_sell,0x804bbefa9cb21f7a196468df6926a347eadfb1481befd6084dfcda17a4b9838e,1,18937,18937,17155
1779858207723896754,fast_tip,D,0xeb42bbb7e5f813b980c8658501905292e6a34444,雪,4004928798879187,9741141363501926,5736212564622739,0.005736,3.75,1.432288,4710,6673,653.39,100672101,100672202,45,1,kol_sell,0xc29ee7e7b206d14deecf538a207fe2d11a087e18e5c2374ec351ceeaaab105de,1,18500,18500,16230
1779858213930263794,fast_tip,B,0xeb42bbb7e5f813b980c8658501905292e6a34444,雪,2629723255179268,2927557662770272,297834407591004,0.000298,0.19,0.113257,8454,9309,653.51,100672115,100672237,55,1,kol_sell,0x529e943b3ad4b6df950108eb5bc0849832f6a45712a9110ab32ffd9926c0f244,1,14183,14183,10365
1779858213930263794,fast_tip,B,0xeb42bbb7e5f813b980c8658501905292e6a34444,雪,7889169765537807,10334723439788809,2445553674251002,0.002446,1.60,0.309989,8454,9309,653.51,100672115,100672240,56,1,kol_sell,0x1c89e30f5cbe594cd487265db7e2dd51823931cec192f08dafa264606ba2e263,1,13834,13834,12197
1779858207723896754,fast_tip,D,0xeb42bbb7e5f813b980c8658501905292e6a34444,雪,4065609538256144,6974041019363988,2908431481107844,0.002908,1.90,0.715374,4710,6673,653.51,100672101,100672252,68,1,kol_sell,0xb47612956ba9bf60e25761fecc635fc84928897bd4bd43ce8516ade9b95ac4a8,1,13495,13495,11448
1779858207723896754,fast_tip,D,0xeb42bbb7e5f813b980c8658501905292e6a34444,雪,4065609538256145,3894540430886051,-171069107370094,-0.000171,-0.11,-0.042077,4710,6673,653.48,100672101,100672317,97,1,kol_sell,0x875443ff8c857716ea467b972f19fe13ed7e5a3d14676e8efbd4edd1dcc32671,1,8229,8229,6393
1779859576481280622,fast_tip,B,0xafeb34a5495ab96f1eb477c7bb2c1a5a96884444,热爱,25330153519345360,21416061285871894,-3914092233473466,-0.003914,-2.56,-0.154523,4129,4575,653.51,100675141,100675329,85,1,kol_sell,0xd1855f809170b7b4f67fd2ca44e9015374f931eecb5a887eb2d85625b0f7fccc,1,4204,4204,3870
1779860787110499414,fast_tip,B,0x2d8853c415efffddc14f2e49eee0e507f7dc4444,热爱,24938744295998014,20637254396834398,-4301489899163616,-0.004301,-2.80,-0.172482,6898,7493,652.04,100677829,100678281,204,1,kol_sell,0x80661f072e0dc822183e136d6c34e744cc29caa9e03b05587dc53573d7d8f2dc,1,6745,6745,6199
1779861680215875535,fast_tip,B,0x5ae37a630af33c54c64716cb9d739333570c4444,EidAl-Adha,12254297653040826,14110493654735832,1856196001695006,0.001856,1.21,0.151473,4707,4903,652.34,100679811,100679818,4,1,kol_sell,0xcedba44693a6aa1f956686eae78698603c51613a5293e1a1642b6ff33bc7532a,1,6314,6314,5646
1779861680215875535,fast_tip,B,0x5ae37a630af33c54c64716cb9d739333570c4444,EidAl-Adha,5575705432133575,6259299036408684,683593604275109,0.000684,0.45,0.122602,4707,4903,652.34,100679811,100679824,6,1,kol_sell,0x6e0958ec93a5ee4e6a918658b9000bfec6601c5ed40b1a90c6535148bb108515,1,6577,6577,5505
1779861680215875535,fast_tip,B,0x5ae37a630af33c54c64716cb9d739333570c4444,EidAl-Adha,3339296110453625,3824745372455504,485449262001879,0.000485,0.32,0.145375,4707,4903,651.90,100679811,100679908,44,1,kol_sell,0x9d7a297c5be6186622b69920576328a2353dbdd198bdeced1f89aea14515b2cd,1,7253,7253,5612
1779861680215875535,fast_tip,B,0x5ae37a630af33c54c64716cb9d739333570c4444,EidAl-Adha,3339296110453626,3233290267036147,-106005843417479,-0.000106,-0.07,-0.031745,4707,4903,651.90,100679811,100679929,53,1,kol_sell,0x0c2be8d7880400ce6694cde2b6eea3015e0507806747f8e62c4a2a10315c0394,1,6349,6349,4745
1779861918659103397,fast_tip,O,0x5ae37a630af33c54c64716cb9d739333570c4444,EidAl-Adha,22164996525251558,20766748363724861,-1398248161526697,-0.001398,-0.91,-0.063084,7172,7874,652.46,100680340,100680381,19,1,kol_sell,0x8977c24086e235f93645fd422f85ae14ebd773c67dea1493ce045a44ce1dc874,1,8243,8243,7377
1779862687410407899,fast_tip,B,0xbb967f5a981641246d038381ae1853e8f9784444,传奇,24800518608537103,21024419479830111,-3776099128706992,-0.003776,-2.46,-0.152259,4120,4292,651.83,100682046,100682056,5,1,kol_sell,0x0b3a51c6fb8ba5473dc7dd62919e09ca5530d0f75beea5f2ff38b47ad24250a6,1,3956,3956,3639
1779863472119197763,fast_tip,B,0x08ec2aab96a3cada196426201625110057804444,五小只,24422908695666404,16626645542891950,-7796263152774454,-0.007796,-5.09,-0.319219,5034,5243,652.40,100683785,100683882,44,1,kol_sell,0xc2fb3bf0d98fd827cb8fac9f28e1580b25809b325636064779307b802ef13816,1,3927,3927,3572
1779863585810944701,fast_tip,B,0x0bf9d1eed8d839210ac6d0bbc1897667f3d74444,奶龙,23643282380388959,21477161059948628,-2166121320440331,-0.002166,-1.41,-0.091617,13995,14063,651.93,100684038,100684127,40,1,kol_sell,0x21423bbff4341937bce60fbb6c67aad189507632eb7a3e16f87cedd4be0b931c,1,14056,14056,12780
1779786628346684833,fast_tip,A,0x91d1af787dd0f3d6ff9cb6b1ba33f09e6ec54444,奶蛙,4011727017020351,8130132803894220,4118405786873869,0.004118,2.69,1.026592,35659,35770,651.98,100513215,100686621,78122,2,kol_sell,0xd26359daf7a97b90f31a44cd82c4df1ea4e714663e0ea701d370df49b9c944f5,1,82333,82333,72386
1779786628346684833,fast_tip,A,0x91d1af787dd0f3d6ff9cb6b1ba33f09e6ec54444,奶蛙,3209782786317983,6174876330089069,2965093543771086,0.002965,1.93,0.923768,35659,35770,651.98,100513215,100686629,78125,2,kol_sell,0x6ce56a8e31e70732bf7ed08abf4db0e1dba8671501f34b59f02776449790288b,1,78825,78825,68713
1779786628346684833,fast_tip,A,0x91d1af787dd0f3d6ff9cb6b1ba33f09e6ec54444,奶蛙,2569431923294665,4839956677980511,2270524754685846,0.002271,1.48,0.883668,35659,35770,651.98,100513215,100686682,78149,2,kol_sell,0x9535c804629e55d2328da4d07d44c435a8add7794e6f7df2f24ad4d2849583cd,1,80520,80520,67281
1779786628346684833,fast_tip,A,0x91d1af787dd0f3d6ff9cb6b1ba33f09e6ec54444,奶蛙,2055545538635732,3697124074545021,1641578535909289,0.001642,1.07,0.798610,35659,35770,651.93,100513215,100686718,78165,2,kol_sell,0x267991a49be666f14a82389ebc4532481f7d5c00671fed603738a2fe895ef155,1,82021,82021,64238
1779786628346684833,fast_tip,A,0x91d1af787dd0f3d6ff9cb6b1ba33f09e6ec54444,奶蛙,1643614212693131,2788889493599255,1145275280906124,0.001145,0.75,0.696803,35659,35770,651.74,100513215,100686844,78222,2,kol_sell,0xf18e7a35c3e620e93e3c18bcebd64d0c149ff234872871435a27ab48d2bdf34c,1,80783,80783,60585
1779786628346684833,fast_tip,A,0x91d1af787dd0f3d6ff9cb6b1ba33f09e6ec54444,奶蛙,1315713588369960,3040736004123668,1725022415753708,0.001725,1.12,1.311093,35659,35770,651.76,100513215,100686971,78279,2,kol_sell,0x25eae50589afd891b329231b3864cb9868fd879c1e628adaef4b20e857c0cfb4,1,106076,106076,82521
1779786628346684833,fast_tip,A,0x91d1af787dd0f3d6ff9cb6b1ba33f09e6ec54444,奶蛙,1052570870695968,2384151063444151,1331580192748183,0.001332,0.87,1.265074,35659,35770,651.87,100513215,100687058,78319,2,kol_sell,0x9bd0547d2c730d0d61abedefcb2b8501568ec11a961d102bfbde092408eebb7a,1,113559,113559,80891
1779778397701681360,fast_tip,M,0x4e6cbe10e9f7120d19d0fdba68b092545b6d4444,地球Online,22500000000000000,10899356477124250,-11600643522875750,-0.011601,-7.56,-0.515584,44744,48945,651.56,100494947,100687133,86583,1,timeout,,0,0,0,0
1779786628346684833,fast_tip,A,0x91d1af787dd0f3d6ff9cb6b1ba33f09e6ec54444,奶蛙,841635668208496,1949667562599466,1108031894390970,0.001108,0.72,1.316522,35659,35770,651.56,100513215,100687162,78365,2,kol_sell,0x0ad841614f48768afaf784c95b988af9cdc7e4df91094b9bd3ef187c90eba1da,1,121864,121864,82689
1779786628346684833,fast_tip,A,0x91d1af787dd0f3d6ff9cb6b1ba33f09e6ec54444,奶蛙,673729562915075,1557597353590907,883867790675832,0.000884,0.58,1.311903,35659,35770,651.60,100513215,100687372,78460,2,kol_sell,0x7134d13e87099bc7e2ab61376ff4fd8cce877cbf81a0c00337b1a6e51fff6dc8,1,132528,132528,82529
1779865245088732996,fast_tip,E,0x13e93f0ab6dbb0904e26513378638a0088197777,龙舟金库,25110733939558881,0,-25110733939558881,-0.025111,-16.37,-1.000000,4638,5662,651.88,100687720,100687726,3,1,kol_sell,0xdf21340b91f16ea6fd7957e5ff0529e58abcdc7d1858b7315c94673045d25463,1,131,131,0
1779786628346684833,fast_tip,A,0x91d1af787dd0f3d6ff9cb6b1ba33f09e6ec54444,奶蛙,1423758226930279,3378513573580276,1954755346649997,0.001955,1.27,1.372955,35659,35770,651.22,100513215,100688204,78835,3,kol_sell,0x350d17f1fa862021eed0131a9d0f4b8012a1b0ec951a6125b1d76e8e9aedf807,1,197988,197988,153705
1779865439139743916,fast_tip,B,0xf1ca313e04064039bc274b2d3fc8436945e37777,世界杯自拉,23426670248344926,0,-23426670248344926,-0.023427,-15.26,-1.000000,4281,5020,651.22,100688150,100688205,25,1,kol_sell,0x3f018fbf7e2e2ce8363e01b054427cb42e0956f819f234bb1dcd9363773474da,1,149,149,0
1779865620737032211,fast_tip,A,0x9f4567b9ebae6a89caead3ed92444c7dc47c4444,memeking,4322542010589880,2479110834387734,-1843431176202146,-0.001843,-1.20,-0.426469,5473,5491,651.35,100688554,100688738,83,1,kol_sell,0xf6f2abebaafd4ce4bd77071d2fba04b2329569a181342334aa22fbdfce1c757e,1,4713,4713,3149
1779865717860556816,fast_tip,B,0x5f0170818165bf43eede66e73950a786fa8c4444,大耳帽兜,21084003223510433,14259239195275264,-6824764028235169,-0.006825,-4.44,-0.323694,5801,6043,651.05,100688770,100689010,109,1,kol_sell,0x828ba5522252a7f71f09dc30acc22beaa14429eecf16723a6f1b12dd82d8bf9a,1,4670,4670,4085
1779865936459229494,fast_tip,B,0xac681d1b3276afc44b30947a240e9a6f8e8a4444,8,20401526820686916,16152977299944832,-4248549520742084,-0.004249,-2.77,-0.208247,4339,4519,651.26,100689255,100689306,24,1,kol_sell,0xbb9d4bb5bb8e1081b7c3885dfc7a7400449732f5a67aadf9dd21537214755c7d,1,3940,3940,3578
1779866054553908292,fast_tip,A,0x9a26937e667dba52b2dbaf54530bae8372fe7777,金球奖,4138198892969665,0,-4138198892969665,-0.004138,-2.69,-1.000000,16570,17260,650.87,100689517,100689545,13,1,kol_sell,0x694c869749825640f0858503839345ed60c8a97b328f39f611c019484a89eabb,1,741,741,0
1779786628346684833,fast_tip,A,0x91d1af787dd0f3d6ff9cb6b1ba33f09e6ec54444,奶蛙,5698594083876524,5087690993612723,-610903090263801,-0.000611,-0.40,-0.107202,35659,35770,650.86,100513215,100690394,79821,3,kol_sell,0x5f51e080c6bfec4bb864431662a2ddd330001baf3e45cc51750b46ead7a43aae,1,68868,68868,57797
1779866722323285061,fast_tip,A,0xbb0ef6b0ee60dd51f195ad43ab4c4dbe87bf8888,黑洞人生,1930355101333350,591712739399143,-1338642361934207,-0.001339,-0.87,-0.693469,175701176133,176432008746,650.87,100690999,100691068,31,1,kol_sell,0x8946f942e388a52ce5d6892196f9271a7f64a802fc7f2a944afb92c8f7bbcec5,1,191249368500,191249368500,54069702215
1779866722323285061,fast_tip,A,0xbb0ef6b0ee60dd51f195ad43ab4c4dbe87bf8888,黑洞人生,1930355101333351,141500348213898,-1788854753119453,-0.001789,-1.16,-0.926697,175701176133,176432008746,650.95,100690999,100691199,90,1,kol_sell,0x43d35b83e82d5e5483946e1aab920d07240564de3f3826e2cdabcda230232090,1,126923700795,126923700795,12931590347
1779821204833832273,fast_tip,M,0x074e426d5802780a8d020d3a50db668d5dda4444,美光科技,5989421417733518,3116515837713556,-2872905580019962,-0.002873,-1.87,-0.479663,4628,5692,651.00,100589941,100691508,45747,1,kol_sell,0x34c90b084e250a3659ac1bd7df6eaf88d95f451a6b0c75efc730de1b51424d57,1,3977,3977,2947
1779781112025964350,fast_tip,A,0x477d7dcabab243efd65c7851294a412b7e6a4444,BUCE,15228093345724802,15228093345724802,0,0.000000,0.00,0.000000,6357,6876,651.76,100500970,100693126,86568,3,price_unavailable,,0,0,0,0
1779867671667691318,fast_tip,A,0x2fbccc96065ae0177279a4d6adbb332cf0087777,CPAI,1163908439125476,0,-1163908439125476,-0.001164,-0.76,-1.000000,9901,10313,651.78,100693106,100693176,32,1,kol_sell,0xe4b4ebacf3f0f827c8db1697d3739582acef169612ff2a89df372e99975d68ab,1,357,357,0
1779867671667691318,fast_tip,A,0x2fbccc96065ae0177279a4d6adbb332cf0087777,CPAI,581954219562738,0,-581954219562738,-0.000582,-0.38,-1.000000,9901,10313,651.78,100693106,100693188,37,1,kol_sell,0x532a1f77a7d44af1c2983dd4186fa50bf64630570dcfd0dd3c9e8499ec19f3fa,1,344,344,0
1779867671667691318,fast_tip,A,0x2fbccc96065ae0177279a4d6adbb332cf0087777,CPAI,116332648490591,0,-116332648490591,-0.000116,-0.08,-1.000000,9901,10313,651.75,100693106,100693270,74,1,kol_sell,0x43fa48267b807ac444b55f1d41780a2de418c027b46eb36737e7c020f2ce5c1e,1,426,426,0
1779781486307216471,fast_tip,A,0xf9077c74ad695d90eda63a510bddfabdfb9f4444,艾迪,19490565039598115,19490565039598115,0,0.000000,0.00,0.000000,4509,4955,651.77,100501801,100693792,86494,1,price_unavailable,,0,0,0,0
1779868021750352001,fast_tip,L,0x2fbccc96065ae0177279a4d6adbb332cf0087777,CPAI,29018645940040536,0,-29018645940040536,-0.029019,-18.92,-1.000000,32182,33523,652.14,100693883,100694084,91,1,kol_sell,0x291324a5f40ede0d9430c68cc2b3bd0003fe37d2f4ac470d00b4241429b07352,1,1014,1014,0
1779867671667691318,fast_tip,A,0x2fbccc96065ae0177279a4d6adbb332cf0087777,CPAI,93077752057322,0,-93077752057322,-0.000093,-0.06,-1.000000,9901,10313,651.98,100693106,100694622,683,1,kol_sell,0xfa1259ffde38a07fea3d7e2adbb2a2700c1bc690635cbfe326e145aa8ddc6e41,1,43665,43665,0
1779867671667691318,fast_tip,A,0x2fbccc96065ae0177279a4d6adbb332cf0087777,CPAI,93098700371804,0,-93098700371804,-0.000093,-0.06,-1.000000,9901,10313,652.28,100693106,100695066,883,1,kol_sell,0xe74811864a6a9aa0b12398e7208510dbe5d1dc25c810cc3e57e5a9e9d7d86878,1,70010,70010,0
1779782479432801493,fast_tip,A,0x9cd906680fc6e750739e49a1f9c6975019944444,TOKENPAY,21712997861625769,21712997861625769,0,0.000000,0.00,0.000000,4154,4620,652.49,100504006,100695791,86401,3,price_unavailable,,0,0,0,0
1779783277334537130,fast_tip,M,0xaa8317dd375273c21bcf497c4ce8cb8f63664444,负狗,27813057369333205,27813057369333205,0,0.000000,0.00,0.000000,8869,11298,651.87,100505776,100697787,86503,1,price_unavailable,,0,0,0,0
1779867671667691318,fast_tip,A,0x2fbccc96065ae0177279a4d6adbb332cf0087777,CPAI,5846346147601170,5831752997858082,-14593149743088,-0.000015,-0.01,-0.002496,9901,10313,652.63,100693106,100698962,2641,2,kol_sell,0xa5c9fbddd39dfd800387b256a9b8e9b0bc541a2025203ca1a551bac3a9d30402,1,50579,50579,41527
1779784953784111320,fast_tip,A,0xac9d40c3d52f6d9fdcc879700d1076a992214444,清明上河图,14796407105791065,14796407105791065,0,0.000000,0.00,0.000000,4091,4359,653.35,100509498,100701778,86627,1,price_unavailable,,0,0,0,0
1779787228539749006,fast_tip,A,0x53f09bf8d5fc49e00294e791b92357860ad47777,姆巴佩,1951099140601550,1951099140601550,0,0.000000,0.00,0.000000,6132,6820,652.67,100514547,100706437,86452,1,price_unavailable,,0,0,0,0
1779787013519810822,fast_tip,A,0x925c8ab7a9a8a148e87cd7f1ec7ecc3625864444,DOYR,8671551736006887,6245739874797363,-2425811861209524,-0.002426,-1.58,-0.279744,393431,394451,652.67,100514070,100706437,86667,1,timeout,,0,0,0,0
1779787359410259043,fast_tip,A,0x6657adbcaa70f579a46a13dbab7961695e434444,币安恋,5741629630248966,5741629630248966,0,0.000000,0.00,0.000000,25735,26150,653.02,100514837,100707103,86621,1,price_unavailable,,0,0,0,0
1779875369205298378,fast_tip,D,0xf524e6ffaefac2a36d37f854d8b06e1750864444,努力,39013269815270494,35427013538213695,-3586256277056799,-0.003586,-2.34,-0.091924,12404,12921,652.79,100710184,100710759,259,1,kol_sell,0xf9fd6e68bcf255f64039e6273cb2809a6296675d161f72533e024580c9e68ecd,1,12531,12531,11726
1779789969823662781,fast_tip,A,0x4e6cbe10e9f7120d19d0fdba68b092545b6d4444,地球Online,3909070898234592,3330614363512533,-578456534722059,-0.000578,-0.38,-0.147978,27139,27216,652.77,100520627,100712430,86411,1,timeout,,0,0,0,0
1779876770324840496,fast_tip,B,0xb64157874c2648101733e335e9d1af85073f4444,YI,19976671868612708,19652336345243182,-324335523369526,-0.000324,-0.21,-0.016236,26096,26205,652.73,100713295,100713333,17,1,kol_sell,0x25caf580cd4187b99cb70d5848bfcb5d43b3d424f4ccc46754a9334ba562fada,1,28187,28187,25779
1779877123837332485,fast_tip,D,0x913ade03297c8d43e11eb86a7b82c333ae534444,YI,38654644187564814,37539751743786770,-1114892443778044,-0.001115,-0.73,-0.028842,10573,11014,654.10,100714078,100714296,98,1,kol_sell,0x2b16aaaefc5034e91291329cb782e200d6c900478f0b54b5e501042eefdf3a0b,1,11417,11417,10698
1779877267862175326,fast_tip,M,0xb64157874c2648101733e335e9d1af85073f4444,YI,11334266329750795,12168361520003361,834095190252566,0.000834,0.55,0.073591,58966,59187,653.92,100714397,100714466,31,1,kol_sell,0x1445746060547c8ce912be179f5d265d6ad2a083450c36fce15d290b4c22ba54,1,69068,69068,63530
1779851206814984952,fast_tip,G,0xe9aa7e9846b79638d2f33fea578f3cf9365d7777,病毒自拉,20873888350903912,0,-20873888350903912,-0.020874,-13.65,-1.000000,21782,23355,653.92,100656564,100714477,26097,1,kol_sell,0x37574d5d1de3161bcb33ebc155aa10c8f7dfaf9ac2a8bdc8da7a8f74af57c8c8,1,215,215,0
1779877267862175326,fast_tip,M,0xb64157874c2648101733e335e9d1af85073f4444,YI,11338800943205388,10764666799657448,-574134143547940,-0.000574,-0.38,-0.050634,58966,59187,654.12,100714397,100714631,105,1,kol_sell,0x9bfe635d9de69f16962aa0e1044b417201dba7b6ef4a5dcbd80dd15deca86bd5,1,59722,59722,56195
1779877570689953539,fast_tip,G,0xf1ca313e04064039bc274b2d3fc8436945e37777,世界杯自拉,18786499515813521,0,-18786499515813521,-0.018786,-12.30,-1.000000,9576,9975,654.59,100715069,100715716,291,1,kol_sell,0xaecf61e30955f4ea914ed8dd3dfb7280478e004a254853c32f36112a4aa3b37d,1,331,331,0
1779791848807638989,fast_tip,H,0x52884f8db63d17a8e0a2a39580219003f7e34444,Alkie,28493406608549604,28493406608549604,0,0.000000,0.00,0.000000,45933,47847,653.65,100524797,100717090,86632,1,price_unavailable,,0,0,0,0
1779877880515710814,fast_tip,G,0xb64157874c2648101733e335e9d1af85073f4444,YI,8452233997159661,19178959439568336,10726725442408675,0.010727,7.02,1.269099,45816,45978,654.00,100715757,100721970,2799,1,kol_sell,0x6b00bfc33d2e1c03f01cfa390b82b65a4b253746016ac2060373d2c9c599f1d8,1,104092,104092,104234
1779794331886291587,fast_tip,A,0x08203bb1380933a4716cf4de90539891e9e94444,泥人,3437178066169131,3437178066169131,0,0.000000,0.00,0.000000,4558,5060,654.26,100530308,100722417,86548,1,price_unavailable,,0,0,0,0
1779848732053774980,fast_tip,M,0xdacfd90679ec2930e1993d6db1d974b2fcc14444,草台班子,2911151932198340,1831165723577046,-1079986208621294,-0.001080,-0.71,-0.370982,4670,5635,654.07,100651073,100722777,32311,1,kol_sell,0x32d2099ea7f44fdbd1325e5b045f9e9936bf1550583faf2df5c27c785fd4940d,1,5539,5539,3543
1779794767910314057,fast_tip,A,0x28f6b667e88ec0065d883884e0d060c3dd064444,eventdog,1411831329688954,0,-1411831329688954,-0.001412,-0.92,-1.000000,39225,39331,654.11,100531276,100723081,86412,2,timeout,,0,0,0,0
1779840423874771098,fast_tip,M,0x9b08a30e977b6bce6c696b2e80fa80577af74444,新疆足球小将,19651332426554436,6516275034367817,-13135057392186619,-0.013135,-8.59,-0.668405,4719,5669,654.12,100632630,100723316,40863,2,kol_sell,0x3884b01faacaec79d1a809e38c8b989266d71dc42c2af7f2081869a23d49a47b,1,4910,4910,4132
1779795311644167372,fast_tip,A,0xd43ab1b16e7ff90dc1145234b1797c8537aa4444,事件狗,2784114233596996,2784114233596996,0,0.000000,0.00,0.000000,4184,4535,653.22,100532484,100724413,86469,1,price_unavailable,,0,0,0,0
1779795904014846873,fast_tip,A,0x6cc5e4a877a53c00da708ed6d23877b509be4444,酸黄瓜,2148462160744242,2148462160744242,0,0.000000,0.00,0.000000,5756,6458,653.16,100533798,100725744,86476,2,price_unavailable,,0,0,0,0
1779882193767603197,fast_tip,A,0x77d689c28b9a1661aa75451dcee6d3d3c0264444,HODL,10461868970470201,8578710015613925,-1883158954856276,-0.001883,-1.23,-0.180002,37332,37449,653.16,100725330,100725754,191,1,kol_sell,0x06428ef7eba6efdbdf7a75d7340f7285caf63464abbaf1d84a76d138602a39f3,1,36559,36559,30709
1779882466665366542,fast_tip,A,0x422ae1a96353828dd8cb9f87160cbccc4e7d4444,H🔶DL,10488399291058998,7736467733766570,-2751931557292428,-0.002752,-1.80,-0.262379,4590,4781,653.22,100725935,100726323,175,1,kol_sell,0x4a3e8b5e8fe1a1d488e09d49e0602388109d45523faf6e8b10e1c04e282999d6,1,4110,4110,3527
1779796149589159974,fast_tip,A,0xe70ffc1744adc6c5e45288b62591d0a15d2b4444,Up,1960478514249323,210896336179066,-1749582178070257,-0.001750,-1.14,-0.892426,7550,7572,653.39,100534343,100726411,86531,1,timeout,,0,0,0,0
1779796213223115421,fast_tip,H,0xa6863afbe81892038ac7c7514c90ca2cac2d4444,fourhouse,25644065947694644,25644065947694644,0,0.000000,0.00,0.000000,4859,5431,653.39,100534484,100726411,86467,1,price_unavailable,,0,0,0,0
1779882694053358961,fast_tip,M,0xbc6da14e281d77cd554dd1d45249226e293b4444,狗枪手,13296601211182939,20463795138754593,7167193927571654,0.007167,4.68,0.539025,5071,5283,653.22,100726440,100726829,175,1,kol_sell,0xdf720363e100407478055193aed35c3c29577dd6cd7329d7b8d4d5ee75bb4f2f,1,8847,8847,8128
1779796862859893394,fast_tip,D,0xd5ffda00a91425a947011d60b96a4ed830144444,磁场,8549603221799951,3926414928857136,-4623188292942815,-0.004623,-3.02,-0.540749,5124,7901,652.75,100535924,100727742,86418,1,timeout,,0,0,0,0
1779796919174856067,fast_tip,A,0xd5ffda00a91425a947011d60b96a4ed830144444,磁场,132442018012018,0,-132442018012018,-0.000132,-0.09,-1.000000,13150,13697,652.89,100536049,100728407,86661,1,timeout,,0,0,0,0
1779885272675714856,fast_tip,A,0xe9bb8ba49f5d7987bd77111932d241ee50324444,长鑫存储,4645169916376176,3314462899246721,-1330707017129455,-0.001331,-0.87,-0.286471,8158,8497,654.77,100732162,100732174,5,1,kol_sell,0x520b7f3205f540de8466d144473146dbde9c96a49c28db7d2e88b630ff872c5c,1,8062,8062,6063
1779800340943561376,fast_tip,A,0x2938387042fa0bcb57deb6020a836682a47b4444,靠嫩羊,2539678650723934,2539678650723934,0,0.000000,0.00,0.000000,4216,4708,654.41,100543639,100735728,86539,1,price_unavailable,,0,0,0,0
1779801345706747302,fast_tip,A,0xf824c9f38d4df3ad850d434e28a1c562aba14444,BYOR,1446877354071577,1446877354071577,0,0.000000,0.00,0.000000,5414,6080,652.36,100545868,100737725,86435,1,price_unavailable,,0,0,0,0
1779888649914713442,fast_tip,B,0x0e11c5e167ae5100e42ae5b1cebf91447b1c4444,heyi,4986059579068938,5287005538639998,300945959571060,0.000301,0.20,0.060357,13742,14314,650.96,100739654,100739665,5,1,kol_sell,0xf47f2a247f7988e537e3e03a6ccdf7f0dc742baa184a0ec8e26aa4e103303cd5,1,18550,18550,15164
1779888649914713442,fast_tip,B,0x0e11c5e167ae5100e42ae5b1cebf91447b1c4444,heyi,3738048866427983,2894167636094356,-843881230333627,-0.000844,-0.55,-0.225754,13742,14314,650.96,100739654,100739669,7,1,kol_sell,0x0d699bd11e8b200d7fb9adc26d5c57f9d2f4d0ca1cdc2ca5d078cf2f4d60b80a,1,15207,15207,11073
1779888649914713442,fast_tip,B,0x0e11c5e167ae5100e42ae5b1cebf91447b1c4444,heyi,11220129870778834,9827081471554588,-1393048399224246,-0.001393,-0.91,-0.124156,13742,14314,650.96,100739654,100739675,9,1,kol_sell,0xfedea86ae14e4a94d74bae4aa566d23735c0389e87bb37a49f917e8f9957be79,1,14271,14271,12526
1779802166142751489,fast_tip,A,0x155b131c558700f5fe6127da4c5bf8790424eb6f,bYoR,1066850855816660,1066850855816660,0,0.000000,0.00,0.000000,5712,5950,650.96,100547688,100739723,86514,1,price_unavailable,,0,0,0,0
1779877880515710814,fast_tip,G,0xb64157874c2648101733e335e9d1af85073f4444,YI,8455615567072508,3785467448359067,-4670148118713441,-0.004670,-3.04,-0.552313,45816,45978,651.02,100715757,100743201,12370,1,kol_sell,0x2b62b25d93a84ab0d215b4c905d4b3e3c0810a1a6b7f71fdfe9ce2d48b7f3b9e,1,25968,25968,20472
1779804298372489021,fast_tip,M,0x2c66e25ea4a346a847a8201635d56f9f59374444,memeify,22528576469159896,22528576469159896,0,0.000000,0.00,0.000000,7577,8972,651.87,100552420,100744377,86482,1,price_unavailable,,0,0,0,0
1779805353978986449,fast_tip,H,0x03a0a8700fa3809c6c2d637babd841296da57777,FOMA,21438251500314702,15801225411424215,-5637026088890487,-0.005637,-3.67,-0.262942,284402,285273,651.16,100554760,100746628,86626,1,timeout,,0,0,0,0
1779892436321785363,fast_tip,D,0x4c714cc03cca688c529b674b7977727033634444,TransparencyAlliance,38935796436072723,33373768354393324,-5562028081679399,-0.005562,-3.62,-0.142851,7805,8130,650.87,100747639,100747721,37,1,kol_sell,0xdea08d749801d342ebce54c2926eb96cddcf27b645ed7fa379696df3970d6367,1,7460,7460,6969
1779892805287079344,fast_tip,M,0x4c714cc03cca688c529b674b7977727033634444,TransparencyAlliance,7678765015301828,10352187850740594,2673422835438766,0.002673,1.74,0.348158,10489,10927,652.27,100748457,100748538,36,1,kol_sell,0x0ccaf3df5ba6697a6998330b90e31899de3b66f729945a3649ed8ac2b11fc8a8,1,16709,16709,14731
1779892805287079344,fast_tip,M,0x4c714cc03cca688c529b674b7977727033634444,TransparencyAlliance,3839382507650914,5719872630800642,1880490123149728,0.001880,1.23,0.489790,10489,10927,651.99,100748457,100748825,166,1,kol_sell,0x14ca6f24d6fc0cce4633fb1e067f62102a857e3c3efa0e175775ac20a153306d,1,19677,19677,16272
1779893227437528088,fast_tip,M,0xe68c7ad160ff9d4a6d8316ef4f35c11a57764444,SAD,7714491537848707,11114277684772965,3399786146924258,0.003400,2.22,0.440701,4034,4202,652.54,100749393,100749418,11,1,kol_sell,0xb6c4bbe63048b96ac71b4eee219bcddbc8bba72a51325365084e953d57ce6f96,1,6828,6828,6054
1779892805287079344,fast_tip,M,0x4c714cc03cca688c529b674b7977727033634444,TransparencyAlliance,3839382507650914,3112017848924449,-727364658726465,-0.000727,-0.47,-0.189448,10489,10927,652.11,100748457,100749582,507,1,kol_sell,0x0726e258123e4683320fa50bd8e2aea67be8d2e9f617f6bab3cc2ca96a6ed7cf,1,11951,11951,8855
1779893227437528088,fast_tip,M,0xe68c7ad160ff9d4a6d8316ef4f35c11a57764444,SAD,7714491537848707,7643403755769970,-71087782078737,-0.000071,-0.05,-0.009215,4034,4202,653.26,100749393,100751096,767,1,kol_sell,0xecf9a2bb543856f23be56f603db272cc1a92a0d661afc04b299e0df9bfe77cea,1,4863,4863,4168
1779894347404330039,fast_tip,M,0xeb1b44cbb5ddf53c6ab6999a265ce8c5b1ad4444,捐屎,14542183264924670,14542183264924670,0,0.000000,0.00,0.000000,4552,4742,653.22,100751880,100752024,64,1,price_unavailable,0x5756b5934d94e584e087cc7d0a15c301403a8ced29d827ff3e2c3975c6e21997,1,0,0,4743
1779808282125002334,fast_tip,A,0x1ea3ffc43ee291a4373418286e9b001aebe14444,🔶,20045012128909834,17887179780610709,-2157832348299125,-0.002158,-1.41,-0.107649,199742,200249,653.27,100561255,100753286,86698,5,timeout,,0,0,0,0
1779808872132235749,fast_tip,B,0x8d0d000ee44948fc98c9b98a4fa4921476f08b0d,USD1,26424013113618962,25440533466853996,-983479646764966,-0.000983,-0.64,-0.037219,1820972123,1825748335,654.24,100562565,100753952,86408,1,timeout,,0,0,0,0
1779808947057122048,fast_tip,A,0x739b77537b17bad17dec79378428909810277777,雪球自拉,269560243807104,269560243807104,0,0.000000,0.00,0.000000,8514,8945,654.78,100562731,100754616,86633,1,price_unavailable,,0,0,0,0
1779895604773580723,fast_tip,A,0xd20643a82a1966dfd3af6b486dc4ef20f1cf4444,TRUST.EXE,10093957545358486,8162704324830012,-1931253220528474,-0.001931,-1.26,-0.191328,4837,5039,654.86,100754669,100754855,84,1,kol_sell,0x51bc924fdc44dafdf2b33e3ff1e53c86b52c881427537c7292cf9eeb396ee736,1,4721,4721,4075
1779896837017211901,fast_tip,M,0x368a622927e309b75ae9fe82a41ced43cd977777,飞船,6512149630049181,0,-6512149630049181,-0.006512,-4.27,-1.000000,14730,15344,655.80,100757404,100758593,537,1,kol_sell,0x20401123008f1db97af3e9968e4e275c51688bbb9d7701dcab40d3903fa710b1,1,854,854,0
1779897990651490765,fast_tip,N,0x67ee081849d1d8748c8d8571aeb1c932e91c4444,挑战者,20511392538248689,16833426899608776,-3677965638639913,-0.003678,-2.42,-0.179313,7192,7491,657.19,100759960,100760002,19,1,kol_sell,0xabe4316cb2f8a5fdda9a4aee6ef8c454b6f5a8af7d5992f6f99b597e0e5d0397,1,6754,6754,6151
1779898149339737602,fast_tip,N,0x7ae8c2ca89791f7d258f440c2cae5c18f7cc4444,挑战者,20143595974384698,14678705571664704,-5464890402719994,-0.005465,-3.59,-0.271297,20117,20955,656.48,100760312,100760315,1,1,kol_sell,0xd31731444eac0d06bde70a89e08527ae324424cdeda539fa0cc1fab1557e5513,1,16897,16897,15270
1779898123649389013,fast_tip,L,0x29218878fd17013eef6c80257c4397ab16424444,挑战者,26116781346036482,23400730620277543,-2716050725758939,-0.002716,-1.78,-0.103996,4464,4650,656.69,100760255,100760323,31,1,kol_sell,0x2671a4e7b8c9cdcc812bdea9ab93a758d3738ddf0a7ca820d431a3a73ee1fc1a,1,4511,4511,4168
1779892366058842434,fast_tip,M,0xb64157874c2648101733e335e9d1af85073f4444,YI,4265980564056571,13297487877945279,9031507313888708,0.009032,5.93,2.117100,27401,27505,656.69,100747483,100760383,5815,1,kol_sell,0x235dc7cd3fea1a780a2b530cbf3eb90067bdfc85e56f4e61d18a7a2640650d2a,1,94024,94024,86361
1779898188128174433,fast_tip,L,0x96e167d68a3ea8d9b911b17ac561c6c6f2124444,逐浪,6461294068365147,8836362151280757,2375068082915610,0.002375,1.56,0.367584,4761,4960,657.06,100760398,100760410,5,1,kol_sell,0x5903a2a89f39334e25dd74824395048f8a07be237bc1c5cedee70585c2de5d0c,1,7795,7795,6783
1779892366058842434,fast_tip,M,0xb64157874c2648101733e335e9d1af85073f4444,YI,6397691051915639,20914807011737421,14517115959821782,0.014517,9.54,2.269118,27401,27505,657.06,100747483,100760427,5835,1,kol_sell,0x9e4d76597320990f818947b60a0fad3f11f83d6fe01e3b33d9b8cd04c84f2901,1,96891,96891,90624
1779898188128174433,fast_tip,L,0x96e167d68a3ea8d9b911b17ac561c6c6f2124444,逐浪,19383882205095441,16998982879212493,-2384899325882948,-0.002385,-1.57,-0.123035,4761,4960,657.21,100760398,100760477,36,1,kol_sell,0x090183371ae4d4c6a3b91ce2bc36c3215a5d737113bafbff6e46f507d127e12a,1,4775,4775,4350
1779811643577881944,fast_tip,I,0x55d398326f99059ff775485246999027b3197955,USDT,30000000000000000,28695677460086995,-1304322539913005,-0.001304,-0.86,-0.043477,9176481573,9199490584,657.39,100568711,100760604,86637,1,timeout,,0,0,0,0
1779892366058842434,fast_tip,M,0xb64157874c2648101733e335e9d1af85073f4444,YI,6400250640254074,12860870283554250,6460619643300176,0.006461,4.25,1.009432,27401,27505,657.39,100747483,100760658,5939,1,kol_sell,0x17d1ac4a1230d696ef36710a926191535583f08ac6e7a172583927bb3fbcae45,1,61038,61038,55732
1779898598771637430,fast_tip,A,0xfce62c8bd060b41a52fe3144573e9e5768d24444,来都来了,4949426028430488,7721826333761800,2772400305331312,0.002772,1.82,0.560146,7859,8186,657.11,100761310,100761320,4,1,kol_sell,0x11bc2bb4bb3398659b2393cd9e08458c3be427147361a33b1b598bdd5f90a40b,1,14877,14877,12772
1779898600198249272,fast_tip,N,0xb8b51b9c8b24aaad3111b7e633327875a0934444,边缘人,19597106934112699,16621174980976716,-2975931953135983,-0.002976,-1.96,-0.151856,4946,5152,657.11,100761313,100761323,4,1,kol_sell,0x5a871d29c9e939c580b92d8c84c4aa2631031f9179abc3db2c03321c9179e7f2,1,4802,4802,4370
1779898598771637430,fast_tip,A,0xfce62c8bd060b41a52fe3144573e9e5768d24444,来都来了,1237356408099300,2220067158226018,982710750126718,0.000983,0.65,0.794202,7859,8186,657.11,100761310,100761329,9,1,kol_sell,0xdf4d547a27d29ee62108d98f6c5bb939a55f29d75125171c6e764c59c5d39bb8,1,21592,21592,14688
1779898598771637430,fast_tip,A,0xfce62c8bd060b41a52fe3144573e9e5768d24444,来都来了,928141041715285,1611672739760045,683531698044760,0.000684,0.45,0.736452,7859,8186,657.11,100761310,100761334,11,1,kol_sell,0x0581b10acbf47896fe689eea087eec997c1ae5457ffaa7fa57b094ccf9db0269,1,23196,23196,14215
1779898598771637430,fast_tip,A,0xfce62c8bd060b41a52fe3144573e9e5768d24444,来都来了,696198595390635,1392911279166819,696712683776184,0.000697,0.46,1.000738,7859,8186,657.11,100761310,100761339,13,1,kol_sell,0x9cd3d16577315c5e682caf4bcf836f8658547f477c2e226fcffc74aed184dce0,1,28245,28245,16379
1779898641584684395,fast_tip,N,0x202e834733d14b3e3d24f21b81665f4e29ad4444,日拱一卒 功不唐捐,13565628207001887,17461294702446482,3895666495444595,0.003896,2.56,0.287172,5594,5827,657.11,100761405,100761423,8,1,kol_sell,0x533a651ba385be17543eb518cd940cd88745e99561f43e245529f4f9b9727821,1,8222,8222,7500
1779898598771637430,fast_tip,A,0xfce62c8bd060b41a52fe3144573e9e5768d24444,来都来了,1044855074834965,2612815285570085,1567960210735120,0.001568,1.03,1.500649,7859,8186,657.11,100761310,100761432,55,1,kol_sell,0xab8be2a31ef09829142b3139a9db2c847cbd03f4cfc496fc826b7e5e8cd93c52,1,28776,28776,20471
1779898641584684395,fast_tip,N,0x202e834733d14b3e3d24f21b81665f4e29ad4444,日拱一卒 功不唐捐,1306752512696584,1795085009255955,488332496559371,0.000488,0.32,0.373699,5594,5827,656.38,100761405,100761458,24,1,kol_sell,0x8a54273a2fdb8e0f7088004d05057daa542d8cf7908e768e427afd51b3a97c67,1,12570,12570,7996
1779898641584684395,fast_tip,N,0x202e834733d14b3e3d24f21b81665f4e29ad4444,日拱一卒 功不唐捐,4427133019100629,6734560240267551,2307427221166922,0.002307,1.51,0.521201,5594,5827,656.38,100761405,100761464,27,1,kol_sell,0x6a421fe92e2287950808f044a23fc74b62c025e0f288373f36b961d4f9d0ea1b,1,10475,10475,8854
1779898598771637430,fast_tip,A,0xfce62c8bd060b41a52fe3144573e9e5768d24444,来都来了,1044855074834966,1233034550964359,188179476129393,0.000188,0.12,0.180101,7859,8186,656.38,100761310,100761468,71,1,kol_sell,0xeafbd0cde1e15124703038b519638b926afaf3bb681211f0d757ee0afde9792c,1,17504,17504,9650
1779898686178154235,fast_tip,N,0xfce62c8bd060b41a52fe3144573e9e5768d24444,来都来了,15952959566096823,16852202874339530,899243308242707,0.000899,0.59,0.056368,26167,27257,656.31,100761504,100761532,13,1,kol_sell,0x92d6891d2a3a089e41cb7c3ce9cb64d12925c6ece301fa280ebe1d37d5f4e6cf,1,31617,31617,28791
1779898696539133264,fast_tip,A,0xc7c3af229762430b9df84154793d4b66bb8a4444,日拱一卒功不唐捐,9530983562147989,7035857847625437,-2495125714522552,-0.002495,-1.64,-0.261791,7168,7467,656.31,100761527,100761534,3,1,kol_sell,0xd5b06abb943380578a20bfcaacc9abbc058de6aeec021e4965d3efd7cdb364f1,1,6488,6488,5512
1779898686178154235,fast_tip,N,0xfce62c8bd060b41a52fe3144573e9e5768d24444,来都来了,2007848397009683,2890601251345319,882752854335636,0.000883,0.58,0.439651,26167,27257,656.18,100761504,100761616,50,1,kol_sell,0xbde177eaf465d54e3155db3b8dfde8cb6d96e75f94f50a7fe0b4fd0f61fca636,1,52799,52799,39229
1779898686178154235,fast_tip,N,0xfce62c8bd060b41a52fe3144573e9e5768d24444,来都来了,2007848397009683,3091463337973473,1083614940963790,0.001084,0.71,0.539690,26167,27257,656.18,100761504,100761626,55,1,kol_sell,0x6649392deb4c1de387152d7080a2ba9c05412e1d71d137e7c937d057085aff7f,1,52099,52099,41955
1779898683923359806,fast_tip,A,0xfce62c8bd060b41a52fe3144573e9e5768d24444,来都来了,8501792094544523,10737111965867709,2235319871323186,0.002235,1.47,0.262923,23751,24740,656.18,100761499,100761628,58,5,kol_sell,0x48f6757ccb16444e67ca23576bff8f0cdf6c63d923f496331af64a54df8464bf,1,53034,53034,48194
1779898683923359806,fast_tip,A,0xfce62c8bd060b41a52fe3144573e9e5768d24444,来都来了,6798032958797800,8381592510284522,1583559551486722,0.001584,1.04,0.232944,23751,24740,656.18,100761499,100761633,60,5,kol_sell,0x881095d83512aca7dc46b72864c9a085a2fd4d203b493568733be8a5c2117313,1,54394,54394,47050
1779898683923359806,fast_tip,A,0xfce62c8bd060b41a52fe3144573e9e5768d24444,来都来了,5441827083876058,7765795594479899,2323968510603841,0.002324,1.52,0.427057,23751,24740,655.87,100761499,100761643,65,5,kol_sell,0x61e4248bd96fd6b826556a37053d1bed2cf0183bc4ec8e5da1a3bdef0bd960b9,1,63786,63786,54431
1779898683923359806,fast_tip,A,0xfce62c8bd060b41a52fe3144573e9e5768d24444,来都来了,4351284936267296,7482168882817252,3130883946549956,0.003131,2.05,0.719531,23751,24740,655.87,100761499,100761655,70,5,kol_sell,0x39ecfd8006eac625cd391dd26c8b8f7ef70afaf3ac821b8157b56b763211ca8c,1,74161,74161,65587
1779898683923359806,fast_tip,A,0xfce62c8bd060b41a52fe3144573e9e5768d24444,来都来了,3483204679847387,6656164259454887,3172959579607500,0.003173,2.08,0.910931,23751,24740,655.87,100761499,100761688,85,5,kol_sell,0xd7c302f657df0ada0293a736ff10e09dbf4c1ce073c645bd0c9d7cf6a21a84b6,1,80131,80131,72887
1779898683923359806,fast_tip,A,0xfce62c8bd060b41a52fe3144573e9e5768d24444,来都来了,2786563743877910,6343635774216547,3557072030338637,0.003557,2.33,1.276508,23751,24740,655.63,100761499,100761732,105,5,kol_sell,0x7769f676c2f4d19e53d65cb14b231b231335b7520ab03e945c3da19d347d49f5,1,105690,105690,86799
1779898683923359806,fast_tip,A,0xfce62c8bd060b41a52fe3144573e9e5768d24444,来都来了,2229250995102328,6137197103039721,3907946107937393,0.003908,2.56,1.753031,23751,24740,655.63,100761499,100761743,110,5,kol_sell,0x741efdea7eba35af9782841ebe523112dbb3e91df8a09edfeefbcb2bf5f9de76,1,118445,118445,104968
1779898847783723906,fast_tip,N,0x0fe739e22eeb52e202e73fe09037a6e263144444,来都来了,10071906887191407,15195165484191700,5123258597000293,0.005123,3.36,0.508668,18300,19063,655.48,100761863,100761886,10,1,kol_sell,0xad5ac9f0bd7aed60922933f2a2a984f5b247d8fe25dc3939c8646d294078355c,1,31767,31767,28763
1779898819960878651,fast_tip,N,0x202e834733d14b3e3d24f21b81665f4e29ad4444,日拱一卒 功不唐捐,20255217470470402,17771073077116984,-2484144393353418,-0.002484,-1.63,-0.122642,5039,5248,655.48,100761801,100761904,46,1,kol_sell,0x8bddbfdee9fda497b7970cbf2b1df2134781cd66de58e6e4db3e978071f0a440,1,5044,5044,4605
1779898871957127336,fast_tip,A,0x0fe739e22eeb52e202e73fe09037a6e263144444,来都来了,10867942739710948,13444330441360953,2576387701650005,0.002576,1.69,0.237063,25098,26144,655.27,100761916,100761939,10,2,kol_sell,0x10de6fbe304c74317b9b11ad51decb9eef0ed4dcb7b049840d32ef636db2a0ce,1,38187,38187,34322
1779898871957127336,fast_tip,A,0x0fe739e22eeb52e202e73fe09037a6e263144444,来都来了,2172501753668218,1773055727700410,-399446025967808,-0.000399,-0.26,-0.183865,25098,26144,655.27,100761916,100761946,14,2,kol_sell,0x4b88783916b2e10642ab04d68ea1f5b00f4c0561977dab094ac689bdd64ff740,1,35767,35767,22643
1779898847783723906,fast_tip,N,0x0fe739e22eeb52e202e73fe09037a6e263144444,来都来了,8157788836231955,11112169489540387,2954380653308432,0.002954,1.94,0.362155,18300,19063,655.27,100761863,100761987,56,1,kol_sell,0x31bdbbc77a03d5537a6e59d15c3c839fd6f23f72c4644c107ef739018e2f361a,1,29272,29272,25962
1779898933702183659,fast_tip,A,0xea4b0dd55aeafe5853a99023896e007d8d914444,来都来了,5394044897487735,4556103789851165,-837941107636570,-0.000838,-0.55,-0.155346,13697,14268,655.28,100762053,100762060,3,1,kol_sell,0x23f9e30356c96eb7300cb72e6955c1a79d4d8d94bc6d34526627c82f8b3ec7d8,1,15076,15076,12051
1779898933702183659,fast_tip,A,0xea4b0dd55aeafe5853a99023896e007d8d914444,来都来了,1078269575007798,62309962379351,-1015959612628447,-0.001016,-0.67,-0.942213,13697,14268,655.28,100762053,100762068,7,1,kol_sell,0xfc195f6a27dbc518a1119e1ff678317aaa2026ea8c6a5c6d55a5235edfdfcba2,1,13479,13479,824
1779898871957127336,fast_tip,A,0x0fe739e22eeb52e202e73fe09037a6e263144444,来都来了,8695440986042731,1450562325316808,-7244878660725923,-0.007245,-4.75,-0.833181,25098,26144,655.28,100761916,100762091,79,2,kol_sell,0xa354d588755f65db88db90b45ae45c7df91d298d4d93eb0c8558d316b17ca735,1,7865,7865,4628
1779898933702183659,fast_tip,A,0xea4b0dd55aeafe5853a99023896e007d8d914444,来都来了,862723486963739,185588761234905,-677134725728834,-0.000677,-0.44,-0.784880,13697,14268,655.28,100762053,100762099,21,1,kol_sell,0x978e2d7d3b89a0ad8195ec8dbd3f2dc4d1d9ed23d4b0c29ceda70698ffac57e5,1,18971,18971,3069
1779898962199185977,fast_tip,E,0xea4b0dd55aeafe5853a99023896e007d8d914444,来都来了,22599660545602993,14800649568601341,-7799010977001652,-0.007799,-5.11,-0.345094,22126,23048,655.09,100762116,100762250,60,1,kol_sell,0x3453c515153a8fd8d60e56c8a50960b0bdd2098b6fcc1bc88d71101a37f500af,1,16691,16691,15090
1779898933702183659,fast_tip,A,0xea4b0dd55aeafe5853a99023896e007d8d914444,来都来了,2757557826974469,3908922720406141,1151364893431672,0.001151,0.75,0.417531,13697,14268,655.19,100762053,100762369,142,2,kol_sell,0xbda7f8778513fa3e56b84ae210626427e39c79ee7edb42afbd2f46809c422ee3,1,60915,60915,44593
1779898933702183659,fast_tip,A,0xea4b0dd55aeafe5853a99023896e007d8d914444,来都来了,2204943238448785,2300626466992581,95683228543796,0.000096,0.06,0.043395,13697,14268,655.19,100762053,100762374,145,2,kol_sell,0xef3dcf5bed68ae70e8943eabd42b45adeb1370852ac1666bed4358bb8989b8d5,1,57538,57538,32823
1779898933702183659,fast_tip,A,0xea4b0dd55aeafe5853a99023896e007d8d914444,来都来了,1765057613889818,1903616268004757,138558654114939,0.000139,0.09,0.078501,13697,14268,655.19,100762053,100762449,178,2,kol_sell,0x71bde3b93ea8a678241d1d3ef05971a3552695ba60908c904943ffc7ea80fcf6,1,53158,53158,33928
1779899037433751764,fast_tip,E,0xea4b0dd55aeafe5853a99023896e007d8d914444,来都来了,37519076370668912,46899278473362974,9380202102694062,0.009380,6.15,0.250012,23051,24011,655.19,100762283,100762452,76,4,kol_sell,0xc39d8f52492f43aa61dcaf05b0b9c291dc2f5833509777bac161c25ec5bde0d4,1,49139,49139,47232
1779898933702183659,fast_tip,A,0xea4b0dd55aeafe5853a99023896e007d8d914444,来都来了,1412046091111854,925243017274126,-486803073837728,-0.000487,-0.32,-0.344750,13697,14268,655.20,100762053,100762526,213,2,kol_sell,0x4bcf9f5b0f761c60dd8c9788e56c389fe74daf6b6957beb6860efd00922abb3d,1,40176,40176,20613
1779898936458312555,fast_tip,N,0xfce62c8bd060b41a52fe3144573e9e5768d24444,来都来了,20814566956165933,17744563159887470,-3070003796278463,-0.003070,-2.01,-0.147493,148633,149113,654.98,100762059,100762612,249,1,kol_sell,0x5512e058791743fd310da315e39b52a7bd4980eca4ff74f0f50b8390c82699e5,1,132419,132419,127061
1779898933702183659,fast_tip,A,0xea4b0dd55aeafe5853a99023896e007d8d914444,来都来了,1129072054453039,1839643884024586,710571829571547,0.000711,0.47,0.629341,13697,14268,654.98,100762053,100762651,270,2,kol_sell,0x5d20c146a8cb224cf57012876b2a84eda97fd4fc649fe38e97b12acfbab4cd8b,1,81042,81042,51240
1779899092763431575,fast_tip,M,0xea4b0dd55aeafe5853a99023896e007d8d914444,来都来了,8307020569187369,14473326735221685,6166306166034316,0.006166,4.04,0.742301,52427,52610,655.18,100762406,100762691,129,1,kol_sell,0x9cef82f3130952000fe24928432449758c73d41d0dc1d6a7732cf06f10a4d44d,1,96441,96441,91661
1779899223234380992,fast_tip,N,0xc7c3af229762430b9df84154793d4b66bb8a4444,日拱一卒功不唐捐,10253783288269043,8598702950856115,-1655080337412928,-0.001655,-1.08,-0.161412,6657,6934,655.18,100762695,100762704,4,1,kol_sell,0x412a3c22ec810d5cb77c32f7de9b5a32c7fceced1a75f5e2e2e62e904b3d87cc,1,6702,6702,5815
1779899037433751764,fast_tip,E,0xea4b0dd55aeafe5853a99023896e007d8d914444,来都来了,22089069963230718,45121536135823644,23032466172592926,0.023032,15.09,1.042709,23051,24011,655.29,100762283,100762754,212,6,kol_sell,0xc0c76ddc172ea6cc46012ef075934131d5690a6d21b4a832c329167497428579,1,77087,77087,74089
1779899223234380992,fast_tip,N,0xc7c3af229762430b9df84154793d4b66bb8a4444,日拱一卒功不唐捐,8070752826196564,8303192284738120,232439458541556,0.000232,0.15,0.028800,6657,6934,655.29,100762695,100762760,29,1,kol_sell,0xf6dadc5a5f9037e86c3ad4892ec4c0a8c7338573c2a25cd539d66c65ed4cdfbd,1,8252,8252,7135
1779899223234380992,fast_tip,N,0xc7c3af229762430b9df84154793d4b66bb8a4444,日拱一卒功不唐捐,2183030462072480,1523625364644223,-659405097428257,-0.000659,-0.43,-0.302060,6657,6934,655.29,100762695,100762793,44,1,kol_sell,0x0fe334bf95c3da89357cc7e427b01ecff28d3a63b9db45846920dd0225ca3b0d,1,8072,8072,4840
1779899348229540999,fast_tip,A,0xc7c3af229762430b9df84154793d4b66bb8a4444,日拱一卒功不唐捐,13015572719136102,10708767013454981,-2306805705681121,-0.002307,-1.51,-0.177234,13678,14248,654.75,100762972,100763003,14,2,kol_sell,0x8e52fe2c1ce5a746c5002bc3f92d60000d0a67d27e1e1f66b58ab8ca321e0230,1,13912,13912,12302
1779899363182936044,fast_tip,N,0xa7c4fc4efc2e0861bde8ffed8dc187cf24354444,红姐,13967990977686680,18100007805647889,4132016827961209,0.004132,2.71,0.295820,5481,5709,654.75,100763005,100763019,6,1,kol_sell,0x66a06509db755c882e788abb9f347c7afefced0e94e5a641ee9ec9dc304cdb20,1,8097,8097,7398
1779899037433751764,fast_tip,E,0xea4b0dd55aeafe5853a99023896e007d8d914444,来都来了,100094116617241235,48088054071583501,-52006062545657734,-0.052006,-34.05,-0.519572,23051,24011,654.75,100762283,100763033,338,9,kol_sell,0x70d685509531d7e7c20af0f02c835ca1f3c3196bc979f2057f8dee9f2a9b522e,1,27339,27339,22559
1779899363182936044,fast_tip,N,0xa7c4fc4efc2e0861bde8ffed8dc187cf24354444,红姐,3165685500610722,3648858451882949,483172951272227,0.000483,0.32,0.152628,5481,5709,654.75,100763005,100763051,21,1,kol_sell,0xe6b4dd759f790fdac9f6b8aae2ff90d68585c459cbd9f8b41c2fb7d0738fa6ee,1,8577,8577,6581
1779899363182936044,fast_tip,N,0xa7c4fc4efc2e0861bde8ffed8dc187cf24354444,红姐,3165685500610722,2400234271985568,-765451228625154,-0.000765,-0.50,-0.241796,5481,5709,654.75,100763005,100763085,36,1,kol_sell,0xf0ad6d9fbf91c94902e12f12bf562aef640bc9bcace865e9fdb7732d03fb62a7,1,6231,6231,4329
1779899409221572358,fast_tip,A,0xa7c4fc4efc2e0861bde8ffed8dc187cf24354444,红姐,3309810430278076,1961699892876420,-1348110537401656,-0.001348,-0.88,-0.407307,7881,8210,654.75,100763107,100763114,3,1,kol_sell,0x3381b02d33d5a0b3dddbfac4f15e95d7553f216e488d2c9ef79a12c00df474b6,1,7436,7436,4866
1779899409221572358,fast_tip,A,0xa7c4fc4efc2e0861bde8ffed8dc187cf24354444,红姐,1654905215139038,519139480263982,-1135765734875056,-0.001136,-0.74,-0.686303,7881,8210,654.47,100763107,100763129,10,1,kol_sell,0x754f23ae3853baedb9d117fcdda3e136a32f5413e725d3c89978d6a4b1b4b807,1,7417,7417,2574
1779898683923359806,fast_tip,A,0xfce62c8bd060b41a52fe3144573e9e5768d24444,来都来了,8856505076242829,13862968808541614,5006463732298785,0.005006,3.28,0.565287,23751,24740,654.47,100761499,100763151,745,9,kol_sell,0x024e1614457e4a83064cdc0b465c65ef665daffe785d9896120008da13eddf7f,1,125191,125191,116296
1779899409221572358,fast_tip,A,0xa7c4fc4efc2e0861bde8ffed8dc187cf24354444,红姐,1654905215139038,0,-1654905215139038,-0.001655,-1.08,-1.000000,7881,8210,654.47,100763107,100763191,38,1,kol_sell,0x112aa5f93e683f77ca7f41ce44eede0e6452f70d14c9a8adc5afa9e809bef1a6,1,4486,4486,0
1779899092763431575,fast_tip,M,0xea4b0dd55aeafe5853a99023896e007d8d914444,来都来了,8310344042109630,2785695481504012,-5524648560605618,-0.005525,-3.62,-0.664792,52427,52610,654.60,100762406,100763348,425,1,kol_sell,0xad4dd5c00f225f19afe0067a71b18fc139ec69a7caea08c4a655edf9df8fc27c,1,24126,24126,17619
1779898683923359806,fast_tip,A,0xfce62c8bd060b41a52fe3144573e9e5768d24444,来都来了,7086089711501888,10620018625874559,3533928914372671,0.003534,2.31,0.498714,23751,24740,654.60,100761499,100763370,844,9,kol_sell,0x57d03cc4c493a80ad27d29ed08ea6cf17303376a61248ba92c2632e4a65a3c17,1,125454,125454,111372
1779898683923359806,fast_tip,A,0xfce62c8bd060b41a52fe3144573e9e5768d24444,来都来了,5672416586465893,10498951978753737,4826535392287844,0.004827,3.16,0.850878,23751,24740,655.11,100761499,100763582,939,9,kol_sell,0xcb28728775f5ceea424ff49743fdf5b211725ed1f67259899217afb2674d59d7,1,141407,141407,137649
1779898683923359806,fast_tip,A,0xfce62c8bd060b41a52fe3144573e9e5768d24444,来都来了,4537933269172715,9672539597924779,5134606328752064,0.005135,3.36,1.131486,23751,24740,655.02,100761499,100763669,979,9,kol_sell,0xbd495f80137efc883993544884c3a7f41b7299a3fc1706f445415ae07ed347a3,1,175869,175869,158496
1779899755519279390,fast_tip,M,0xa819c60ab763a89ff1cc6044afbc02ad90b74444,日拱一卒功不唐捐,12359345852496158,14088626314056767,1729280461560609,0.001729,1.13,0.139917,13448,14008,654.08,100763876,100764000,56,1,kol_sell,0x00b4ce1472f65f04cd1b7bb47d46524e37818b8bc05420eaf1c62ca8b7595f2d,1,17721,17721,15972
1779899755519279390,fast_tip,M,0xa819c60ab763a89ff1cc6044afbc02ad90b74444,日拱一卒功不唐捐,4322184519343711,3353134546658092,-969049972685619,-0.000969,-0.63,-0.224204,13448,14008,653.92,100763876,100764112,106,1,kol_sell,0xdbee9c11cf36d4288852ecb579f52c4957d87ee024f9b741fc4bb9cdbc2056fc,1,14418,14418,10868
1779899875862084815,fast_tip,A,0xc89a4a2cd6fa1523d3046fc603060db4e3684444,给币安人的情书,2666730534169719,5461693145382646,2794962611212927,0.002795,1.83,1.048086,5535,5765,654.00,100764143,100764160,7,1,kol_sell,0xa6669a03be07ca12fffb2e0a0951c1003f70beb47e59ea50db6aad8ba59a88be,1,14366,14366,11808
1779899875862084815,fast_tip,A,0xc89a4a2cd6fa1523d3046fc603060db4e3684444,给币安人的情书,2000314573680706,3420487587798784,1420173014118078,0.001420,0.93,0.709975,5535,5765,654.00,100764143,100764166,10,1,kol_sell,0x41b679e9185d8bacf4c61788ea6313690771bd54d80fc586bbb68713358d4ba8,1,13024,13024,9859
1779899484905626654,fast_tip,E,0xea4b0dd55aeafe5853a99023896e007d8d914444,来都来了,25464363861762126,19417351610367381,-6047012251394745,-0.006047,-3.95,-0.237470,28961,29073,654.00,100763275,100764216,424,2,kol_sell,0xd280062eecf9b84e8caca6d0ad6478014449a5ef30b0af20c796372b8c4c62c0,1,23150,23150,22462
1779899915516954417,fast_tip,A,0x7012678440008d560cad3924079c16d3a6ff4444,何一的公开信,10492289624949784,6090833222227356,-4401456402722428,-0.004401,-2.88,-0.419494,7034,7327,654.00,100764231,100764251,9,1,kol_sell,0x83359276fc03d6acef5cdfb3ae40be09e50a9effc992ef3aa3e034df638e6c8f,1,5098,5098,4253
1779900135335119224,fast_tip,G,0x22a7a3102b034583bd4bfa79e548921d3dcc4444,罗马世界,5744157007436454,5582995508345372,-161161499091082,-0.000161,-0.11,-0.028057,4276,4454,654.02,100764719,100764746,12,1,kol_sell,0xa4def116f650e8667f8caf89e4421ef64f8b10b1e4d600daed07577b88324808,1,5251,5251,4329
1779900135335119224,fast_tip,G,0x22a7a3102b034583bd4bfa79e548921d3dcc4444,罗马世界,5746455129863916,3978940796674038,-1767514333189878,-0.001768,-1.16,-0.307583,4276,4454,654.35,100764719,100765191,213,1,kol_sell,0x9b417fe7ecad6a0345bc83b8da034fea1f7c68c86e2795adbdd58829817bfb03,1,3955,3955,3086
1779899844365819306,fast_tip,M,0xea4b0dd55aeafe5853a99023896e007d8d914444,来都来了,16422239966061559,5950299518139143,-10471940447922416,-0.010472,-6.85,-0.637668,36707,36841,654.35,100764073,100765245,528,1,kol_sell,0x900f10708e82e3dde7858d17bc34cbef484e5cb51f9683c22036565f7de130e9,1,16261,16261,13357
1779899273308481213,fast_tip,E,0xfce62c8bd060b41a52fe3144573e9e5768d24444,来都来了,18161562811305398,42535525594517950,24373962783212552,0.024374,15.95,1.342063,92721,93032,654.29,100762806,100765514,1220,2,kol_sell,0x754b6d830fba8a00fd2ae855221c85fb967c9427a9a7e4bf2623f078d0baabf0,1,276158,276158,268661
1779900501159688564,fast_tip,E,0x1afdeca5d63b9ee2b4ca96bb7ee3cf9477604444,玩家何一,16220973784291029,15382630965652082,-838342818638947,-0.000838,-0.55,-0.051683,21473,22368,654.22,100765531,100765553,10,1,kol_sell,0x846934a9774427e892571fc5f2987ec6aa5c6b4a1307c0aa020a91481342c5b8,1,23410,23410,21209
1779900200266598342,fast_tip,M,0x40fe2ec3f04130e335312d3f67989319c58a4444,玩家何一,11186855306792109,11956026833453226,769171526661117,0.000769,0.50,0.068757,5083,5295,654.55,100764863,100765893,464,1,kol_sell,0x76f0fc1b76ba3f3923e8745d316cef1e7e4fcb48fa4af13130f4788a63f907c6,1,6352,6352,5663
1779901042943155464,fast_tip,N,0xf074cb5f7f17a114f083e840664c0eb06f534444,我踏马来都来了,4653975562643014,3498615506815508,-1155360055827506,-0.001155,-0.76,-0.248252,4628,4821,654.79,100766734,100766751,8,1,kol_sell,0xa4a25a8914070388abf892eb74755d3b6176c871943caedf770171bdb31a30e1,1,4763,4763,3624
1779901042943155464,fast_tip,N,0xf074cb5f7f17a114f083e840664c0eb06f534444,我踏马来都来了,3490481671982260,2511570512273757,-978911159708503,-0.000979,-0.64,-0.280452,4628,4821,654.79,100766734,100766761,12,1,kol_sell,0x7727f593e0eddebf2254099973ee1cfa9b253f05aa2b9cd74b98072d45cc9032,1,4931,4931,3469
1779901042943155464,fast_tip,N,0xf074cb5f7f17a114f083e840664c0eb06f534444,我踏马来都来了,10471445015946783,8657052958379166,-1814392057567617,-0.001814,-1.19,-0.173270,4628,4821,654.95,100766734,100766822,40,1,kol_sell,0xd59921a336eef47a489b526af2065be1c903f0a3823fd2277d969e9fdbd5cec5,1,4592,4592,3986
1779901157354267056,fast_tip,A,0x424104ea0088c9998ee4f39595bfeed4fe624444,来都来了,9046929586209787,5961920602859129,-3085008983350658,-0.003085,-2.02,-0.341001,7847,7877,654.91,100766988,100767072,38,1,kol_sell,0x617d4ca6c4d8f9fdf1c82f5b410ab9cd1bc65ed438e7297633ecdab97b55a3d4,1,7150,7150,5192
1779899484905626654,fast_tip,E,0xea4b0dd55aeafe5853a99023896e007d8d914444,来都来了,36559850086259652,12724593521665665,-23835256564593987,-0.023835,-15.59,-0.651952,28961,29073,653.95,100763275,100767439,1875,4,kol_sell,0xf1a4dc38a87f7da8d121a54d7837534e1289400c1ad93cbd165dd0583d243f96,1,11447,11447,10496
1779900824966465243,fast_tip,N,0xfce62c8bd060b41a52fe3144573e9e5768d24444,来都来了,10342167916984476,6528271391245470,-3813896525739006,-0.003814,-2.49,-0.368771,419205,420423,653.95,100766250,100767476,552,1,kol_sell,0x3240067de9dcb999c657acb6ff7397fc332995f5889abb3ade95534b41639290,1,314728,314728,265087
1779900824966465243,fast_tip,N,0xfce62c8bd060b41a52fe3144573e9e5768d24444,来都来了,10342167916984476,6247858181150147,-4094309735834329,-0.004094,-2.68,-0.395885,419205,420423,653.95,100766250,100767486,557,1,kol_sell,0x97b47219389f7aa081daabed343d6195e3381214fd750489d505598b6670df27,1,301623,301623,253701
1779898933702183659,fast_tip,A,0xea4b0dd55aeafe5853a99023896e007d8d914444,来都来了,6628770498934551,6141617708743397,-487152790191154,-0.000487,-0.32,-0.073491,13697,14268,654.31,100762053,100768072,2712,3,kol_sell,0x9f52000b6fcede804b5e0717492744508c3dd52a02e86ab99e27334534b5961b,1,22860,22860,18312
1779901847267551924,fast_tip,N,0xc72dcb26938d4dac6989d78cfa9650847dbd4444,玩家何一,19498648880501256,16264863300177182,-3233785580324074,-0.003234,-2.11,-0.165847,4884,4914,653.25,100768520,100768591,32,1,kol_sell,0x84661862a9b051adcbf3b04ea21f10430cc733508367530d8ee2967647ada44c,1,4985,4985,4099
1779898933702183659,fast_tip,A,0xea4b0dd55aeafe5853a99023896e007d8d914444,来都来了,1325091222737016,1082844804197756,-242246418539260,-0.000242,-0.16,-0.182815,13697,14268,651.41,100762053,100770341,3734,3,kol_sell,0x89bd11a11039a3f80057e68afb5f3a8140a58763a562a9b2a8d18c84f4951dbf,1,30183,30183,16080
1779898683923359806,fast_tip,A,0xfce62c8bd060b41a52fe3144573e9e5768d24444,来都来了,3628531442030503,14049882069058350,10421350627027847,0.010421,6.78,2.872057,23751,24740,650.97,100761499,100772664,5030,9,kol_sell,0xb5da381efa9eff12391abe663fcf2e00cc86751fe4d72102af86cf6e8b6e2418,1,300504,300504,286144
1779903730746716672,fast_tip,A,0xbcc827ddbb5117cf3c9cf1942229e3b795e55555,Snowball,8360484183914740,8890650000147358,530165816232618,0.000530,0.34,0.063413,96622,96916,650.40,100772702,100772951,112,1,kol_sell,0x4103dcbe15508e6bbaae7ebfbb6ad9884cee83c1610662ede827600105ba753d,1,121531,121531,102971
1779896837017211901,fast_tip,M,0x368a622927e309b75ae9fe82a41ced43cd977777,飞船,6721237141032268,0,-6721237141032268,-0.006721,-4.37,-1.000000,14730,15344,649.89,100757404,100777306,8968,1,kol_sell,0xfb78b434fb2b70663b236314ff52eae0b7f143b8b3282d70941d315c881af526,1,141,141,0
1779901922709975243,fast_tip,N,0xfce62c8bd060b41a52fe3144573e9e5768d24444,来都来了,57510192930628009,70235559786589166,12725366855961157,0.012725,8.29,0.221272,258431,259198,651.11,100768688,100778634,4480,7,kol_sell,0x4ed971a2e6b5b45b3d454cb128a960e4df5a18267c39e306837e26736b738dac,1,302650,302650,292049
1779905677194937768,fast_tip,A,0x4af98ed4ca98a02f527c7fafdd8459cf6e8b5555,考拉,15985651454522204,17704826875296596,1719175420774392,0.001719,1.12,0.107545,3227,3247,651.13,100777023,100779705,1208,2,kol_sell,0xd612c3774882d44e7834ea672746c64b7476f7950a7255b8780060131dc57953,1,5010,5010,3956
1779900200266598342,fast_tip,M,0x40fe2ec3f04130e335312d3f67989319c58a4444,玩家何一,3928474117329103,2024226206859999,-1904247910469104,-0.001904,-1.24,-0.484730,5083,5295,651.13,100764863,100779729,6695,1,kol_sell,0xd7669fd62a97ec8e1ff809ab1069d6c4a996fb73e8205c4ec8d57cb43e64b125,1,4117,4117,2716
1779898683923359806,fast_tip,A,0xfce62c8bd060b41a52fe3144573e9e5768d24444,来都来了,2903188006768605,13214744833793400,10311556827024795,0.010312,6.72,3.551805,23751,24740,651.84,100761499,100781134,8844,9,kol_sell,0xc025dd53384ab22f793deb609062fa2bfe217618d66c556a8036adda878febe4,1,374293,374293,336826
1779901922709975243,fast_tip,N,0xfce62c8bd060b41a52fe3144573e9e5768d24444,来都来了,41508734291527654,60648000377086476,19139266085558822,0.019139,12.48,0.461090,258431,259198,651.84,100768688,100781160,5617,7,kol_sell,0x289c10399abcbee82df0226cecbddb9c399b7bed37ba54789fb6687c89cbd451,1,357069,357069,349790
1779898683923359806,fast_tip,A,0xfce62c8bd060b41a52fe3144573e9e5768d24444,来都来了,2903841405610149,13419897030073946,10516055624463797,0.010516,6.86,3.621429,23751,24740,652.35,100761499,100782073,9267,9,kol_sell,0xc839c7acc54515156be16ed50ee7940a69355edd4eb1ccce71667ae5f510fe74,1,378082,378082,342247
1779914584316610330,fast_tip,N,0xdac7a475db0bd27e3327f5c3ac1cf002f07a4444,币安情书,4800182413640242,6784160662963601,1983978249323359,0.001984,1.29,0.413313,13040,13584,652.62,100796807,100801443,2087,1,kol_sell,0x4bb536fc887f622218e70ced95e1969755e07bc7042fc81415fa9f858db1dfdd,1,22716,22716,19205
1779914584316610330,fast_tip,N,0xdac7a475db0bd27e3327f5c3ac1cf002f07a4444,币安情书,14408230606128635,15405591653444784,997361047316149,0.000997,0.65,0.069222,13040,13584,652.48,100796807,100803502,3014,1,kol_sell,0xa3b7d63f829fb856cd1fdbbc4baacc9befa7ecd690613d53e89dbaf2ae737ea2,1,16035,16035,14526
1779912164946744083,fast_tip,N,0x6657adbcaa70f579a46a13dbab7961695e434444,币安恋,21342681133076530,18029265296947941,-3313415836128589,-0.003313,-2.16,-0.155248,5730,5969,652.12,100791434,100803575,5466,1,kol_sell,0x3779d3838cf92e88587b7aeed9285f12a316ee59aadd2b0115d7c3cc949c5213,1,5519,5519,5041
1779901618482184981,fast_tip,G,0xea4b0dd55aeafe5853a99023896e007d8d914444,来都来了,4574671427090391,5682946654809299,1108275227718908,0.001108,0.72,0.242263,18192,18253,647.00,100768012,100819551,23206,1,kol_sell,0xb91f4c4e2ab65e142ec408b4af04bdcbda3e91ccc7a1fadb6e469f30df1f92c3,1,26930,26930,22411
1779839282834763367,fast_tip,M,0xd330fbf65406fc675d79d1d88b1b35d59d854444,AI秘书,16892758620997072,16892758620997072,0,0.000000,0.00,0.000000,6860,7324,648.40,100630098,100821898,86598,1,price_unavailable,,0,0,0,0
1779898933702183659,fast_tip,A,0xea4b0dd55aeafe5853a99023896e007d8d914444,来都来了,1325389451121764,6197548014507195,4872158563385431,0.004872,3.15,3.676020,13697,14268,647.17,100762053,100832823,31869,3,kol_sell,0x7086ada02dd03131e12a30d6bae953d86523e7fe54291a909753fb9ef42481d7,1,103905,103905,91410
1779898933702183659,fast_tip,A,0xea4b0dd55aeafe5853a99023896e007d8d914444,来都来了,994174627286435,4172974969553705,3178800342267270,0.003179,2.06,3.197427,13697,14268,647.17,100762053,100832831,31872,3,kol_sell,0x63cbf1f1d2427e461f1834785562e7ab29191942e585480dc503d10f02c3ec87,1,102392,102392,82054
1779892126488660112,fast_tip,O,0x39c37c5208fde5f0d3132c616d5ef0a7c70e4444,FENGSHUI,28163371413757608,26598121551329620,-1565249862427988,-0.001565,-1.01,-0.055578,4285938,4297442,644.75,100746952,100834842,39585,1,kol_sell,0x7c24026cffb040eb3fb23967a74966c464b6d47be6aca46e49f1f861d54c9108,1,4166820,4166820,4022264
1779933073121147648,fast_tip,O,0x30d7c8b1f2912f5dd50154bdfebbb35505f14444,哈兰贝,12603080892381664,12671351549763791,68270657382127,0.000068,0.04,0.005417,5319,5541,645.59,100837865,100838309,200,1,kol_sell,0xbed8fdd9b07a145be8337d253205c0734f2a6b0e2fcac9fb96ad9ca7139abc6c,1,6225,6225,5567
1779931599861527911,fast_tip,C,0xdac7a475db0bd27e3327f5c3ac1cf002f07a4444,币安情书,14767490653155854,13629282959742628,-1138207693413226,-0.001138,-0.73,-0.077075,8640,9000,645.65,100834594,100838698,1848,1,kol_sell,0x789058ff1e5aad5fd0fdf6ef46df5a4bb72d841b29a83c7d57fd4e1afd57a484,1,9235,9235,8299
1779901618482184981,fast_tip,G,0xea4b0dd55aeafe5853a99023896e007d8d914444,来都来了,457192516004644,326709428153858,-130483087850786,-0.000130,-0.08,-0.285401,18192,18253,644.07,100768012,100843388,33943,1,kol_sell,0x83d53808ad2b53a13ae94bae7480c0e1c1a9cefafb734243c980724916b7996d,1,49643,49643,12833
1779849543319791117,fast_tip,H,0x5f6fd60ad6cd8751b4c521bc00fa02abfeca4444,背手负鼠,19294426350283232,18664767953330761,-629658396952471,-0.000630,-0.41,-0.032634,707110,709048,644.29,100652873,100844540,86537,1,timeout,,0,0,0,0
1779945548817116631,fast_tip,H,0x921e0fc8b8a33dc6c107317102f6057f36a04444,何一是光源,23602797276619348,23602797276619348,0,0.000000,0.00,0.000000,23969,24968,633.44,100865545,100865556,4,1,price_unavailable,0x6acf84d849222acce495fc2ada254e7b41c581a5333fe61a0d669c86721447d2,1,0,0,24968
1779945552351344834,fast_tip,A,0x45d89b2f5ef959a1bff96668b9ccce1e13ff4444,光源,2285478592329344,1390187650382157,-895290941947187,-0.000895,-0.57,-0.391730,99451,99749,633.44,100865553,100865562,4,1,kol_sell,0x99e0a5dd0f81c4965c8900f1dea65f14104b4579fc1ea69c57d78bb09fb3eebc,1,127792,127792,60674
1779945552351344834,fast_tip,A,0x45d89b2f5ef959a1bff96668b9ccce1e13ff4444,光源,2285478592329344,0,-2285478592329344,-0.002285,-1.45,-1.000000,99451,99749,633.44,100865553,100865565,5,1,kol_sell,0x56bc5ce18c1b7abef80d43e2cb535a40bbea9ca6be7e358b7b2aecdc3bde9a85,1,159664,159664,0
1779945552351344834,fast_tip,A,0x45d89b2f5ef959a1bff96668b9ccce1e13ff4444,光源,6856435776988034,3492350873807244,-3364084903180790,-0.003364,-2.13,-0.490646,99451,99749,633.44,100865553,100865568,6,1,kol_sell,0x6d61f2e1e4a9abcb0d9c85fe00bf3575dc66ddce226e1d2ed2d0cc67c42cff08,1,0,0,50807
1779945546559200036,fast_tip,D,0x45d89b2f5ef959a1bff96668b9ccce1e13ff4444,光源,38379593627904783,130561634945176053,92182041317271270,0.092182,58.39,2.401850,41172,42888,633.44,100865540,100865572,14,1,kol_sell,0x78865e8b848838aa64247d5807c19d8c65e23bea2f9dd1272e9e820d66a6da82,1,132687,132687,145898
1779945551945597733,fast_tip,O,0x45d89b2f5ef959a1bff96668b9ccce1e13ff4444,光源,5238451282488300,6429726477772490,1191275195284190,0.001191,0.75,0.227410,95305,95616,633.44,100865552,100865580,13,1,kol_sell,0x9ee1207a014cec88a7074444f81ff84a9d74a069efb9704b1df841e6ba2cdce7,1,104353,104353,117360
1779945551945597733,fast_tip,O,0x45d89b2f5ef959a1bff96668b9ccce1e13ff4444,光源,3666915897741810,4597087503421642,930171605679832,0.000930,0.59,0.253666,95305,95616,633.44,100865552,100865583,14,1,kol_sell,0x85d55bd3fea81d8e24b16c301469706425b090fbf75ca8f72596eda03c386f01,1,129756,129756,119870
1779945559134094152,fast_tip,K,0x2cf824a88af3f88bd4198fa10c5d6f5c44494444,光源,30000000000000000,20727196005927057,-9272803994072943,-0.009273,-5.87,-0.309093,16775,17474,633.44,100865568,100865585,8,1,kol_sell,0x9c0043c30e5353e74d851aafa2e6503facca5ae765e3cc77ca3a79e2f1ca07cc,1,13151,13151,12073
1779945551945597733,fast_tip,O,0x45d89b2f5ef959a1bff96668b9ccce1e13ff4444,光源,2566841128419267,2171911832779942,-394929295639325,-0.000395,-0.25,-0.153858,95305,95616,633.44,100865552,100865588,16,1,kol_sell,0xd67503aa4b4fffbef58b3272882c209d71fd25ef70de0c8ec6a7c431a14ea347,1,127242,127242,80904
1779945580515661336,fast_tip,M,0x9ebba9c5d223d3d615421aa8e7ed0480fdc14444,光源小何,8643063799827017,10449103607306041,1806039807479024,0.001806,1.14,0.208958,15409,16051,633.10,100865615,100865626,5,1,kol_sell,0x147e766a0663cba553735aaf15a5d5ab4c6fe4623ebb35386656d27ad9dabfcf,1,22047,22047,19405
1779945577824034280,fast_tip,A,0x11a6659ce99d6a0d5868af8fccf24fed951a4444,光源,14784509976172075,16009354718076308,1224844741904233,0.001225,0.78,0.082846,24211,24294,633.10,100865609,100865647,17,11,kol_sell,0x4703c5a52dcc8ea4b14a72058692ba36117f5981270105a8e9dbf0dd4f1e08fd,1,33974,33974,27766
1779945577824034280,fast_tip,A,0x11a6659ce99d6a0d5868af8fccf24fed951a4444,光源,11821694176947191,7463103056823787,-4358591120123404,-0.004359,-2.76,-0.368694,24211,24294,633.10,100865609,100865651,19,11,kol_sell,0x09a66b9d6eeee0738c59e25cbb59e7d498e9c52af320d8d29b30828074ff8496,1,28738,28738,16188
1779945577824034280,fast_tip,A,0x11a6659ce99d6a0d5868af8fccf24fed951a4444,光源,10603544382605710,6337116294022966,-4266428088582744,-0.004266,-2.70,-0.402359,24211,24294,633.33,100865609,100865679,31,12,kol_sell,0x635d6fa28cac6f2e776689c1d40215eed0cfc6587241be8dcfc4f560adbf672a,1,18286,18286,14897
1779945577824034280,fast_tip,A,0x11a6659ce99d6a0d5868af8fccf24fed951a4444,光源,11619867587713514,14248474924479607,2628607336766093,0.002629,1.67,0.226217,24211,24294,633.60,100865609,100865746,62,15,kol_sell,0xb86a2517385a7f8da8bff541f4d2efd2603df0320d09c65eec75a574bfb1f65b,1,27591,27591,29022
1779945612834575815,fast_tip,H,0x11a6659ce99d6a0d5868af8fccf24fed951a4444,光源,8497007019582965,15732132610240470,7235125590657505,0.007235,4.58,0.851491,14596,14667,633.60,100865687,100865749,28,1,kol_sell,0x15e72092cc6e1c5d9f0180fb13a3c46796738f2a790c3155116f8e9170e71e99,1,29411,29411,27167
1779945577824034280,fast_tip,A,0x11a6659ce99d6a0d5868af8fccf24fed951a4444,光源,9301706910384775,7717621624306809,-1584085286077966,-0.001584,-1.00,-0.170300,24211,24294,633.60,100865609,100865751,64,15,kol_sell,0x24268bce9826f5c153981d51e5a965637e461a8288e13213eb572736ae18d785,1,27334,27334,19637
1779945612834575815,fast_tip,H,0x11a6659ce99d6a0d5868af8fccf24fed951a4444,光源,12745510529374448,24740540799111161,11995030269736713,0.011995,7.60,0.941118,14596,14667,633.60,100865687,100865768,37,1,kol_sell,0x6d56d0412be3958de801203efbd8c29b35ffed05c84a00a57871473a2db1f8a1,1,22147,22147,28482
1779945580515661336,fast_tip,M,0x9ebba9c5d223d3d615421aa8e7ed0480fdc14444,光源小何,6842713610323050,5618903675994499,-1223809934328551,-0.001224,-0.78,-0.178849,15409,16051,633.60,100865615,100865779,74,1,kol_sell,0xabfa6a6069ceeea94fc48adceae564ef4570d3a9994e2936c158dfce84eeb8b1,1,16056,16056,13190
1779945577824034280,fast_tip,A,0x11a6659ce99d6a0d5868af8fccf24fed951a4444,光源,27297987459713425,29448644553022935,2150657093309510,0.002151,1.36,0.078784,24211,24294,633.60,100865609,100865802,87,18,kol_sell,0x2e96617f15d34d34e03542ed89bdeedcbe760f765d110fc20d4064ed3fbb7235,1,27613,27613,27331
1779945577824034280,fast_tip,A,0x11a6659ce99d6a0d5868af8fccf24fed951a4444,光源,17460298349681322,17114926766721926,-345371582959396,-0.000345,-0.22,-0.019780,24211,24294,633.45,100865609,100865842,105,19,kol_sell,0x63e81de765d20fd425849a3cdb400a204895d2947b60714b4d81e385323abee0,1,21954,21954,21648
1779945580515661336,fast_tip,M,0x9ebba9c5d223d3d615421aa8e7ed0480fdc14444,光源小何,993433234568289,1967778819077367,974345584509078,0.000974,0.62,0.980786,15409,16051,633.12,100865615,100865900,128,1,kol_sell,0x528df148e8f3ee141056caede6f7466351d3b36256cea66fc0a07f7327f5c5bc,1,49069,49069,31794
1779945756587662394,fast_tip,A,0x9ebba9c5d223d3d615421aa8e7ed0480fdc14444,光源小何,6596031643618319,6498217802243304,-97813841375015,-0.000098,-0.06,-0.014829,44777,44909,633.13,100866006,100866021,7,2,kol_sell,0x04e87b85db1e0cadf477e4e64644d0de70ccb626ee3d00a56718ab021519dae9,1,52795,52795,48514
1779945756587662394,fast_tip,A,0x9ebba9c5d223d3d615421aa8e7ed0480fdc14444,光源小何,3298015821809159,1464851536141200,-1833164285667959,-0.001833,-1.16,-0.555839,44777,44909,633.13,100866006,100866042,16,2,kol_sell,0xa3057628a1af95135e1495510af9984b371cc61c77e29948006aa2d075fb4264,1,37823,37823,21872
1779945738152334454,fast_tip,A,0x45d89b2f5ef959a1bff96668b9ccce1e13ff4444,光源,1542159912934856,1031869902589729,-510290010345127,-0.000510,-0.32,-0.330893,253763,254449,633.08,100865965,100866143,80,1,kol_sell,0x9d64cb8ac2c86a0cfeffc2f9000776640d1c2a34e7b2dbbd984f0ff9fd71ffa1,1,334284,334284,170243
1779945821384227707,fast_tip,A,0x10792583ed3d127356b91679034e8bc4a0c14444,币安之光,10113152618649933,10760966527228129,647813908578196,0.000648,0.41,0.064057,6847,7132,632.92,100866150,100866169,9,4,kol_sell,0x04f0d7d20903c5e7ca5e4ee920dcf8dc43a7f732858c70741c143f6cd2ec9753,1,13782,13782,12160
1779945821384227707,fast_tip,A,0x10792583ed3d127356b91679034e8bc4a0c14444,币安之光,2021619208468121,2206410145375772,184790936907651,0.000185,0.12,0.091407,6847,7132,632.92,100866150,100866175,11,4,kol_sell,0x25741854af515bf342c1e27a758b6be28aae0c7e3c2a6b1b40f6d244ef9a1d3b,1,18574,18574,12472
1779945821384227707,fast_tip,A,0x10792583ed3d127356b91679034e8bc4a0c14444,币安之光,1618306682036362,1493411536661646,-124895145374716,-0.000125,-0.08,-0.077176,6847,7132,632.92,100866150,100866181,14,4,kol_sell,0xdb2efee9574aa5ed00967058651eac54ff61a96f055a1341c3a62a527abf8c84,1,17958,17958,10546
1779945821384227707,fast_tip,A,0x10792583ed3d127356b91679034e8bc4a0c14444,币安之光,3236613364072725,3872961322188932,636347958116207,0.000636,0.40,0.196609,6847,7132,632.92,100866150,100866227,35,4,kol_sell,0x680d720748678484760ec89e9b586a18485614957bcba87ff1c21d86f75a1087,1,17731,17731,13674
1779945868682725789,fast_tip,A,0xc012b418b4c65f0f9573e33ab0c4656396784444,光源,9785770119496813,8313465082101183,-1472305037395630,-0.001472,-0.93,-0.150454,15931,16594,632.92,100866255,100866280,11,4,kol_sell,0x296721eba94acb1ee9146c99b6a7083365eaa26be9786330ef08a06acf87f957,1,21490,21490,18518
1779945868682725789,fast_tip,A,0xc012b418b4c65f0f9573e33ab0c4656396784444,光源,4894842605281412,3378300724778670,-1516541880502742,-0.001517,-0.96,-0.309824,15931,16594,632.92,100866255,100866285,13,4,kol_sell,0x3a6e2ae60d95cb90dd5cb8a701f74b1ba98b3fda016977d3e691606c592d2da4,1,20069,20069,15044
1779945580515661336,fast_tip,M,0x9ebba9c5d223d3d615421aa8e7ed0480fdc14444,光源小何,3471906788369147,5335645874678162,1863739086309015,0.001864,1.18,0.536806,15409,16051,633.07,100865615,100866307,311,2,kol_sell,0x7220a08958ff4200302c68aee0bcfb15cd7c5de94151012bfc287b70279a2e6d,1,89347,89347,77854
1779945551945597733,fast_tip,O,0x45d89b2f5ef959a1bff96668b9ccce1e13ff4444,光源,1796788789893486,3005930293256218,1209141503362732,0.001209,0.77,0.672946,95305,95616,633.07,100865552,100866325,348,1,kol_sell,0x9d8bc8880a40b708bb928f1186d9fd3bfc14736e2013b507eccce5cc9a377b65,1,224777,224777,159864
1779945868682725789,fast_tip,A,0xc012b418b4c65f0f9573e33ab0c4656396784444,光源,7106055143258969,5371778987576022,-1734276155682947,-0.001734,-1.10,-0.244056,15931,16594,633.07,100866255,100866346,41,6,kol_sell,0x12a414d64afe9d724fb9e9c408b860ba53cfdb3011cf74dd8dd0a0d7d350511f,1,25831,25831,21079
1779945577824034280,fast_tip,A,0x11a6659ce99d6a0d5868af8fccf24fed951a4444,光源,32452431150961357,10529721345237853,-21922709805723504,-0.021923,-13.88,-0.675534,24211,24294,632.92,100865609,100866378,346,21,kol_sell,0x83382919c84bd9ddad743a53d02a4c558c08959ba1e0d05b3c5380b314b76617,1,6360,6360,5257
1779945890226874607,fast_tip,K,0xc012b418b4c65f0f9573e33ab0c4656396784444,光源,29072719600592705,30204789599124729,1132069998532024,0.001132,0.72,0.038939,21237,22121,632.92,100866303,100866399,43,1,kol_sell,0xb253c4e0e7fd3614c654e5c69d3f0145ebd34fd37d2f604e9a1404deb2b8c905,1,24686,24686,22978
1779945938401817531,fast_tip,M,0xc012b418b4c65f0f9573e33ab0c4656396784444,光源,16158548692401596,14272588334888960,-1885960357512636,-0.001886,-1.19,-0.116716,16694,17389,632.92,100866410,100866422,5,1,kol_sell,0x05c6a9100971e10db514842843002be53e97182a2502cdc5b87d5a5fc0700273,1,17062,17062,15360
1779945868682725789,fast_tip,A,0xc012b418b4c65f0f9573e33ab0c4656396784444,光源,3553027571629484,871406594988407,-2681620976641077,-0.002682,-1.70,-0.754743,15931,16594,632.92,100866255,100866435,81,6,kol_sell,0x2695b58d0dcc7d0b7dde80e74a1ea420a4aadc7dc9ba255f353720f86612f00e,1,14870,14870,6837
1779945868682725789,fast_tip,A,0xc012b418b4c65f0f9573e33ab0c4656396784444,光源,3246414983998134,2850725986500157,-395688997497977,-0.000396,-0.25,-0.121885,15931,16594,632.96,100866255,100866551,133,9,kol_sell,0xa42c13f74a50a555449d13bb21bb574f264ce96563c5dbb0c6e45ef96d3c5822,1,32959,32959,23745
1779945868682725789,fast_tip,A,0xc012b418b4c65f0f9573e33ab0c4656396784444,光源,2595833421204908,1952103187770143,-643730233434765,-0.000644,-0.41,-0.247986,15931,16594,632.96,100866255,100866556,135,9,kol_sell,0x83d2b86701a92a5ce2a84081b047026c8e1d6d08bb285a221c72f772c3261fdd,1,31469,31469,20335
1779945580515661336,fast_tip,M,0x9ebba9c5d223d3d615421aa8e7ed0480fdc14444,光源小何,14696103616492954,4577793744867079,-10118309871625875,-0.010118,-6.40,-0.688503,15409,16051,632.96,100865615,100866600,444,2,kol_sell,0xf2061b5adf7d4286c3469a41fc42680fc29fb38426b7e7ab096886e79f1e455e,1,20129,20129,15778
1779945868682725789,fast_tip,A,0xc012b418b4c65f0f9573e33ab0c4656396784444,光源,2076926320306047,2688418596579340,611492276273293,0.000611,0.39,0.294422,15931,16594,632.94,100866255,100866631,169,9,kol_sell,0xfce1af587cf856839bdfad06c21077cf9176a76b8215b281fc3bbce5985a95a8,1,58681,58681,35002
1779945868682725789,fast_tip,A,0xc012b418b4c65f0f9573e33ab0c4656396784444,光源,2416727230079881,6728161985786773,4311434755706892,0.004311,2.73,1.783997,15931,16594,632.95,100866255,100866732,215,10,kol_sell,0x410660478f634756666583263f7cbdbdd1a6cc91a0ed6b844497a6a04a7713ed,1,101605,101605,91607
1779946055782324695,fast_tip,M,0xc012b418b4c65f0f9573e33ab0c4656396784444,光源,4106933007784260,6106990104609781,2000057096825521,0.002000,1.27,0.486995,53516,53701,632.95,100866670,100866740,32,1,kol_sell,0x0d6f9431aa25df365d92cdf30236e888cee6d02253f3cc84d7a9355dae5af506,1,97613,97613,79853
1779945868682725789,fast_tip,A,0xc012b418b4c65f0f9573e33ab0c4656396784444,光源,1932415093171873,4357385448343848,2424970355171975,0.002425,1.53,1.254891,15931,16594,632.95,100866255,100866764,229,10,kol_sell,0xc8e287db19909e56b9a893af06f2a641b4f7b47530169c42c9d92857cca6a013,1,91431,91431,74197
1779946055782324695,fast_tip,M,0xc012b418b4c65f0f9573e33ab0c4656396784444,光源,3080199755838195,3991079394660405,910879638822210,0.000911,0.58,0.295721,53516,53701,632.54,100866670,100866783,51,1,kol_sell,0x1ab5b370a7f3cd779887972a52e1678b1e97375a74a7322fb3207583b15315d7,1,91383,91383,69537
1779945756587662394,fast_tip,A,0x9ebba9c5d223d3d615421aa8e7ed0480fdc14444,光源小何,3298015821809160,263250321395562,-3034765500413598,-0.003035,-1.92,-0.920179,44777,44909,632.54,100866006,100866810,362,2,kol_sell,0x35f0e67a69ac74b8a688a9fdb8e5db48d58a872231cc471f95359db62b74fb22,1,18428,18428,3927
1779945571446759856,fast_tip,H,0x45d89b2f5ef959a1bff96668b9ccce1e13ff4444,光源,59927502285336525,66998349477462903,7070847192126378,0.007071,4.47,0.117990,86005,86312,632.68,100865595,100866867,573,3,kol_sell,0x1c128bec0fc9a541a88afd70d3055ec92c8c257899f037e1ece2d5d6ea91eb64,1,151308,151308,151444
1779945868682725789,fast_tip,A,0xc012b418b4c65f0f9573e33ab0c4656396784444,光源,1546898765429530,3285554332048059,1738655566618529,0.001739,1.10,1.123962,15931,16594,632.68,100866255,100866906,293,10,kol_sell,0xdfc906520ba132352dcb01a2d4d90157d48c34b919db398af0d508ae5298e58b,1,89721,89721,69859
1779945738152334454,fast_tip,A,0x45d89b2f5ef959a1bff96668b9ccce1e13ff4444,光源,5693379731094614,4433665240610986,-1259714490483628,-0.001260,-0.80,-0.221260,253763,254449,632.19,100865965,100867002,467,6,kol_sell,0x411e68655de39ab57bfca61dcba2cb9b2493ff773af5f6c82feab94f8240f85b,1,209500,209500,172749
1779945868682725789,fast_tip,A,0xc012b418b4c65f0f9573e33ab0c4656396784444,光源,1236900252837452,1381052031132419,144151778294967,0.000144,0.09,0.116543,15931,16594,632.19,100866255,100867030,349,10,kol_sell,0xb2b19c6af01d3564af21a0bba2b5138b3f2f5ff36c5eac871efddd3e36f1863a,1,63333,63333,36696
1779945738152334454,fast_tip,A,0x45d89b2f5ef959a1bff96668b9ccce1e13ff4444,光源,4555273122848801,4866010003479835,310736880631034,0.000311,0.20,0.068215,253763,254449,632.19,100865965,100867062,494,6,kol_sell,0xba6fefafb681082b1af52d1493a2b7d745a45873f8c7a685a221d52898a9efff,1,288909,288909,236964
1779945738152334454,fast_tip,A,0x45d89b2f5ef959a1bff96668b9ccce1e13ff4444,光源,3646497274228440,3750514072046106,104016797817666,0.000104,0.07,0.028525,253763,254449,632.38,100865965,100867079,502,6,kol_sell,0xcaf33e90a668a8b6d7de5c078eb8fd537ef854a0e58db6b45c96e621e0483036,1,283467,283467,228228
1779946055782324695,fast_tip,M,0xc012b418b4c65f0f9573e33ab0c4656396784444,光源,9240599267514586,4192642867502817,-5047956400011769,-0.005048,-3.19,-0.546280,53516,53701,632.38,100866670,100867105,196,1,kol_sell,0x48c9bf30d4474ba35d180954687e5ae02f4b35022f373104688e2f192b6f453b,1,30322,30322,24344
1779945738152334454,fast_tip,A,0x45d89b2f5ef959a1bff96668b9ccce1e13ff4444,光源,2915739220473060,3062225795573556,146486575100496,0.000146,0.09,0.050240,253763,254449,632.38,100865965,100867134,527,6,kol_sell,0xb575131d9c296425a3411905ea06c0008ce542fa2de26505495f4cccb80cb1d4,1,319271,319271,233047
1779899273308481213,fast_tip,E,0xfce62c8bd060b41a52fe3144573e9e5768d24444,来都来了,84244762787694755,42604256011034479,-41640506776660276,-0.041641,-26.37,-0.494280,92721,93032,633.28,100762806,100867276,47056,7,kol_sell,0x27788582cca887871af46c0e642fadbbd955753a1cbb431dcc6688bf75d08e90,1,119376,119376,115989
1779945738152334454,fast_tip,A,0x45d89b2f5ef959a1bff96668b9ccce1e13ff4444,光源,2334049975288140,2292343235467457,-41706739820683,-0.000042,-0.03,-0.017869,253763,254449,633.24,100865965,100867293,599,6,kol_sell,0xe943a0d0deab15cc1299f55d9939cc9aff6432004754ba0054249240c8c633ad,1,300406,300406,218229
1779945738152334454,fast_tip,A,0x45d89b2f5ef959a1bff96668b9ccce1e13ff4444,光源,1866306360240396,1459666433183373,-406639927057023,-0.000407,-0.26,-0.217885,253763,254449,633.24,100865965,100867301,602,6,kol_sell,0x3657b632f9decddaafe7503a76786eb181b2469bf40e52871774aad5c172ccef,1,291736,291736,173785
1779945738152334454,fast_tip,A,0x45d89b2f5ef959a1bff96668b9ccce1e13ff4444,光源,1493978708182432,1399795803423739,-94182904758693,-0.000094,-0.06,-0.063042,253763,254449,633.16,100865965,100867455,672,6,kol_sell,0x4eaa88d9c4ba4a92c5939731f472a1741d3725857cd928d6b31ea0acfba6cc62,1,342789,342789,208166
1779945738152334454,fast_tip,A,0x45d89b2f5ef959a1bff96668b9ccce1e13ff4444,光源,1194585375062673,1083328993998201,-111256381064472,-0.000111,-0.07,-0.093134,253763,254449,633.16,100865965,100867603,739,6,kol_sell,0x7a9f6c959916a5ae68bdfe40e576d0a4ac196b1e5d49ad745565fcb5675aca49,1,379984,379984,201478
1779946243701254674,fast_tip,M,0x9ebba9c5d223d3d615421aa8e7ed0480fdc14444,光源小何,30429319264855956,20444803237305134,-9984516027550822,-0.009985,-6.32,-0.328122,21742,21827,633.30,100867087,100867674,265,2,kol_sell,0xb3630fcfccb44ee328068f875ebad0c6a5229972b8ca1bf44bcee488de99282e,1,15307,15307,13606
1779945551945597733,fast_tip,O,0x45d89b2f5ef959a1bff96668b9ccce1e13ff4444,光源,838501435283627,2035462480150352,1196961044866725,0.001197,0.76,1.427500,95305,95616,633.08,100865552,100867835,1029,1,kol_sell,0x417438a65bc1fbdde8978eb54437af417cb927c0d536480fc146925c239a333f,1,349506,349506,231973
1779945868682725789,fast_tip,A,0xc012b418b4c65f0f9573e33ab0c4656396784444,光源,2058380021157955,1725708554876617,-332671466281338,-0.000333,-0.21,-0.161618,15931,16594,633.23,100866255,100867917,749,11,kol_sell,0xdee8978bbd14e55a4b6d2a7273b793840b48d317e3e6f6d5502a86aa5c4d1756,1,49002,49002,30107
1779946610571708153,fast_tip,A,0xb41c2f4e6ba1db6f063a5d83d72a8ca1339a4444,light source,2717615942854509,3106374096222297,388758153367788,0.000389,0.25,0.143051,5825,6068,633.23,100867900,100867937,17,1,kol_sell,0xd58caf98d0e200fd1dd0ad271c01534a1d2e4f72c6ced1718034827480412e92,1,9430,9430,6937
1779945868682725789,fast_tip,A,0xc012b418b4c65f0f9573e33ab0c4656396784444,光源,1647733721789374,1438891183931631,-208842537857743,-0.000209,-0.13,-0.126745,15931,16594,633.39,100866255,100868025,798,11,kol_sell,0xa3a2d17d5006dbfd881eb4c2182f158e2a84e8eb3ff92b63e89cfa229abf7ac0,1,55386,55386,31367
1779945868682725789,fast_tip,A,0xc012b418b4c65f0f9573e33ab0c4656396784444,光源,1317527883942784,1507227178025764,189699294082980,0.000190,0.12,0.143981,15931,16594,633.57,100866255,100868225,888,11,kol_sell,0x8500f8b8f9fcf076a2eac1a1b3090fa3736c9278d3b915f2bc893ea5cc3b947f,1,69052,69052,41103
1779945868682725789,fast_tip,A,0xc012b418b4c65f0f9573e33ab0c4656396784444,光源,1054154059942621,1037535410465672,-16618649476949,-0.000017,-0.01,-0.015765,15931,16594,633.57,100866255,100868236,893,11,kol_sell,0x1c09c766e698ed06430b892dde560bed627ff05de047d708c0ba2b138ad3b689,1,66296,66296,35364
1779901618482184981,fast_tip,G,0xea4b0dd55aeafe5853a99023896e007d8d914444,来都来了,4119309145703507,3365761716590603,-753547429112904,-0.000754,-0.48,-0.182931,18192,18253,634.04,100768012,100868921,45452,1,kol_sell,0x74e27115b5496ab9733befeec96d62df45772a90f3f33ce6d5837d4820748acd,1,18962,18962,14445
1779947136200405238,fast_tip,O,0xb72d173f6196408d9607f8f9a516cf137c89ffff,Fsat1,12277555994342074,14296040681512462,2018484687170388,0.002018,1.28,0.164404,4646,4840,634.24,100869066,100869096,14,1,kol_sell,0x1ecf680e895ab426619b70afcfefb13af45a71c37a4b7050bedd7b5f6daec382,1,6259,6259,5636
1779947324821764215,fast_tip,O,0x77206a470aecb151240c9e807bc91adb3dd97777,FSAT1,13558560151260830,0,-13558560151260830,-0.013559,-8.59,-1.000000,4100,4271,633.83,100869485,100869514,13,1,kol_sell,0x470c011480c5688f6a8fea0a69d644b7ea4193163282430438c55f3cae31837b,1,140,140,0
1779945868682725789,fast_tip,A,0xc012b418b4c65f0f9573e33ab0c4656396784444,光源,843850588654419,1389518019185572,545667430531153,0.000546,0.35,0.646640,15931,16594,633.83,100866255,100869540,1481,11,kol_sell,0x6581423aa3a47f39a2bec774e63e90fc55b3f78d24e2095e3e1d2ecabbe42b5b,1,98982,98982,59188
1779947324821764215,fast_tip,O,0x77206a470aecb151240c9e807bc91adb3dd97777,FSAT1,3656473052473084,0,-3656473052473084,-0.003656,-2.32,-1.000000,4100,4271,633.83,100869485,100869544,26,1,kol_sell,0x7e3a06725008b77a3216740b56bd38159056f4899f62d46b58e8adc65a70ea17,1,114,114,0
1779945868682725789,fast_tip,A,0xc012b418b4c65f0f9573e33ab0c4656396784444,光源,674742930688073,764516258422436,89773327734363,0.000090,0.06,0.133048,15931,16594,633.59,100866255,100869604,1510,11,kol_sell,0xc3ca6eb0d7930e31fe216d45154d4084110207f8af29133871ab522bddec447b,1,93906,93906,40712
1779945868682725789,fast_tip,A,0xc012b418b4c65f0f9573e33ab0c4656396784444,光源,540131884785920,916727932421714,376596047635794,0.000377,0.24,0.697230,15931,16594,634.36,100866255,100869863,1626,11,kol_sell,0x64b540cb48e4dd5619c27ddc141d92189f9f57a9c567ba4f63a717ff0c37819f,1,123527,123527,61057
1779946712833100843,fast_tip,H,0xc012b418b4c65f0f9573e33ab0c4656396784444,光源,23609607823684267,31347373080293103,7737765256608836,0.007738,4.91,0.327738,74488,74758,634.36,100868127,100869899,798,1,kol_sell,0x10930b255f61f76ce6e37e50bc5f04aeb1b308c04d59549158ebcdbc50e76e3f,1,109427,109427,99385
1779947532367998127,fast_tip,O,0x91db835223b4cc9ee186451ddc19904b448f8888,一球成名,9122590395322675,0,-9122590395322675,-0.009123,-5.79,-1.000000,11888,12384,634.18,100869946,100870088,64,1,kol_sell,0xe588ba5bc899d83c57f5ec6d98b67c626774d60fa08bfcdde359a0d09d3dcf66,1,216,216,0
1779947600419013365,fast_tip,M,0xc012b418b4c65f0f9573e33ab0c4656396784444,光源,3803894615486388,3835924978754614,32030363268226,0.000032,0.02,0.008420,133775,134180,634.22,100870097,100870149,23,1,kol_sell,0xf3d9320845466f79bf117e100d49e232bba6108f9d4e73fa1087e0daa9e327b8,1,167523,167523,135317
1779946276684164722,fast_tip,H,0x45d89b2f5ef959a1bff96668b9ccce1e13ff4444,光源,13941038847253322,8852537905815837,-5088500941437485,-0.005089,-3.23,-0.365002,282231,283112,634.22,100867160,100870168,1356,3,kol_sell,0xa29f208baa93f4d275aa10c593be3858bdf68f9727b4accea77ba7fd4574f4b6,1,212625,212625,196426
1779946276684164722,fast_tip,H,0x45d89b2f5ef959a1bff96668b9ccce1e13ff4444,光源,55799025421147493,38101321800661677,-17697703620485816,-0.017698,-11.22,-0.317169,282231,283112,634.22,100867160,100870175,1359,3,kol_sell,0x52a46f886e8fb53e58451c23837db1852da7aad7665ba6be1473d95ba173a89d,1,213361,213361,211223
1779945868682725789,fast_tip,A,0xc012b418b4c65f0f9573e33ab0c4656396784444,光源,432105507828736,851751757396328,419646249567592,0.000420,0.27,0.971166,15931,16594,634.33,100866255,100870413,1874,11,kol_sell,0x3261f7f85a585e36ae53d4df54fc140b42a0199d597376ca6242c66f32da46cf,1,154757,154757,70909
1779947136200405238,fast_tip,O,0xb72d173f6196408d9607f8f9a516cf137c89ffff,Fsat1,5261809711860890,3097269081520409,-2164540630340481,-0.002165,-1.37,-0.411368,4646,4840,633.53,100869066,100870908,829,1,kol_sell,0x98dfb733aa7a69658a5ec01b739de9af7d8da0418edc6bfb0b81b18ce9319a59,1,3871,3871,2846
1779945738152334454,fast_tip,A,0x45d89b2f5ef959a1bff96668b9ccce1e13ff4444,光源,3909716336542409,4019783317398651,110066980856242,0.000110,0.07,0.028152,253763,254449,633.53,100865965,100871006,2272,9,kol_sell,0xbc02db0364aa3563f5ceb2653610078ef5099ff96c7118b84768336342772259,1,307562,307562,246501
1779947731769933160,fast_tip,A,0x91db835223b4cc9ee186451ddc19904b448f8888,一球成名,2012663592998300,0,-2012663592998300,-0.002013,-1.27,-1.000000,15183,15816,633.41,100870389,100871209,370,1,kol_sell,0x8b7fd31814a2a6c762db5c44d45632e4feca72eb974dcbae884c7acc7805186d,1,240,240,0
1779948087795538681,fast_tip,A,0xe148def5a7886dbea728c898df170ac616c34444,电风扇,4109947974876438,3098070124178646,-1011877850697792,-0.001012,-0.64,-0.246202,3945,4109,633.84,100871179,100871529,158,1,kol_sell,0x48b35c0aebf205c53b1c4b9e7b00754dd6c000e6a7d037ae3552e9d524acd046,1,4215,4215,3100
1779861918659103397,fast_tip,O,0x5ae37a630af33c54c64716cb9d739333570c4444,EidAl-Adha,6820221894065244,6820221894065244,0,0.000000,0.00,0.000000,7172,7874,633.90,100680340,100871828,86462,1,price_unavailable,,0,0,0,0
1779945868682725789,fast_tip,A,0xc012b418b4c65f0f9573e33ab0c4656396784444,光源,2713687604351871,2896474277047736,182786672695865,0.000183,0.12,0.067357,15931,16594,633.86,100866255,100872131,2648,12,kol_sell,0xca37741e6db1179ac2e172e9e923bf97df904ec9075895291fc05997e809aa5f,1,67379,67379,49072
1779898683923359806,fast_tip,A,0xfce62c8bd060b41a52fe3144573e9e5768d24444,来都来了,2999498897175380,3959194969361197,959696072185817,0.000960,0.61,0.319952,23751,24740,633.47,100761499,100872163,49848,11,kol_sell,0x8d0a1b482523ba94090735abf1a79fa70cee2dba43a8236c7c09a44189ad4312,1,130997,130997,104088
1779947600419013365,fast_tip,M,0xc012b418b4c65f0f9573e33ab0c4656396784444,光源,11411683846459167,4265928047523125,-7145755798936042,-0.007146,-4.53,-0.626179,133775,134180,633.47,100870097,100872206,950,1,kol_sell,0xc5fcf9593ae7ac23a08360b3fc1fed1f2eb4774ad185ede2591c9ba045fb45c5,1,60885,60885,50103
1779945868682725789,fast_tip,A,0xc012b418b4c65f0f9573e33ab0c4656396784444,光源,542466152109939,0,-542466152109939,-0.000542,-0.34,-1.000000,15931,16594,633.77,100866255,100872975,3029,12,kol_sell,0x1929decc2d5f623f53b5e3588f12b17f989d6ef50df9922b6fadc329cc7e4e4f,1,77145,77145,0
1779947731769933160,fast_tip,A,0x91db835223b4cc9ee186451ddc19904b448f8888,一球成名,1006331796499150,0,-1006331796499150,-0.001006,-0.64,-1.000000,15183,15816,633.69,100870389,100873174,1255,1,kol_sell,0xa859f2cf26871bdc841146605a742ccd202b8ecf36cd0dfa2de91067476b720e,1,226,226,0
1779947612514393470,fast_tip,H,0xc012b418b4c65f0f9573e33ab0c4656396784444,光源,8547215167336193,7126024171039653,-1421190996296540,-0.001421,-0.90,-0.166275,170356,170887,633.58,100870124,100873308,1435,2,kol_sell,0x8dd3573e6ac1a91a9cfbebfa6805c940586dc73c09af0ac64a83ee332085ff91,1,97883,97883,85988
1779946610571708153,fast_tip,A,0xb41c2f4e6ba1db6f063a5d83d72a8ca1339a4444,light source,2717615942854510,1259274982882018,-1458340959972492,-0.001458,-0.92,-0.536625,5825,6068,633.35,100867900,100873380,2469,1,kol_sell,0x3eca64cf4d0c70744aa6228c7e2dadac4fe441f8bd76c48db898b76b706e6c9a,1,5134,5134,2813
1779945738152334454,fast_tip,A,0x45d89b2f5ef959a1bff96668b9ccce1e13ff4444,光源,3129728905320241,2990047349438222,-139681555882019,-0.000140,-0.09,-0.044631,253763,254449,631.76,100865965,100874652,3915,9,kol_sell,0xcd71d6c77382eff5ea89bf55ef6ebfdd40c911dd174dfab5d5afe0e8cc8b10ff,1,305278,305278,228413
1779947612514393470,fast_tip,H,0xc012b418b4c65f0f9573e33ab0c4656396784444,光源,6842047879325351,2829650608984385,-4012397270340966,-0.004012,-2.54,-0.586432,170356,170887,632.08,100870124,100874981,2189,2,kol_sell,0xe3b38f4bc3f076dbfc813516f8cb7d5b06a5a86aea4bf40255786616f92b85cc,1,57110,57110,42553
1779949053984383890,fast_tip,M,0xc012b418b4c65f0f9573e33ab0c4656396784444,光源,13053785326540896,6153681751705088,-6900103574835808,-0.006900,-4.36,-0.528590,97282,97575,632.08,100873322,100874985,749,1,kol_sell,0xfea098a357cc182bed9e0ae7859afd5e20d5f7f128ccae3ab0f0e7906d0c3f9f,1,54503,54503,45889
1779947612514393470,fast_tip,H,0xc012b418b4c65f0f9573e33ab0c4656396784444,光源,6842047879325351,2537336506660395,-4304711372664956,-0.004305,-2.72,-0.629155,170356,170887,632.08,100870124,100874987,2191,2,kol_sell,0x1ff39a3b625018631fa3b6557b4e6915aadcb80c29705d1a3481cdc142d3f4db,1,52046,52046,38158
1779945738152334454,fast_tip,A,0x45d89b2f5ef959a1bff96668b9ccce1e13ff4444,光源,3129728905320241,4106204547865584,976475642545343,0.000976,0.62,0.312000,253763,254449,632.17,100865965,100875179,4152,9,kol_sell,0xfc88cd79da2b51dc06060763c287e76a6d5a7f4d8100c8dc7d33636964b0f807,1,399828,399828,313880
1779949994720566459,fast_tip,A,0xdacfd90679ec2930e1993d6db1d974b2fcc14444,草台班子,1493582153875102,770439210784067,-723142943091035,-0.000723,-0.46,-0.484167,8788,9154,631.05,100875411,100875576,74,1,kol_sell,0xc70aab0513fa3cbd56a893fa5deb9d81271ae9b10125d6a0060a01a1933c9658,1,10977,10977,4717
1779949994720566459,fast_tip,A,0xdacfd90679ec2930e1993d6db1d974b2fcc14444,草台班子,746791076937551,0,-746791076937551,-0.000747,-0.47,-1.000000,8788,9154,631.05,100875411,100875593,82,1,kol_sell,0xe4227bb1b9629d8df0a1f4ec449112ded17af5e8ee3534ae7972481e4773e3f3,1,9418,9418,0
1779945551945597733,fast_tip,O,0x45d89b2f5ef959a1bff96668b9ccce1e13ff4444,光源,335400574113451,426790053088448,91389478974997,0.000091,0.06,0.272479,95305,95616,631.25,100865552,100875673,4561,1,kol_sell,0x92905589950592f74dead09580b64db58f15982faaf87310c30602546d9a5544,1,394249,394249,121247
1779950383300718859,fast_tip,A,0xea02bc2c8ac226b7f02fd289b70570a5dc804444,CZCARD,2364495487335820,1756813620158343,-607681867177477,-0.000608,-0.38,-0.257003,6001,6251,630.98,100876274,100876312,17,2,kol_sell,0x658540e5a0a6387d0c39f69b618114e41e402af500f89340e6d2ab1d763fdce6,1,8020,8020,4995
1779950383300718859,fast_tip,A,0xea02bc2c8ac226b7f02fd289b70570a5dc804444,CZCARD,472662647918430,0,-472662647918430,-0.000473,-0.30,-1.000000,6001,6251,630.98,100876274,100876321,21,2,kol_sell,0x8dcb1bf7bad860d8bba9cd65c62fd379f1905f2172b8cc172f1f65c114fbb563,1,7653,7653,0
1779950383300718859,fast_tip,A,0xea02bc2c8ac226b7f02fd289b70570a5dc804444,CZCARD,378366567883478,0,-378366567883478,-0.000378,-0.24,-1.000000,6001,6251,631.10,100876274,100876351,36,2,kol_sell,0xab21481b2edd6b840cc8cbf925e7a1206d8a78fe9ca53a07400e200c9ba6b701,1,8830,8830,0
1779950584142949249,fast_tip,M,0x3471ee73d1b71303650ae8af0fdf57eb113e4444,BNBCARD,9307449796706346,10109597211403554,802147414697208,0.000802,0.51,0.086183,3870,4031,630.78,100876713,100876743,13,1,kol_sell,0x4fe2e182f6af3ea57682e1c17e33148e0c4d3c76278621c26af924f692ab9603,1,4990,4990,4379
1779950584142949249,fast_tip,M,0x3471ee73d1b71303650ae8af0fdf57eb113e4444,BNBCARD,3056325172350969,3734184730901016,677859558550047,0.000678,0.43,0.221789,3870,4031,630.78,100876713,100876777,29,1,kol_sell,0xfade9309bbf73f2bb1adf16548fbdffe35364c0c48ecea7a54439810c13de389,1,6437,6437,4925
1779945738152334454,fast_tip,A,0x45d89b2f5ef959a1bff96668b9ccce1e13ff4444,光源,2346357760318585,4293809367841124,1947451607522539,0.001947,1.23,0.829989,253763,254449,632.93,100865965,100879012,5883,9,kol_sell,0x7789e0111770de53bbf5cd54ba6367d60946ff4e4ed530bd62040a011e16fc2a,1,533230,533230,438331
1779947612514393470,fast_tip,H,0xc012b418b4c65f0f9573e33ab0c4656396784444,光源,40182522142093798,24281516073851354,-15901006068242444,-0.015901,-10.06,-0.395719,170356,170887,632.75,100870124,100879372,4171,3,kol_sell,0xdd40c24a2b009fcb018daa9f49799601cf97947c73728c59349fd0ae66effdc0,1,43739,43739,42994
1779945551945597733,fast_tip,O,0x45d89b2f5ef959a1bff96668b9ccce1e13ff4444,光源,301558656185403,592951820392743,291393164207340,0.000291,0.18,0.966290,95305,95616,632.61,100865552,100879636,6351,1,kol_sell,0xd8fb8ba1e57847d2ff1182e35b8ddc7314d32a9cee6b529156130f7c28c7b88f,1,486795,486795,187761
1779951945357023939,fast_tip,O,0x47c485bf048e8bafb1cf48d4c76b91c51067ffff,AURA,9261842720819598,11610576598515055,2348733877695457,0.002349,1.49,0.253593,5272,5492,632.53,100879730,100879745,7,1,kol_sell,0xa039a2a4c4ab1d6d09a2de347dcbb25c1e825b384b0de1716e234ad3f9ea4fff,1,7757,7757,6884
1779951945357023939,fast_tip,O,0x47c485bf048e8bafb1cf48d4c76b91c51067ffff,AURA,1732817237733467,3362510733326774,1629693495593307,0.001630,1.03,0.940488,5272,5492,632.89,100879730,100879899,77,1,kol_sell,0x29a415c8a2e67456bc3b78e6c9994ef80c22ee3ceb40c3da56d859699b8a8ea2,1,14239,14239,10663
1779945738152334454,fast_tip,A,0x45d89b2f5ef959a1bff96668b9ccce1e13ff4444,光源,1760002956014971,3144795332114673,1384792376099702,0.001385,0.88,0.786813,253763,254449,632.90,100865965,100880660,6627,9,kol_sell,0x30a34de8f552f4f96e226c1073cf554ed42a79766ab9027d6f3418b303eb57c1,1,561996,561996,427971
1779952055495295547,fast_tip,L,0x47c485bf048e8bafb1cf48d4c76b91c51067ffff,AURA,25844193149163854,14851483145088609,-10992710004075245,-0.010993,-6.96,-0.425345,14566,15173,632.97,100879973,100880745,348,1,kol_sell,0x14b4ec6c72eec4cde77acad293c5512804a50e4ce4622f77a97306b3aa8d4d42,1,9663,9663,8720
1779951945357023939,fast_tip,O,0x47c485bf048e8bafb1cf48d4c76b91c51067ffff,AURA,4043240221378090,7062110566863791,3018870345485701,0.003019,1.91,0.746646,5272,5492,633.29,100879730,100880978,563,1,kol_sell,0xc43f0cba9c7eb03358cd8993050eb147b7663805acd7b1a8a17414c1d6af4fc9,1,11346,11346,9604
1779952429522153223,fast_tip,A,0x47c485bf048e8bafb1cf48d4c76b91c51067ffff,AURA,2935585352792482,1352626797896247,-1582958554896235,-0.001583,-1.00,-0.539231,11356,11829,633.29,100880803,100881026,101,1,kol_sell,0x09b567c6bffeb294e6505386f30e86f40ea72672fe45612098dc72b698a83f9b,1,9659,9659,5453
1779952635016051894,fast_tip,L,0x47c485bf048e8bafb1cf48d4c76b91c51067ffff,AURA,6186230537189082,8807175682948483,2620945145759401,0.002621,1.66,0.423674,10072,10491,633.95,100881258,100881747,220,1,kol_sell,0xa671766bb1cf7c175926b721d7aa0c2ad06f36c2d217b67ac28baa19ebc0c2d1,1,17237,17237,14942
1779866327642133541,fast_tip,A,0xab2e546baee02fa11d7cb6b3217af0a37ef14444,哈基峰咪咪,3724379003672699,3724379003672699,0,0.000000,0.00,0.000000,4143,4316,633.95,100690123,100881803,86553,1,price_unavailable,,0,0,0,0
1779952635016051894,fast_tip,L,0x47c485bf048e8bafb1cf48d4c76b91c51067ffff,AURA,18558691611567248,22402942999339498,3844251387772250,0.003844,2.44,0.207140,10072,10491,634.94,100881258,100883845,1167,1,kol_sell,0xed923594c65f9be2d934f8481bfc4f674e85193429596677806bd71b3dc47efc,1,13775,13775,12689
1779952961421166471,fast_tip,H,0x47c485bf048e8bafb1cf48d4c76b91c51067ffff,AURA,20118892261091104,8782248980550447,-11336643280540657,-0.011337,-7.20,-0.563482,23976,24975,634.94,100881982,100883864,849,1,kol_sell,0xc5c844886cef60e3e74847412a027c3f73ddaac58fe85f990ee05d00a6ab20f5,1,12592,12592,10914
1779953834195077095,fast_tip,M,0xd3651e5555887014f6091c87d7aa725b62f34444,币安猫,7606534016376961,9202685112835979,1596151096459018,0.001596,1.01,0.209839,4193,4368,634.87,100883917,100883963,21,1,kol_sell,0x42314f8b8b0c8364a7646321e8036962c67ae8603545c0c858f92726cbd4cd7c,1,6070,6070,5284
1779953965784344724,fast_tip,A,0xc9f596375fefbac5a33b23b820d838bdd3aa4444,Aria,3149727397670128,2227035411405521,-922691986264607,-0.000923,-0.59,-0.292943,6130,6385,635.36,100884209,100884245,16,1,kol_sell,0x7819b312d0df75ff9156b20893b3436c0a6bad9091d507cf96da39e25fbefa63,1,6697,6697,4515
1779867383371467826,fast_tip,A,0xe07d394516c4175729575369df7ba732ff8d4444,<>,3193164442045202,3193164442045202,0,0.000000,0.00,0.000000,5716,5954,635.11,100692466,100884464,86697,1,price_unavailable,,0,0,0,0
1779954086525266950,fast_tip,A,0x42515c9e282fd81f8bad412d611b8b609ac14444,灯塔,1688049644159769,999086362201131,-688963281958638,-0.000689,-0.44,-0.408142,4771,4970,635.05,100884477,100884796,143,1,kol_sell,0xfb7e04b85e9f1d291726aa4395fece51f895dfb92d485bd7ecbb5baa6dfcd074,1,5961,5961,2941
1779947532367998127,fast_tip,O,0x91db835223b4cc9ee186451ddc19904b448f8888,一球成名,6370939488037848,0,-6370939488037848,-0.006371,-4.04,-1.000000,11888,12384,633.95,100869946,100886443,7439,1,kol_sell,0x54290b7ce7b9257d710c5f1d83ee5c78134196923d08d99ab81cff8584f0a387,1,147,147,0
1779955057016022198,fast_tip,L,0x4f1a48759797dacb69b03e8b537b6aaf1d117777,FLAPClone,6347860450527373,0,-6347860450527373,-0.006348,-4.02,-1.000000,13222,13773,633.82,100886632,100886867,106,1,kol_sell,0x6380aaad878fc71ac0279a9e3197883b038a99638052f5cae0d8f3f7d6c68482,1,195,195,0
1779955057016022198,fast_tip,L,0x4f1a48759797dacb69b03e8b537b6aaf1d117777,FLAPClone,4760895337895530,0,-4760895337895530,-0.004761,-3.02,-1.000000,13222,13773,634.02,100886632,100886998,165,1,kol_sell,0xa052d2d757db89ddd07fe501dc7bed65446ec64fc4b77b8bdf838c265d1ed931,1,228,228,0
1779955057016022198,fast_tip,L,0x4f1a48759797dacb69b03e8b537b6aaf1d117777,FLAPClone,14282686013686592,0,-14282686013686592,-0.014283,-9.06,-1.000000,13222,13773,634.02,100886632,100887059,192,1,kol_sell,0x6225ea458f431c4893ed5322dca644af730d151d06e71a304d2c05f6232d1c3c,1,267,267,0
1779945738152334454,fast_tip,A,0x45d89b2f5ef959a1bff96668b9ccce1e13ff4444,光源,2641412999813585,5106580965144813,2465167965331228,0.002465,1.56,0.933276,253763,254449,633.18,100865965,100887565,9739,9,kol_sell,0x2437b2208593f4e7ac76d81aae92f12035ff868ffbe4a0661001aca5673f2357,1,557213,557213,463250
1779945738152334454,fast_tip,A,0x45d89b2f5ef959a1bff96668b9ccce1e13ff4444,光源,2641412999813585,5043456015831174,2402043016017589,0.002402,1.52,0.909378,253763,254449,633.26,100865965,100887700,9800,9,kol_sell,0x66b8c9c20e576ddcd723cf6e6a58710a6a08814f19795a529688caed82eae8e3,1,556172,556172,457586
1779945551945597733,fast_tip,O,0x45d89b2f5ef959a1bff96668b9ccce1e13ff4444,光源,271704651083565,498161709857922,226457058774357,0.000226,0.14,0.833468,95305,95616,633.67,100865552,100888483,10339,1,kol_sell,0xb8199301f0e8322a62cb3bcd12e5707f0e52043b0489f1b468403f1efc1d9588,1,512333,512333,175371
1779903296843142323,fast_tip,N,0xd2f44c1b2a42e7c2b0e23ecfacbb95c4b5f64444,czbot,10190524835443167,7808807826317350,-2381717009125817,-0.002382,-1.51,-0.233719,9297,9684,633.88,100771738,100889165,52901,1,kol_sell,0xd15818ea2f30ed65ffeb6ad729a5a44f0e7027c9836ff37d0c87e66c38ff6ccc,1,8434,8434,7221
1779956564901380609,fast_tip,O,0x5580699aae8db08a9a5a81378242369446c34444,班味,15787446122794394,4757198743530252,-11030247379264142,-0.011030,-6.98,-0.698672,12013,12513,632.76,100889978,100890036,26,1,kol_sell,0x021c24c73b51396d53e8cb4f9d0d78be3d4049ced3ce5a6002025d200de423fd,1,4711,4711,3771
1779956636468127864,fast_tip,A,0x5580699aae8db08a9a5a81378242369446c34444,班味,1600919283763718,502748800587772,-1098170483175946,-0.001098,-0.70,-0.685962,8860,9230,633.44,100890137,100890148,5,1,kol_sell,0x2f4aae51b95f9d234d5d70fe7e86cacf12a831e6cdb6ca39f7492a10eb93efd2,1,8708,8708,2898
1779956636468127864,fast_tip,A,0x5580699aae8db08a9a5a81378242369446c34444,班味,320023764824367,0,-320023764824367,-0.000320,-0.20,-1.000000,8860,9230,633.50,100890137,100890176,18,1,kol_sell,0xd2a71155d6747d157871ec4de1360a1d3013e2969db9feeaf63df2813d02da70,1,9278,9278,0
1779956636468127864,fast_tip,A,0x5580699aae8db08a9a5a81378242369446c34444,班味,256051014235976,0,-256051014235976,-0.000256,-0.16,-1.000000,8860,9230,633.50,100890137,100890211,33,1,kol_sell,0xa12a44ccb8b8a86185d09176056f140c8154667756acb80d6009f87c3f9886ea,1,10421,10421,0
1779956636468127864,fast_tip,A,0x5580699aae8db08a9a5a81378242369446c34444,班味,204968900940675,0,-204968900940675,-0.000205,-0.13,-1.000000,8860,9230,633.46,100890137,100890244,48,1,kol_sell,0xd8237120fbcc966e5744867207330411e4214a66dd578fb340df7f3e2e30fa72,1,11066,11066,0
1779934078741705625,fast_tip,O,0x434f43ca3c1943184154c6c61c4e0063586d4444,波波,21557412685137037,17569741538605695,-3987671146531342,-0.003988,-2.53,-0.184979,4273,4451,633.54,100840098,100890584,22759,1,kol_sell,0x14e21e2111826836670b239e218fa4cecc1b5daeb390ab1b4fd8e741b3d3d63f,1,3912,3912,3564
1779933939571952617,fast_tip,O,0xe340ec1683f136e5547f2b2f60b0775144b04444,波波,23952680761263375,20125073055372305,-3827607705891070,-0.003828,-2.42,-0.159799,3967,4132,633.54,100839789,100890587,22900,1,kol_sell,0xc06bcdfce47c2d7f85b50d1b28520d87cf10de75cc6ec15a7ffc9d27f41ff57f,1,3722,3722,3412
1779933073121147648,fast_tip,O,0x30d7c8b1f2912f5dd50154bdfebbb35505f14444,哈兰贝,12603080892381664,8804162556676834,-3798918335704830,-0.003799,-2.41,-0.301428,5319,5541,633.54,100837865,100890593,23769,1,kol_sell,0xf1ba0d5af7898bb3d22782ce7fea04e23fee7b46aaa4c7fb5a76997e8279e682,1,4380,4380,3796
1779956875774273551,fast_tip,A,0x89e9a16b734e553114dae662abd5cae7aa087777,共燃,1465964795416735,0,-1465964795416735,-0.001466,-0.93,-1.000000,4657,4851,633.59,100890668,100890720,23,1,kol_sell,0x29ff1d5a4c98b9f060843c03cd5b9bb78dfa83fe3983f12d6a56345683cad200,1,230,230,0
1779956875774273551,fast_tip,A,0x89e9a16b734e553114dae662abd5cae7aa087777,共燃,732982397708368,0,-732982397708368,-0.000733,-0.46,-1.000000,4657,4851,633.52,100890668,100890753,38,1,kol_sell,0x3a6cf334e44eedde40c86f54b551d71e0428c6aa2b45c07752fcebe6f0f8cdb7,1,215,215,0
1779956875774273551,fast_tip,A,0x89e9a16b734e553114dae662abd5cae7aa087777,共燃,732982397708368,0,-732982397708368,-0.000733,-0.46,-1.000000,4657,4851,632.96,100890668,100891267,270,1,kol_sell,0xf0b6a777b64cbec67ba3e1f0787510f47309309aa3a8d8fc7089b32f99833be8,1,158,158,0
1779956849476086568,fast_tip,M,0x5580699aae8db08a9a5a81378242369446c34444,班味,7253058742170907,6529597810593210,-723460931577697,-0.000723,-0.46,-0.099746,7910,8240,633.40,100890610,100891530,414,1,kol_sell,0xdff9c3ebc9b905ff8725f521a43addfb34e51c7decf7a42c47d809aa3c44e916,1,8846,8846,7416
1779957554023223099,fast_tip,A,0xe46d49dea3777769c4c7548361b9de333d354444,FARTGUY,2638736631750124,1760318753934907,-878417877815217,-0.000878,-0.56,-0.332893,4547,4736,633.52,100892174,100892349,79,1,kol_sell,0xe8d0c82f65857f05f05599209fc8a714e1c0193fa673cfb1c42c76d87ed666f5,1,5062,5062,3160
1779955956190303541,fast_tip,M,0xc012b418b4c65f0f9573e33ab0c4656396784444,光源,8954393508852971,9593164157251600,638770648398629,0.000639,0.40,0.071336,38224,38340,633.38,100888628,100892469,1731,1,kol_sell,0x9c71c0e462bda1c005ffde7cd14f409b32eaec651cc5434f668669f4172374a9,1,46586,46586,41056
1779958810806441424,fast_tip,A,0x7f7128b0dc09c05ec3d9e013dce311a981468888,Factory,1147902679785871,0,-1147902679785871,-0.001148,-0.73,-1.000000,6105,6359,633.58,100894963,100894981,8,1,kol_sell,0x5d0260ee8c3bd031604be09719972c778dd7e36f8d03cc3a43c0f7a6333a6e31,1,85,85,0
1779958660804876508,fast_tip,M,0xc012b418b4c65f0f9573e33ab0c4656396784444,光源,8140029064738297,7714711959658693,-425317105079604,-0.000425,-0.27,-0.052250,37905,38019,633.57,100894630,100895054,191,1,kol_sell,0x6bea921081aedfafb4ce92624a451b0732325d052e16b48072f9aa0068337890,1,41636,41636,36033
1779958862981156072,fast_tip,A,0x2d8b737dde41eb7b5dd405e18b272413ef418888,CEDRIC,3925827164867678,0,-3925827164867678,-0.003926,-2.49,-1.000000,6000,6250,633.80,100895079,100895163,38,2,kol_sell,0x2c6b920b42175c9d98091451e7bf66a9a68d8e5b81f267a7ad2c4a66683f7192,1,82,82,0
1779958810806441424,fast_tip,A,0x7f7128b0dc09c05ec3d9e013dce311a981468888,Factory,1147902679785871,0,-1147902679785871,-0.001148,-0.73,-1.000000,6105,6359,633.80,100894963,100895176,96,1,kol_sell,0x700dc6fe0f487a012d4f70a19049e2a4a3ef44c25bd3c2e736cf9d5425ffeaf3,1,67,67,0
1779959667126688419,fast_tip,A,0xd0bc8ab397851ecfa58009d03bbc1a41fc764444,币有,1506277896415020,688941348892512,-817336547522508,-0.000817,-0.52,-0.542620,5552,5783,631.41,100896863,100896951,39,1,kol_sell,0xfac628257dc86a5e227043351d537446b5a50ba2dbab88bef205f695c4752e6c,1,6557,6557,2646
1779960327393915850,fast_tip,M,0x62896aa1576d6ad45989d0b7b06af9d3a9fb4444,CatGPT,3792110651856778,5207175443361232,1415064791504454,0.001415,0.89,0.373160,4256,4433,631.96,100898327,100898574,111,1,kol_sell,0x2c0ad807fa0fee9f9517fc717db6fb8eaea6edc6b24a1b709d526703ba98caca,1,7497,7497,6087
1779959102233627711,fast_tip,M,0xc012b418b4c65f0f9573e33ab0c4656396784444,光源,7364894738403890,5910045657803349,-1454849080600541,-0.001455,-0.92,-0.197538,42278,42402,632.72,100895610,100899870,1921,1,kol_sell,0x7edb3d83dc971405f8311792291ef8826bc14492eb8aba32d61f7c9b4a8c51c4,1,41281,41281,34016
1779961200211794327,fast_tip,A,0xeefcfee21627ae72088cadb7dff48cc1081c7777,SOCCER,712272120831384,0,-712272120831384,-0.000712,-0.45,-1.000000,45677,45795,633.02,100900263,100902195,872,1,kol_sell,0xf59a0317f5a828292670ae7e9a3ee17ff0e6e19e1f6220aa610da681fe6eaccd,1,41386,41386,0
1779962282103430500,fast_tip,M,0x9ebba9c5d223d3d615421aa8e7ed0480fdc14444,光源小何,358110714520114,0,-358110714520114,-0.000358,-0.23,-1.000000,10359,10394,633.02,100902661,100902938,125,1,kol_sell,0x46bbf16b5d87eada68b7c23b9b975a351bfb457182c1705fcc991c0e02c3f1f9,1,15976,15976,0
1779962282103430500,fast_tip,M,0x9ebba9c5d223d3d615421aa8e7ed0480fdc14444,光源小何,3359588066851747,4073447305464054,713859238612307,0.000714,0.45,0.212484,10359,10394,633.02,100902661,100902961,135,1,kol_sell,0xa80deb3c84581b27f12a90640a55aa10403cabf0abe9a35972d24f3e102cd07b,1,16035,16035,12601
1779962634347460846,fast_tip,A,0x4c714cc03cca688c529b674b7977727033634444,TransparencyAlliance,519246376086079,0,-519246376086079,-0.000519,-0.33,-1.000000,6677,6955,633.25,100903443,100903469,12,1,kol_sell,0x415e389ab4c5301ff3496e7eba2a87d6b5388ac08533e0559a04e7e0048d1d6f,1,8118,8118,0
1779962282103430500,fast_tip,M,0x9ebba9c5d223d3d615421aa8e7ed0480fdc14444,光源小何,3359588066851748,2576400851010272,-783187215841476,-0.000783,-0.50,-0.233120,10359,10394,633.21,100902661,100903683,460,1,kol_sell,0x4455121004625fb2e4ffc491826957aeb7115a71b3c7d4c2a0ef6069c0173a27,1,11405,11405,7972
1779961200211794327,fast_tip,A,0xeefcfee21627ae72088cadb7dff48cc1081c7777,SOCCER,712272120831385,0,-712272120831385,-0.000712,-0.45,-1.000000,45677,45795,633.69,100900263,100905178,2217,1,kol_sell,0xc6c976b6101ee769fdf0a7d2f3dd677c7563f65480f0d87c6600e8b3f679c0ce,1,21423,21423,0
1779954086525266950,fast_tip,A,0x42515c9e282fd81f8bad412d611b8b609ac14444,灯塔,844362499544209,509373248454034,-334989251090175,-0.000335,-0.21,-0.396736,4771,4970,633.81,100884477,100905255,9366,1,kol_sell,0x941f51010c9070d2d3252aa59f8840b300a6b7220f4467bdb23aacb1d12e2fb7,1,8908,8908,2992
1779954086525266950,fast_tip,A,0x42515c9e282fd81f8bad412d611b8b609ac14444,灯塔,422181249772105,0,-422181249772105,-0.000422,-0.27,-1.000000,4771,4970,633.49,100884477,100905443,9450,1,kol_sell,0x2797f1fe00c289a11c54bcfd716271b220d096b5a52b9b9670f113722d4cd1e7,1,11220,11220,0
1779963349566212036,fast_tip,G,0x42515c9e282fd81f8bad412d611b8b609ac14444,灯塔,4127293278162940,7089130473169195,2961837195006255,0.002962,1.87,0.717622,6582,6856,632.87,100905027,100905561,241,1,kol_sell,0x873700c5cbed857f0b08e51af29f7557f9e5e4841948f99c95848ef3e8d51633,1,13895,13895,11766
1779954086525266950,fast_tip,A,0x42515c9e282fd81f8bad412d611b8b609ac14444,灯塔,84394031829443,0,-84394031829443,-0.000084,-0.05,-1.000000,4771,4970,632.85,100884477,100905770,9598,1,kol_sell,0x3ddda5c95ea80ee4fcc654b9aefe3aa129c1974b269c900e3cb38a56f88c7681,1,15302,15302,0
1779963426137692323,fast_tip,M,0x5692b5b790ea97a1f0209eaf2889864166d17777,MBAPPE,7034542979048680,4036655125380260,-2997887853668420,-0.002998,-1.90,-0.426167,122970,123313,632.85,100905197,100905786,266,1,kol_sell,0x1755c1bdefe639b3300310f51a3344cc2c07b9fa5aefd80637a1b4ecd19cdec1,1,93983,93983,70668
1779963967634805629,fast_tip,M,0xd10b8fe01543f996cbbadefc6379c76bda1b4444,追光者,4951391283194887,5153510159037111,202118875842224,0.000202,0.13,0.040821,14492,15095,632.00,100906398,100906413,7,1,kol_sell,0x44efca4e6aae9d110c66a86ed59b12076d3cad718cee08b92d4fb8f6128dba4e,1,19381,19381,15712
1779963967634805629,fast_tip,M,0xd10b8fe01543f996cbbadefc6379c76bda1b4444,追光者,8359992700704317,6901740161041627,-1458252539662690,-0.001458,-0.92,-0.174432,14492,15095,632.62,100906398,100907629,555,2,kol_sell,0x46b93333e529d4cafd4163cc8a057ef7e19d651eed27c6e368f9f504e36005bd,1,18498,18498,15612
1779945868682725789,fast_tip,A,0xc012b418b4c65f0f9573e33ab0c4656396784444,光源,4247155829329671,4083660304013427,-163495525316244,-0.000163,-0.10,-0.038495,15931,16594,632.98,100866255,100908422,19011,14,kol_sell,0xb709e2ccf3ca30868c763f0e441bab7b22fa96d8e48f706497906423e5854814,1,54433,54433,41177
1779945868682725789,fast_tip,A,0xc012b418b4c65f0f9573e33ab0c4656396784444,光源,849431165865934,381738000107475,-467693165758459,-0.000468,-0.30,-0.550596,15931,16594,633.27,100866255,100908462,19030,14,kol_sell,0xade64a26aafa61d2ca00d5ec46be9ddd2b46999d4d5ea6d60010611f93dfe5fd,1,66235,66235,19255
1779945868682725789,fast_tip,A,0xc012b418b4c65f0f9573e33ab0c4656396784444,光源,3397724663463737,2405730682732926,-991993980730811,-0.000992,-0.63,-0.291958,15931,16594,631.72,100866255,100909985,19717,14,kol_sell,0xa822cd9f904938e83085027034d95e3e6797f0312bfb108ebc9e7db91e98f9aa,1,43266,43266,30262
1779965694983259773,fast_tip,A,0x1670fd4f96d7fb2b0fee07a4725bd63af90c4444,萤火虫,642294504578079,0,-642294504578079,-0.000642,-0.41,-1.000000,4280,4458,632.14,100910227,100910284,26,1,kol_sell,0xc5ae1a2671018c13b7766d4ffabdf1ca0443eee7575241d767c9f7176bad15de,1,6466,6466,0
1779965694983259773,fast_tip,A,0x1670fd4f96d7fb2b0fee07a4725bd63af90c4444,萤火虫,128394671465158,0,-128394671465158,-0.000128,-0.08,-1.000000,4280,4458,632.55,100910227,100910304,35,1,kol_sell,0xcdc92a38a055d52958a20dc52f1fb68ad9c7a15ffe63e14da85c5e69b123a9d9,1,6916,6916,0
1779965258095546066,fast_tip,A,0x65db119c822fc2a2bd3cbfdfcfd195bef5444444,币安的光,1288908568991193,428409244353170,-860499324638023,-0.000860,-0.54,-0.667619,4035,4203,632.24,100909258,100911123,841,1,kol_sell,0xf7aa3088bd11ac53f5b78d9e1ec4f93d94aef0a6eebe472459ffe52f7df65fdc,1,4668,4668,1394
1779966767066228446,fast_tip,M,0x68a657c53f26a251479a5860111d84aac1064444,宇树H1,2974113372284906,3817550399475916,843437027191010,0.000843,0.53,0.283593,4283,4462,631.97,100912605,100912672,30,1,kol_sell,0x02837a452b2c480a3e4cb21faf8eeefde71da116d080bf2626795f1ca259c76e,1,7452,7452,5729
1779966767066228446,fast_tip,M,0x68a657c53f26a251479a5860111d84aac1064444,宇树H1,1487056686142453,2879419784380605,1392363098238152,0.001392,0.88,0.936321,4283,4462,631.97,100912605,100912725,54,1,kol_sell,0x09e0aeb764abdd0f63a5fa923b658051cd78b62b352d745b0f20326fdf5bfac5,1,11971,11971,8643
1779966767066228446,fast_tip,M,0x68a657c53f26a251479a5860111d84aac1064444,宇树H1,1487056686142454,2039197641636017,552140955493563,0.000552,0.35,0.371298,4283,4462,632.22,100912605,100912756,68,1,kol_sell,0x2478928ea07394c4cdf5b8869c1d044a0007a815845e2987344b90ac25742b1a,1,9347,9347,6123
1779954086525266950,fast_tip,A,0x42515c9e282fd81f8bad412d611b8b609ac14444,灯塔,67523664866738,0,-67523664866738,-0.000068,-0.04,-1.000000,4771,4970,631.81,100884477,100913805,13221,1,kol_sell,0x6f483f0c1f5a0f1c135c9aacd5f38f7a2646a2d5803b8a70d57c23c5fddf91ae,1,12348,12348,0
1779954086525266950,fast_tip,A,0x42515c9e282fd81f8bad412d611b8b609ac14444,灯塔,54052710615184,0,-54052710615184,-0.000054,-0.03,-1.000000,4771,4970,631.81,100884477,100913812,13224,1,kol_sell,0x9741253f50da780a538b08aa577ba78041c832255d0cb4bc6691cb1db8307fee,1,12042,12042,0
1779881135669711714,fast_tip,A,0x2fbccc96065ae0177279a4d6adbb332cf0087777,CPAI,11314952830122780,200714317523164,-11114238512599616,-0.011114,-7.02,-0.982261,34779,34896,631.97,100722981,100914412,86445,1,timeout,,0,0,0,0
1779961565981052778,fast_tip,A,0x45d89b2f5ef959a1bff96668b9ccce1e13ff4444,光源,1153880835746843,1367317333594078,213436497847235,0.000213,0.13,0.184973,1089326,1092070,631.97,100901072,100914456,6035,1,kol_sell,0x0ad3b833c69c3ef450ff3758600155388f5f227079cca914317db48ca65f9c72,1,2201899,2201899,1293307
1779962389808331380,fast_tip,K,0x45d89b2f5ef959a1bff96668b9ccce1e13ff4444,光源,29185926600445908,47798028765019630,18612102164573722,0.018612,11.74,0.637708,1376248,1380101,630.92,100902900,100914721,5330,1,kol_sell,0xd4370b3624919261fe19d94379c5f7ced2f8031818dc4c9627a3bf17a9e4d785,1,2251321,2251321,2252705
1779967766180686289,fast_tip,A,0x7f01b31dba7fecd3fb409dedde5cafa5c718ffff,雪乐滋,563984850789585,0,-563984850789585,-0.000564,-0.36,-1.000000,7059,7353,630.95,100914823,100914856,15,1,kol_sell,0x3e04b018e1cea38d178ca0fc09dd87f104196096ff3e07c80a74fa96a4ab9270,1,10130,10130,0
1779967766180686289,fast_tip,A,0x7f01b31dba7fecd3fb409dedde5cafa5c718ffff,雪乐滋,112796970157917,0,-112796970157917,-0.000113,-0.07,-1.000000,7059,7353,630.95,100914823,100914864,18,1,kol_sell,0x93eec683b974d1433faa5c8c8f4adbc1e705cdbcc24fadb1666161be15c2a3d6,1,10199,10199,0
1779967766180686289,fast_tip,A,0x7f01b31dba7fecd3fb409dedde5cafa5c718ffff,雪乐滋,90237576126333,0,-90237576126333,-0.000090,-0.06,-1.000000,7059,7353,630.95,100914823,100914877,24,1,kol_sell,0xa3bcf29b319b0459616ec660498d7f3cba50279270fce0a3be09f42366a6e89d,1,11611,11611,0
1779966885769245139,fast_tip,A,0x88f9f6cffaa96fa56ad8ed8b62993b6361de4444,AI6900,539536964704137,0,-539536964704137,-0.000540,-0.34,-1.000000,10546,10985,630.64,100912868,100915137,1022,1,kol_sell,0x066dfdee25fef84700a60f8afd61306297587e0f7d14f0275fe8883a8b075422,1,13111,13111,0
1779967856382295372,fast_tip,A,0xb29cf0a5c4420a2af6a6cfc3b9ac6dbfa4ba4444,雪乐滋,507586365710626,0,-507586365710626,-0.000508,-0.32,-1.000000,8607,8965,630.64,100915022,100915155,60,1,kol_sell,0xd891a8b5b37a901c417f89be42d2bc34774da95b23e14a3faf6c6556e6114442,1,8123,8123,0
1779967766180686289,fast_tip,A,0x7f01b31dba7fecd3fb409dedde5cafa5c718ffff,雪乐滋,360950304505336,0,-360950304505336,-0.000361,-0.23,-1.000000,7059,7353,630.64,100914823,100915190,166,1,kol_sell,0xa7c199ee06726e36fc49657eedf6a330ece816a06550cb3922668ebfd96c1303,1,3936,3936,0
1779961603216973592,fast_tip,G,0x45d89b2f5ef959a1bff96668b9ccce1e13ff4444,光源,4585881420181044,9570710952897647,4984829532716603,0.004985,3.14,1.086995,1127792,1130735,630.82,100901155,100915704,6561,1,kol_sell,0x98a5be3ddeccb67dd0c7fec0add60c25daac9cb8f06dad569d8417b5df811e78,1,2632055,2632055,2354041
1779966574818962224,fast_tip,A,0xeefcfee21627ae72088cadb7dff48cc1081c7777,SOCCER,599485516337930,0,-599485516337930,-0.000599,-0.38,-1.000000,30103,30181,631.79,100912178,100918179,2705,1,kol_sell,0x6ce7829ce51eaacf86655e24a10f611acc4407850b72ffbcbacb8ae6d49c2af4,1,37416,37416,0
1779882694053358961,fast_tip,M,0xbc6da14e281d77cd554dd1d45249226e293b4444,狗枪手,10237206242238193,10237206242238193,0,0.000000,0.00,0.000000,5071,5283,631.86,100726440,100918402,86686,1,price_unavailable,,0,0,0,0
1779947731769933160,fast_tip,A,0x91db835223b4cc9ee186451ddc19904b448f8888,一球成名,201266359299830,0,-201266359299830,-0.000201,-0.13,-1.000000,15183,15816,631.79,100870389,100918895,21871,1,kol_sell,0xc3ff700377f7307be22ada6f140e0c3c202967b14224fc8afb97b53c7f3b921f,1,283,283,0
1779947731769933160,fast_tip,A,0x91db835223b4cc9ee186451ddc19904b448f8888,一球成名,160932580896144,0,-160932580896144,-0.000161,-0.10,-1.000000,15183,15816,631.79,100870389,100918902,21875,1,kol_sell,0x3df8df43bd34ded47f32cb59f55700a5e4f95db8dfc401186b4916202d4f1dd9,1,277,277,0
1779898683923359806,fast_tip,A,0xfce62c8bd060b41a52fe3144573e9e5768d24444,来都来了,6577690849066717,9801184393623416,3223493544556699,0.003223,2.03,0.490065,23751,24740,630.82,100761499,100920303,71554,12,kol_sell,0x519d6b039b749b9b5e881c4f30b2a8247c6908f2abbc4189f60491231eccd11b,1,136348,136348,119723
1779898683923359806,fast_tip,A,0xfce62c8bd060b41a52fe3144573e9e5768d24444,来都来了,1659557322325518,2135552611550155,475995289224637,0.000476,0.30,0.286821,23751,24740,630.82,100761499,100920364,71582,12,kol_sell,0x3005fde5f5973a21d3ca9525dc73518af29db2d30d67a8597ca92941d36e26b1,1,156117,156117,103392
1779898683923359806,fast_tip,A,0xfce62c8bd060b41a52fe3144573e9e5768d24444,来都来了,983660949367331,1145366370314103,161705420946772,0.000162,0.10,0.164391,23751,24740,630.90,100761499,100920547,71665,12,kol_sell,0x7ba6a8d0c83d57b935f5782d7142bff761b36aa0113a526e118727e27b6eca34,1,174784,174784,93568
1779898683923359806,fast_tip,A,0xfce62c8bd060b41a52fe3144573e9e5768d24444,来都来了,1968552090017014,3236225168045406,1267673078028392,0.001268,0.80,0.643962,23751,24740,630.71,100761499,100920591,71684,12,kol_sell,0xe3fc5195158b9ea1a50432b032cdfa442cc351cfb167343cb772a227a6ea6336,1,168809,168809,132065
1779898933702183659,fast_tip,A,0xea4b0dd55aeafe5853a99023896e007d8d914444,来都来了,2830971028766297,3253128789155360,422157760389063,0.000422,0.27,0.149121,13697,14268,630.62,100762053,100920671,71471,4,kol_sell,0x893260e3a00f3195cd67a1cca1529a4c3598c7212e4d84c361f590733563b07b,1,29113,29113,21955
1779898933702183659,fast_tip,A,0xea4b0dd55aeafe5853a99023896e007d8d914444,来都来了,566194205753259,0,-566194205753259,-0.000566,-0.36,-1.000000,13697,14268,630.32,100762053,100921196,71708,4,kol_sell,0xd13d487abbb5c94452527bb870b8c853f16295b0a10b319eff34699caeca54e1,1,29649,29649,0
1779971603591745939,fast_tip,A,0x7b64d2163668aabd28760bcfb73efc3e20a67777,足球绝杀,2870801191547972,0,-2870801191547972,-0.002871,-1.81,-1.000000,5832,6075,631.12,100923329,100923386,26,1,kol_sell,0x5f5ef15ff034b129f87b553ed3d8d5c773515d9be053a1952bc349f6c7a70663,1,184,184,0
1779885272675714856,fast_tip,A,0xe9bb8ba49f5d7987bd77111932d241ee50324444,长鑫存储,4645169916376176,4645169916376176,0,0.000000,0.00,0.000000,8158,8497,631.38,100732162,100923722,86508,1,price_unavailable,,0,0,0,0
1779972201664929781,fast_tip,A,0xf5af1b9eb91cbdfb3250cf3d096f1af874ef4444,VBNB,8260725153523448,5724428728351226,-2536296425172222,-0.002536,-1.60,-0.307031,9235,9620,631.54,100924655,100924781,57,3,kol_sell,0x267b3b5ed5f469c50dc334bad557feaf9b30a93f35117e629216890193da03a4,1,6571,6571,5410
1779972441903583722,fast_tip,A,0x929f25316eab2f5af7a404359cb564edd4b47777,黑洞银行,2515147579362213,0,-2515147579362213,-0.002515,-1.59,-1.000000,7911,8241,631.57,100925187,100925242,25,1,kol_sell,0x32d583a341e3c9137593a36e2da5a361b62a220ec3a03ebc625b68b7b7c710bf,1,270,270,0
1779966574818962224,fast_tip,A,0xeefcfee21627ae72088cadb7dff48cc1081c7777,SOCCER,599485516337930,0,-599485516337930,-0.000599,-0.38,-1.000000,30103,30181,631.67,100912178,100925292,5914,1,kol_sell,0x5b2cf1edfbe7c2f41a13896563cdc6a275f3198ff518b94905fa29b05f01c182,1,6678,6678,0
1779973661960037599,fast_tip,D,0x6281ba9fec774fa0f107839aacddc65b10314444,迪迪虾,44143634333120480,31515628388061984,-12628005945058496,-0.012628,-7.98,-0.286066,9695,10099,631.63,100927893,100927951,26,1,kol_sell,0x5e94b79e1d75e80a204e4420aed29d6016b8d7a59deb35152c60db7c7ad14bbc,1,7737,7737,7210
1779974538722159848,fast_tip,D,0x8717dcc0c0c8506c156188a9569aa880390c4444,CALI,21440416869307315,21152637691165950,-287779178141365,-0.000288,-0.18,-0.013422,8695,9058,630.93,100929838,100929871,15,1,kol_sell,0x2c91e4e33b508a9000350940df1bd9996264fbc040fd9a806725f1d67c271e5c,1,9727,9727,8936
1779974538722159848,fast_tip,D,0x8717dcc0c0c8506c156188a9569aa880390c4444,CALI,21440416869307315,12828078544526238,-8612338324781077,-0.008612,-5.43,-0.401687,8695,9058,630.64,100929838,100930022,83,1,kol_sell,0xef60fa966225221172cf0c0c3d15568709ab9bb26d53cbb55b4187024cf38ec6,1,6061,6061,5417
1779898683923359806,fast_tip,A,0xfce62c8bd060b41a52fe3144573e9e5768d24444,来都来了,1968552090017014,3701046152864296,1732494062847282,0.001732,1.09,0.880085,23751,24740,631.27,100761499,100930886,76327,12,kol_sell,0x0bca9b1881b2b49fb18344c6dbe247cd2e0081adf9a9a80b74e3692a8bd28f30,1,192716,192716,151169
1779975366196778079,fast_tip,I,0x77ae1fa2e770d9bb94405e08224fe4afdbac4444,FRIEND,14934783873004349,7935483279301526,-6999300593702823,-0.006999,-4.41,-0.468658,11518,11998,629.98,100931674,100931678,2,1,kol_sell,0x15d3c2bbbd96858a461a6f1af471baaeeeec8ca01f197a9cdc1b96d17c553b76,1,7438,7438,6375
1779975366196778079,fast_tip,I,0x77ae1fa2e770d9bb94405e08224fe4afdbac4444,FRIEND,7467391936502175,2846123082656190,-4621268853845985,-0.004621,-2.91,-0.618860,11518,11998,629.98,100931674,100931682,4,1,kol_sell,0xa6c5c9bb9ae0b349bcdfc350739f7ce78ae967229ab3d9a1239ca34c3d20016a,1,6357,6357,4573
1779975366196778079,fast_tip,I,0x77ae1fa2e770d9bb94405e08224fe4afdbac4444,FRIEND,7467391936502175,1797298932894192,-5670093003607983,-0.005670,-3.57,-0.759314,11518,11998,629.98,100931674,100931687,6,1,kol_sell,0xfbcfc1823e10d1bd35990507a5f4cea561314b4c2735b0e058ee880506d0dd15,1,4602,4602,2888
1779975374230042638,fast_tip,A,0x77ae1fa2e770d9bb94405e08224fe4afdbac4444,FRIEND,2287005446841331,1367254475568160,-919750971273171,-0.000920,-0.58,-0.402164,5376,5600,629.98,100931692,100931706,6,2,kol_sell,0x3e142106e552bcaafb962fc2125659a1ac841926a7c57ad6237b7a0a5a9585a1,1,7155,7155,4048
1779975374230042638,fast_tip,A,0x77ae1fa2e770d9bb94405e08224fe4afdbac4444,FRIEND,2287005446841331,779660928374339,-1507344518466992,-0.001507,-0.95,-0.659091,5376,5600,629.98,100931692,100931732,18,2,kol_sell,0x8d1f2a1296cf20dacccd895514384e08664d34cd9ce899ddaf4ba2dad55cf43c,1,5342,5342,2309
1779975395423337646,fast_tip,B,0x7c52d78f2e24ddaaa05a71cc515aae2e395b4444,币安朋友,5016305991591556,8903485795704127,3887179804112571,0.003887,2.45,0.774909,8462,8815,629.75,100931739,100931758,8,1,kol_sell,0xf84812634950defe8fc4bcab1ed7ea192a27cfdf620a4ea4f4b2898eb9c1655f,1,18035,18035,15640
1779975395423337646,fast_tip,B,0x7c52d78f2e24ddaaa05a71cc515aae2e395b4444,币安朋友,3726112090554208,5744376354583074,2018264264028866,0.002018,1.27,0.541654,8462,8815,629.75,100931739,100931766,12,1,kol_sell,0x5fdc19327984d3a5fe2224f3401b77b36313b63209f3e79aff9c7a023dd78f87,1,16497,16497,13584
1779975395423337646,fast_tip,B,0x7c52d78f2e24ddaaa05a71cc515aae2e395b4444,币安朋友,2829569190466693,2698494280785136,-131074909681557,-0.000131,-0.08,-0.046323,8462,8815,629.75,100931739,100931771,15,1,kol_sell,0xe581f29654c96f68f3f8da6076b06d209e8cdc5938d549598da011c7171afce3,1,11844,11844,8403
1779975395423337646,fast_tip,B,0x7c52d78f2e24ddaaa05a71cc515aae2e395b4444,币安朋友,8493236693753769,9556661013957218,1063424320203449,0.001063,0.67,0.125208,8462,8815,629.75,100931739,100931782,19,1,kol_sell,0xcf18d9f2fa55831069dc8bac91726165db2909bd76d61d14e3c60e5d496f7729,1,11358,11358,9915
1779975411854501788,fast_tip,A,0x7c52d78f2e24ddaaa05a71cc515aae2e395b4444,币安朋友,2933120540582317,2430661822454501,-502458718127816,-0.000502,-0.32,-0.171305,14218,14810,629.75,100931775,100931797,10,3,kol_sell,0x723ae56958a5f7da9a7d389e634cf89609007ccd963d1229d8c3d25ae8f18017,1,16589,16589,11441
1779975411854501788,fast_tip,A,0x7c52d78f2e24ddaaa05a71cc515aae2e395b4444,币安朋友,586330796062405,0,-586330796062405,-0.000586,-0.37,-1.000000,14218,14810,629.75,100931775,100931802,12,3,kol_sell,0x28787feadc6c181388ef1660ab6596a2b14a37cccdf71e91db68f4e95e3ca1f6,1,14971,14971,0
1779975411854501788,fast_tip,A,0x7c52d78f2e24ddaaa05a71cc515aae2e395b4444,币安朋友,1173394872259956,82912763390131,-1090482108869825,-0.001090,-0.69,-0.929339,14218,14810,629.43,100931775,100931807,14,3,kol_sell,0x763a562d0614d1860b9a5e04d6cbde81abdddb354210ec86e3dc0ba81e844d76,1,12693,12693,975
1779975434317200429,fast_tip,A,0xa301ce2005d9928da0ab7cfac5376f91f9994444,币友,914698978031903,24120125236333,-890578852795570,-0.000891,-0.56,-0.973631,6394,6661,629.43,100931825,100931838,6,1,kol_sell,0x62153e34e53a3ad2ffa82a3d5d840ce0b108dcf0210797ba2ab291c7821f220e,1,7414,7414,176
1779975452355494089,fast_tip,B,0x7c52d78f2e24ddaaa05a71cc515aae2e395b4444,币安朋友,20749003314232559,16359103376500772,-4389899937731787,-0.004390,-2.76,-0.211572,13688,14258,629.43,100931865,100931870,2,1,kol_sell,0x6e76696591745b481af33866a50d1e83034ded3133bf4cb6e9ac0df8b1960d99,1,12392,12392,11241
1779975434317200429,fast_tip,A,0xa301ce2005d9928da0ab7cfac5376f91f9994444,币友,2563569151012962,656303327116957,-1907265823896005,-0.001907,-1.20,-0.743988,6394,6661,629.26,100931825,100931897,32,2,kol_sell,0xdbc900f1eed00a7104aabe041aa336c7f5973c417d077274fa60a6ec351ed37f,1,5064,5064,1982
1779975411854501788,fast_tip,A,0x7c52d78f2e24ddaaa05a71cc515aae2e395b4444,币安朋友,1173394872259957,0,-1173394872259957,-0.001173,-0.74,-1.000000,14218,14810,629.26,100931775,100931945,77,3,kol_sell,0xfeaf21557ed135e7be6284db2d1f76a07881dbf5780854e9a270b74fbe68e300,1,4547,4547,0
1779956658060870153,fast_tip,M,0x069ced61d6ac896ae8fa05be64a1774a0e034444,996,8058954157967674,6225052529870238,-1833901628097436,-0.001834,-1.15,-0.227561,3828,3987,628.82,100890185,100932962,19289,1,kol_sell,0xf212bb3fce03433ba2c5386f54185fcc5d929eaf9358fee96cb4353834473e76,1,3673,3673,3057
1779950711133720582,fast_tip,M,0x336b582e7d09319e12d918c15d201e47fe224444,币安用户,12511775666382040,10993603135012368,-1518172531369672,-0.001518,-0.95,-0.121339,3874,4035,628.82,100876992,100933002,25254,1,kol_sell,0xc5107b4f01f38fe2e81164cf40001e73697f7e78f2768fdfd61cfef2b153858b,1,3998,3998,3532
1779889475162476757,fast_tip,A,0x91d1af787dd0f3d6ff9cb6b1ba33f09e6ec54444,奶蛙,9198092825463006,6501494070832381,-2696598754630625,-0.002697,-1.70,-0.293169,35576,35684,629.18,100741484,100933038,86505,1,timeout,,0,0,0,0
1779975519214670195,fast_tip,M,0x64057c42f41b06cdb51f18ce214cdaac00304444,Cali,7250741476885904,4857111677065318,-2393629799820586,-0.002394,-1.51,-0.330122,14538,15144,629.01,100932013,100933266,564,1,kol_sell,0x6a151d04e7af75aaf2ec024fcf4692986f92597272745b6dd593e1e24ba7b4bd,1,12640,12640,10142
1779890080415719167,fast_tip,M,0x7400bf6c09728d066e02749379bef1cb46d94444,币安人,63090845439742713,33983443657434351,-29107401782308362,-0.029107,-18.35,-0.461357,253853,254609,630.46,100742825,100934358,86500,3,timeout,,0,0,0,0
1779977247666834608,fast_tip,A,0xf5af1b9eb91cbdfb3250cf3d096f1af874ef4444,VBNB,1603627150803379,264408847392117,-1339218303411262,-0.001339,-0.84,-0.835118,9937,10351,627.77,100935833,100935846,6,1,kol_sell,0x773fa44ebab72acdfaa83f455a8e7bc08eb865712c45329644ede6bcf72ed6be,1,8204,8204,1707
1779977248074219842,fast_tip,I,0xd0fb175508ed8ca5c7cec90184ddb0ab91114444,开始了,28140501500893020,28439594645962181,299093145069161,0.000299,0.19,0.010629,4599,4791,627.77,100935834,100935847,6,1,kol_sell,0xef9870d9f2b95594c3e7fb93215ddfa0154362231d5d86390b083c720a7c290d,1,5213,5213,4842
1779977262990028763,fast_tip,A,0xd0fb175508ed8ca5c7cec90184ddb0ab91114444,开始了,2527158298534844,2603070955917976,75912657383132,0.000076,0.05,0.030039,5384,5609,627.91,100935867,100935889,10,4,kol_sell,0xf270510858b2d8bc4b505236466a2c5c3e9e8eac87b57a16bfe941924de0a8fe,1,11264,11264,7910
1779977262990028763,fast_tip,A,0xd0fb175508ed8ca5c7cec90184ddb0ab91114444,开始了,505178943877115,0,-505178943877115,-0.000505,-0.32,-1.000000,5384,5609,627.91,100935867,100935894,12,4,kol_sell,0x67eaa13aa89bee30fce5590659c557281ef3991464c1bfbb3023d9d726357f2b,1,11562,11562,0
1779977262990028763,fast_tip,A,0xd0fb175508ed8ca5c7cec90184ddb0ab91114444,开始了,404193672996080,0,-404193672996080,-0.000404,-0.25,-1.000000,5384,5609,627.91,100935867,100935898,14,4,kol_sell,0xec2e2d55a8be5fe7afccdaaa0af99934bd7c2269dc73fdb9da95f832aa0e339f,1,11233,11233,0
1779977291435512504,fast_tip,A,0x96d70e1b6f874b0e4d77d70a550ebf519f214444,黑喂狗,1163351718529728,245860039623759,-917491678905969,-0.000917,-0.58,-0.788662,10037,10456,628.85,100935930,100935947,8,2,kol_sell,0x8d0543a8e2115e488c0f9b4898484955ab4a267c1eaea93ce477334aa243e03c,1,13644,13644,2684
1779977291435512504,fast_tip,A,0x96d70e1b6f874b0e4d77d70a550ebf519f214444,黑喂狗,581675859264864,0,-581675859264864,-0.000582,-0.37,-1.000000,10037,10456,628.85,100935930,100935956,12,2,kol_sell,0x588677e1e572b253d8a7e39402e2d5ff41aba77b7d112712680e045ae55685f7,1,9156,9156,0
1779977320787946916,fast_tip,A,0x8c8e6b31f237d3ce0e9f01e59e0d6564ed414444,黑喂狗,508248208301756,0,-508248208301756,-0.000508,-0.32,-1.000000,12220,12729,628.85,100935995,100936005,4,1,kol_sell,0xe67c91af16f47e0da28b21e6a00bc8e00dc836f06b3e362f55365e6e3b5a93fa,1,19513,19513,0
1779977320787946916,fast_tip,A,0x8c8e6b31f237d3ce0e9f01e59e0d6564ed414444,黑喂狗,101598816839521,0,-101598816839521,-0.000102,-0.06,-1.000000,12220,12729,628.85,100935995,100936011,7,1,kol_sell,0x81c505d6c2125b4f6d8c48c1fd52d7fe3ecbbbc67e6828d45dbb935edc75b013,1,20386,20386,0
1779977320787946916,fast_tip,A,0x8c8e6b31f237d3ce0e9f01e59e0d6564ed414444,黑喂狗,81289213353300,0,-81289213353300,-0.000081,-0.05,-1.000000,12220,12729,628.85,100935995,100936016,9,1,kol_sell,0xe8bb52a43904e5eaabb791433bc3437036abd35f3bbd82eb40cdd08c7be26b84,1,17530,17530,0
1779977262990028763,fast_tip,A,0xd0fb175508ed8ca5c7cec90184ddb0ab91114444,开始了,1617785681661649,96148125958843,-1521637555702806,-0.001522,-0.96,-0.940568,5384,5609,628.85,100935867,100936043,79,4,kol_sell,0x0eaa8365d9c6174d1a5675554f37df7ec4082fb9fd558d493fc12555adcbbc90,1,5201,5201,457
1779977320787946916,fast_tip,A,0x8c8e6b31f237d3ce0e9f01e59e0d6564ed414444,黑喂狗,162680089054467,0,-162680089054467,-0.000163,-0.10,-1.000000,12220,12729,629.26,100935995,100936152,71,1,kol_sell,0x0260a31ac8ce54ce4d4efa9dd7b190ecd25d6a43ce379eb2e4edc8aa88cf192d,1,11854,11854,0
1779977324851853066,fast_tip,M,0x8c8e6b31f237d3ce0e9f01e59e0d6564ed414444,黑喂狗,11479021696215810,5103615358999476,-6375406337216334,-0.006375,-4.01,-0.555396,18030,18781,629.74,100936004,100936214,95,1,kol_sell,0x249549c7b15daada9bc7da47318f74bfb327be7287e52947390596fc6925c7fe,1,10336,10336,8362
1779977320787946916,fast_tip,A,0x8c8e6b31f237d3ce0e9f01e59e0d6564ed414444,黑喂狗,162680089054468,0,-162680089054468,-0.000163,-0.10,-1.000000,12220,12729,628.94,100935995,100936318,146,1,kol_sell,0xd0036339ad71bc41b5bbdc2583a88e8360411ffe06d8a7ec5dde9293c183e84b,1,8484,8484,0
1779891826268317648,fast_tip,M,0x90c7f6b47a9bfe05a20de1c88d949d48a0ca4444,普通话,21066570686699117,16145818923894593,-4920751762804524,-0.004921,-3.12,-0.233581,6992,7031,633.36,100746286,100938342,86554,1,timeout,,0,0,0,0
1779892084119435310,fast_tip,G,0x39c37c5208fde5f0d3132c616d5ef0a7c70e4444,FENGSHUI,81694666245750541,67449701843962709,-14244964401787832,-0.014245,-9.03,-0.174368,4158795,4169685,633.87,100746858,100939007,86596,6,timeout,,0,0,0,0
1779978815908606596,fast_tip,B,0x14ccaa7c5212ca9d5cda33278e4fd2a2d2f14444,地牢酒馆,18279011988413442,18098367762180962,-180644226232480,-0.000181,-0.11,-0.009883,5827,6069,633.29,100939307,100939384,35,1,kol_sell,0xc8dd0053158ca49db9c8237715bcf63367c37cb6b32583a6cd2c67cab646f1fc,1,6594,6594,6015
1779980507844816197,fast_tip,H,0x4d41a5d412f4ef44a35b9f53b06db65ede249493,QAIT,1536265659113424,985046257457450,-551219401655974,-0.000551,-0.35,-0.358805,0,0,633.53,100942871,100943407,156,1,kol_sell,0x097c2fce4de62ca795229661de2f9a8ad92f41688874c42c65ab59476ab7c03d,1,65242953,65242953,31932175
1779980507844816197,fast_tip,H,0x4d41a5d412f4ef44a35b9f53b06db65ede249493,QAIT,1384176896664657,881523204915915,-502653691748742,-0.000503,-0.32,-0.363143,0,0,633.53,100942871,100943421,162,1,kol_sell,0x853e6aefb507008b0cedbe53bd3e6e916aa199f8ff92974065dbb6fa969be1fb,1,68531804,68531804,31716142
1779980507844816197,fast_tip,H,0x4d41a5d412f4ef44a35b9f53b06db65ede249493,QAIT,2491518413996384,2296827980363877,-194690433632507,-0.000195,-0.12,-0.078141,0,0,633.66,100942871,100943560,226,1,kol_sell,0x4d99a4484d1fbc6d6594e1e259c25dd3e410320b6e80e8fff3238d493868b038,1,67551193,67551193,45918929
1779980507844816197,fast_tip,H,0x4d41a5d412f4ef44a35b9f53b06db65ede249493,QAIT,1992218123831508,1657474646618930,-334743477212578,-0.000335,-0.21,-0.168026,0,0,634.57,100942871,100943571,230,1,kol_sell,0x454103bc840fa8b2abf677744cec030ddab534c96420e0f3bd8ceccd61339218,1,67890978,67890978,41500730
1779980507844816197,fast_tip,H,0x4d41a5d412f4ef44a35b9f53b06db65ede249493,QAIT,1593973720877590,1082831362309145,-511142358568445,-0.000511,-0.32,-0.320672,0,0,634.57,100942871,100943578,234,1,kol_sell,0xd2257b6789468523e9da1da992703e0949186f621dae31b7349076a0ca404bb2,1,66120791,66120791,33886397
1779980507844816197,fast_tip,H,0x4d41a5d412f4ef44a35b9f53b06db65ede249493,QAIT,1275338374074159,691323036842808,-584015337231351,-0.000584,-0.37,-0.457930,0,0,634.57,100942871,100943584,236,1,kol_sell,0xce59eae059ad3b02e106ca12489c4a245ab85ff6bb8e6d6d1973a565941ab5ad,1,66689579,66689579,27039666
1779980507844816197,fast_tip,H,0x4d41a5d412f4ef44a35b9f53b06db65ede249493,QAIT,1020398233096735,333012838681732,-687385394415003,-0.000687,-0.44,-0.673644,0,0,634.57,100942871,100943592,240,1,kol_sell,0x738542acf660c4dbe3c712f00bcb81d4b076772ee590785f4ca30d1b84e12f31,1,65105711,65105711,16279348
1779980507844816197,fast_tip,H,0x4d41a5d412f4ef44a35b9f53b06db65ede249493,QAIT,4084145204105544,4474142849067315,389997644961771,0.000390,0.25,0.095491,0,0,634.53,100942871,100943688,284,1,kol_sell,0x7e70939c3c85fae95329ae733b2ea5c8afe22b6cca99dfcb947ca2675840333a,1,66218263,66218263,54642575
1779981344027037918,fast_tip,H,0xe9ae476fb895c08ccc592ca8566c99d4894e4444,月薪喵,7538716645466778,6724761527455138,-813955118011640,-0.000814,-0.51,-0.107970,10449,10884,632.51,100944917,100944971,25,1,kol_sell,0xc9f472c80f67f4ef4f593659ff8fe830727b7a093090d665e8f953c693bab83e,1,11540,11540,9709
1779981426759815898,fast_tip,O,0x45d89b2f5ef959a1bff96668b9ccce1e13ff4444,光源,489068371950418,6882104951678733,6393036579728315,0.006393,4.04,13.071867,0,0,632.59,100865552,100945292,86,1,kol_sell,0x2423abf59f79d6aac852b420bfac18aa5034e8cac0e29275fa73a4a739850f42,1,1519024,1519024,1343674
1779981426759815898,fast_tip,O,0x45d89b2f5ef959a1bff96668b9ccce1e13ff4444,光源,391059070211554,5229191101033073,4838132030821519,0.004838,3.06,12.371870,0,0,632.59,100865552,100945296,88,1,kol_sell,0x3ac3a7240ad8a01b56129e217267399c46954bbe57f3ed63db182cfc16e73a49,1,1504261,1504261,1276834
1779983615595504506,fast_tip,N,0xb8cc4a6691c2e04edd8481bfff0f3e3df04d4444,Serenity,5520379530013663,5649868244390408,129488714376745,0.000129,0.08,0.023456,4000,4167,633.01,100949955,100950167,96,1,kol_sell,0x03c78854aaca58c9de63cc75b2e07d6fbab6ec514e13b06ab88e5394567cf2bd,1,5189,5189,4266
1779983615595504506,fast_tip,N,0xb8cc4a6691c2e04edd8481bfff0f3e3df04d4444,Serenity,4140836685463248,3652166309331135,-488670376132113,-0.000489,-0.31,-0.118012,4000,4167,633.31,100949955,100950240,129,1,kol_sell,0x9fad5ddb86c0eb539044f9bbfdeb388f4cb32f6734625fdc4db09aaee360c861,1,4825,4825,3678
1779983615595504506,fast_tip,N,0xb8cc4a6691c2e04edd8481bfff0f3e3df04d4444,Serenity,1241670890823616,352297183329932,-889373707493684,-0.000889,-0.56,-0.716272,4000,4167,633.80,100949955,100950384,194,1,kol_sell,0x8ee6f4f7a367ee4acdc31f0176977bae0c39b3efdadcb0bb413636a14bfb9ca8,1,4548,4548,1184
1779983615595504506,fast_tip,N,0xb8cc4a6691c2e04edd8481bfff0f3e3df04d4444,Serenity,1117627968830337,601449169631299,-516178799199038,-0.000516,-0.33,-0.461852,4000,4167,632.87,100949955,100951474,685,1,kol_sell,0xe9c4c058822c4420c6a14557ec17806f6e5470fecc8fd08b7ee2cbe1b7fbfb01,1,6018,6018,2243
1779983615595504506,fast_tip,N,0xb8cc4a6691c2e04edd8481bfff0f3e3df04d4444,Serenity,1005976934744186,442375140054482,-563601794689704,-0.000564,-0.36,-0.560253,4000,4167,632.87,100949955,100951505,699,1,kol_sell,0xbcd4d33c87a2b6fbe87f197f0e4b288c2cbcdcd1ff1e393df5840033ace4a4d1,1,6000,6000,1833
1779983615595504506,fast_tip,N,0xb8cc4a6691c2e04edd8481bfff0f3e3df04d4444,Serenity,905479838963242,284612295854291,-620867543108951,-0.000621,-0.39,-0.685678,4000,4167,632.87,100949955,100951520,705,1,kol_sell,0x6b13ebf68b71f78398bcd6a5bd2875557ca665e03ac02bc43cb9390c3e5c9acb,1,5909,5909,1310
1779984378483208951,fast_tip,I,0x9d902110fd641534c0bfcc83f89de97fdc30ffff,UL,28170410815399936,12589494348928824,-15580916466471112,-0.015581,-9.86,-0.553095,4978,5017,632.73,100951648,100951651,1,1,kol_sell,0x581dc2a5099c6662d3456e3161f2f91f49e5305a36b906d6c83e92621e9651ba,1,3512,3512,2242
1779984487294736449,fast_tip,A,0xc012b418b4c65f0f9573e33ab0c4656396784444,光源,2263632821425992,297118819696700,-1966514001729292,-0.001967,-1.25,-0.868742,0,0,635.17,100925315,100952666,350,1,kol_sell,0x5321a4607dd7b46b20ba8864d5d0f67b477f3fccf6c64ea03e70f2b375345242,1,15939,15939,3654
1779986265493435092,fast_tip,I,0x762a9399c70be32109b73053e0984a34b90d4444,稳步前进,26612319168752825,12027340536477584,-14584978632275241,-0.014585,-9.29,-0.548054,5226,7415,636.88,100955835,100955850,7,1,kol_sell,0x44ed9c32b5866586e2be31dad7099872707ce00b606a0a04c79e4e501564d7af,1,3954,3954,3351
1779986311641373897,fast_tip,I,0x74baface5b59678fd2c4b25b5d2570132d414444,SBS,25153821305525301,30822829704797367,5669008399272066,0.005669,3.62,0.225374,4373,4555,637.89,100955938,100956338,181,1,kol_sell,0x02893f7aa1f98cd5994885a38207aafd9a177fc9bdf198620cc950b5b8eb480f,1,6066,6066,5591
1779986758714447477,fast_tip,N,0x74baface5b59678fd2c4b25b5d2570132d414444,SBS,20979595669842576,17727315472244788,-3252280197597788,-0.003252,-2.07,-0.155021,6741,7022,638.00,100956931,100956973,20,1,kol_sell,0x619a98cba9bcd99d782748c2cefbe43a925d61668290541ba90db43c399b285a,1,6509,6509,5934
1780015771825948598,fast_tip,M,0x757abbd373f18221626389bdec479f62c0f27777,POKEMOTO,9080469894110171,0,-9080469894110171,-0.009080,-5.79,-1.000000,6939,8209,637.64,101021349,101022298,429,1,kol_sell,0xf4fb1526aca8e0e050025ee84ccf03f77c0bbf0125a2192772b916ea1646226b,1,323,323,0
1780017294687527309,fast_tip,M,0xb15c87115ad5ba15add8a0c089fe1fdd38fb4444,巴别塔,8172422904699154,9649012825776347,1476589921077193,0.001477,0.94,0.180680,15300,16953,635.65,101024729,101028014,1481,1,kol_sell,0x7ac1d23e0757c18c3a8f7997f2f99883682cce850d4b10ce7874a2861103b96d,1,22375,22375,19963
1779989187735665518,fast_tip,O,0x588cb911b3405e0362eb9bfba27b6a8e33fb4444,马上来财,28006846427514809,23735778204528027,-4271068222986782,-0.004271,-2.72,-0.152501,0,0,635.84,100837333,101030994,30930,1,kol_sell,0x3e104fc794151b7e4b6f05b132491b857c8a3b54a515d5ea9dadeb63980d609a,1,4138,4138,3820
1780023686550982239,fast_tip,O,0x45229ed2b4d93dc1d960ede973bc9ad1828d4444,躺赢,19595767679437116,18620863340927928,-974904338509188,-0.000975,-0.62,-0.049751,73843,74102,633.83,101038915,101039372,206,2,kol_sell,0x93cdff78108f7d99d47291e2eb37f6803082dae540b7deb4a217a5392348616f,1,60696,60696,59385
1780024010697018116,fast_tip,O,0xf261f399ec692009d728ce39a772b717e010ffff,躺赢,18570056671297071,13719329973386547,-4850726697910524,-0.004851,-3.08,-0.261212,5927,6054,634.48,101039634,101039653,9,1,kol_sell,0xd63afd28cfe1f5ac7b948f84f0511958467e112fcd3e42f9c31333d244c6b7ef,1,5036,5036,4474
1780023686550982239,fast_tip,O,0x45229ed2b4d93dc1d960ede973bc9ad1828d4444,躺赢,9797883839718558,12077540413692191,2279656573973633,0.002280,1.45,0.232668,73843,74102,635.03,101038915,101040997,938,2,kol_sell,0xa7d8f938f71881253afaa8079eb8915c88f179b50fda5ddaaccefa8f8d59b07d,1,82253,82253,77181
1780024887042268723,fast_tip,O,0xf3eb5cedc613899bd793687fb006ffdfb6224444,沙哥,9646369021437619,10267602306128329,621233284690710,0.000621,0.39,0.064401,9322,9369,634.88,101041580,101041593,6,1,kol_sell,0x072df6c556f4be8122270d37e6ca402e21b20aa7b1641f1d38e33f61bb8ea3a1,1,10568,10568,9973
1780024887042268723,fast_tip,O,0xf3eb5cedc613899bd793687fb006ffdfb6224444,沙哥,9646369021437619,6151398605592401,-3494970415845218,-0.003495,-2.22,-0.362309,9322,9369,634.88,101041580,101041627,21,1,kol_sell,0x04b643d6cf669d2a85ebb779dd921b54bb34d565cb31f8a8a4e750469ddbc357,1,7429,7429,5975
1780023686550982239,fast_tip,O,0x45229ed2b4d93dc1d960ede973bc9ad1828d4444,躺赢,1959576767943711,2755570332926886,795993564983175,0.000796,0.51,0.406207,73843,74102,634.90,101038915,101042052,1413,2,kol_sell,0xb4fb6ab266b4a1b9cd820419c6d232f213a8d8e3d336f3857025bbd88dd5e4a8,1,121204,121204,88028
1780025086988606684,fast_tip,B,0x49faf2a85d89e1d8a3725820f56e7b9c7f124444,客服小马,9130473782895097,8365854548724544,-764619234170553,-0.000765,-0.49,-0.083744,4830,5031,634.90,101042023,101042092,31,1,kol_sell,0x5c199ec5718fc4efc921546c05a10f33bfbfd228077fc3e75280965c6918fa17,1,5344,5344,4610
1780025086988606684,fast_tip,B,0x49faf2a85d89e1d8a3725820f56e7b9c7f124444,客服小马,9130473782895097,6164016618014272,-2966457164880825,-0.002966,-1.88,-0.324896,4830,5031,634.90,101042023,101042123,45,1,kol_sell,0xcaa9e824c64c1c89a8b7a0a81372ddfa7c990e63532b05997f38bdf05b817dd6,1,4081,4081,3397
1780024070787613155,fast_tip,M,0x38b6d3dcd9b9f9acc6b83c8503627557a9ac4444,电脑前的我们,4160040948403436,3864530102164775,-295510846238661,-0.000296,-0.19,-0.071036,10791,11241,634.75,101039768,101042645,1297,1,kol_sell,0xac1e00a3552ac10e69c1564e8f8c3831fb1e629a444430e98496432a27d1b21c,1,13168,13168,10437
1780025859507685710,fast_tip,O,0x3c57d0728ed4e29d93ab9e51c87087a570294444,hot coin,11420089723335981,15003448926922616,3583359203586635,0.003583,2.27,0.313777,4373,4798,634.79,101043739,101043788,23,1,kol_sell,0xb313f652e3d424f1de2f3bb71772bf66502eacd9b02d94a1ae8ac7650c22b686,1,6979,6979,6303
1780023686550982239,fast_tip,O,0x45229ed2b4d93dc1d960ede973bc9ad1828d4444,躺赢,783830707177484,1400660944666419,616830237488935,0.000617,0.39,0.786943,73843,74102,634.62,101038915,101045677,3046,2,kol_sell,0x9fad68878353470b4e94edf3c779febf5b0b68be7e8524f8cbab90b713a5e33d,1,196550,196550,111812
1780027327097042069,fast_tip,O,0xc945745353bc9a789071faf59df86780fbf74444,全国安排,18993240213906131,13649790297174576,-5343449916731555,-0.005343,-3.39,-0.281334,8386,9742,634.76,101046996,101047008,6,1,kol_sell,0x56cc13d1c046a9495eae0e1cd6908f2b414d0aa37152d3bcdce494c73742c7e2,1,8058,8058,7001
1780028163338205869,fast_tip,G,0xb2639d06e06504ed34d5992ae74e9e7415714444,影獒,7919200018415423,5780797315285829,-2138402703129594,-0.002138,-1.36,-0.270028,4010,4930,634.26,101048854,101048951,44,1,kol_sell,0x98a426f3b330a2e7800c8dd63b14f83402c65670874e1de1e81d22a3a26a1e52,1,4453,4453,3598
1780027633350412412,fast_tip,O,0x91db835223b4cc9ee186451ddc19904b448f8888,一球成名,9229447611116488,6399779994587845,-2829667616528643,-0.002830,-1.80,-0.306591,33418,36271,634.74,101047677,101050062,1075,1,kol_sell,0x1d077c13b45db604bde07b832097ae6bdebb1ca2425b113039f07d4562ac45ea,1,30087,30087,25167
1780026142850143269,fast_tip,M,0x45229ed2b4d93dc1d960ede973bc9ad1828d4444,躺赢,1574117890796798,2718525366464524,1144407475667726,0.001144,0.73,0.727015,145012,145413,635.22,101044368,101050779,2888,1,kol_sell,0x831d54a4dbad3a870b926cb7349f386651e28a7c7bd3ae26e218b97d6e7c5bfc,1,343204,343204,251239
1780029426318425662,fast_tip,O,0x90332e21bc30cd7ea523f1e1905f01a656f14444,何式定律,17252983699468463,15649010575440771,-1603973124027692,-0.001604,-1.02,-0.092968,7776,8100,635.40,101051657,101051862,94,1,kol_sell,0x98d25aee96cdcac0fcaad317e9766e3aa438fc2de7200de9c3a496f8345fa71c,1,8053,8053,7348
1780029097604762978,fast_tip,M,0xb15c87115ad5ba15add8a0c089fe1fdd38fb4444,巴别塔,3678727398469199,2739721189199542,-939006209269657,-0.000939,-0.60,-0.255253,35065,35430,635.00,101050927,101053878,1329,1,kol_sell,0xeea9173939d7d424ac5b34ff8d41e3c71c55bb8f2b465748ece2294ef805f365,1,36920,36920,26354
1780029097604762978,fast_tip,M,0xb15c87115ad5ba15add8a0c089fe1fdd38fb4444,巴别塔,919681776028033,1178955705313444,259273929285411,0.000259,0.16,0.281917,35065,35430,635.73,101050927,101055079,1870,1,kol_sell,0x5bf4f26b31903f18bf9186632211ec6cf038c995422582e4876b358350cdce38,1,81437,81437,45415
1780029097604762978,fast_tip,M,0xb15c87115ad5ba15add8a0c089fe1fdd38fb4444,巴别塔,689853300198628,520304964104217,-169548336094411,-0.000170,-0.11,-0.245774,35065,35430,635.73,101050927,101055104,1881,1,kol_sell,0xdd1dd0e791415f72e2938e9bdbaae9d06f0d45b46c4b7c6a581421cf13829c5e,1,76904,76904,26720
1780026142850143269,fast_tip,M,0x45229ed2b4d93dc1d960ede973bc9ad1828d4444,躺赢,6300408826545865,5404140962808453,-896267863737412,-0.000896,-0.57,-0.142256,145012,145413,635.95,101044368,101055219,4888,1,kol_sell,0x43b232a9a65347ee0c538d5f93e0c22ab2a9fceaa69e87299d0de04c04f3c65a,1,148027,148027,124924
1780031179936163147,fast_tip,H,0x1413f29930ce11aa821c9b142042ad994cf44444,崩老头,14244880595474260,13299092467226541,-945788128247719,-0.000946,-0.60,-0.066395,4651,4845,635.95,101055550,101055599,22,1,kol_sell,0xc71d85ba64ebd9b0eb873df01a7c47f6bbff973c0fe4035eecef0c3dbc837c2c,1,5045,5045,4523
1780032470026121776,fast_tip,A,0x91db835223b4cc9ee186451ddc19904b448f8888,一球成名,128826571260635,0,-128826571260635,-0.000129,-0.08,-1.000000,0,0,636.41,100870389,101058717,138,1,kol_sell,0x695ee0a02b93159f2be54c2ca390ded59ef6e289ed625192b514427369190107,1,37562,37562,0
1780032996077718057,fast_tip,O,0xd7778852592b5b0175e636291bf78319b0ca4444,不良土豆,8546293193532847,6992566439730443,-1553726753802404,-0.001554,-0.99,-0.181801,5493,5722,635.82,101059582,101059605,11,1,kol_sell,0x46ff91debfc29487ff5cee468b2dcccd9abd06f451cd00809d0b144d0e4ebd86,1,5557,5557,4682
1780032996077718057,fast_tip,O,0xd7778852592b5b0175e636291bf78319b0ca4444,不良土豆,2563887958059854,3741477802640513,1177589844580659,0.001178,0.75,0.459298,5493,5722,635.97,101059582,101059753,78,1,kol_sell,0x4e78b129db6d0be981af34b753f3d49e7744f76fa81f0e7aa0d104f7fd3b9bc9,1,10614,10614,8352
1780032996077718057,fast_tip,O,0xd7778852592b5b0175e636291bf78319b0ca4444,不良土豆,5982405235472993,8515748091901552,2533342856428559,0.002533,1.61,0.423466,5493,5722,636.06,101059582,101060631,474,1,kol_sell,0x8cf46815eb04b7270737d3645e873bc8f7ec27e65fe1261cc889aaace2c12767,1,9620,9620,8148
1780033791414220734,fast_tip,O,0x21841dcb7fdc6082990a012fd7b9568f805c4444,图塔克,17308306981786375,17927522885674764,619215903888389,0.000619,0.39,0.035776,4161,4335,637.05,101061348,101061545,89,1,kol_sell,0xbec15b30319ff806c42e4f7912571b806e8786a40fbe5c4d8b09533b83bd72dd,1,4756,4756,4489
1780033893020234519,fast_tip,O,0x56931463868d458ad5563e6d7e7a3935b5d6ffff,B402,17370228572175214,13362821069074015,-4007407503101199,-0.004007,-2.55,-0.230706,6149,6405,637.12,101061573,101061616,20,1,kol_sell,0x8f691c839a07cbf6ab6742f8a648267e134dd5527d8bf21365f8eccaaeea238c,1,5495,5495,4928
1780034179390476317,fast_tip,B,0x19f5cceacf4b31dccb0f68dec857b4e517454444,忧郁土豆,17887839925885057,17344035382296058,-543804543588999,-0.000544,-0.35,-0.030401,9243,9628,637.24,101062209,101062415,94,1,kol_sell,0xd1c998c5c02ffef7ffbacaf3e9254d97803fec369ad6c5ad4724592708052705,1,10251,10251,9335
1780034486731691446,fast_tip,D,0x010349a351480b31ec8c4e6a8b7fc9facb8a4444,4CAT,20995410994161193,49577182820489482,28581771826328289,0.028582,18.22,1.361334,5932,9264,637.47,101062892,101062910,9,1,kol_sell,0xc7501cc3fee4077bd6efb9a9f2fa2ecefad99cfbe36a519f702701d7f9a1a868,1,23220,23220,21876
1780034492793751112,fast_tip,H,0x010349a351480b31ec8c4e6a8b7fc9facb8a4444,4CAT,14150301782649488,9416833806590217,-4733467976059271,-0.004733,-3.02,-0.334514,15986,16652,637.47,101062905,101062926,10,1,kol_sell,0x4f4f81b112a712fa1c18131480801eb993d589039b3377254c7000b5f27363b5,1,12658,12658,11082
1780034486731691446,fast_tip,D,0x010349a351480b31ec8c4e6a8b7fc9facb8a4444,4CAT,10497705497080596,12063687759481888,1565982262401292,0.001566,1.00,0.149174,5932,9264,637.47,101062892,101062946,25,1,kol_sell,0x411c1dccba315222662678020cf968b5c3e80482bd9a0ca867484eb391239e05,1,11955,11955,10646
1780034486731691446,fast_tip,D,0x010349a351480b31ec8c4e6a8b7fc9facb8a4444,4CAT,10497705497080597,5556082681867139,-4941622815213458,-0.004942,-3.15,-0.470734,5932,9264,637.16,101062892,101063072,82,1,kol_sell,0x496118e0d909e34fa45b570e2a2e02b91dd4595541e8805ca4e2ecb890f0a98f,1,5914,5914,4901
1780034649040178983,fast_tip,E,0x5f8b7657df7bc89b06fbfdc49e41f7b121f04444,客服咪,14308619235155302,17372310471887243,3063691236731941,0.003064,1.95,0.214115,12615,13140,637.39,101063251,101063390,63,2,kol_sell,0x10233eeea327ddbea58727e0bea42b69f2820e3028ee6bf51dd117f5d75f1205,1,14920,14920,13676
1780034649040178983,fast_tip,E,0x5f8b7657df7bc89b06fbfdc49e41f7b121f04444,客服咪,10730033564442960,11964986021073393,1234952456630433,0.001235,0.79,0.115093,12615,13140,637.24,101063251,101063481,104,2,kol_sell,0x6c180f6dca351fb193c4202150116f39cb9f46cc91d9a65a5864196898cf0a06,1,13294,13294,12558
1780034695265921677,fast_tip,M,0x5f8b7657df7bc89b06fbfdc49e41f7b121f04444,客服咪,3422621131618813,5118633816908408,1696012685289595,0.001696,1.08,0.495530,11550,12031,637.37,101063354,101063607,114,1,kol_sell,0x0b729cb77a2f45b6d8e4b12a3e67518c7e79fa44017c4545a22c68fb83f75165,1,23225,23225,17992
1780034695265921677,fast_tip,M,0x5f8b7657df7bc89b06fbfdc49e41f7b121f04444,客服咪,3423990453935924,3882873326152424,458882872216500,0.000459,0.29,0.134020,11550,12031,637.36,101063354,101063737,173,1,kol_sell,0xdaba3f548f3672bfc7c43c56205d2193db3a132762903b197057e337ade24542,1,17657,17657,13643
1780034649040178983,fast_tip,E,0x5f8b7657df7bc89b06fbfdc49e41f7b121f04444,客服咪,3578585670712342,3417391769193334,-161193901519008,-0.000161,-0.10,-0.045044,12615,13140,637.45,101063251,101064057,364,2,kol_sell,0x883c65f8c9aa5e26e0be7b575f429c64cf0ed0accc68bbb808d217620a1c0b52,1,13652,13652,10758
1780034580241840762,fast_tip,H,0x5f8b7657df7bc89b06fbfdc49e41f7b121f04444,客服咪,25986214471582766,8936708173661005,-17049506297921761,-0.017050,-10.87,-0.656098,25028,26071,637.80,101063099,101065063,886,2,kol_sell,0x07e9a2df8e9d535d08df28caa4772676a598fdb46bbbea565e05491397fd1ed9,1,7059,7059,5741
1780035647826119555,fast_tip,E,0x026f9ae6dd56f7659d6dcb57fa96248e28c84444,星星人,31686756495225981,51844940246714639,20158183751488658,0.020158,12.86,0.636171,17083,17223,637.79,101065468,101065641,79,5,kol_sell,0x9fae59bb77b213a72c0cbffc81daa70ed4d8d92837380287185d06e785129da9,1,28585,28585,29694
1780035647826119555,fast_tip,E,0x026f9ae6dd56f7659d6dcb57fa96248e28c84444,星星人,23761898695769963,31347849658276077,7585950962506114,0.007586,4.84,0.319249,17083,17223,637.79,101065468,101065682,97,5,kol_sell,0x02778f1a8d1386551c3eaed251ff553feb95dcfffb122834c8fc8a27cf9d09b7,1,25688,25688,23942
1780035647826119555,fast_tip,E,0x026f9ae6dd56f7659d6dcb57fa96248e28c84444,星星人,7924857799456019,9413309638786174,1488451839330155,0.001488,0.95,0.187821,17083,17223,637.82,101065468,101065698,104,5,kol_sell,0x5a6e5ec3556b61a5cdb06f24eeda64b9371b0f5dff844ab73f1da8f32e7b6144,1,24700,24700,21558
1780035757540875344,fast_tip,E,0x1d5bb212942f9d70d2cd4c0680c5e39a06ca4444,TWINKLE,34957545375892580,31677548719637837,-3279996656254743,-0.003280,-2.09,-0.093828,4377,4404,638.21,101065711,101065816,47,2,kol_sell,0x05c177d1dbd5a7d58b943bf8115103f1b3e2105648db615b2b1e345641e5e207,1,4389,4389,4066
1780035602225490578,fast_tip,B,0x74c428df2f148aedbe4c9cbdd23a9007a92c4444,LABUBU,17833459471526157,12328988323859442,-5504471147666715,-0.005504,-3.51,-0.308660,5912,5941,638.21,101065367,101065826,207,1,kol_sell,0x616bb9754c2adf8832fc0fca95d57f9830a1e66a6c44152bf183fb948b31db31,1,5508,5508,4110
1780035919310046380,fast_tip,E,0x026f9ae6dd56f7659d6dcb57fa96248e28c84444,星星人,31066368623511754,29083201741819911,-1983166881691843,-0.001983,-1.27,-0.063836,17175,17891,637.93,101066070,101066143,33,4,kol_sell,0xe94cda3b3addf7a779a3f0028201b2958c12f55d09f317ecbc9150e6c97adff9,1,17798,17798,17017
1780035919310046380,fast_tip,E,0x026f9ae6dd56f7659d6dcb57fa96248e28c84444,星星人,31078797656767810,26022726162046019,-5056071494721791,-0.005056,-3.23,-0.162686,17175,17891,637.93,101066070,101066161,41,4,kol_sell,0x803f3bda734c24f87c84e2bd624b3f681a0de6ea511f0a6019ce8401f9f86804,1,16427,16427,15220
1780036827395878123,fast_tip,B,0x570c80d13a50f316b761e82330fab20e58a14444,古米,17283012356759485,14351332341695577,-2931680015063908,-0.002932,-1.87,-0.169628,5029,5238,637.18,101068086,101069718,736,1,kol_sell,0x8637e09574e9af635cb36b6d6e4232a0148bbe40c68568df37a21d23dffe25f9,1,4830,4830,4351
1780037709589086742,fast_tip,B,0x550f3e18eea0a516da0840a766da6fbb1d9f4444,老登股,16989844355253094,12794448255444093,-4195396099809001,-0.004195,-2.67,-0.246936,5132,5346,637.04,101070046,101070050,3,1,kol_sell,0x1972531eed6f3b28825ec6607258617d3729f9278c930c08f027055f8173c28d,1,4503,4503,4026
1780037739158633609,fast_tip,B,0x9bac8cde172fc262401783b245721d7ad1894444,AImaxxxing,16570304745272194,15221666054142460,-1348638691129734,-0.001349,-0.86,-0.081389,5287,5508,637.20,101070111,101070116,2,1,kol_sell,0x253c546c6267012fe2a5a5c6afae8853d7f49454e95cb6e5a71480b1f623422d,1,5596,5596,5060
1780037732741598656,fast_tip,H,0x59224f4097c0d550d72d9090368a8e7fcd9d4444,幸存者,10774803919726247,11963844409365476,1189040489639229,0.001189,0.76,0.110354,6671,6949,637.20,101070097,101070144,21,1,kol_sell,0xb9b0926a5c1b8a960b3b78065b7c0b09bc291aeb9c9bbedab9e2fbd7c92472d9,1,8672,8672,7718
1780037750340141251,fast_tip,B,0xb059c0c5382a0fbd2b4ad50d2b28f52073554444,幸存者,4108860219039805,2988829688536608,-1120030530503197,-0.001120,-0.71,-0.272589,4605,4797,637.20,101070136,101070154,8,1,kol_sell,0x16bc2435362f8603cd4b9fbcc20c6917c66c21007bd0da3182e7c4909dc4bff3,1,4780,4780,3489
1780037750340141251,fast_tip,B,0xb059c0c5382a0fbd2b4ad50d2b28f52073554444,幸存者,12326580657119416,8516612012965600,-3809968644153816,-0.003810,-2.43,-0.309086,4605,4797,637.20,101070136,101070161,11,1,kol_sell,0x5962309c32f9076eb0b784f2ed28e2a3fcc6c822acef1806a15c4b136497869d,1,3834,3834,3314
1780038934995606532,fast_tip,D,0x0fccf331dad1902238a26d6350ba762fd3064444,MEME-ING,22255717557836999,34440565487450314,12184847929613315,0.012185,7.77,0.547493,5185,7427,637.30,101072764,101072783,9,1,kol_sell,0x91dd8e7b05ce3414c15a9990cf35e68428b42f561f65ec14705f547c313600e1,1,12581,12581,11493
1780038954452450240,fast_tip,O,0xbe547d061c476ccac30f71ab8616e9c7c8254444,meme-ing,13745285135710726,10725264592490508,-3020020543220218,-0.003020,-1.92,-0.219713,4536,4725,637.30,101072807,101072816,4,1,kol_sell,0x10ed395bc878c4bd2bb4187b53fb9bf423de95378c401da599236d150c8de45c,1,4177,4177,3686
1780038934995606532,fast_tip,D,0x0fccf331dad1902238a26d6350ba762fd3064444,MEME-ING,11127858778918499,14682007310153229,3554148531234730,0.003554,2.26,0.319392,5185,7427,637.26,101072764,101072880,52,1,kol_sell,0x3604b2dbe834a39ae5b0890b66aa8764e65cd7bd722547ca6a2e55dd5db466d9,1,10861,10861,9798
1780038945370008900,fast_tip,H,0x2d16d90430e6a2f4fe371694ae953848332f4444,玩梗,4134162174117919,3042057009040113,-1092105165077806,-0.001092,-0.70,-0.264166,4838,5040,637.26,101072787,101072917,59,1,kol_sell,0x6e3a42688126a0f5fdb860a0e7db3135d8a379f0356ee48914a4e104f61d6096,1,5058,5058,3708
1780038934995606532,fast_tip,D,0x0fccf331dad1902238a26d6350ba762fd3064444,MEME-ING,11127858778918500,7088371170469207,-4039487608449293,-0.004039,-2.57,-0.363007,5185,7427,637.31,101072764,101072989,101,1,kol_sell,0x7497332d87630622c1854894b9ea7de05a79a394aad516065d7b0216084c6ab6,1,5582,5582,4731
1780039395984286078,fast_tip,H,0xd6eb3ab8528afb00ad24675e9ab9769edadd4444,帕图,10108542872725164,3248122571745604,-6860420300979560,-0.006860,-4.37,-0.678675,22352,23057,637.31,101073787,101074077,132,1,kol_sell,0x9b1a9b7fb0280d4818350ac86adafe552c2a9b8788bc68e62f5fcc23e2698f53,1,10631,10631,7407
1780039602562334729,fast_tip,G,0xb518bf592c56839fe703fe80d84e5fda5fe34444,开始,7416262074365019,8338620260258978,922358185893959,0.000922,0.59,0.124370,5168,5804,636.71,101074245,101074331,39,1,kol_sell,0xc1093eddaf94eb59a7159b589751a9056ec299057dcb789e8442794b5cd4bcec,1,7332,7332,6524
1780033551151022292,fast_tip,O,0x45229ed2b4d93dc1d960ede973bc9ad1828d4444,躺赢,705447636459736,1338541231488963,633093595029227,0.000633,0.40,0.897435,0,0,635.63,101038915,101075706,6710,1,kol_sell,0x66e3a3ba276ee9e4fbb4e64fc7d757aca47f60cc1c3051f9843af513c91366f8,1,204047,204047,118916
1780033551151033641,fast_tip,O,0x3c57d0728ed4e29d93ab9e51c87087a570294444,hot coin,7860831639716495,5048639490093590,-2812192149622905,-0.002812,-1.79,-0.357747,0,0,635.45,101043739,101075882,6790,1,kol_sell,0x06b7e9282c5340f86116a2ed4e24c48602b108f8cc66fe750d9227fa00ad194f,1,3814,3814,3084
1780039602562334729,fast_tip,G,0xb518bf592c56839fe703fe80d84e5fda5fe34444,开始,7419229172614416,4337401974485930,-3081827198128486,-0.003082,-1.96,-0.415384,5168,5804,635.24,101074245,101077141,1306,1,kol_sell,0x34363d7ea219c591656664e5933503136290b47881b0c165f3ccd18bfe43e0dd,1,4293,4293,3384
1780033551151034371,fast_tip,M,0xb15c87115ad5ba15add8a0c089fe1fdd38fb4444,巴别塔,1035124987368738,869329574741149,-165795412627589,-0.000166,-0.11,-0.160169,0,0,635.58,101050927,101077937,7715,1,kol_sell,0x2dce18c8e81754add339890d3473f22a40d5c4dd04b547a6de4f2fe5c0ad5ecf,1,61486,61486,29746
1780041625833993995,fast_tip,D,0xc67e1eae2751ae5dfc0dd71dc7d77842402b4444,明真侠,22840693000456936,20477385912982823,-2363307087474113,-0.002363,-1.50,-0.103469,5428,7657,636.45,101078735,101078809,34,1,kol_sell,0x933c4e6a4180a2da6aa80c4e93f5ce0e1be438e96aca98e53c57ea9e7417a971,1,7929,7929,6868
1780033551151032921,fast_tip,M,0x62896aa1576d6ad45989d0b7b06af9d3a9fb4444,CatGPT,2836294612706723,1577373086768173,-1258921525938550,-0.001259,-0.80,-0.443861,0,0,637.16,100898327,101078976,8184,1,kol_sell,0x3a11ed36814161b29977ce50ed4c8179ace02db3b7819f6eff1fde4bc0ffd388,1,3992,3992,2486
1780033551151036521,fast_tip,M,0xd3651e5555887014f6091c87d7aa725b62f34444,币安猫,3654064083366875,2010403059580489,-1643661023786386,-0.001644,-1.05,-0.449817,0,0,637.16,100883917,101078994,8192,1,kol_sell,0x140d55de3d7266572d4d8c4436cf0445cba9fcbb495ce80b5bbced720590b874,1,3689,3689,2412
1780043530705330087,fast_tip,O,0x5f26440050e444c9864d13e4ec804c9f940d4444,背手负鸡,14082001153546960,9307548406133214,-4774452747413746,-0.004774,-3.04,-0.339046,4746,5348,636.60,101082960,101082999,18,1,kol_sell,0x253ad25d7a0a1c37c2e16419c795b434d9595464748607ab9367cf7d62f79948,1,4055,4055,3535
1780043302241977665,fast_tip,O,0x45229ed2b4d93dc1d960ede973bc9ad1828d4444,躺赢,634902872813762,2012799258062306,1377896385248544,0.001378,0.88,2.170248,0,0,636.03,101038915,101083100,291,1,kol_sell,0x2b28301d6f686f092db1783e5abcdd7b9b9566b37f983111dedcc42d1b7f2949,1,294045,294045,198810
1780043302241977665,fast_tip,O,0x45229ed2b4d93dc1d960ede973bc9ad1828d4444,躺赢,571412585532386,1700997347504387,1129584761972001,0.001130,0.72,1.976829,0,0,636.03,101038915,101083107,294,1,kol_sell,0x379a8edf7e0eaf3b46509fc621092cfcc53744e579fad97080155103b1fb2a6c,1,292522,292522,186680
1780045231246521966,fast_tip,D,0x5ec895c3ad36e883d17fe1c1d8c596d201834444,meme交易锦标赛,43160985992120768,23106102715001066,-20054883277119702,-0.020055,-12.76,-0.464653,4389,7088,636.01,101086735,101086805,32,1,kol_sell,0xd6e283a4c208cbd0c5b511c8b1b830c06262180e7712242809449c5e5aafcc03,1,4114,4114,3795
1780045744789508357,fast_tip,O,0xfce62c8bd060b41a52fe3144573e9e5768d24444,来都来了,13975935539362254,13728060062009370,-247875477352884,-0.000248,-0.16,-0.017736,124929,125299,636.79,101087875,101087961,39,1,kol_sell,0xa48105db12c1542ed18de64ce45857ad8700ca840cc71c1af6598d3c0fc64746,1,132325,132325,123122
1780043302241966405,fast_tip,A,0x91db835223b4cc9ee186451ddc19904b448f8888,一球成名,515306285042541,54719218490740,-460587066551801,-0.000461,-0.29,-0.893812,0,0,638.11,100870389,101091977,4292,1,kol_sell,0xa0be040da35c104f252787147f3a4535dd2194226a533f55c7d2c95f7347aa41,1,32000,32000,1689
1780048158863251697,fast_tip,D,0x79b068920124be6beb3c1256a76d25d84b1c4444,央宝,18635504462558964,19107218884613089,471714422054125,0.000472,0.30,0.025313,5944,9037,638.73,101093233,101093269,17,1,kol_sell,0x2e5564fef6e8ff5bd404e4476e7be93b187a5fe9273b80e9081905a96d69fe3f,1,9992,9992,9266
1780048158863251697,fast_tip,D,0x79b068920124be6beb3c1256a76d25d84b1c4444,央宝,6147852922198202,10333004896310782,4185151974112580,0.004185,2.67,0.680750,5944,9037,638.69,101093233,101093326,42,1,kol_sell,0x2cac32859b874c2c6ecb10fb28f7dd41ed46e476bdd392f92d1d2642ccfee5f2,1,17259,17259,15188
1780043302241990404,fast_tip,A,0x782dc29289a1754a7b9bfc809e8b136e5b854444,大表哥,716060316106218,0,-716060316106218,-0.000716,-0.46,-1.000000,0,0,638.56,100908856,101093580,5013,1,kol_sell,0x83653afc158e41ba3504ff2bfd157fa423100134d8089e8ab95415e11502c217,1,52226,52226,0
1780048200684434064,fast_tip,O,0xa96eac0bfac85fe8e18090f4301ceba3d5534444,HERMES,13951147991626966,10801541312273190,-3149606679353776,-0.003150,-2.01,-0.225760,4459,4645,638.68,101093326,101093694,167,1,kol_sell,0x390f40811d2ac851a17a4d2b505184f5c28d95daf54f951a85014791b860e697,1,4072,4072,3596
1780048634076455845,fast_tip,O,0x8dcf6b92efbf95d2b6053ce736a5aa92d45c4444,指数级增长,9833054679114004,9872457475173065,39402796059061,0.000039,0.03,0.004007,4875,5290,639.22,101094289,101094294,3,1,kol_sell,0x16f9eb715384733a0ad476a046b5f8fa24fa6436d4492b17e5788a842e928856,1,6164,6164,5311
1780048649071550311,fast_tip,O,0x95c91c3850fd95c28f5a3a2b2f5ff460dd9d4444,Cryptomaxxing,13259814338839736,10612432936424101,-2647381402415635,-0.002647,-1.69,-0.199654,8463,8816,639.22,101094322,101094329,3,1,kol_sell,0x9af9f1b4376c9aef73411439b7c0211f6cd10592b7cd00e0bf1fccfea649879c,1,7999,7999,7055
1780048634076455845,fast_tip,O,0x8dcf6b92efbf95d2b6053ce736a5aa92d45c4444,指数级增长,3803132644577584,2496469927982778,-1306662716594806,-0.001307,-0.84,-0.343575,4875,5290,639.22,101094289,101094340,23,1,kol_sell,0xc86a40afb08de92677e1b6677cde1b2fc3d23c513b3d7f949b1e8c8dd098ea43,1,4977,4977,3473
1780048710319341992,fast_tip,O,0x783a314bdeb191391fdb2e0b0d6767669ba04444,crypto²,13244723191396450,10991707773096979,-2253015418299471,-0.002253,-1.44,-0.170107,8977,9351,639.17,101094458,101094465,3,1,kol_sell,0x6f209ab318c0df93a8ec57e8f202b97ed3442430bbee5a487bfe55e267521213,1,8774,8774,7760
1780043302241989095,fast_tip,O,0x91db835223b4cc9ee186451ddc19904b448f8888,一球成名,9229447611116488,7447148565684126,-1782299045432362,-0.001782,-1.14,-0.193110,0,0,639.75,101047677,101095354,5813,1,kol_sell,0xf06d7fbc0cef352cf6261c7ff0c5f99ba726ec9b1cf19906941ebeccab327590,1,34619,34619,29517
1780043302241977665,fast_tip,O,0x45229ed2b4d93dc1d960ede973bc9ad1828d4444,躺赢,1028028382631316,2294999009050672,1266970626419356,0.001267,0.81,1.232428,0,0,639.61,101038915,101097313,6694,1,kol_sell,0x75b96ac394ed79d0baab5bfdc6a7b1dc9ee05db044b3f3ec6d7de48835cfa12d,1,200181,200181,140786
1780043302241992454,fast_tip,O,0x45d89b2f5ef959a1bff96668b9ccce1e13ff4444,光源,156521441759011,1493825199933030,1337303758174019,0.001337,0.86,8.543901,0,0,639.61,100865552,101097330,6702,1,kol_sell,0x309a373cd7d9425f4ef5fd072163cab65c7d811adecf2af0118f31b910b605d3,1,1509677,1509677,921429
1780050103255808002,fast_tip,O,0xfc48114ffa1c70e2c2a11174096bc03c412a4444,C酱,14143018927033286,8630835776215399,-5512183150817887,-0.005512,-3.53,-0.389746,6633,7165,639.79,101097550,101097567,8,1,kol_sell,0x7c20ba8c04f2e87f415495656c91ca0d7f98209487230cc9e8b3f409474aeba4,1,5769,5769,4372
1780053457904369853,fast_tip,N,0x6b2a14dfceed116af281a85ef00110775e5d4444,100,39243298535157314,32605336740267244,-6637961794890070,-0.006638,-4.24,-0.169149,4949,5155,638.10,101104995,101105059,30,2,kol_sell,0x6c42458a4a41bce921ca1557082cbff07e129d74450739fb4ae755f8441a0108,1,4237,4237,3953
1780055613706579076,fast_tip,O,0x50cd2a240e4f8992b06ebc907d7e0a3b84934444,TGIF,13591800611951497,8034030330349829,-5557770281601668,-0.005558,-3.53,-0.408906,3909,3930,634.85,101109780,101109795,7,1,kol_sell,0xf06043201d7947c1dceea3c10d91c2c613516c3b9e7b564fe7a14b63004aa841,1,3037,3037,2323
1780051271578143729,fast_tip,M,0xb15c87115ad5ba15add8a0c089fe1fdd38fb4444,巴别塔,2134983373317784,2982805184743897,847821811426113,0.000848,0.54,0.397109,0,0,635.37,101050927,101111707,5210,1,kol_sell,0xb53a087b0513851aa92850c0dfd9ba0e0ff93e31d51ea86eee9b6c4e7321172f,1,103684,103684,75744
1780056686244409740,fast_tip,N,0x9c3e837f8ae028ccb7220e0d91153922e323ffff,ELFIE,19990571470593790,16726278047572536,-3264293423021254,-0.003264,-2.08,-0.163292,3929,4092,635.67,101112161,101112202,19,1,kol_sell,0x1855cd93717e1543ce5ff845316793b2e8bf0c8b7918aba7a1c040c1c72ab584,1,3768,3768,3424
1780051271578143729,fast_tip,M,0xb15c87115ad5ba15add8a0c089fe1fdd38fb4444,巴别塔,3364573262356436,7334177216271997,3969603953915561,0.003970,2.52,1.179824,104436,104727,634.91,101050927,101115255,6808,2,kol_sell,0xd742b99d80ed0fb14dd22c98e7d1c180262cf9cd5462c00c0236041fb69b4dee,1,178316,178316,158026
1780058912794625111,fast_tip,O,0x889f30b413a5636d178c8e46e2efa84c80884444,x币,6575370295664347,11319657317716019,4744287022051672,0.004744,3.01,0.721524,17158,17873,634.82,101117104,101117129,12,1,kol_sell,0x82d92e3d56c941d39940b0a330d74c90e403fa9d4883662cf731a4b2dbc235a5,1,34726,34726,30768
1780058930936349280,fast_tip,N,0xcfb6bd3e6900179bf7bf139a1dc88a1f5ac44444,傻币,9832071064145832,8067597337114916,-1764473727030916,-0.001764,-1.12,-0.179461,4971,5178,634.82,101117144,101117163,8,1,kol_sell,0x0540cc6a99381506be8b3f051814175b1ad64389d6c21fc3e487bd0044168edd,1,4945,4945,4249
1780058930936349280,fast_tip,N,0xcfb6bd3e6900179bf7bf139a1dc88a1f5ac44444,傻币,9832071064145832,6301379989762006,-3530691074383826,-0.003531,-2.24,-0.359099,4971,5178,634.82,101117144,101117182,17,1,kol_sell,0x545687c3cbcf2baf3c2db085e4a83b74aaeeec2f1003b25bab1a6a8b593553b7,1,3976,3976,3319
1780059028857350422,fast_tip,O,0xf3edd69ac26d7b05da85ce7f6020d5f677914444,x币,12864386957183799,9501663766058576,-3362723191125223,-0.003363,-2.14,-0.261398,33079,35017,635.08,101117362,101117489,58,1,kol_sell,0x979ef50d26aa0fb7b9530165bbba2f3b2e44711c0ae7bae025c6cb329c726dfa,1,28397,28397,25884
1780059034941249696,fast_tip,L,0x756c95ccf671888fd86d7a8356b57891f12e4444,你x币,18510361073737822,12662127319433660,-5848233754304162,-0.005848,-3.71,-0.315944,5130,5344,635.08,101117375,101117499,56,1,kol_sell,0x37df6704523adaa383ac76ec5bf5b103aa3466f7dd0c51874c58c3797eed64d3,1,4095,4095,3658
1780058912794625111,fast_tip,O,0x889f30b413a5636d178c8e46e2efa84c80884444,x币,6460653288126984,6745120850731114,284467562604130,0.000284,0.18,0.044031,17158,17873,635.20,101117104,101117569,209,1,kol_sell,0x3dc30db28b988fc11cc2f9001f090c57b438e6c68c90d152d89b19eb5cc789bd,1,22172,22172,18671
1780059312689017897,fast_tip,O,0x889f30b413a5636d178c8e46e2efa84c80884444,x币,3960788016943316,5468605791550144,1507817774606828,0.001508,0.96,0.380686,38904,40525,635.19,101117992,101118147,70,1,kol_sell,0xa7ba8aed77992e15d1b1362211aafbf58ea4b5df15a4291d0d9b086352cb1c14,1,67434,67434,55925
1780051271578165519,fast_tip,G,0xb2639d06e06504ed34d5992ae74e9e7415714444,影獒,7922368332085524,5013547355464145,-2908820976621379,-0.002909,-1.85,-0.367166,0,0,635.05,101048854,101118327,8193,1,kol_sell,0xc14b8463aaedae2c8054c4789825df285627fd82573f55fefc5aa9eb22d99a48,1,3867,3867,3123
1780059312689017897,fast_tip,O,0x889f30b413a5636d178c8e46e2efa84c80884444,x币,924183870620107,996661358560740,72477487940633,0.000072,0.05,0.078423,38904,40525,635.05,101117992,101118639,291,1,kol_sell,0xa65e3bad1e1f6cfc60724ca6470f47c7dfd45f4f0c1a789455113e01a3a121e8,1,78733,78733,43672
1780059645966024048,fast_tip,B,0x17f92df7613b054242327cd63fbc967fc1df4444,撸狗,3984015995577510,2778937043183631,-1205078952393879,-0.001205,-0.76,-0.302478,4751,4949,634.81,101118732,101118737,3,1,kol_sell,0x8f1b441164d9f9a1df37548fa0cf2d39596b5a6698d6bed41a8b72bd09052986,1,4819,4819,3452
1780059645966024048,fast_tip,B,0x17f92df7613b054242327cd63fbc967fc1df4444,撸狗,11958424963116010,9203979467172153,-2754445495943857,-0.002754,-1.75,-0.230335,4751,4949,634.81,101118732,101118743,5,1,kol_sell,0xeb951699f9dc361e2e1e083f84f83f9fa78e6d9561be39a24c2cf140ecf89c1f,1,4375,4375,3809
1780059312689017897,fast_tip,O,0x889f30b413a5636d178c8e46e2efa84c80884444,x币,8317654835580965,9560223458212650,1242568622631685,0.001243,0.79,0.149389,38904,40525,634.68,101117992,101118885,402,1,kol_sell,0xa823f21cfe5d12c5943902495f22b8752b13c9ffbdd9b79ffd7b60ef903b28e4,1,50255,50255,46518
1780060152057342042,fast_tip,O,0x5c740ab5db186cfdeb2c2e1379a1710551984444,eMeme,10104245394568563,11141725326497744,1037479931929181,0.001037,0.66,0.102678,9858,10269,634.50,101119855,101119872,7,1,kol_sell,0x7e19cda4a6c55feb559b57cb0abbd7b7fd2edd6458bbd99a2ae11acc09462b58,1,12796,12796,11323
1780060152057342042,fast_tip,O,0x5c740ab5db186cfdeb2c2e1379a1710551984444,eMeme,3380667717093740,2433474518628646,-947193198465094,-0.000947,-0.60,-0.280179,9858,10269,634.50,101119855,101119909,25,1,kol_sell,0x186685ccc98472e81d11bb30a99e8aa795b4998fce6c632dc24c68c9fbc7272c,1,10692,10692,7392
1780060201866737069,fast_tip,N,0x5c740ab5db186cfdeb2c2e1379a1710551984444,eMeme,4781742949472732,5754275716682106,972532767209374,0.000973,0.62,0.203385,17267,17987,634.66,101119966,101120015,22,1,kol_sell,0x4ce7f7739d42c71f177513644b90606f492ae1d154f8a435f63f9500e5f2eda2,1,26250,26250,21644
1780060201866737069,fast_tip,N,0x5c740ab5db186cfdeb2c2e1379a1710551984444,eMeme,9699678127766226,10258251939835542,558573812069316,0.000559,0.35,0.057587,17267,17987,634.66,101119966,101120045,36,1,kol_sell,0x42df18d738bf340a5724d6c3d7fafcdd433410454bc6885710c2538d88b47c3f,1,21641,21641,19022
1780060230119347327,fast_tip,O,0x5c740ab5db186cfdeb2c2e1379a1710551984444,eMeme,13493941785008712,9435580492199123,-4058361292809589,-0.004058,-2.58,-0.300754,23336,24308,634.66,101120029,101120051,10,1,kol_sell,0xa459012a284f9f8950d31e7f2e6d809b1bc517861affe274d819b8c62995f608,1,19480,19480,16998
1780060201866737069,fast_tip,N,0x5c740ab5db186cfdeb2c2e1379a1710551984444,eMeme,4653204570911232,5161537176659929,508332605748697,0.000508,0.32,0.109244,17267,17987,634.44,101119966,101120205,108,1,kol_sell,0x782e642a55d76481b1f6198d45990161f514d7a4f397eb0a631c21ddb66b545d,1,24664,24664,19944
1780060570354556944,fast_tip,O,0xa165f53877d5bf146f5cc755a1693c2c00c74444,美股,13088105655727753,16002348358137245,2914242702409492,0.002914,1.85,0.222663,11228,11696,634.32,101120784,101120795,5,1,kol_sell,0x5abb99542cc8f3bf0818afe4b47162ea8937675a8e77ef4e27e9466b0d34ca95,1,12692,12692,14300
1780060588802598317,fast_tip,O,0xf671ab348b38357595b282dd49a07f5bffee4444,美股,8235100669433736,10480178716592124,2245078047158388,0.002245,1.42,0.272623,13442,13196,634.38,101120825,101120839,6,1,kol_sell,0xbcab54b5c728ba2b786bfdd54dca97153ce487547517ad67c8de1a680bb4780c,1,19072,19072,16794
1780060588802598317,fast_tip,O,0xf671ab348b38357595b282dd49a07f5bffee4444,美股,5144429256534966,2216391225208730,-2928038031326236,-0.002928,-1.86,-0.569167,13442,13196,634.38,101120825,101120877,24,1,kol_sell,0xeaa51dd68e2ad26a0700304d5c07bd367bd09830d35a69fd94e33c5de4131513,1,8450,8450,5685
1780060948741609032,fast_tip,N,0x78c62eb6f768f4d45d02e3169efaef241b454444,既来择安,19338569566652929,16174167803950224,-3164401762702705,-0.003164,-2.01,-0.163632,4114,4285,634.38,101121624,101121633,5,1,kol_sell,0xd349777d0fc4a92958235bd164c3c943d573b0a0d6ebc1cbeb862b011c9a2f7c,1,3952,3952,3584
1780051271578162179,fast_tip,L,0x0d0b99a93f7a6d4cd5bfd1d5e61cea293b254444,星星人,20567067859708691,12153968087771618,-8413099771937073,-0.008413,-5.33,-0.409057,0,0,633.98,101081617,101121918,9810,1,kol_sell,0x53e7727630f1de433b023f088439e7ed8adb043cc25b02d8abb56dd8b248eaa6,1,28804,28804,25456
1780061090025107947,fast_tip,O,0x3c8967c5c9dd87cc91565fd7032a9f1aff297777,RATS,8484314280743041,0,-8484314280743041,-0.008484,-5.38,-1.000000,4198,4678,633.98,101121937,101121968,15,1,kol_sell,0x5a92e1de4a6cc8b1709acfa5968b522e1ccc583607208ecf1a70b29ad17d1854,1,55,55,0
1780061090025107947,fast_tip,O,0x3c8967c5c9dd87cc91565fd7032a9f1aff297777,RATS,3495796254053685,0,-3495796254053685,-0.003496,-2.22,-1.000000,4198,4678,633.97,101121937,101122032,43,1,kol_sell,0x69c7b5e36d9392f781014ef81b5b592d42e086ba5b72d73944e3a6be90b9a0bc,1,38,38,0
1780061307347782805,fast_tip,N,0xdd37e165ebcd37d527b11d68e4cdb1f914f94444,平安苹果,19022129390382658,16149704037156544,-2872425353226114,-0.002872,-1.82,-0.151004,3892,4054,634.42,101122419,101122502,38,1,kol_sell,0x64456290e93a3f3c38e3039f3284b69e1cfb33f028ae79dcc2df2d2802d9b30a,1,3796,3796,3442
1780061422022552683,fast_tip,O,0x55f569805802fd726667674f1155c06403ae4444,WHYCAT,10782099481317053,8346085768301140,-2436013713015913,-0.002436,-1.54,-0.225931,4129,4555,634.12,101122674,101122738,30,1,kol_sell,0x2f2caef550090d9b8aee51c0f74594cc614a6b0a73ca2213895d4b83b1c4a879,1,4088,4088,3524
1780061496685942673,fast_tip,O,0xf93d30b7d67943cb67d5440b1e5c8d8ffe884444,一个应用，无限可能,6709861746646844,8405530681530922,1695668934884078,0.001696,1.08,0.252713,14947,15570,634.03,101122838,101122868,13,1,kol_sell,0x9bf9f3c27bc8ef9b32e2259882a3d6b7e6f63b29f9add4451d1f6e51a85dcd8f,1,22604,22604,19504
1780061513400699274,fast_tip,O,0xe5b590f987e8acbad285c9b21801eaf6a2cc4444,1,6249844387546189,9414051175546555,3164206788000366,0.003164,2.01,0.506286,14239,14832,634.03,101122875,101122888,6,1,kol_sell,0xf134d7966e977eff0d780b7e303a734cdaf3711b8c3471a408f1e201c7418a2a,1,25612,25612,22342
1780061496685942673,fast_tip,O,0xf93d30b7d67943cb67d5440b1e5c8d8ffe884444,一个应用，无限可能,3828636363368618,425050469620265,-3403585893748353,-0.003404,-2.16,-0.888981,14947,15570,634.02,101122838,101122899,28,1,kol_sell,0xa8ee2714e811f2ad6ce4e209c3f75bcd0e36f6ef29172ebe99a15556a786ef54,1,5809,5809,1728
1780061513400699274,fast_tip,O,0xe5b590f987e8acbad285c9b21801eaf6a2cc4444,1,4075356979620819,2245157515433050,-1830199464187769,-0.001830,-1.16,-0.449089,14239,14832,633.52,101122875,101123143,123,1,kol_sell,0x3c6b58c87ca4c5df6b5f36711257c1c2b904b84c732dfd2a7cfa07704193d8b7,1,11276,11276,8165
1780061534559010993,fast_tip,K,0xe5b590f987e8acbad285c9b21801eaf6a2cc4444,1,58989559952116232,35187160964623359,-23802398987492873,-0.023802,-15.08,-0.403502,16969,23951,633.52,101122922,101123232,140,2,kol_sell,0xe700687e60722273e000185db93e2556184af1d08f31a2c8007027c3f99e9b3c,1,11334,11334,10595
1780061023712396034,fast_tip,O,0x5c740ab5db186cfdeb2c2e1379a1710551984444,eMeme,13311233927551917,10815649864080427,-2495584063471490,-0.002496,-1.58,-0.187480,187736,188281,633.93,101121790,101123417,734,1,kol_sell,0x05cf8523dcaf72033027dc0eae4cb3eecd47c7ec60bf00e5f53bbbf28519ca27,1,162539,162539,152931
1780062194362293469,fast_tip,O,0xe8ec31c2dccd469bec4a0dfcb3d9f560fd4a4444,VBNB,11582672132918337,6955172050892696,-4627500082025641,-0.004628,-2.94,-0.399519,88993,89254,634.50,101124386,101124406,9,1,kol_sell,0x4c40ebe86cd2d8dc476d3c2fb70ee5f6578a14df665fef4495a09abc0a34ef87,1,57216,57216,53595
1780062198831516263,fast_tip,H,0xe8ec31c2dccd469bec4a0dfcb3d9f560fd4a4444,VBNB,8480250758364487,8714218933670232,233968175305745,0.000234,0.15,0.027590,69878,70078,634.50,101124396,101124426,13,1,kol_sell,0xe59f7d38092f5bf5ca42a554e97297fe1a08b566509b3f85561f29bbb0400c69,1,72586,72586,72011
1780062216049038551,fast_tip,N,0xe2c7891b1bde798fcf0612a0d7c8c890f6164444,$VBNB,4681848225079505,2444091897091125,-2237756327988380,-0.002238,-1.42,-0.477964,5250,5469,634.50,101124434,101124436,2,1,kol_sell,0x62b4c3cb575fcea34cc43047ed26fa173e1a22b00e7a16d24845cc65c0003df6,1,4124,4124,2855
1780062216049038551,fast_tip,N,0xe2c7891b1bde798fcf0612a0d7c8c890f6164444,$VBNB,14053038629980542,13422833784918258,-630204845062284,-0.000630,-0.40,-0.044845,5250,5469,634.90,101124434,101124509,34,1,kol_sell,0x14f0c8d54ed849f5208f1633e8faa45cd7aee6b21b6e311c4f1a06f776229ae3,1,5828,5828,5227
1780051271578165169,fast_tip,H,0x2d16d90430e6a2f4fe371694ae953848332f4444,玩梗,6759545794572251,5513104495569238,-1246441299003013,-0.001246,-0.79,-0.184397,0,0,634.51,101072787,101126011,11658,1,kol_sell,0x8f8d64544eedd13a1d8229e7d91c0152df42f011b6eb9b1c0d7392331ba8d6f6,1,4994,4994,4092
1780063158490229692,fast_tip,D,0x2390ac827201388d439327e2c55f754b505c4444,卷王,20119444828459165,31594967123859858,11475522295400693,0.011476,7.29,0.570370,7228,7529,634.89,101126521,101126609,40,1,kol_sell,0x7e69c9fedd78b3c05bb3f1516031f7363d64e40169760af14b5c9ed14f616936,1,12681,12681,11820
1780063251125109685,fast_tip,O,0x3d934e20b90fe2697d5e368f2421daac5ddd4444,HAY,7823977206950017,9288412617333424,1464435410383407,0.001464,0.93,0.187173,6174,6431,634.70,101126726,101126735,5,1,kol_sell,0xe971257d43fdc0db6beefa860d69b225845240d4556e8df40f2fa9bc1ad31a06,1,8732,8732,7635
1780063251125109685,fast_tip,O,0x3d934e20b90fe2697d5e368f2421daac5ddd4444,HAY,3295944917765755,1608422789542273,-1687522128223482,-0.001688,-1.07,-0.511999,6174,6431,635.03,101126726,101126764,17,1,kol_sell,0x38feeb79b355825c814fb776846fe0e54d91d155dfb7a762bbb9eb635225ea33,1,5192,5192,3140
1780063265159891595,fast_tip,N,0xa52a8fda22a1d0d2bc9b1c051a7bed7ca3014444,币草,18448090737754981,15386815042168211,-3061275695586770,-0.003061,-1.94,-0.165940,3896,4058,635.03,101126757,101126769,5,1,kol_sell,0x0c35150327d9f23a598e4312247beb6bc43f826cb652eb383b86a39ed4458167,1,3742,3742,3385
1780064392787931655,fast_tip,H,0x5c740ab5db186cfdeb2c2e1379a1710551984444,eMeme,1810991605090397,566712275521312,-1244279329569085,-0.001244,-0.79,-0.687071,328481,329368,634.28,101129259,101129350,41,1,kol_sell,0x60360c5f9edcb474c0e135ae6faf5a9b6788ef31155d9910d543f9e4a50ccdc2,1,285168,285168,103127
1780064392787931655,fast_tip,H,0x5c740ab5db186cfdeb2c2e1379a1710551984444,eMeme,7243966420361588,5139290396788863,-2104676023572725,-0.002105,-1.33,-0.290542,328481,329368,634.28,101129259,101129357,44,1,kol_sell,0xabb8b4e27aadb2611df4967909ea0f7af677b7aa345aca470a3409193960df93,1,280928,280928,233805
1780051271578152519,fast_tip,G,0x45d89b2f5ef959a1bff96668b9ccce1e13ff4444,光源,4587716139693020,2447430319347055,-2140285820345965,-0.002140,-1.35,-0.466525,0,0,632.92,100901155,101129719,13328,1,kol_sell,0x06549cea187757f7c9684e539e5533aea27951cce9757f04fab9f90b3243b0d0,1,839544,839544,603745
1780051271578162899,fast_tip,G,0x42515c9e282fd81f8bad412d611b8b609ac14444,灯塔,4128944525723718,1983332485054192,-2145612040669526,-0.002146,-1.36,-0.519651,0,0,632.88,100905027,101129740,13339,1,kol_sell,0x0802e356d40960b61d667f54a58030c42d858781743303003d50548c7b7b653c,1,5066,5066,3291
1780064888637023205,fast_tip,O,0xe5b590f987e8acbad285c9b21801eaf6a2cc4444,1,2996355632291576,3871944014275115,875588381983539,0.000876,0.55,0.292218,30470,32145,631.52,101130359,101130848,221,1,kol_sell,0x62bd576c320d9f400739d38ecb09d87694b0776d08e7fbe68ff9fed047a53e82,1,52015,52015,41589
1780065018741200839,fast_tip,G,0xe5b590f987e8acbad285c9b21801eaf6a2cc4444,1,14051885453612282,4946862059542954,-9105023394069328,-0.009105,-5.78,-0.647957,43800,46831,634.50,101130647,101133615,1338,1,kol_sell,0x058903fd2f4631ef0431c6397ab7a413191e9f604f630f575b7a5267d755c608,1,20148,20148,16547
1780051271578143729,fast_tip,M,0xb15c87115ad5ba15add8a0c089fe1fdd38fb4444,巴别塔,2523766404093562,7728772876228740,5205006472135178,0.005205,3.32,2.062396,104436,104727,637.22,101050927,101137178,16691,2,kol_sell,0x1d27e06470a8a823cc43e906ba3ec064b118b6de92a593a73804d53a4b35a8d5,1,252847,252847,222814
1780068078868488472,fast_tip,O,0x0f686334f9e81a34de4cdf3941a686f249884444,币安美股,4688130649151120,4410027553430458,-278103095720662,-0.000278,-0.18,-0.059321,4401,5107,637.53,101137436,101137510,34,1,kol_sell,0x09807c17bbd662938833e747d09937fdebb684fb750e73cb6de6af81e0236c2c,1,6198,6198,4806
1780068078868488472,fast_tip,O,0x0f686334f9e81a34de4cdf3941a686f249884444,币安美股,1406439194745336,1712386264680890,305947069935554,0.000306,0.20,0.217533,4401,5107,637.48,101137436,101137697,118,1,kol_sell,0x1384384d15a77457638e74fb0117855f6a21a815bcb38a248015e19c9bb81a43,1,9526,9526,6220
1780068418145954080,fast_tip,O,0xfcc5e592b9ebfb7ad16c9417386b396d358865d4,STONKS,4525438275141576,3164444697174760,-1360993577966816,-0.001361,-0.87,-0.300743,0,0,636.86,101138189,101138241,23,1,kol_sell,0x86557d7f8428009cbfff2929907cef8f58573dac7627436d85ee42bfa676b60e,1,5179,5179,3753
1780051271578142259,fast_tip,H,0xe9ae476fb895c08ccc592ca8566c99d4894e4444,月薪喵,7541732735342940,7761349651978927,219616916635987,0.000220,0.14,0.029120,0,0,639.11,100944917,101138488,17282,1,kol_sell,0xf49d36387ed5ff0cc33cb8e288074df59f850665ad44c971d4d9231675fbe25e,1,13216,13216,11318
1780068780263851979,fast_tip,O,0xf649031dfeb7cc79f6a5f119b50bd4cd0e394444,币安美股,3808005014237540,2945730593963498,-862274420274042,-0.000862,-0.55,-0.226437,5233,6330,640.61,101138992,101139045,24,1,kol_sell,0x802c8005eab6020e7a1a6979a357b0105c2b2dc76f7119af67c7316db3648395,1,6808,6808,4897
1780069469014249967,fast_tip,H,0xbffab7f9226c7aa95f671a875cbb281c32b24444,美股七巨头,8624191206321917,3387649228891832,-5236541977430085,-0.005237,-3.35,-0.607192,9383,11153,639.15,101140521,101140649,59,1,kol_sell,0x52092f6098143ad81858f599c11f8c6d10c9ef761a9ca50c2daaf5101a745e85,1,5828,5828,4381
1780070420865663574,fast_tip,O,0xe42fe2c48cd9fbcba20f12c75518a7cf1a734444,BGPT,3574491042511961,1959639540073549,-1614851502438412,-0.001615,-1.03,-0.451771,6833,7690,638.82,101142633,101142658,12,1,kol_sell,0xd5c8fe132712546efd0b9be973b2bec5dd48ea3e3474162ec83a9926674e7989,1,6610,6610,4216
1780072582302337705,fast_tip,N,0xdec5b13fbbe7239c96ba18b9160b774ea5374444,币安证券,18141963168196304,15700072046142686,-2441891122053618,-0.002442,-1.57,-0.134599,4222,4398,641.66,101147430,101157800,4671,1,kol_sell,0xc179586bea11b73ba54d633d29f8dfcabe14e2603944fb2ce62c4ba02bd886b6,1,4205,4205,3810
1780077805797266088,fast_tip,M,0x31071b2b08a8056db99e04a253cae54280124444,BTC,10881449432279916,9010332500456274,-1871116931823642,-0.001871,-1.20,-0.171955,33707,35455,641.37,101159029,101159256,103,2,kol_sell,0xca91b74da3c6e1b1aaa023d5135570163e0f4cea5ac7d68777bfc6a6a09d70a9,1,30438,30438,26137
1780078024915732130,fast_tip,M,0x31071b2b08a8056db99e04a253cae54280124444,BTC,1384437742150964,597916797524680,-786520944626284,-0.000787,-0.50,-0.568116,19153,22358,641.68,101159515,101159745,104,1,kol_sell,0xe1e49481966a5010559b028ca177ab4c0707b15c21516acf54c4ff41e36f2323,1,24913,24913,9661
1780078024915732130,fast_tip,M,0x31071b2b08a8056db99e04a253cae54280124444,BTC,1038466750387438,171071910103153,-867394840284285,-0.000867,-0.56,-0.835265,19153,22358,641.84,101159515,101159887,168,1,kol_sell,0x488f099feeae6b8d12b87e83c33b34018213660f344965df891b8b27bffa81de,1,23808,23808,3686
1780078584656804015,fast_tip,N,0x6cadd55862f3896f0773180c1c8b7e9a05a2ffff,RSF,14060491298386484,14177558744923746,117067446537262,0.000117,0.08,0.008326,5927,6174,641.61,101160758,101160787,14,1,kol_sell,0x64e071e9971c03d6afd3e496f63ba3e2debb193a284ec9f8014973de017153ea,1,6913,6913,6226
1780078518747728138,fast_tip,B,0x6564440b4b0e7011c03520aceacbd5757f42ffff,RSF,15546488513859746,13762667316828710,-1783821197031036,-0.001784,-1.14,-0.114741,19149,19946,641.57,101160612,101160835,101,1,kol_sell,0x0595a15b819cbd14272d298ed606fb095de16a328b87c229c0dce2c78ec7d111,1,19638,19638,17653
1780078584656804015,fast_tip,N,0x6cadd55862f3896f0773180c1c8b7e9a05a2ffff,RSF,3837282757604458,3379403301516618,-457879456087840,-0.000458,-0.29,-0.119324,5927,6174,641.34,101160758,101161131,169,1,kol_sell,0x26476cc47853bf985f828d109513d524a4d13400edf235c6aadc5fd6518d3604,1,7693,7693,5435
1780079277245141234,fast_tip,N,0x6657adbcaa70f579a46a13dbab7961695e434444,币安恋,8931846427517942,6996497399307212,-1935349028210730,-0.001935,-1.24,-0.216680,8520,8875,640.89,101162297,101162300,2,1,kol_sell,0xcec08db7fa456d74cad41df0c5be4cd5d9febf4b724d0c4e418ac2b8bb6dae98,1,8211,8211,6952
1780079277245141234,fast_tip,N,0x6657adbcaa70f579a46a13dbab7961695e434444,币安恋,4465923213758971,9199875169625789,4733951955866818,0.004734,3.03,1.060016,8520,8875,640.89,101162297,101162307,5,1,kol_sell,0xdb052e81bc09f852bacb66955512a44106081227dd0e8c51b330a2b99a7ead2a,1,20983,20983,18283
1780079277245141234,fast_tip,N,0x6657adbcaa70f579a46a13dbab7961695e434444,币安恋,2232515014558109,2523817491549820,291302476991711,0.000291,0.19,0.130482,8520,8875,640.89,101162297,101162316,9,1,kol_sell,0xd6564ad3dc79c44585b73e53a4a34220e275a1ef385c900495f1bb2daa56889f,1,14328,14328,10033
1780079277245141234,fast_tip,N,0x6657adbcaa70f579a46a13dbab7961695e434444,币安恋,2233408199200862,1914641799851061,-318766399349801,-0.000319,-0.20,-0.142726,8520,8875,640.89,101162297,101162331,15,1,kol_sell,0x2e97e081a9272498a1a123ce203b9e6f0d38f61808a3aa8773336a488c057b3e,1,11801,11801,7608
1780078796736751481,fast_tip,M,0x6564440b4b0e7011c03520aceacbd5757f42ffff,RSF,4556582217549175,1514577450522186,-3042004767026989,-0.003042,-1.95,-0.667607,27402,30232,640.87,101161229,101201979,18349,1,kol_sell,0x537a6fb459d53c8ff1066a7aa874b0156ce79217e18a60efd34cbabffaa01a3f,1,16545,16545,10047
1780068078868488472,fast_tip,O,0x0f686334f9e81a34de4cdf3941a686f249884444,币安美股,820094694456005,9650688100926332,8830593406470327,0.008831,5.78,10.767773,4401,5107,654.02,101137436,101225917,39849,1,kol_sell,0x89177c7a5eeb1200321a7acc97093074d9d0af782ac1f1e90cddef96fb3df6cd,1,67781,67781,61680
1780108979047603349,fast_tip,N,0xdec5b13fbbe7239c96ba18b9160b774ea5374444,币安证券,7893972059684407,13331487941545603,5437515881861196,0.005438,3.57,0.688819,5396,5621,656.99,101228249,101228725,215,1,kol_sell,0x9cdf5028f5f2ad8bb1d6f362758fd7b224aba43c9a536df90e40dc20014ddab0,1,10583,10583,9508
1780109782641776023,fast_tip,N,0x040b85bf80114bab1cc5c1b695aeafc9016f4444,狗剩,16027202266162764,9667681679654190,-6359520586508574,-0.006360,-4.18,-0.396795,29154,30369,657.19,101230034,101230150,53,1,kol_sell,0xff719840e431c57c1897ac0d899879836f3fa486f6b0f1cab400735d77b338d8,1,20875,20875,18311
1780109931887169581,fast_tip,N,0x040b85bf80114bab1cc5c1b695aeafc9016f4444,狗剩,15391250207511907,10296290933752759,-5094959273759148,-0.005095,-3.35,-0.331030,31164,32463,657.09,101230365,101230549,84,1,kol_sell,0xc5cacb809b8426582ba80acd0f3b550ea022344796f1feb56f45de336a7bc398,1,24624,24624,21713
1780108979047603349,fast_tip,N,0xdec5b13fbbe7239c96ba18b9160b774ea5374444,币安证券,842432126630438,2131253497848002,1288821371217564,0.001289,0.85,1.529882,5396,5621,657.09,101228249,101230599,1059,1,kol_sell,0xf864a91592904f342d4d8a85c0bb7e3a6e0e329ba9bd7f4f2c0ab19eb751399e,1,21198,21198,14246
1780108979047603349,fast_tip,N,0xdec5b13fbbe7239c96ba18b9160b774ea5374444,币安证券,1896821441234198,5316863359255401,3420041918021203,0.003420,2.25,1.803038,5396,5621,657.79,101228249,101234302,2728,1,kol_sell,0x5e12d1d56e19715319cf84fbb980ebc12f0010b721eff30a0513ed5048cd1a15,1,19283,19283,15801
1780112612294667823,fast_tip,H,0x39a07e9916289308bb44e0760db3e84d3d354444,星,8100537008578908,3656690218941734,-4443846789637174,-0.004444,-2.92,-0.548587,14529,14627,656.64,101236314,101236982,302,1,kol_sell,0x121967ec829cabc78438f568ddab3dbee77084487e99f414ee4fffcb0fc44eeb,1,8599,8599,6605
1780112217463900755,fast_tip,N,0x6485907278c389e70c572f441ce7052da58effff,Synergix,15626565965846332,14886286627538028,-740279338308304,-0.000740,-0.49,-0.047373,14049,14634,657.68,101235437,101237758,1046,1,kol_sell,0xa1be24ea3c246e6955db11cde56cbd15fc11224bba70bad30aee4bf263b7e55e,1,15421,15421,13950
1780114617578835613,fast_tip,B,0x7b4bb5e92119f73332f4cce327ac208279b24444,BALU,15368106394156642,13540889433949139,-1827216960207503,-0.001827,-1.20,-0.118897,4162,4335,658.02,101240762,101240838,35,1,kol_sell,0xe1127c35517c9de05a281962b5fcc1377744ddcb7ccc079481b8f59eaf62c3e5,1,4245,4245,3818
1780114535295012989,fast_tip,N,0xbe66b0ddb8bb126af909b1a181ccb9a3c7114444,PALU盲盒,15552538032015502,10170259838618003,-5382278193397499,-0.005382,-3.54,-0.346071,6810,7093,657.23,101240580,101241040,208,1,kol_sell,0xe06ad70308626e1af52085feed642acc841088858efdd686c3cfc36b739fa5d6,1,5249,5249,4624
1780114920686133400,fast_tip,N,0x358c3e597e5653ee6d64aa498b9cb71c0b974444,币安盲盒,15014310212675752,12379547133443864,-2634763079231888,-0.002635,-1.73,-0.175483,4038,4206,657.63,101241436,101241544,49,1,kol_sell,0xfcd0026a47c0dbb20ebd551759c2008967f3867eeaad2293350e65365a946a7d,1,3879,3879,3468
1780114518505280352,fast_tip,G,0x7a6233b57d64e23f6be675eba6e7ba9910984444,babypalu,5912439676912128,7019628069912853,1107188393000725,0.001107,0.73,0.187264,14953,16381,657.92,101240543,101241671,508,1,kol_sell,0xce50503b8c205c4991102a435b7cb0129ac281079ce8ec2bd010abc63e099612,1,22842,22842,19407
1780051271578163409,fast_tip,O,0x45229ed2b4d93dc1d960ede973bc9ad1828d4444,躺赢,5474049902873393,2444009276802501,-3030040626070892,-0.003030,-1.99,-0.553528,22467,22535,657.92,101038915,101241688,63763,2,kol_sell,0xc620fd1b43d45f9483246b249f62c9b9b653423be1871bb973a3d84e25e48589,1,19440,19440,13336
1780115068184861879,fast_tip,B,0x26a30e4683ecd5ecc2ec90d4ae61d7b302fe4444,hodl palu,15185384698135892,11451497859398283,-3733886838737609,-0.003734,-2.46,-0.245887,4820,5021,657.69,101241763,101241873,50,1,kol_sell,0x65a71328638bfd1e38defdc14d0316231764370d4390d3a42a27b1ceaacc0f74,1,4257,4257,3785
1780115322912515164,fast_tip,D,0x0a9435064ce6622d628b3f091b2b08622c374444,Web3心理年龄,17999317041007328,15786132454318179,-2213184586689149,-0.002213,-1.45,-0.122959,5206,9531,656.49,101242328,101242341,6,1,kol_sell,0x7e28a98f084e9b65313333b7c592b66e9aa87c3cb67e7a3c6acb3f811183e999,1,9744,9744,8359
1780115322912515164,fast_tip,D,0x0a9435064ce6622d628b3f091b2b08622c374444,Web3心理年龄,17999317041007329,13312927425424585,-4686389615582744,-0.004686,-3.08,-0.260365,5206,9531,656.49,101242328,101242355,12,1,kol_sell,0xc2a79edd2e0222ff95edc60dd2cf91b0b958bf47f42934ac49e4a8f9f7c2e497,1,7848,7848,7050
1780108979047603349,fast_tip,N,0xdec5b13fbbe7239c96ba18b9160b774ea5374444,币安证券,5693500452460072,14452219380618112,8758718928158040,0.008759,5.74,1.538372,5396,5621,655.83,101228249,101242890,6597,1,kol_sell,0x18e05ea3b3bd294d77d2ce1853ed6fea6726a100021a649d464cfb5ee1b59c82,1,15801,15801,14266
1780115735292625585,fast_tip,K,0xbe66b0ddb8bb126af909b1a181ccb9a3c7114444,PALU盲盒,28666896918153993,18096129823440043,-10570767094713950,-0.010571,-6.95,-0.368745,7967,12656,657.35,101243244,101244163,414,1,kol_sell,0x583e38fb6e24ce2b8a8f751cad708ec6b4a585ed07980b13e89a824940eca63b,1,8756,8756,8002
1780115608828702972,fast_tip,O,0x7a6233b57d64e23f6be675eba6e7ba9910984444,babypalu,3197583058751181,4954315956966273,1756732898215092,0.001757,1.16,0.549394,23542,24523,661.58,101242963,101249952,3151,1,kol_sell,0xe2f2d67cb945feebb1c12b637d6f8c471ebb7ba3d2a9796a0a0031cfc80fc600,1,46982,46982,38303
1780120631432922290,fast_tip,O,0x8b52085197d1ac0f5adc4cd90100724b98634444,八戒,3958263362523003,2806488348956805,-1151775013566198,-0.001152,-0.77,-0.290980,5843,6707,665.73,101254110,101254258,68,1,kol_sell,0xab6e8a6c6940b01dc18597580b446598f7e85ec58ce95273ffdebce0c6bdb249,1,6856,6856,4756
1780120788542900411,fast_tip,C,0xcf97dd45893bc715376e0e96dcfd0fa9b1804444,公仔系列盲盒,11920838844034793,11114663433018406,-806175411016387,-0.000806,-0.54,-0.067627,5834,10026,665.49,101254458,101254468,5,1,kol_sell,0x8a300a6cbc4e9e02a68e1d1234467df4ef634a8eac88d1416fa994339dc3aeaa,1,11539,11539,9348
1780120788542900411,fast_tip,C,0xcf97dd45893bc715376e0e96dcfd0fa9b1804444,公仔系列盲盒,13233917104550970,8817996576859564,-4415920527691406,-0.004416,-2.94,-0.333682,5834,10026,665.49,101254458,101254484,12,1,kol_sell,0xb7adbd9c4d01d368e4002bd854b16c51fa6a6b2857a4d7ca071e3c56d1dc3e69,1,7670,7670,6681
1780120841273465720,fast_tip,O,0x51dd905de04224d713e21dd9a270e82fcbee4444,HODLER,2418779297079095,3116992850609975,698213553530880,0.000698,0.46,0.288664,4828,5029,665.78,101254576,101254689,52,1,kol_sell,0x507cdbe7cadc51241250fefcd00f3b0b9f1e4de9a900d373fabae27951cde186,1,9084,9084,6484
1780120903636902450,fast_tip,O,0x446914100390a21e810a41649ef1f56018b04444,帕鲁家族,4666372954537265,1842446602846855,-2823926351690410,-0.002824,-1.88,-0.605165,43564,43687,665.78,101254714,101254717,1,1,kol_sell,0x357e61101ad8f85b6e22e03bda83aa929d512802974d606dee04b9a53ed52f60,1,0,0,17249
1780115608828702972,fast_tip,O,0x7a6233b57d64e23f6be675eba6e7ba9910984444,babypalu,3198862347832499,1388812958556697,-1810049389275802,-0.001810,-1.21,-0.565842,23542,24523,665.85,101242963,101254791,5330,1,kol_sell,0x1df72049f46e1a8c1c8365b791764d5961297bd99b012642e5d0e077bf64f8e8,1,18251,18251,10802
1780120841273465720,fast_tip,O,0x51dd905de04224d713e21dd9a270e82fcbee4444,HODLER,2419747002338979,1347795126866586,-1071951875472393,-0.001072,-0.71,-0.443002,4828,5029,666.06,101254576,101255188,277,1,kol_sell,0x2cf55548201c94098ee9297f00ff55f0aa993ab750719b6294c08caa6bbd4658,1,4974,4974,2804
1780120911342987226,fast_tip,O,0x446914100390a21e810a41649ef1f56018b04444,帕鲁家族,4874460037499140,7616534662152619,2742074624653479,0.002742,1.83,0.562539,71785,71981,665.96,101254731,101255259,238,2,kol_sell,0xa0d3de18adcecd730eefdcb84aa1afa59f722a4eb1819416a2ae3e1edd8b3f0c,1,147945,147945,130186
1780120917594660922,fast_tip,H,0x446914100390a21e810a41649ef1f56018b04444,帕鲁家族,674507020239098,1004343609365813,329836589126715,0.000330,0.22,0.489004,86265,86512,665.99,101254745,101255488,335,1,kol_sell,0xf4eb3fc093932532209bad221fe319126616f1dd2b7d70d2c87ccb86f7fec17d,1,251252,251252,128856
1780120917594660922,fast_tip,H,0x446914100390a21e810a41649ef1f56018b04444,帕鲁家族,308588722674423,113334522519644,-195254200154779,-0.000195,-0.13,-0.632733,86265,86512,666.23,101254745,101255764,459,1,kol_sell,0xc0034e027161c65255d8d9b25fcf5b60190167ea3f803f3c32012e6d74a91110,1,273024,273024,31795
1780114518505280352,fast_tip,G,0x7a6233b57d64e23f6be675eba6e7ba9910984444,babypalu,5914805125872686,3417795732374822,-2497009393497864,-0.002497,-1.66,-0.422163,14953,16381,666.00,101240543,101256448,7167,1,kol_sell,0x3697e76cfe1fe82087a155a3961b71ad41c033b51698dab2b8b0f874ef62d1d3,1,12387,12387,9562
1780121602026768975,fast_tip,O,0x7d02b6ada72387c23ad314b30f34c61fc0664444,PIONEER,2292710532889580,1492787983705334,-799922549184246,-0.000800,-0.53,-0.348898,13448,14739,666.00,101256264,101256472,94,1,kol_sell,0xe48ea44e1e0a5a0faf96da93d8a7dd54bc2d24c9438c2781561d110a85a59302,1,16030,16030,9597
1780121602026768975,fast_tip,O,0x7d02b6ada72387c23ad314b30f34c61fc0664444,PIONEER,2293627800556271,983508013277452,-1310119787278819,-0.001310,-0.87,-0.571200,13448,14739,666.63,101256264,101256834,258,1,kol_sell,0x3ec171c66283302ce1a22a3f958ba7c8d7f444c62250efd50d562818f5da834d,1,12463,12463,6326
1780121909196383800,fast_tip,G,0xe101265dd06dd16196d7323dd1b603c3220c4444,palu⁴,5258666272587548,3800211139284415,-1458455133303133,-0.001458,-0.97,-0.277343,5768,6454,666.23,101256946,101257024,36,1,kol_sell,0x1d92584ed408d983812c6f2ffffe3cb8864e14e6a32174e418c49fca8cf4ed52,1,5913,5913,4667
1780122043951111927,fast_tip,O,0x30b0d514dd890d1c5f3c9f7bbc64ba061caf7777,CR7,2187667049899772,1149770824045446,-1037896225854326,-0.001038,-0.69,-0.474431,57745,57905,666.60,101257245,101257288,19,1,kol_sell,0x1b53b7c4687ee12e55220f590c3dbbd92d1daadabef8cba53f528ee74bfb532a,1,60304,60304,30433
1780120911342987226,fast_tip,O,0x446914100390a21e810a41649ef1f56018b04444,帕鲁家族,1036530770790145,4066515295402181,3029984524612036,0.003030,2.02,2.923198,71785,71981,666.89,101254731,101257522,1257,2,kol_sell,0x5af68a7629aaa411098667e8ccde87d2df47f80001bbdf0919f0e53d232bb72a,1,405896,405896,327330
1780121909196383800,fast_tip,G,0xe101265dd06dd16196d7323dd1b603c3220c4444,palu⁴,5260770159874042,2921800593875145,-2338969565998897,-0.002339,-1.56,-0.444606,5768,6454,666.98,101256946,101257635,312,1,kol_sell,0x32d0c4ab8e917d4fca1d4608f21b25427101d9bdb8ab2e88b1043b4c414af0c0,1,4892,4892,3590
1780120911342987226,fast_tip,O,0x446914100390a21e810a41649ef1f56018b04444,帕鲁家族,241857179851034,215796297474104,-26060882376930,-0.000026,-0.02,-0.107753,71785,71981,666.81,101254731,101257954,1452,2,kol_sell,0x246cca4dba2e30403970029eb380282b692b591858dae53f16b8e8d44d7c7e47,1,386757,386757,74435
1780120917594660922,fast_tip,H,0x446914100390a21e810a41649ef1f56018b04444,帕鲁家族,547190640109536,2546799354656897,1999608714547361,0.002000,1.33,3.654318,86265,86512,665.71,101254745,101258267,1587,1,kol_sell,0xb022082adebbb8b1e353d76d818425350a0c1221fee86e8230890831e033bd93,1,545293,545293,402610
1780122533992521596,fast_tip,D,0x4785f1d74501faa6092c491a468b9e0186f64444,MFMB,35308676661787467,20073522440239227,-15235154221548240,-0.015235,-10.15,-0.431485,8454,12870,665.98,101258333,101258354,10,1,kol_sell,0xf21c16d24011e3358ad83faf35bf1035d06d4e980f293f01bbe905090c64254e,1,8892,8892,7320
1780122557660802162,fast_tip,C,0x4785f1d74501faa6092c491a468b9e0186f64444,MFMB,24632546354714984,22848273908485817,-1784272446229167,-0.001784,-1.19,-0.072436,17170,17885,665.98,101258385,101258388,1,1,kol_sell,0x7caf40d83686fa460afcb9bba5af12465c64e0824a5ed41314f893620c1d7c9a,1,17963,17963,16590
1780120911342987226,fast_tip,O,0x446914100390a21e810a41649ef1f56018b04444,帕鲁家族,217671461865930,436592676819406,218921214953476,0.000219,0.15,1.005741,71785,71981,665.30,101254731,101258538,1715,2,kol_sell,0xdbe96124ff83d79732564d3f38b23b1eb7ebb9724441615d49f4cfae83ae0317,1,513566,513566,166948
1780120911342987226,fast_tip,O,0x446914100390a21e810a41649ef1f56018b04444,帕鲁家族,195904315679337,434638711550009,238734395870672,0.000239,0.16,1.218628,71785,71981,664.51,101254731,101258819,1842,2,kol_sell,0x8ba8f919cb247ad1ae6b2fd56f3187c75b25740f556a23af4f170afc73c72517,1,542085,542085,184449
1780120911342987226,fast_tip,O,0x446914100390a21e810a41649ef1f56018b04444,帕鲁家族,176313884111403,301172144870586,124858260759183,0.000125,0.08,0.708159,71785,71981,664.51,101254731,101258857,1859,2,kol_sell,0x3b7f74fc9dbbc6fdf68eec0201d5312bd5b45e326c5d7a84fd0b7cc55457a1fc,1,569717,569717,142011
1780120911342987226,fast_tip,O,0x446914100390a21e810a41649ef1f56018b04444,帕鲁家族,158523813204563,317264754154265,158740940949702,0.000159,0.11,1.001370,71785,71981,664.98,101254731,101259335,2074,2,kol_sell,0x14ddecd541431f24b1658944bf12cafd006a64509580ab74174e46102af657e4,1,639268,639268,166503
1780120911342987226,fast_tip,O,0x446914100390a21e810a41649ef1f56018b04444,帕鲁家族,142830114379807,124234185907326,-18595928472481,-0.000019,-0.01,-0.130196,71785,71981,664.74,101254731,101259457,2129,2,kol_sell,0xe95d630829125f51b39ad44eb1dfbc19a09b0647eeb12262ed9d33d50306f45e,1,600299,600299,72337
1780122043951111927,fast_tip,O,0x30b0d514dd890d1c5f3c9f7bbc64ba061caf7777,CR7,2187667049899773,60048554346438,-2127618495553335,-0.002128,-1.41,-0.972551,57745,57905,665.03,101257245,101259596,1059,1,kol_sell,0x69e3856a445fb57cb1518cd019f69e93b67ddf91e80b20f5c133bc8ab2e5a8b7,1,25852,25852,1586
1780123047748960519,fast_tip,C,0xc6cc46e67c4793d8ef9f4ae29b63ae1fa7854444,ASCEND,8558941688532223,9585997348170116,1027055659637893,0.001027,0.68,0.119998,10434,13061,665.03,101259472,101259611,63,1,kol_sell,0xcddd84895c1da9310dd5c6e7f81be801586cf7046401325da88cf7429f72feb3,1,16433,16433,14628
1780123047748960519,fast_tip,C,0xc6cc46e67c4793d8ef9f4ae29b63ae1fa7854444,ASCEND,6256341833125954,6856361350357282,600019517231328,0.000600,0.40,0.095906,10434,13061,665.04,101259472,101259664,86,1,kol_sell,0xd6dd11a927ffc013c6cd970dad3426af2aa11fbb383b0dbef92f82ad8e0d8041,1,16872,16872,14313
1780123341832205608,fast_tip,O,0x51dd905de04224d713e21dd9a270e82fcbee4444,HODLER,4648404034276566,2278792096017084,-2369611938259482,-0.002370,-1.58,-0.509769,6653,7555,665.60,101260126,101260237,51,1,kol_sell,0x526acc1f49d2bac1abd5049d7742c8ce9fdd9e80b4a8d4df5e0aa2f5e39791af,1,5596,5596,3702
1780123388939354765,fast_tip,O,0x26a30e4683ecd5ecc2ec90d4ae61d7b302fe4444,hodl palu,4183563630848910,2125393538894350,-2058170091954560,-0.002058,-1.37,-0.491966,4331,5234,665.72,101260230,101260483,115,1,kol_sell,0xd371696039ee7ae3d779a19abe56bdda2033bd4fde71734fc1321e1c2868f268,1,4267,4267,2660
1780120917594660922,fast_tip,H,0x446914100390a21e810a41649ef1f56018b04444,帕鲁家族,611974008064554,4046627396076113,3434653388011559,0.003435,2.29,5.612417,86265,86512,665.48,101254745,101260549,2615,1,kol_sell,0xcbd14581f81c7f8d09f80aa96ab80119900256b03890c3177b4c31a20970237e,1,704962,704962,571794
1780124293280613673,fast_tip,C,0x02688712d0e457ccdbabd44a2b830d2b2ae34444,AI幻觉,8278530074127460,5149174290824235,-3129355783303225,-0.003129,-2.09,-0.378009,4164,5758,666.65,101262237,101262283,21,1,kol_sell,0x3ded3a83273305a4473d8f7ca1852cb2430253781331830804afc128b204d6f7,1,4383,4383,3582
1780121784323412003,fast_tip,G,0x7a6233b57d64e23f6be675eba6e7ba9910984444,babypalu,5842962525097276,12468666284503929,6625703759406653,0.006626,4.42,1.133963,12588,13721,666.93,101256669,101262444,2603,1,kol_sell,0x4eb7fce706cf07aec9ba5dfa430d8811faa1523c5dea77d37bca27879a54d945,1,32675,32675,29257
1780123047748960519,fast_tip,C,0xc6cc46e67c4793d8ef9f4ae29b63ae1fa7854444,ASCEND,3373592455951861,7910094736926583,4536502280974722,0.004537,3.03,1.344710,10434,13061,667.01,101259472,101263308,1729,1,kol_sell,0x2894732a15d8202dfea9ddb80ba2632ce941533ac88987793c041f95c082088a,1,34147,34147,30714
1780051271578143729,fast_tip,M,0xb15c87115ad5ba15add8a0c089fe1fdd38fb4444,巴别塔,21009227042383978,19130683228096324,-1878543814287654,-0.001879,-1.25,-0.089415,104436,104727,667.01,101050927,101263312,73506,4,kol_sell,0xa4af6ece7be14853e0d351c53c708840422544d8c83d672fdc8b21afd95fba10,1,126641,126641,123912
1780124678284844120,fast_tip,G,0xc6cc46e67c4793d8ef9f4ae29b63ae1fa7854444,ASCEND,5692141639431791,9842165972997345,4150024333565554,0.004150,2.77,0.729080,20019,22632,666.51,101263091,101263645,251,1,kol_sell,0x0854fddf17989adcb01fa01de01928f7bf603fbbb613c1ee5d0fe6eab3d28736,1,44507,44507,39146
1780125775911914864,fast_tip,O,0x3ed1c678dc03083ac59ed18fb45508dec3c94444,尊贵的币安证劵交易员,1892531624064823,1298059534052708148,1296167002428643325,1.296167,867.54,684.885254,5714,10,669.31,101265528,101265675,67,1,kol_sell,0x7522919f3643301f35d27b61ccf7c1c1f34a053fb890bad1c5d0641e0c60b9c4,1,7301,7301,6867
1780126550382603147,fast_tip,O,0xf83faf3c213fe80c2431344df71a38a136f94444,大D帕鲁,133212510328587496,94577784203144381,-38634726125443115,-0.038635,-25.97,-0.290023,4795,5586,672.16,101267247,101267264,8,1,kol_sell,0xde74acc61bd475b9871f05b4d580a25de4c2b0e418d83bd1e4277fbbd685be2a,1,4638,4638,3966
1780127747888477270,fast_tip,O,0x4b03aa7112eb473d453a5888220a8deebe3a4444,Binance Stocks,116414133944438866,97709536180262403,-18704597764176463,-0.018705,-12.57,-0.160673,5674,6542,671.84,101269904,101269922,9,1,kol_sell,0x8764886990e0458cbefe46cf3ded54cf1583d6dffcc5c220124ee0fc7b0b8453,1,6199,6199,5491
1780127742315443944,fast_tip,O,0xec07e137c5d8b8e1f43fe51887e278995d514444,币安股票,129349037716043185,97818612535725462,-31530425180317723,-0.031530,-21.18,-0.243762,7297,7463,671.84,101269892,101269929,17,1,kol_sell,0x88b644d8b58d0b9c5bfc3f2b5278e132281a54d8de50f391cc81b740eb3a7ab1,1,6878,6878,5644
1780126652113439257,fast_tip,M,0x12f878ad8b903253a170775ad161a146cfc34444,尊贵的美股交易员,4342326479832997,4056346472174810,-285980007658187,-0.000286,-0.19,-0.065859,31787,31882,670.64,101267472,101275220,3492,1,kol_sell,0xd77e130e43cff88c5627ec6a218557831db93132b32c8d096a909a673c2b31ac,1,41010,41010,29756
1780130174521138374,fast_tip,O,0x12f878ad8b903253a170775ad161a146cfc34444,尊贵的美股交易员,124325535421593766,71248476738996145,-53077058682597621,-0.053077,-35.69,-0.426920,48634,49118,672.33,101275288,101277339,924,1,kol_sell,0x6c2517620bfe5cbcba5a68095066cf702adbf9ff7573b0774da7e5baccfdbaef,1,30044,30044,28212
1780072555154198253,fast_tip,M,0x2e62c9efbfb2fe2c810a502190d7cdc207ac4444,cryptoguru,7856074963742630,5357593982348357,-2498480981394273,-0.002498,-1.68,-0.318032,4408,4591,672.21,101147370,101278146,58908,1,kol_sell,0xb750393e9bcb7db9180b0537c38da0aa6219821e6f8803b3bc6801724cdb73f2,1,4029,4029,3284
1780051271578143149,fast_tip,M,0x38b6d3dcd9b9f9acc6b83c8503627557a9ac4444,电脑前的我们,2079604470106878,3618982880405559,1539378410298681,0.001539,1.03,0.740227,0,0,672.10,101039768,101278279,80251,1,kol_sell,0x1f470ef5ecf95e5c5035ec335476e8b1ee38db5f47987df8e856f604cecef69f,1,27053,27053,20702
1780128189132005396,fast_tip,H,0x38b6d3dcd9b9f9acc6b83c8503627557a9ac4444,电脑前的我们,7661647584915518,6050945904768005,-1610701680147513,-0.001611,-1.09,-0.210229,17535,18266,675.03,101270883,101289731,8493,1,kol_sell,0x367e627dbaa2fd39e768b02656bb4a995b8abad712e53598ccf08b59dd15dc9b,1,17297,17297,14479
1780136586908698602,fast_tip,N,0x4cbf5c2cd640ba66a6d449ed788b596e6b0e4444,HAY,13118805232679643,12109151072914221,-1009654159765422,-0.001010,-0.68,-0.076962,6620,6896,673.88,101289523,101290256,331,1,kol_sell,0xa1486a99d8d096504e276ed6d78508f415e87d1f5d1f1e8c953abcc82e69e770,1,7107,7107,6356
1780068078868488472,fast_tip,O,0x0f686334f9e81a34de4cdf3941a686f249884444,币安美股,2461596759949780,8050162006968944,5588565247019164,0.005589,3.76,2.270301,4401,5107,673.63,101137436,101290901,69129,1,kol_sell,0xed3a3aa7e9de498c741826706dd50259730cc1971ece16ba636cb39b73ca58a9,1,21237,21237,17655
1780137213916595561,fast_tip,B,0x61f532f3ec0740c33b3231b3bae9ab7f951c4444,没谷,3701517803964106,3781621280458720,80103476494614,0.000080,0.05,0.021641,6933,7222,673.63,101290914,101290951,17,1,kol_sell,0x206d50239b1a667f99e998d03e786471ad83e87bd3f75ea2dfb8e20cedc9104b,1,9860,9860,7378
1780137213916595561,fast_tip,B,0x61f532f3ec0740c33b3231b3bae9ab7f951c4444,没谷,2777619552574506,2894409396096895,116789843522389,0.000117,0.08,0.042047,6933,7222,673.63,101290914,101290957,20,1,kol_sell,0x81651815496e87a3df0f2b4b96dda9f4cb0802da6c7760c6159744f51706f5af,1,10251,10251,7526
1780137213916595561,fast_tip,B,0x61f532f3ec0740c33b3231b3bae9ab7f951c4444,没谷,2082381378565107,1860515542568577,-221865835996530,-0.000222,-0.15,-0.106544,6933,7222,673.63,101290914,101290965,23,1,kol_sell,0x4763820228a2c05b431e1e8eec42f6b935df28d9079294c658879b4ee2c3325d,1,9939,9939,6452
1780137213916595561,fast_tip,B,0x61f532f3ec0740c33b3231b3bae9ab7f951c4444,没谷,3125238639579206,2275041632587917,-850197006991289,-0.000850,-0.57,-0.272042,6933,7222,673.67,101290914,101290982,31,1,kol_sell,0xc29e6bb09356690494a4bd89422b0ce2cfb6eade51d83834c33fa72d0ce88a34,1,7621,7621,5258
1780137213916595561,fast_tip,B,0x61f532f3ec0740c33b3231b3bae9ab7f951c4444,没谷,3125238639579206,1441601317228824,-1683637322350382,-0.001684,-1.13,-0.538723,6933,7222,673.67,101290914,101291029,52,1,kol_sell,0xbdc4724674eb2ed9a4a0cb7223a3151edb6490a558f6bf208cc6346236fd4c02,1,5614,5614,3331
1780120911342987226,fast_tip,O,0x446914100390a21e810a41649ef1f56018b04444,帕鲁家族,1285471029418266,3642690522767149,2357219493348883,0.002357,1.59,1.833740,71785,71981,673.87,101254731,101291383,16514,2,kol_sell,0xedb4b6edd9eaba9048e72a1f62fb8bbf504069f439c69a61598aaaae5cbf7790,1,300449,300449,238904
1780051271578165359,fast_tip,A,0xb29cf0a5c4420a2af6a6cfc3b9ac6dbfa4ba4444,雪乐滋,507586365710627,507586365710627,0,0.000000,0.00,0.000000,0,0,673.81,100915022,101291929,86400,1,price_unavailable,,0,0,0,0
1780051271578165689,fast_tip,A,0x4c714cc03cca688c529b674b7977727033634444,TransparencyAlliance,519246376086079,519246376086079,0,0.000000,0.00,0.000000,0,0,673.81,100903443,101291929,86400,1,price_unavailable,,0,0,0,0
1780051271578165869,fast_tip,A,0x1670fd4f96d7fb2b0fee07a4725bd63af90c4444,萤火虫,513899833112922,513899833112922,0,0.000000,0.00,0.000000,0,0,673.81,100910227,101291929,86400,1,price_unavailable,,0,0,0,0
1780051271578163919,fast_tip,M,0x819838dd77dedbefb546579e7f80e8b974d64444,绷,14504205918378773,14504205918378773,0,0.000000,0.00,0.000000,0,0,673.81,100872670,101291929,86400,1,price_unavailable,,0,0,0,0
1780051271578152309,fast_tip,A,0xea02bc2c8ac226b7f02fd289b70570a5dc804444,CZCARD,1513466271533913,1513466271533913,0,0.000000,0.00,0.000000,0,0,673.81,100876274,101291929,86400,1,price_unavailable,,0,0,0,0
1780051271578143309,fast_tip,M,0x43a91c37c4b35a142509c821a8bdd8e91b4c4444,爱,7607346206171930,7607346206171930,0,0.000000,0.00,0.000000,0,0,673.81,101058923,101291929,86400,1,price_unavailable,,0,0,0,0
1780051271578152889,fast_tip,N,0xb8cc4a6691c2e04edd8481bfff0f3e3df04d4444,Serenity,8158382412921065,8158382412921065,0,0.000000,0.00,0.000000,0,0,673.81,100949955,101291929,86400,1,price_unavailable,,0,0,0,0
1780051271578147019,fast_tip,D,0xc67e1eae2751ae5dfc0dd71dc7d77842402b4444,明真侠,22840693000456937,22840693000456937,0,0.000000,0.00,0.000000,0,0,673.81,101078735,101291929,86400,1,price_unavailable,,0,0,0,0
1780051271578142649,fast_tip,A,0xde8b506f43ac3706caa574c587505776d9fb4444,爱你老爸,2550894843968602,2550894843968602,0,0.000000,0.00,0.000000,0,0,673.81,100892796,101291929,86400,1,price_unavailable,,0,0,0,0
1780051271578142479,fast_tip,A,0x782dc29289a1754a7b9bfc809e8b136e5b854444,大表哥,716060316106218,0,-716060316106218,-0.000716,-0.48,-1.000000,0,0,673.81,100908856,101291929,86400,1,timeout,,0,0,0,0
1780051271578146749,fast_tip,A,0x4af98ed4ca98a02f527c7fafdd8459cf6e8b5555,考拉,8585418307615441,3300495719341201,-5284922588274240,-0.005285,-3.56,-0.615570,0,0,673.81,100779855,101291929,86400,1,timeout,,0,0,0,0
1780051271578162359,fast_tip,A,0x3e17ee3b1895dd1a7cf993a89769c5e029584444,Freedom of Money,3319071453055783,2286975091562109,-1032096361493674,-0.001032,-0.70,-0.310959,0,0,673.81,100875346,101291929,86400,1,timeout,,0,0,0,0
1780051271578162529,fast_tip,O,0x41ae12f0f0e3eed778839e6c12d039630e5b4444,锄头,32242026861543679,12100546896128553,-20141479965415126,-0.020141,-13.57,-0.624696,0,0,673.81,101069853,101291929,86400,1,timeout,,0,0,0,0
1780051271578161809,fast_tip,A,0xea4b0dd55aeafe5853a99023896e007d8d914444,来都来了,2264776823013039,0,-2264776823013039,-0.002265,-1.53,-1.000000,0,0,673.81,100762053,101291929,86400,1,timeout,,0,0,0,0
1780051271578162709,fast_tip,H,0x3e17ee3b1895dd1a7cf993a89769c5e029584444,Freedom of Money,36071933072770373,33601111608286924,-2470821464483449,-0.002471,-1.66,-0.068497,0,0,673.81,100895095,101291929,86400,1,timeout,,0,0,0,0
1780051271578146109,fast_tip,A,0xdac7a475db0bd27e3327f5c3ac1cf002f07a4444,币安情书,1673642107127800,1673642107127800,0,0.000000,0.00,0.000000,0,0,673.81,100895401,101291929,86400,1,price_unavailable,,0,0,0,0
1780051271578146539,fast_tip,M,0xd330fbf65406fc675d79d1d88b1b35d59d854444,AI秘书,11054806801053051,11054806801053051,0,0.000000,0.00,0.000000,0,0,673.81,100884341,101291929,86400,1,price_unavailable,,0,0,0,0
1780051271578164839,fast_tip,A,0x10792583ed3d127356b91679034e8bc4a0c14444,币安之光,3236613364072726,3236613364072726,0,0.000000,0.00,0.000000,0,0,673.81,100866150,101291929,86400,1,price_unavailable,,0,0,0,0
1780051271578152119,fast_tip,A,0xc89a4a2cd6fa1523d3046fc603060db4e3684444,给币安人的情书,6004145505073621,6004145505073621,0,0.000000,0.00,0.000000,0,0,673.81,100764143,101291929,86400,1,price_unavailable,,0,0,0,0
1780051271578153849,fast_tip,A,0x9cefa889a0dc80280a942bf97190341536b44444,红姐,10052143984677542,10052143984677542,0,0.000000,0.00,0.000000,0,0,673.81,100765476,101291929,86400,1,price_unavailable,,0,0,0,0
1780051271578147419,fast_tip,M,0xf1c88a8c70534dd416e8e1e09ca0111ea7857777,拳头矿机,13087964938432203,13087964938432203,0,0.000000,0.00,0.000000,0,0,673.81,100752024,101291929,86400,1,price_unavailable,,0,0,0,0
1780051271578153059,fast_tip,A,0x1ea3ffc43ee291a4373418286e9b001aebe14444,🔶,2794608421513570,1720477381124212,-1074131040389358,-0.001074,-0.72,-0.384358,0,0,673.81,100924908,101291929,86400,1,timeout,,0,0,0,0
1780051271578164269,fast_tip,A,0x197c2bb579fa84e3c1b70a68155bb13b2b584444,pixpix,3139005815143482,3139005815143482,0,0.000000,0.00,0.000000,0,0,673.81,100887382,101291929,86400,1,price_unavailable,,0,0,0,0
1780051271578165009,fast_tip,A,0x88f9f6cffaa96fa56ad8ed8b62993b6361de4444,AI6900,539536964704137,539536964704137,0,0.000000,0.00,0.000000,0,0,673.81,100912868,101291929,86400,1,price_unavailable,,0,0,0,0
1780051271578163579,fast_tip,M,0x88f9f6cffaa96fa56ad8ed8b62993b6361de4444,AI6900,6609140827299792,6609140827299792,0,0.000000,0.00,0.000000,0,0,673.81,100912265,101291929,86400,1,price_unavailable,,0,0,0,0
1780051271578161999,fast_tip,L,0x444425bd6d4b8bbdc49eb8f5049a45c7f41b60f2,光明使者,22852297621898545,16635121995066554,-6217175626831991,-0.006217,-4.19,-0.272059,0,0,673.81,100912759,101291929,86400,1,timeout,,0,0,0,0
1780051271578163409,fast_tip,O,0x45229ed2b4d93dc1d960ede973bc9ad1828d4444,躺赢,5476239960846138,2184809338182965,-3291430622663173,-0.003291,-2.22,-0.601038,22467,22535,673.81,101038915,101291929,86400,2,timeout,,0,0,0,0
1780051271578163069,fast_tip,C,0xdac7a475db0bd27e3327f5c3ac1cf002f07a4444,币安情书,14773398831052697,14773398831052697,0,0.000000,0.00,0.000000,0,0,673.81,100834594,101291929,86400,1,price_unavailable,,0,0,0,0
1780051271578163249,fast_tip,O,0x45d89b2f5ef959a1bff96668b9ccce1e13ff4444,光源,1408692975831108,5350713765493945,3942020789662837,0.003942,2.66,2.798353,0,0,673.81,100865552,101291929,86400,1,timeout,,0,0,0,0
1780051271578143149,fast_tip,M,0x38b6d3dcd9b9f9acc6b83c8503627557a9ac4444,电脑前的我们,2080436478296559,2080436478296559,0,0.000000,0.00,0.000000,0,0,673.81,101039768,101291929,86400,1,price_unavailable,,0,0,0,0
1780051271578153239,fast_tip,O,0x588cb911b3405e0362eb9bfba27b6a8e33fb4444,马上来财,22919026525657446,22919026525657446,0,0.000000,0.00,0.000000,0,0,673.81,101031001,101291929,86400,1,price_unavailable,,0,0,0,0
1780051271578153489,fast_tip,M,0x691673d8994ae9b1679e7347b381f669b0fc4444,AI,11210456659395272,11210456659395272,0,0.000000,0.00,0.000000,0,0,673.81,100958952,101291929,86400,1,price_unavailable,,0,0,0,0
1780051271578151949,fast_tip,M,0xfce62c8bd060b41a52fe3144573e9e5768d24444,来都来了,22545473948339381,3044915649295014,-19500558299044367,-0.019501,-13.14,-0.864943,0,0,673.81,100958591,101291929,86400,1,timeout,,0,0,0,0
1780051271578151749,fast_tip,H,0x82ec31d69b3c289e541b50e30681fd1acad24444,哈基米,38197334662606216,34882563566642979,-3314771095963237,-0.003315,-2.23,-0.086780,0,0,673.81,100859684,101291929,86400,1,timeout,,0,0,0,0
1780051271578163749,fast_tip,M,0x3fa61eb8351dd16a53bc5995780b13d3ae6d4444,小火種,9949326120947746,5090433781315511,-4858892339632235,-0.004859,-3.27,-0.488364,0,0,673.81,100888403,101291929,86400,1,timeout,,0,0,0,0
1780051271578154009,fast_tip,A,0xb64157874c2648101733e335e9d1af85073f4444,YI,9869121887877857,1916586375264863,-7952535512612994,-0.007953,-5.36,-0.805800,0,0,673.81,100770448,101291929,86400,1,timeout,,0,0,0,0
1780051271578152699,fast_tip,H,0xf3525965a4ad3ca0ac13f4d2f237113691194444,熊猫头,20452308194943666,19546495113357296,-905813081586370,-0.000906,-0.61,-0.044289,0,0,673.81,100871923,101291929,86400,1,timeout,,0,0,0,0
1780051271578153659,fast_tip,A,0xef6b3103d97fbcfb70ad9edf06ff61745b124444,空调,3329057859649915,3329057859649915,0,0.000000,0.00,0.000000,0,0,673.81,100871513,101291929,86400,1,price_unavailable,,0,0,0,0
1780051271578164099,fast_tip,A,0x42515c9e282fd81f8bad412d611b8b609ac14444,灯塔,216210842460740,216210842460740,0,0.000000,0.00,0.000000,0,0,673.81,100884477,101291929,86400,1,price_unavailable,,0,0,0,0
1780051271578141830,fast_tip,D,0xf850da43028ac894cb26b131500d98c40b8c4444,MEME SZN,38844887392908692,24769000087638774,-14075887305269918,-0.014076,-9.48,-0.362361,0,0,673.81,101086791,101291929,86400,1,timeout,,0,0,0,0
1780051271578143479,fast_tip,A,0x96d70e1b6f874b0e4d77d70a550ebf519f214444,黑喂狗,581675859264864,581675859264864,0,0.000000,0.00,0.000000,0,0,673.81,100935930,101291929,86400,1,price_unavailable,,0,0,0,0
1780051271578164659,fast_tip,D,0x79b068920124be6beb3c1256a76d25d84b1c4444,央宝,12487651540360763,12487651540360763,0,0.000000,0.00,0.000000,0,0,673.81,101093233,101291929,86400,1,price_unavailable,,0,0,0,0
1780051271578164439,fast_tip,M,0x5f6fd60ad6cd8751b4c521bc00fa02abfeca4444,背手负鼠,15308714321497414,3646464920176346,-11662249401321068,-0.011662,-7.86,-0.761805,0,0,673.81,100750580,101291929,86400,1,timeout,,0,0,0,0
1780051271578147209,fast_tip,A,0x8465959d5984837115726d0794f53b45ccda4444,猫猫侠,7728328863343228,7728328863343228,0,0.000000,0.00,0.000000,0,0,673.81,100771054,101291929,86400,1,price_unavailable,,0,0,0,0
1780051271578146339,fast_tip,A,0x5580699aae8db08a9a5a81378242369446c34444,班味,819875603762701,819875603762701,0,0.000000,0.00,0.000000,0,0,673.81,100890137,101291929,86400,1,price_unavailable,,0,0,0,0
1780051271578151539,fast_tip,A,0xdacfd90679ec2930e1993d6db1d974b2fcc14444,草台班子,746791076937552,746791076937552,0,0.000000,0.00,0.000000,0,0,673.81,100875411,101291929,86400,1,price_unavailable,,0,0,0,0
1780138162335257574,fast_tip,I,0x8c35739ef2c3dbcbbae688f39b7c1bc8752a4444,菜单客服小猫,25720722145452507,15958194538416250,-9762527607036257,-0.009763,-6.58,-0.379559,5664,5705,674.02,101293018,101293029,5,1,kol_sell,0x1b5a673aa69b02b0a2038cad43b436e92f2c223263fff2be508d802a6f49decb,1,4441,4441,3539
1780138592960794609,fast_tip,B,0xa75864e5adbe806ea3175d0cc65c8f852bca4444,小谷东,14556115329730011,10979461244698714,-3576654085031297,-0.003577,-2.41,-0.245715,5742,5981,674.41,101293972,101293994,11,1,kol_sell,0xb02842c585bbb5e2480fbb0684b20573822bd51842ce907cf1eed7950d155175,1,5080,5080,4511
1780139320382614891,fast_tip,A,0xf37d46478d98cf81d46c79f41502cc18cb244444,Meme stock,2812189950787533,2235359975884893,-576829974902640,-0.000577,-0.39,-0.205118,5857,6962,670.79,101295587,101295599,6,1,kol_sell,0x64767e3b08b2ae4e8eaaaa88514122cc13b4182f6c72f23b72a0b127a1a4b163,1,8167,8167,5534
1780139320382614891,fast_tip,A,0xf37d46478d98cf81d46c79f41502cc18cb244444,Meme stock,1406094975393766,551060174966495,-855034800427271,-0.000855,-0.57,-0.608092,5857,6962,670.46,101295587,101295673,39,1,kol_sell,0x3ea8574b4be458044bc7863e9024abb442d38309e6683b91b130d13eac158602,1,7454,7454,2727
1780139320382614891,fast_tip,A,0xf37d46478d98cf81d46c79f41502cc18cb244444,Meme stock,703047487696883,164278483231200,-538769004465683,-0.000539,-0.36,-0.766334,5857,6962,670.46,101295587,101295707,54,1,kol_sell,0xd2c80cb022b4e03cc88c374c19ad7de13a8005dabc14a2b85ba11406d769e960,1,10920,10920,1626
1780139629872985060,fast_tip,B,0x59e85092cd7e782bf6cc52305a515104a3574444,屁股,7099224960613441,5057259182903289,-2041965777710152,-0.002042,-1.37,-0.287632,7565,7880,670.69,101296274,101296410,62,1,kol_sell,0x927a33ec70b2786d2410a0fc84d4208a2fd46a494dbca673404a7d9587a4e942,1,6787,6787,5613
1780139629872985060,fast_tip,B,0x59e85092cd7e782bf6cc52305a515104a3574444,屁股,7099224960613441,4221583326178857,-2877641634434584,-0.002878,-1.93,-0.405346,7565,7880,670.69,101296274,101296472,90,1,kol_sell,0x18e4302758baa4505342a0ce1d6058ee4522186cd6135a5d8975f06122ada109,1,5915,5915,4685
1780139320382614891,fast_tip,A,0xf37d46478d98cf81d46c79f41502cc18cb244444,Meme stock,1104319181199519,961664094061298,-142655087138221,-0.000143,-0.10,-0.129179,5857,6962,670.60,101295587,101296759,529,2,kol_sell,0x12b69d56bb7197338003bbeaee9184cc80897c7ee968a8e51e35567cec823052,1,26445,26445,14213
1780140149655370994,fast_tip,M,0xf37d46478d98cf81d46c79f41502cc18cb244444,Meme stock,7321442722921531,7852663331113059,531220608191528,0.000531,0.36,0.072557,11572,13618,670.06,101297428,101297628,91,1,kol_sell,0xc1d7d78f076b2a5afe2373e07c04fbe12d8de3bcf908d95da14cc771758f546b,1,17218,17218,14587
1780140295522652641,fast_tip,K,0xdec5b13fbbe7239c96ba18b9160b774ea5374444,币安证券,3727325728172150,6919609292742425,3192283564570275,0.003192,2.14,0.856454,25612,29710,671.54,101297751,101300236,1119,1,kol_sell,0xcad2854d588c3df13df877e3984909d035b0a15c18e5e6676b43669e6f02d48a,1,63788,63788,55286
1780140345194800002,fast_tip,A,0xdec5b13fbbe7239c96ba18b9160b774ea5374444,币安证券,886625654808306,287073834061763,-599551820746543,-0.000600,-0.40,-0.676218,39381,41512,671.54,101297861,101300240,1071,1,kol_sell,0x3f5284de25acb95e649c1e5a8f36ad9392105fff79b74e74889f74abf10828d1,1,60093,60093,13469
1780140345194800002,fast_tip,A,0xdec5b13fbbe7239c96ba18b9160b774ea5374444,币安证券,709389186412126,0,-709389186412126,-0.000709,-0.48,-1.000000,39381,41512,671.54,101297861,101300247,1074,1,kol_sell,0x5857c5a2891cc8d734f879de2a4b706323b89e479a99b3ba96760fec97010cd6,1,58751,58751,0
1780140295522652641,fast_tip,K,0xdec5b13fbbe7239c96ba18b9160b774ea5374444,币安证券,3168226868946328,4668606081915121,1500379212968793,0.001500,1.01,0.473571,25612,29710,671.54,101297751,101300255,1128,1,kol_sell,0xe4aa7e94e89fd6935914c075776b9a197f7611cb7e2cbeb498800fd7ef05e8d8,1,52512,52512,43884
1780140295522652641,fast_tip,K,0xdec5b13fbbe7239c96ba18b9160b774ea5374444,币安证券,4488321397673965,6907274080450227,2418952682776262,0.002419,1.63,0.538944,25612,29710,672.45,101297751,101300325,1159,1,kol_sell,0x6f2c528caa0661b43108179b8b180142a94957eaf7a2a002d8af703700d989ce,1,52707,52707,45893
1780120499073802881,fast_tip,O,0xdec5b13fbbe7239c96ba18b9160b774ea5374444,币安证券,1688102764637923,2281870464398238,593767699760315,0.000594,0.40,0.351737,27047,28480,672.45,101253816,101300338,20961,1,kol_sell,0xabb05074a8844d3e29c13cfb4aaaab9ac6d8a82d6d3c00af746f7498787d6829,1,55668,55668,38947
1780140345194800002,fast_tip,A,0xdec5b13fbbe7239c96ba18b9160b774ea5374444,币安证券,567866221158922,0,-567866221158922,-0.000568,-0.38,-1.000000,39381,41512,672.45,101297861,101300343,1118,1,kol_sell,0x0fb55abe360b4e4e2b568bacf549734b69ff0faa9c34d417843b43d16cdbb50a,1,53322,53322,0
1780120499073802881,fast_tip,O,0xdec5b13fbbe7239c96ba18b9160b774ea5374444,币安证券,787387399519282,477322120631203,-310065278888079,-0.000310,-0.21,-0.393790,27047,28480,672.45,101253816,101300357,20970,1,kol_sell,0xe6dcd699b545e9781f0e86b1c7461c56ddd8f27b38fc239be1b39c4774702f44,1,51094,51094,17466
1780140295522652641,fast_tip,K,0xdec5b13fbbe7239c96ba18b9160b774ea5374444,币安证券,3366241048255473,4651029210161546,1284788161906073,0.001285,0.86,0.381668,25612,29710,672.75,101297751,101300460,1220,1,kol_sell,0xe1895ddb352d6b7bcea769ee5d0274b7ef7e970f0ea761c6d0b5865269f514b6,1,50608,50608,41221
1780142198928854483,fast_tip,A,0xb8cc4a6691c2e04edd8481bfff0f3e3df04d4444,Serenity,1466348399852146,882051770235996,-584296629616150,-0.000584,-0.39,-0.398471,12494,14140,673.11,101301978,101302531,250,1,kol_sell,0xd4efe1c514f38d769a01969cab6cdb82e586180df17074c188a2401e887e7121,1,18049,18049,8515
1780142466999902806,fast_tip,A,0x0f31284efd9668dcda20067aeac9652e11cf4444,SUN,2455344259001653,1406014080711770,-1049330178289883,-0.001049,-0.71,-0.427366,8843,9212,673.11,101302572,101302579,3,1,kol_sell,0x47d2d357da99accfd91abaefb6a1a374b290268137244befe26d31944a902cee,1,8978,8978,5275
1780142483197270639,fast_tip,A,0xe96e8d3d373f75ba8f00aaaa4a3f921faa394444,SB,4465781358228063,2822012034803392,-1643769323424671,-0.001644,-1.11,-0.368081,4973,5180,673.14,101302608,101302636,13,2,kol_sell,0x41608f8640aa57aa545f13abffaccadfe5a02230133415d68f320ed1a9a9d11f,1,4778,4778,3486
1780142497575228853,fast_tip,M,0x9660de0a63b3f9b82e6a87946095cafedeff4444,SUN,6284924766449838,7904975205902710,1620050439452872,0.001620,1.09,0.257768,4389,4571,673.14,101302640,101302651,5,1,kol_sell,0x8dd6d17b9325addb9867b4d24be0bbd7a6d361898da72b7cb7e54ab9751938e2,1,6665,6665,5750
1780142505168407040,fast_tip,A,0xaafc1ba5d7427c3f35396b39b849880102744444,清明上安图,4153465186777376,2568613744222165,-1584851442555211,-0.001585,-1.07,-0.381573,6463,6732,673.09,101302657,101302679,10,2,kol_sell,0x81351559551cbcf25be372628dacb96fd2f8dee0eabe60fddef366b9c2451208,1,5768,5768,4111
1780142521024926697,fast_tip,A,0x9660de0a63b3f9b82e6a87946095cafedeff4444,SUN,2747329117998687,2196278817195723,-551050300802964,-0.000551,-0.37,-0.200577,5931,6178,673.09,101302692,101302715,10,3,kol_sell,0x43d2d5270d865a2ddcd5b0240a9775bb90a9900bede9bd0c01bd7f7daffd5872,1,8708,8708,5946
1780142521024926697,fast_tip,A,0x9660de0a63b3f9b82e6a87946095cafedeff4444,SUN,549191090687937,0,-549191090687937,-0.000549,-0.37,-1.000000,5931,6178,673.09,101302692,101302721,13,3,kol_sell,0x433ef83ee592f9d090ed0570a3f8a17c6b33e37555708f1f387c49bf94ffd118,1,9083,9083,0
1780142521024926697,fast_tip,A,0x9660de0a63b3f9b82e6a87946095cafedeff4444,SUN,439627605462150,0,-439627605462150,-0.000440,-0.30,-1.000000,5931,6178,673.09,101302692,101302728,16,3,kol_sell,0x8cc55a31f821b476541137a039699afafa88562cfeec9b10a214215d5d12a0e4,1,8474,8474,0
1780142521024926697,fast_tip,A,0x9660de0a63b3f9b82e6a87946095cafedeff4444,SUN,1758510421848600,729733707258941,-1028776714589659,-0.001029,-0.69,-0.585027,5931,6178,673.09,101302692,101302739,21,3,kol_sell,0x1e7a5cdf157c89df1ef6737e6a87e697d37c51d3dbecef549ff5ea364e3aee08,1,7143,7143,3087
1780142547988266490,fast_tip,N,0xd45ba1026df058bf2b81a8142a02985f44ed4444,IB,3112577563048921,2356772227551838,-755805335497083,-0.000756,-0.51,-0.242823,6656,6934,673.03,101302752,101302790,17,1,kol_sell,0x7d3642f4cbee53f596efa926f8c939548b58ec8b84e15176ebc637b57b34d60a,1,7538,7538,5250
1780142547988266490,fast_tip,N,0xd45ba1026df058bf2b81a8142a02985f44ed4444,IB,932839495645761,25773388213174,-907066107432587,-0.000907,-0.61,-0.972371,6656,6934,673.03,101302752,101302800,22,1,kol_sell,0xde0354400dcf10060dc70ea54fcf1fe21bbbc9091c63cacc8182162f7f622687,1,7102,7102,192
1780142547988266490,fast_tip,N,0xd45ba1026df058bf2b81a8142a02985f44ed4444,IB,2100382809055901,1490570024394788,-609812784661113,-0.000610,-0.41,-0.290334,6656,6934,672.95,101302752,101302871,54,1,kol_sell,0xa4179f4cea0670abe893e35744cb01e639c38a480773619a2c721d80bbe4e376,1,8191,8191,4920
1780142589483304172,fast_tip,A,0xd45ba1026df058bf2b81a8142a02985f44ed4444,IB,885342296710203,128102972631258,-757239324078945,-0.000757,-0.51,-0.855307,6569,7843,672.95,101302844,101302879,16,1,kol_sell,0x692612e739214a31dfd5aa3f9dd20eaac0008a3c65489dbb193d5cddaa171f79,1,9410,9410,1135
1780142589483304172,fast_tip,A,0xd45ba1026df058bf2b81a8142a02985f44ed4444,IB,442671148355101,0,-442671148355101,-0.000443,-0.30,-1.000000,6569,7843,672.85,101302844,101302966,55,1,kol_sell,0x05db9757b9dd31e27c0a12f1e40fe2f0ce47fbcea3bbcf559fadd13c9eac3c30,1,7843,7843,0
1780142547988266490,fast_tip,N,0xd45ba1026df058bf2b81a8142a02985f44ed4444,IB,4966062829827408,3338153258119118,-1627909571708290,-0.001628,-1.10,-0.327807,6656,6934,672.94,101302752,101303043,131,1,kol_sell,0xcd2c85b150169cb888fcdf5ff29eb6ea5fb77900b5a48fc54c28506855111c54,1,6151,6151,4660
1780141496198791039,fast_tip,A,0xa3b2e6fe983ac7193f2e098ad6f7c195a3824444,hey stock,723905386337623,163019759938227,-560885626399396,-0.000561,-0.38,-0.774805,310997,311802,672.52,101300417,101304265,1733,1,kol_sell,0xa55fa31ff9fa09a8edded5d61f8f8202b7f45b372ccd783f77a310bc3268537b,1,461375,461375,70192
1780057011032265330,fast_tip,H,0xb2acf3ae051c7f0b0b8de90cbb4ed99312574444,共建,9422500842627208,7620548518243007,-1801952324384201,-0.001802,-1.21,-0.191239,1732389,1736822,672.83,101112883,101305248,86660,1,timeout,,0,0,0,0
1780142198928854483,fast_tip,A,0xb8cc4a6691c2e04edd8481bfff0f3e3df04d4444,Serenity,293240317803030,0,-293240317803030,-0.000293,-0.20,-1.000000,12494,14140,672.65,101301978,101305966,1796,1,kol_sell,0xf8c376956bcd90b75c348052de7a3fb495760aec90de97f26640ebafb158705c,1,18313,18313,0
1780143960317536078,fast_tip,O,0xae81db9a78b79f41591fbecd0276eb65fc6a4444,BinanceTank.1,46988417473437951,66144858646303062,19156441172865111,0.019156,12.89,0.407684,4943,5149,672.65,101305889,101306019,59,1,kol_sell,0x544df7a1d8358d415380aef320913ed8fa3235c2399bba7105a7b7358a9970e3,1,7652,7652,7248
1780144048636275193,fast_tip,A,0xae81db9a78b79f41591fbecd0276eb65fc6a4444,BinanceTank.1,730227783300891,0,-730227783300891,-0.000730,-0.49,-1.000000,8485,8839,672.51,101306085,101306182,44,1,kol_sell,0x2ee92c47bc3531aa28d343550e4347ecca02fe69071c5f43777489b3934677f9,1,10522,10522,0
1780144048636275193,fast_tip,A,0xae81db9a78b79f41591fbecd0276eb65fc6a4444,BinanceTank.1,145972533881848,0,-145972533881848,-0.000146,-0.10,-1.000000,8485,8839,672.51,101306085,101306224,63,1,kol_sell,0x694552a1c96f39f35a2441bbc8a22bf75fdd6537609d9902a9958bc1a06ed785,1,11049,11049,0
1780144048636275193,fast_tip,A,0xae81db9a78b79f41591fbecd0276eb65fc6a4444,BinanceTank.1,116792624358866,0,-116792624358866,-0.000117,-0.08,-1.000000,8485,8839,672.51,101306085,101306231,66,1,kol_sell,0xaa506bb677bee9ea07fa4914798c90709d3930b64afaaf14f21a428fc5fe7384,1,11429,11429,0
1780144048636275193,fast_tip,A,0xae81db9a78b79f41591fbecd0276eb65fc6a4444,BinanceTank.1,93445778749529,0,-93445778749529,-0.000093,-0.06,-1.000000,8485,8839,672.37,101306085,101306276,86,1,kol_sell,0xa79c94dd0991653920cc61be80ea17e1884ad1f77db211756fbee8fead4ce348,1,14917,14917,0
1780144137699488847,fast_tip,O,0x6b4f55aeda6e17f8f5fa0b7744121649f64c4444,苹果,54539193014344057,59291001682488274,4751808668144217,0.004752,3.19,0.087126,8859,9727,672.20,101306283,101306366,37,1,kol_sell,0xd78dcb078250a7185c480e43dd047b306f89da3ad68bdf44fbeb13843e050f7d,1,11178,11178,10572
1780143960317536078,fast_tip,O,0xae81db9a78b79f41591fbecd0276eb65fc6a4444,BinanceTank.1,8022610552777002,23898008433538455,15875397880761453,0.015875,10.67,1.978832,4943,5149,672.20,101305889,101306417,238,1,kol_sell,0x325557f408ab7eebd09a65bdb86809caa1d35c31b4c7a6e37ef401c63b62e8b9,1,16366,16366,15328
1780144048636275193,fast_tip,A,0xae81db9a78b79f41591fbecd0276eb65fc6a4444,BinanceTank.1,74803369262129,0,-74803369262129,-0.000075,-0.05,-1.000000,8485,8839,672.03,101306085,101306450,165,1,kol_sell,0x3d5ac5ff2316e114f74f278ab6236b396464a7e06873ba672bc7edc46be52a1e,1,17603,17603,0
1780143960317536078,fast_tip,O,0xae81db9a78b79f41591fbecd0276eb65fc6a4444,BinanceTank.1,5615827386943901,18118018829970083,12502191443026182,0.012502,8.40,2.226242,4943,5149,672.16,101305889,101306543,295,1,kol_sell,0xe94c0ebf1ab316d4daa27e6019fb6b3f7836808d36fe51a9d5dca0921784dd94,1,18143,18143,16600
1780142505163370561,fast_tip,M,0x1d97e931977f0480faa08e1b72baa1d5dfdc4444,太阳,12103362100199979,8435340458909048,-3668021641290931,-0.003668,-2.47,-0.303058,4838,5039,672.08,101302657,101309669,3159,1,kol_sell,0x995e433cdc63471dfb5f778cbf2a32e446da1fc43ace4f5fad4df2751d56b985,1,4063,4063,3506
1780142497575228853,fast_tip,M,0x9660de0a63b3f9b82e6a87946095cafedeff4444,SUN,6284924766449838,4432248189531087,-1852676576918751,-0.001853,-1.25,-0.294781,4389,4571,672.08,101302640,101309681,3171,1,kol_sell,0xffb8160a675ed00d5d30b3766910002ab4d728247b61af9f5b4011925f879b58,1,4028,4028,3219
1780146224400905716,fast_tip,A,0x1a372ee2d2c84a0b62f0abcfa5c7c64d646e7777,众筹大秀,1314410009941604,0,-1314410009941604,-0.001314,-0.88,-1.000000,5690,5928,670.94,101310915,101310989,34,1,kol_sell,0xc4ae76f40b74b89b9525c1f083023c3b467bd553ef6be1c18540da07f9f27163,1,175,175,0
1780149103238874903,fast_tip,I,0x03afbd5e81c01a9a6cb8f6856a27c83b20864444,7,24744469384748882,21640021680407431,-3104447704341451,-0.003104,-2.09,-0.125460,39802,39958,673.43,101317306,101317329,10,1,kol_sell,0x0629ef870c89058a9a1e8641477f3ea8af5e58504886846c02eab9ba9b4154fd,1,38350,38350,34945
1780139439961985502,fast_tip,A,0x6175842fe0d10ad0b80176d33f2b825bb5904444,七姐妹,2678505887412909,1736890550099452,-941615337313457,-0.000942,-0.63,-0.351545,6893,6916,673.44,101295852,101317463,9734,1,kol_sell,0x2cb285a2a7a507b94098bffd98823d326c71be7d824d3c2b531547521b722fbb,1,7363,7363,4508
1780149609554161195,fast_tip,N,0xee7a8e5af59fef034ff041486252ae986f8f4444,RUOK,8694350059150123,6123307787281627,-2571042271868496,-0.002571,-1.73,-0.295714,5725,5964,673.85,101318430,101318431,1,1,kol_sell,0xd4cac056ec9a3ab20b9f90b8361e10d8fa3747b274d51cabb2159b5b745741df,1,5500,5500,4200
1780149635212172921,fast_tip,N,0x20816187079c11256335188b182613f6dc204444,<3,4218622915981637,2905235816951375,-1313387099030262,-0.001313,-0.89,-0.311331,5286,5506,673.93,101318487,101318493,3,1,kol_sell,0xd20615f2ecaeffad59762f3f2b676d4bbd5c8bf9406fea1ae8c583332f3dcadb,1,5161,5161,3792
1780149641558944869,fast_tip,A,0x181e39b5ff644618f418a921e18332c0aa154444,r u ok,1131893952257374,46534596816378,-1085359355440996,-0.001085,-0.73,-0.958888,4698,4893,673.69,101318501,101318565,29,1,kol_sell,0x958ab2fe649fa8da2c61d3c830f377967a034f367a0d93108a9c5a4f656fc0ad,1,4219,4219,201
1780063158490229692,fast_tip,D,0x2390ac827201388d439327e2c55f754b505c4444,卷王,16368485582239358,16368485582239358,0,0.000000,0.00,0.000000,7228,7529,673.69,101126521,101318568,86513,1,price_unavailable,,0,0,0,0
1780149635212172921,fast_tip,N,0x20816187079c11256335188b182613f6dc204444,<3,4218622915981637,2289698626542310,-1928924289439327,-0.001929,-1.30,-0.457240,5286,5506,673.69,101318487,101318581,42,1,kol_sell,0xa77d830bad7328d2da04fe5c24548060c3b803e4aec88193005a085f508f3c53,1,4323,4323,2988
1780149906512552526,fast_tip,B,0x31a64203edd545fa64c07dc56c8530b512f3ffff,BSTR,9228579164902354,11639216257300952,2410637092398598,0.002411,1.63,0.261214,9606,10006,675.20,101319088,101319286,90,1,kol_sell,0x6ae738cc7bce5358101a3b689247eec66b2268c737998ef3fed503226013ca17,1,14015,14015,12636
1780150003962035461,fast_tip,N,0x1706c3a7c000d6e3ce28248bd3c94ab9e1444444,stonks,4980579720104105,6803817602169190,1823237882065085,0.001823,1.23,0.366069,5240,5458,675.56,101319305,101319354,22,1,kol_sell,0xc8e4de54e80f677150f07b462b8d499af82f2961434b25e680fb81e8e33c3b7d,1,8786,8786,7460
1780149906512552526,fast_tip,B,0x31a64203edd545fa64c07dc56c8530b512f3ffff,BSTR,4477910015110054,3260002043319678,-1217907971790376,-0.001218,-0.82,-0.271981,9606,10006,675.56,101319088,101319387,135,1,kol_sell,0x2aff7515b371cb56950bbbf0bba1ea8ef9c007dc7c11fce600ae0a3b42a2f1f5,1,9673,9673,7298
1780150003962035461,fast_tip,N,0x1706c3a7c000d6e3ce28248bd3c94ab9e1444444,stonks,783108743253052,521229655207879,-261879088045173,-0.000262,-0.18,-0.334410,5240,5458,675.56,101319305,101319402,44,1,kol_sell,0xad6ddf83117197b8fd777ffe358579285581ef23966820a2d440d5553fbfdda5,1,10238,10238,3635
1780150038775671410,fast_tip,O,0xbc1a406c09ef85e243983b30dc41419c547d4444,bstonks,37547555078428959,55497546092707739,17949991014278780,0.017950,12.13,0.478060,4396,4579,675.56,101319382,101319412,14,1,kol_sell,0xe9fc93af3022f92c545abd47fd74dac115b1fc0b6711888f097b2ff2a982c7c8,1,7163,7163,6769
1780150003962035461,fast_tip,N,0x1706c3a7c000d6e3ce28248bd3c94ab9e1444444,stonks,587331557439789,2009086335355756,1421754777915967,0.001422,0.96,2.420702,5240,5458,675.52,101319305,101319513,94,1,kol_sell,0x9e74e1d0f3b690c520dab4c9d465dec3a6cc9c19bbe551878c5b963e8787c295,1,27483,27483,18680
1780150038775671410,fast_tip,O,0xbc1a406c09ef85e243983b30dc41419c547d4444,bstonks,23854824444758219,21792907773274312,-2061916671483907,-0.002062,-1.39,-0.086436,4396,4579,675.52,101319382,101319518,62,1,kol_sell,0xe409212d0a32b9ca54123544a5d51eeaf68ece138e65eccc470e8783d36bcd60,1,4535,4535,4183
1780150003962035461,fast_tip,N,0x1706c3a7c000d6e3ce28248bd3c94ab9e1444444,stonks,440498668079842,1629775902472659,1189277234392817,0.001189,0.80,2.699843,5240,5458,675.45,101319305,101319594,131,1,kol_sell,0xc0592d0459e896f414842af46d576410ab16b17d20bebfae001f0346c138d1b4,1,32514,32514,20202
1780150003962035461,fast_tip,N,0x1706c3a7c000d6e3ce28248bd3c94ab9e1444444,stonks,660748002119763,4447861148215068,3787113146095305,0.003787,2.56,5.731554,5240,5458,675.55,101319305,101319717,186,1,kol_sell,0x73720351008848cd8541f499928caa02bfbc6b10508b12efe92fe5b4190c4843,1,45940,45940,36761
1780150112818329941,fast_tip,O,0x1706c3a7c000d6e3ce28248bd3c94ab9e1444444,stonks,36226231619239079,55643031279141536,19416799659902457,0.019417,13.12,0.535987,27351,28490,675.55,101319546,101319763,98,1,kol_sell,0xd024b576641d3856cb5a2d5e1dc095132f8ae1abfe9a8ac05cd9b3ec8707c324,1,46313,46313,43762
1780150003962035461,fast_tip,N,0x1706c3a7c000d6e3ce28248bd3c94ab9e1444444,stonks,660748002119764,2506890540255335,1846142538135571,0.001846,1.25,2.794019,5240,5458,675.49,101319305,101319838,241,1,kol_sell,0x914bad908aea9e497cb2d937d7d5fc64314a701db21c7a516f0a33886950669f,1,29235,29235,20717
1780150267695448812,fast_tip,B,0x1706c3a7c000d6e3ce28248bd3c94ab9e1444444,stonks,3455057946809100,4244608031980994,789550085171894,0.000790,0.53,0.228520,28574,29765,677.15,101319889,101320096,94,1,kol_sell,0xc55b1aed08b72d8f07f3e2afdb3eefcf0f12406875a589752c9458301b7f9751,1,45308,45308,36656
1780150267695448812,fast_tip,B,0x1706c3a7c000d6e3ce28248bd3c94ab9e1444444,stonks,10370704145264130,10158697014558350,-212007130705780,-0.000212,-0.14,-0.020443,28574,29765,676.90,101319889,101320301,186,1,kol_sell,0xd70cbea0b8275b96699a5e643af612917ad23584a49d027c8bcf9ffc7128d645,1,33090,33090,29217
1780150516069424316,fast_tip,N,0xf5a85537acff4898202988e57a0942adc6024444,BSX6900,4546789671086136,3181202580644203,-1365587090441933,-0.001366,-0.92,-0.300341,5609,5842,677.07,101320440,101320442,1,1,kol_sell,0x905737480b3d23780f305bc68b3e3ae47dfc0b696c0847dbd0ddf20fd72f2088,1,5444,5444,4088
1780150516069424316,fast_tip,N,0xf5a85537acff4898202988e57a0942adc6024444,BSX6900,4546789671086136,2963440573937852,-1583349097148284,-0.001583,-1.07,-0.348235,5609,5842,677.07,101320440,101320457,8,1,kol_sell,0xeacc7583ac599ff16430604321e95bc9b3edbd120ef90e1b98a3f12d555910eb,1,5153,5153,3808
1780150538589985120,fast_tip,N,0x53a11ea3a53f4c3f3801fa7ae2c551f41c9e4444,BSX6900,8798685723413250,6509297472989050,-2289388250424200,-0.002289,-1.55,-0.260197,7852,8179,676.63,101320490,101320568,35,1,kol_sell,0x358f97b5d6d83d766900384d580cd653678e29bdfd094f23cba8efbbbee6e6fd,1,7157,7157,6047
1780146600337687228,fast_tip,N,0x6564440b4b0e7011c03520aceacbd5757f42ffff,RSF,10733765505123609,6947732028310238,-3786033476813371,-0.003786,-2.56,-0.352722,10752,11200,676.79,101311750,101320639,4005,1,kol_sell,0x5155cacb9536e6371b6f45129b36a59aaadbeef22ea8b6569d87c878511d04da,1,8590,8590,7314
1780151480843365452,fast_tip,B,0xfe19a4c4c6dca19a7e523f7c2a15d33c3e5e4444,Bonks,13883516387519842,11504529717868614,-2378986669651228,-0.002379,-1.62,-0.171353,5427,5653,681.43,101322582,101322614,15,1,kol_sell,0xca9b90f90eceba9b6fd0e73a7c68fa73dd6e6f94cf5379eb52320e2efd180f65,1,5253,5253,4685
1780150884787315166,fast_tip,H,0x2b9b083177258f993ade48fe41834bc3c5b44444,白马股,2763252868610611,2325557053188384,-437695815422227,-0.000438,-0.30,-0.158399,0,0,682.33,101320998,101322918,747,1,kol_sell,0xf422efbdab9c9d008316ea3ae5c7f63d219a6c4c4ac1ba3efad72f213d334a70,1,6378,6378,4260
1780150884787315166,fast_tip,H,0x2b9b083177258f993ade48fe41834bc3c5b44444,白马股,2764980765601989,2327559966025218,-437420799576771,-0.000437,-0.30,-0.158200,0,0,682.33,101320998,101322919,748,1,kol_sell,0xdfaea4f15b09348a91d3fbce4e8e3da35932b40692521416916b0c87526235f0,1,6036,6036,4261
1780150884787315166,fast_tip,H,0x2b9b083177258f993ade48fe41834bc3c5b44444,白马股,2764704267525429,2100029983359112,-664674284166317,-0.000665,-0.45,-0.240414,0,0,682.33,101320998,101322927,751,1,kol_sell,0xd63ab9d51f832cafd47986eef4b24365313de03521f862abef1d6ac0517faaa9,1,5603,5603,3845
1780151648761936831,fast_tip,N,0x1706c3a7c000d6e3ce28248bd3c94ab9e1444444,stonks,9264520101201854,7646724241712571,-1617795859489283,-0.001618,-1.10,-0.174623,25869,26947,682.33,101322955,101322961,3,1,kol_sell,0x10861746653a90a6b5a9844be85f8b82a2170f6ee08b183e518ea3dbf65d91e0,1,25832,25832,22241
1780151758646063016,fast_tip,N,0x1706c3a7c000d6e3ce28248bd3c94ab9e1444444,stonks,9102740515252926,2926300509955620,-6176440005297306,-0.006176,-4.23,-0.678525,118809,123759,684.27,101323199,101323319,54,1,kol_sell,0xf7b244430bc1de59541dead0ef94d05c8fed3ea0ca6e8eda965ac096230c47c9,1,52078,52078,39790
1780151873078708089,fast_tip,N,0x95679d40eec7b3604028fb8ed6c4fa92b4004444,金马股,2121274128680798,1163221441516675,-958052687164123,-0.000958,-0.66,-0.451640,7442,7752,684.53,101323453,101323456,2,1,kol_sell,0x216d94498ef5d6f4933fde987f65ebc93be6784356aeeaf156af4b3dd0625d4e,1,7765,7765,4251
1780151873078708089,fast_tip,N,0x95679d40eec7b3604028fb8ed6c4fa92b4004444,金马股,1590319214271995,608804375004757,-981514839267238,-0.000982,-0.67,-0.617181,7442,7752,684.53,101323453,101323468,7,1,kol_sell,0x6c03f397ea4110b55aac1c01b238c5bdcda62d6d0b3395c02984f8132637f4b6,1,7542,7542,2968
1780151873078708089,fast_tip,N,0x95679d40eec7b3604028fb8ed6c4fa92b4004444,金马股,3930502511635749,3157918513966621,-772583997669128,-0.000773,-0.53,-0.196561,7442,7752,684.80,101323453,101323600,67,1,kol_sell,0x633d231c93e17388fcf9caa6c4c5c171eb1c9d3b3bfdeee1758864edbe873e35,1,8798,8798,6231
1780151944986076637,fast_tip,C,0x95679d40eec7b3604028fb8ed6c4fa92b4004444,金马股,9628366219168956,11844766066012222,2216399846843266,0.002216,1.52,0.230195,7158,8409,684.80,101323612,101323634,10,1,kol_sell,0x1d81a87510300d44dd8fa978cd96bb7709cd89d191ee0e94e515dc6a84b7bd84,1,11573,11573,10345
1780150884787314506,fast_tip,A,0xb8cc4a6691c2e04edd8481bfff0f3e3df04d4444,Serenity,234621578274205,0,-234621578274205,-0.000235,-0.16,-1.000000,0,0,684.89,101301978,101323777,1135,1,kol_sell,0x28793ccb47dccd170ef4570e2feed20d6d7198ccdc3b77e260b60a7ee7600810,1,26836,26836,0
1780151944986076637,fast_tip,C,0x95679d40eec7b3604028fb8ed6c4fa92b4004444,金马股,3932706182219560,5385374573970197,1452668391750637,0.001453,0.99,0.369381,7158,8409,684.89,101323612,101323786,78,1,kol_sell,0xb7f2f5cc3f98b68c71106e4d708c3d1339d73714308739370ecad74e9cd93be3,1,13948,13948,11517
1780151873078708089,fast_tip,N,0x95679d40eec7b3604028fb8ed6c4fa92b4004444,金马股,843000660134653,0,-843000660134653,-0.000843,-0.58,-1.000000,7442,7752,683.95,101323453,101324050,269,1,kol_sell,0xcab8915f7b3d640b9f28e13de55caa6fdeebf8875b6dc306ed814ec0933a92bf,1,8192,8192,0
1780150884787315346,fast_tip,A,0xa3b2e6fe983ac7193f2e098ad6f7c195a3824444,hey stock,579486442830147,0,-579486442830147,-0.000579,-0.40,-1.000000,0,0,683.89,101300417,101324166,1309,1,kol_sell,0xd61c110ea77ac8fdaf9d5805e7d561fa32ce299c95b062e2676e9373cfb39378,1,428063,428063,0
1780150884787315346,fast_tip,A,0xa3b2e6fe983ac7193f2e098ad6f7c195a3824444,hey stock,463357359686985,0,-463357359686985,-0.000463,-0.32,-1.000000,0,0,683.87,101300417,101324245,1345,1,kol_sell,0x3955cfeee763ec54ebcfa57afcec3b0a411c72c324e2bee522cb369b1bd07c52,1,459539,459539,0
1780150884787315346,fast_tip,A,0xa3b2e6fe983ac7193f2e098ad6f7c195a3824444,hey stock,370917682326721,0,-370917682326721,-0.000371,-0.25,-1.000000,0,0,685.54,101300417,101324362,1398,1,kol_sell,0xc988ca77bae02d4f7df2bb7eb143a90decbb8079233d7ff5a0652e0fee19a7ba,1,493103,493103,0
1780150884787315346,fast_tip,A,0xa3b2e6fe983ac7193f2e098ad6f7c195a3824444,hey stock,296585778788446,0,-296585778788446,-0.000297,-0.20,-1.000000,0,0,685.54,101300417,101324380,1406,1,kol_sell,0xc3168cd945f44ee762943e8bb5f71f40321ebd02f217465b97aebc996d19dcb6,1,510597,510597,0
1780150884787336275,fast_tip,H,0xa3b2e6fe983ac7193f2e098ad6f7c195a3824444,hey stock,3071816873559681,3707446871293514,635629997733833,0.000636,0.44,0.206923,0,0,685.75,101318344,101324514,1466,1,kol_sell,0x18b97add463b5baa390ec673ce3cbb18b15ac68d68b723c3aceca5142d20d5ca,1,492543,492543,404871
1780151944986076637,fast_tip,C,0x95679d40eec7b3604028fb8ed6c4fa92b4004444,金马股,10509843146533876,6356677746328215,-4153165400205661,-0.004153,-2.84,-0.395169,7158,8409,683.99,101323612,101325507,854,1,kol_sell,0x6d647a9f6e02e69a194f93a35c00319c6aa251e7e30bc4c32b3ecebd81959ca4,1,5973,5973,5080
1780153016410259844,fast_tip,O,0x0ad41495ce04620620cf6d124f8d1e90b98e4444,喜儿,43834711095441407,41645281660088200,-2189429435353207,-0.002189,-1.50,-0.049947,7583,8359,685.28,101325991,101326056,30,1,kol_sell,0x158fad7841118db8946684bc5d8a793bb3313d76ebe9229555ca728b9a893ea7,1,9837,9837,7949
1780152995806954267,fast_tip,N,0x0ad41495ce04620620cf6d124f8d1e90b98e4444,喜儿,4788323383520512,5136924851013749,348601467493237,0.000349,0.24,0.072802,6345,6609,685.28,101325946,101326059,50,1,kol_sell,0xb00c217e8303edd89350340226294b8cd4b92cae0688a89a192ffb52df4610cc,1,8653,8653,7097
1780152995806954267,fast_tip,N,0x0ad41495ce04620620cf6d124f8d1e90b98e4444,喜儿,3341257912779169,2153140069106775,-1188117843672394,-0.001188,-0.81,-0.355590,6345,6609,685.28,101325946,101326109,74,1,kol_sell,0xf981f86a6dfcc225c88a2cba6017750e4e9f5f99ce116a01545f56998d2caef4,1,6247,6247,4263
1780150884787336275,fast_tip,H,0xa3b2e6fe983ac7193f2e098ad6f7c195a3824444,hey stock,1227498022674448,2156328401216039,928830378541591,0.000929,0.64,0.756686,0,0,685.92,101318344,101326290,2267,1,kol_sell,0x49f3ed2e9246df101a6953a3b9db752d2bb56a168df89e14d04a780892da6085,1,757588,757588,589440
1780150884787336275,fast_tip,H,0xa3b2e6fe983ac7193f2e098ad6f7c195a3824444,hey stock,1228740388290791,2153221908194783,924481519903992,0.000924,0.63,0.752381,0,0,685.92,101318344,101326292,2267,1,kol_sell,0x4ea5130685c398cb10de7b76d75e677f58fb6a0a6accac5031a9effde7c0d39b,1,834132,834132,587996
1780150884787315346,fast_tip,A,0xa3b2e6fe983ac7193f2e098ad6f7c195a3824444,hey stock,237298281608635,0,-237298281608635,-0.000237,-0.16,-1.000000,0,0,686.41,101300417,101326359,2297,1,kol_sell,0x9712b3108aa29e14a042f8c53821ef1c4e8870417e8514c1e20718e359cc74c6,1,867815,867815,0
1780150884787315346,fast_tip,A,0xa3b2e6fe983ac7193f2e098ad6f7c195a3824444,hey stock,189862355115069,0,-189862355115069,-0.000190,-0.13,-1.000000,0,0,686.01,101300417,101326459,2343,1,kol_sell,0x6e8a08fc7ba54e8e9067b56f01102590dbb234f1f02b03917daf69acc2b8c3bc,1,824754,824754,0
1780153224435509558,fast_tip,O,0x5a34f859f5026e200177384b3b1efa596fc94444,股神,60195262416679557,43149504661691799,-17045757754987758,-0.017046,-11.69,-0.283174,8144,8483,686.01,101326452,101326480,13,1,kol_sell,0xec1cb9a34c4ec1c30b44ae9af666e214d4d3f7348d22ca30f180550927129623,1,6463,6463,6081
1780150884787315346,fast_tip,A,0xa3b2e6fe983ac7193f2e098ad6f7c195a3824444,hey stock,151984862758946,0,-151984862758946,-0.000152,-0.10,-1.000000,0,0,684.63,101300417,101326520,2370,1,kol_sell,0xd1871ec349e8b15d65897b9d6b9b03a751c4cf78b3b6f422e47b42cba248a13d,1,836226,836226,0
1780153272501331296,fast_tip,O,0x9938c7c81f5d3e16412b01d1c5a37c0be2d14444,月亮帽,58490686641180781,37723705422981524,-20766981218199257,-0.020767,-14.22,-0.355048,20677,20840,684.63,101326559,101326582,10,1,kol_sell,0xd0b2f7f82d438e899893f424a88a6eb5f8cd649de1ebda9311dee38f340eb3e3,1,14983,14983,13441
1780153378421993162,fast_tip,N,0xefcba31621bdd8960cd11fabc419413791354444,安交所,3960863480969032,2647604724505722,-1313258756463310,-0.001313,-0.90,-0.331559,15844,16504,685.59,101326794,101326865,32,1,kol_sell,0x71fda235c4da23aa9a49d38860861b91a2f069b9996aa375ebfce4efdbf727ee,1,15297,15297,11037
1780153378421993162,fast_tip,N,0xefcba31621bdd8960cd11fabc419413791354444,安交所,4084766177712733,2807706068030911,-1277060109681822,-0.001277,-0.88,-0.312640,15844,16504,685.59,101326794,101326874,36,1,kol_sell,0x0e196674f43c1aefe0eacc2b313eef97e9d5934c1fbf50757208e4bfcc4dcad5,1,15507,15507,11349
1780153397704334590,fast_tip,H,0x5a84e0d6cdf8ed3d6ff32b897f68c27de2034444,游资,13917872756244416,7969774673465474,-5948098082778942,-0.005948,-4.08,-0.427371,4811,6374,686.29,101326837,101326993,71,1,kol_sell,0xe027f58d84e354d76c3dcdb0b20c00c02a646cbc3b1f7d43f3c9fd1d7bcaf70c,1,4225,4225,3655
1780153481818005235,fast_tip,N,0x4b2f24f6ab4f582991e29a32d23851bb89264444,币安之狼,7786597772067252,5663466632418884,-2123131139648368,-0.002123,-1.46,-0.272665,4894,5098,686.29,101327023,101327026,1,1,kol_sell,0x1a4093a862ee2a440c923d383d6d7e5709341bedfa1ef9b81cc506049fcdf785,1,4459,4459,3708
1780153528863622247,fast_tip,O,0xefcba31621bdd8960cd11fabc419413791354444,安交所,35343363807379576,44834132576752278,9490768769372702,0.009491,6.50,0.268530,23423,24399,685.37,101327128,101327158,14,1,kol_sell,0x05850d4276fbe40d305f0ec49a27619e49da2f9caf93004db9f54c1a35976ff2,1,32870,32870,30951
1780150884787337115,fast_tip,G,0x7a6233b57d64e23f6be675eba6e7ba9910984444,babypalu,5845300177637824,2446887412404158,-3398412765233666,-0.003398,-2.33,-0.581392,0,0,685.04,101256669,101327268,2707,1,kol_sell,0x1189f2643730096cc5dc39e47a3e99cf9b62db917882106f22dbe6451cf4a496,1,8339,8339,5895
1780150884787320226,fast_tip,G,0xc6cc46e67c4793d8ef9f4ae29b63ae1fa7854444,ASCEND,5694418951549989,2265363122263299,-3429055829286690,-0.003429,-2.35,-0.602178,0,0,685.04,101263091,101327283,2714,1,kol_sell,0x0f1cdb5b5d4a73732671acc1b99a8f6fd6b6c0402d5a9b9a41814396267f1805,1,13371,13371,9257
1780150884787310476,fast_tip,N,0x2cf25de1eea1bf378eb8cea6b5390aaad13b7777,Clutch,9660388954611248,7290320880836282,-2370068073774966,-0.002370,-1.63,-0.245339,0,0,686.44,101316466,101327736,2918,1,kol_sell,0x5cddd204a97a7c431779d178a3e645a8fd3b3c46fdb57839d0470077db52f448,1,169439,169439,148232
1780153862557125564,fast_tip,N,0x3d72e18fc745639a7ab506bd17f0f2d4de864444,长牛,8303316746186043,5122443354781956,-3180873391404087,-0.003181,-2.19,-0.383085,5371,5595,687.60,101327869,101327873,2,1,kol_sell,0x747e848431de4801717cb7cbc61263cf541d8ab5fd2b50db1758ee94b4816d7a,1,4686,4686,3452
1780153918495920462,fast_tip,N,0x0481ec1ddafa7c6bb881229fa0845d6121b44444,Tenance,7985229407045635,6196019919540958,-1789209487504677,-0.001789,-1.23,-0.224065,5212,5429,687.15,101327993,101328009,7,1,kol_sell,0xa4853f9b767a4b3e9ddafc97af19ba748f4c355958d90a15fa3a4230b4f34933,1,5006,5006,4212
1780150884787334395,fast_tip,O,0x7472ee7ecb2f3f69351ce8e004f952a376ed4444,苹果,75805406818749603,60718852935490325,-15086553883259278,-0.015087,-10.36,-0.199017,0,0,686.95,101307014,101328621,3317,1,kol_sell,0x4d7d2a5f5f86d6e103ff99541cdd606e667c58df5889dd89aad84f77c858f24e,1,4300,4300,4069
1780154394386892962,fast_tip,B,0xc611047d1e6c87cc4080cb9d52fc0b7870944444,股屎,13645617720554719,11201221574819116,-2444396145735603,-0.002444,-1.68,-0.179134,4344,4525,687.13,101329050,101329052,2,1,kol_sell,0xfb76891c6e2742dc6cd34cad2b03b3de5d62e381521574dd935184397499804b,1,4170,4170,3714
1780153819434735999,fast_tip,H,0xefcba31621bdd8960cd11fabc419413791354444,安交所,2663280283298507,1133187893447593,-1530092389850914,-0.001530,-1.05,-0.574514,33867,34810,687.43,101327773,101329203,644,1,kol_sell,0x215b87fccd3f91b6328695799beb35528bff1ecbcc8c11976a9aa8ca9d10bc9f,1,27351,27351,14833
1780153819434735999,fast_tip,H,0xefcba31621bdd8960cd11fabc419413791354444,安交所,2663879687900536,1069539038808186,-1594340649092350,-0.001594,-1.10,-0.598503,33867,34810,687.43,101327773,101329204,645,1,kol_sell,0x4ed533641cdd9c55adaa313a98555296654cc6cda19e8abb7ac71a7bfa033e3e,1,26477,26477,13996
1780153819434735999,fast_tip,H,0xefcba31621bdd8960cd11fabc419413791354444,安交所,2665034462156600,1034958337427675,-1630076124728925,-0.001630,-1.12,-0.611653,33867,34810,687.43,101327773,101329207,646,1,kol_sell,0x8f2f7e197b3852a36f6160e76e8d0d926b020396f9e1f75851f2a9e06f8d95de,1,25995,25995,13538
1780154741717459966,fast_tip,B,0xc4eddd9c067e48a8268a3380ed18153a73e8ffff,凉兮基金会,1338777692787517,1892224930311040,553447237523523,0.000553,0.38,0.413397,7671,7990,688.62,101329820,101329828,4,1,kol_sell,0x61d751c2451bbd1e103c1a23cc23fb2ec01f4859fa0031689dd13124734344aa,1,16971,16971,11293
1780154741717459966,fast_tip,B,0xc4eddd9c067e48a8268a3380ed18153a73e8ffff,凉兮基金会,1340132685905813,1784368857975779,444236172069966,0.000444,0.31,0.331487,7671,7990,688.62,101329820,101329830,4,1,kol_sell,0x48f31eda72b8a4c5ec4cb5b3c06b2e92f764a2f418fb358748800c3c3c6cfd73,1,16494,16494,10639
1780154741717459966,fast_tip,B,0xc4eddd9c067e48a8268a3380ed18153a73e8ffff,凉兮基金会,1071154545956054,2153723285513477,1082568739557423,0.001083,0.75,1.010656,7671,7990,688.62,101329820,101329832,6,1,kol_sell,0x46a9e8f0c2ce21c0c0a52cbb7bee1c72a55fa8456feb796a7e24e58049ab1663,1,23505,23505,16066
1780154742380449403,fast_tip,O,0xc4eddd9c067e48a8268a3380ed18153a73e8ffff,凉兮基金会,24721271740937423,36823126706355609,12101854965418186,0.012102,8.33,0.489532,10134,14054,688.62,101329821,101329833,5,1,kol_sell,0xe1771e1738119fb928736afa4115573ee4c77b20c124a3dd1967f6fae263aa86,1,22322,22322,20934
1780154741717459966,fast_tip,B,0xc4eddd9c067e48a8268a3380ed18153a73e8ffff,凉兮基金会,964146206815044,2363701580812840,1399555373997796,0.001400,0.96,1.451601,7671,7990,688.62,101329820,101329836,7,1,kol_sell,0xd8f2f5e7f226d784b78e6f8ba485704bcf570a4e59396cac03509d92e707bb62,1,27927,27927,19589
1780154741717459966,fast_tip,B,0xc4eddd9c067e48a8268a3380ed18153a73e8ffff,凉兮基金会,868696697451673,2896571928118426,2027875230666753,0.002028,1.40,2.334388,7671,7990,688.62,101329820,101329840,9,1,kol_sell,0xf81b4704e3b310e4b3ce04eb5443fc57eb4c1ca624e2d2fa21d71e1a6a783dd0,1,36101,36101,26643
1780154741717459966,fast_tip,B,0xc4eddd9c067e48a8268a3380ed18153a73e8ffff,凉兮基金会,781045200678799,2457927711219535,1676882510540736,0.001677,1.15,2.146972,7671,7990,688.62,101329820,101329842,10,1,kol_sell,0xe7f67f4005c49cf75ebc398edcc1fe7f91e53c4df884e4fa07bded6844f5d7c3,1,35478,35478,25145
1780154741717459966,fast_tip,B,0xc4eddd9c067e48a8268a3380ed18153a73e8ffff,凉兮基金会,703018785130987,2394477695889841,1691458910758854,0.001691,1.16,2.405994,7671,7990,688.62,101329820,101329844,11,1,kol_sell,0x3cb0a152df103062ea0004f02b1aebb3985eaf00425e97ca8bbdec56544de79b,1,38664,38664,27215
1780154741717459966,fast_tip,B,0xc4eddd9c067e48a8268a3380ed18153a73e8ffff,凉兮基金会,632787208496401,2784900365948420,2152113157452019,0.002152,1.48,3.401006,7671,7990,688.62,101329820,101329848,13,1,kol_sell,0xef16ab103c6fc8a7420b1641fe43c2517c637cd7ffafb894e0cd6c8ec07ddc49,1,48091,48091,35165
1780154741717459966,fast_tip,B,0xc4eddd9c067e48a8268a3380ed18153a73e8ffff,凉兮基金会,633427660094510,2964758396829610,2331330736735100,0.002331,1.61,3.680500,7671,7990,688.62,101329820,101329849,13,1,kol_sell,0x8da3adf70c163d838fcdbd5b61da2d42733f85f72be3a804c21a2ecc01402765,1,50405,50405,37398
1780154741717459966,fast_tip,B,0xc4eddd9c067e48a8268a3380ed18153a73e8ffff,凉兮基金会,506292343124169,1946917672583231,1440625329459062,0.001441,0.99,2.845442,7671,7990,688.62,101329820,101329852,14,1,kol_sell,0xd60a45ec6a22519f29296dce36d37c0bc8c5c92e23c787302ac8fbd2b6f4326c,1,46330,46330,30726
1780154741717459966,fast_tip,B,0xc4eddd9c067e48a8268a3380ed18153a73e8ffff,凉兮基金会,455713738046065,1590060151167095,1134346413121030,0.001134,0.78,2.489164,7671,7990,688.62,101329820,101329856,16,1,kol_sell,0xfb299fe4f4748424e3cc46ec6eae0c0ff8eb53fec56d0fd81a4aa9dd34d9d54f,1,44954,44954,27879
1780154741717459966,fast_tip,B,0xc4eddd9c067e48a8268a3380ed18153a73e8ffff,凉兮基金会,410187935615263,1610385295658163,1200197360042900,0.001200,0.83,2.925969,7671,7990,688.62,101329820,101329858,17,1,kol_sell,0x88ad9e0e8460b62f5e745094cbf0768ff09a7498198710affc8b020f7ca63ef6,1,50356,50356,31369
1780154741717459966,fast_tip,B,0xc4eddd9c067e48a8268a3380ed18153a73e8ffff,凉兮基金会,410603091793141,1625223503662307,1214620411869166,0.001215,0.84,2.958138,7671,7990,688.62,101329820,101329859,17,1,kol_sell,0x29fdd5c95c3bbcd72cb89e8dd8865cd54db96d159c985e93d5913c21b1e2335a,1,50606,50606,31626
1780154741717459966,fast_tip,B,0xc4eddd9c067e48a8268a3380ed18153a73e8ffff,凉兮基金会,328519431408572,972736312009942,644216880601370,0.000644,0.44,1.960970,7671,7990,688.62,101329820,101329862,19,1,kol_sell,0x643871c1134733ff17be7095643f23fb23a3fe9dbeeee7e50a93c9f416885fce,1,46719,46719,23659
1780154741717459966,fast_tip,B,0xc4eddd9c067e48a8268a3380ed18153a73e8ffff,凉兮基金会,295371820779447,554966850192623,259595029413176,0.000260,0.18,0.878875,7671,7990,688.62,101329820,101329866,21,1,kol_sell,0x895fd63416ad2c7db73554833239a50572f3e069cd6c505ebed9cecb350999e4,1,40190,40190,15013
1780154744515991462,fast_tip,N,0xc4eddd9c067e48a8268a3380ed18153a73e8ffff,凉兮基金会,4856304491905423,7383004239739411,2526699747833988,0.002527,1.74,0.520293,20067,20903,688.62,101329826,101329875,22,1,kol_sell,0x91ba793d5721e2cc68bda73488c939e9a1d1659e218c1a538568301e8e35bb69,1,37009,37009,31778
1780154741717459966,fast_tip,B,0xc4eddd9c067e48a8268a3380ed18153a73e8ffff,凉兮基金会,665059635168236,2044786637182498,1379727002014262,0.001380,0.95,2.074591,7671,7990,688.62,101329820,101329887,30,1,kol_sell,0xc1977f18eb1ed4b19250caec95018c116aa797700c932b2914d43f079022beba,1,36495,36495,24567
1780154741717459966,fast_tip,B,0xc4eddd9c067e48a8268a3380ed18153a73e8ffff,凉兮基金会,498861232339694,1444044683012990,945183450673296,0.000945,0.65,1.894682,7671,7990,688.62,101329820,101329940,54,1,kol_sell,0xa279f272e1d8955a222dd670fbf4560c7eb1b721d47bc5258f32c7fc064bc74b,1,38630,38630,23129
1780154742380449403,fast_tip,O,0xc4eddd9c067e48a8268a3380ed18153a73e8ffff,凉兮基金会,10978324281665710,26154457734550507,15176133452884797,0.015176,10.45,1.382372,10134,14054,688.62,101329821,101329945,56,1,kol_sell,0x7598458883e85b77096b0acaf56327f14094274da7771a017a82a50f2014f3e4,1,36039,36039,33482
1780154741717459966,fast_tip,B,0xc4eddd9c067e48a8268a3380ed18153a73e8ffff,凉兮基金会,1497382194389774,3135514346988135,1638132152598361,0.001638,1.13,1.093997,7671,7990,688.45,101329820,101329969,67,1,kol_sell,0x62cc7093101df5b85094a16ba7288e05827802b523ae169b0e75a18238467e76,1,22267,22267,16727
1780154744515991462,fast_tip,N,0xc4eddd9c067e48a8268a3380ed18153a73e8ffff,凉兮基金会,2950003966389744,1833839548198592,-1116164418191152,-0.001116,-0.77,-0.378360,20067,20903,688.45,101329826,101329972,66,1,kol_sell,0x6876947aeda9dd47aa5e03984f87fde15990871bf5f09c865818d17cd1a8877b,1,19963,19963,12991
1780154806185109694,fast_tip,O,0x9b2360b047ee84a68df754f50bf73959d24e7777,凉兮基金会,39466116162273407,0,-39466116162273407,-0.039466,-27.17,-1.000000,14655,15265,688.45,101329963,101329981,8,1,kol_sell,0x3ea6b16ef3e37ab20a28e2ef5ccd183b37088b3ea0661a8790a8bd93f02a42a8,1,223,223,0
1780154820835337728,fast_tip,B,0xc4eddd9c067e48a8268a3380ed18153a73e8ffff,凉兮基金会,15722789315890638,10062954230600388,-5659835085290250,-0.005660,-3.90,-0.359977,21986,22902,689.20,101329996,101330089,42,1,kol_sell,0xb10096dc1792df40a9de7422e78a386c5dbbd6066b4b8566167c12f426083663,1,16608,16608,14674
1780154806185109694,fast_tip,O,0x9b2360b047ee84a68df754f50bf73959d24e7777,凉兮基金会,22026741678601332,0,-22026741678601332,-0.022027,-15.16,-1.000000,14655,15265,688.25,101329963,101330235,123,1,kol_sell,0x3af850e3d2363f447227580031ecada46a9cc678aa98e12c643befcc1db4bf37,1,47,47,0
1780154742380449403,fast_tip,O,0xc4eddd9c067e48a8268a3380ed18153a73e8ffff,凉兮基金会,25628292196045897,27240078798778382,1611786602732485,0.001612,1.11,0.062891,10134,14054,688.25,101329821,101330288,210,1,kol_sell,0x0a74b44823b7406efbeb483fdb910e7003d64a3277cd3e2fa63eb1a621439316,1,16050,16050,14930
1780154984086427333,fast_tip,B,0xa10eeb7b0dcd27de5dcf79562b3b18aa7e3b4444,我给你们捐个蛋,15156805807361613,12540757504392186,-2616048302969427,-0.002616,-1.80,-0.172599,4369,4551,688.99,101330358,101330359,0,1,kol_sell,0x5a4f703a94796e81d164774de695b3d1bd5babe723ab02fcf2860acbc4ebacd1,1,4195,4195,3765
1780155019219564234,fast_tip,B,0x31ca247e4c02860de8a0691f33e93bfc1b694444,亚洲邪术,14895200977064670,12309805090271311,-2585395886793359,-0.002585,-1.78,-0.173572,4358,4540,689.41,101330436,101330445,4,1,kol_sell,0x9279ecc8301f07ed673715fb4f670e4db175d510009e4bc965bbe10483dedc19,1,4184,4184,3752
1780155395963371998,fast_tip,H,0xa3b2e6fe983ac7193f2e098ad6f7c195a3824444,hey stock,1966205816654697,3767316463565065,1801110646910368,0.001801,1.24,0.916034,0,0,690.72,101318344,101331342,32,1,kol_sell,0xf152ff8e0f71b9fba0278aa0cb4c07ecc5d08526606fe083d60f4bc50a5a6c15,1,805599,805599,647407
1780155395963371998,fast_tip,H,0xa3b2e6fe983ac7193f2e098ad6f7c195a3824444,hey stock,1966205816654698,3924997105583673,1958791288928975,0.001959,1.35,0.996229,0,0,690.72,101318344,101331348,34,1,kol_sell,0xc5b72f276d66fb3cad69fa964f16e67a62f8e58e1aefcede44e005adf6efc7c9,1,796554,796554,674505
1780155395963371998,fast_tip,H,0xa3b2e6fe983ac7193f2e098ad6f7c195a3824444,hey stock,1966009196073032,3831051657178501,1865042461105469,0.001865,1.29,0.948644,0,0,690.72,101318344,101331355,38,1,kol_sell,0xebbd41bd0e80f45a58d8496ec3bece5920b170f428c0e0e6919b123177c81b0f,1,806392,806392,658426
1780155792471098377,fast_tip,B,0x4444a38e17db2f119562cf9254fb20c6e7811c0d,α,14636661388385334,12699232690563380,-1937428697821954,-0.001937,-1.33,-0.132368,27978,28067,688.56,101332152,101332194,19,1,kol_sell,0xac355ac1cb019469e44cfb0887336cd619c254766728ecf60134dffd9790c0e9,1,26644,26644,24352
1780155835218786688,fast_tip,B,0x5189069712eb24f6d45dd98a2051de525c0b4444,CHY,14442918518603139,11906994425608987,-2535924092994152,-0.002536,-1.75,-0.175583,5782,6023,688.84,101332247,101332256,5,1,kol_sell,0x505ebe80146d22d57ba331d22d129b792dc397f38dbbced0bc5d59a7df7a2a8f,1,5551,5551,4966
1780155892086702351,fast_tip,B,0x51d5b1377b4d429283e8156540855ece77ad4444,小股东,14189326109303724,14388861225004388,199535115700664,0.000200,0.14,0.014062,125313,125668,688.29,101332373,101332436,28,1,kol_sell,0x15aeecd38e1c9df2fe5185ef2e79273677bc1b2862ab3d627b397599aa73038c,1,135336,135336,127436
1780155955099511004,fast_tip,B,0x74989017e7ec843f92aea40f770769e60d424444,王思聪🔶BNB,14209279620873790,12250393033821083,-1958886587052707,-0.001959,-1.35,-0.137860,5510,5739,688.04,101332513,101332516,2,1,kol_sell,0xa73219e8820dcf866cf1b1e97a51d4c20f402c82776b539a632b0982b70d8fe6,1,5521,5521,4948
1780155395963347818,fast_tip,N,0xf8de4aadc604c485445a2704258205a94f854444,币安券商,18140806755565684,15188079589028497,-2952727166537187,-0.002953,-2.03,-0.162767,0,0,688.39,101228233,101332593,595,1,kol_sell,0xa6f9eecde34176822be1f4203452c57efce2358edb33c6c628c0f392f760e7ad,1,4180,4180,3795
1780156448377004909,fast_tip,B,0xfd6f6dd342f3c0a6505b05eb33cacdc3fdcd7777,凉家军,1401339096216851,1027789245177809,-373549851039042,-0.000374,-0.26,-0.266566,83929,84197,693.59,101333607,101333629,10,1,kol_sell,0x7f1eeaf3b453f0f3e0dff9d9138d6a2dfd812edcd1ad67e5fc41bf9804461350,1,126782,126782,61753
1780156448377004909,fast_tip,B,0xfd6f6dd342f3c0a6505b05eb33cacdc3fdcd7777,凉家军,3153012966487917,3687684171242081,534671204754164,0.000535,0.37,0.169575,83929,84197,693.59,101333607,101333634,12,1,kol_sell,0xf202de5761c60fe24427fc74b79b91b31d16df6269df7fcdff3441257e303401,1,114664,114664,98475
1780156448377004909,fast_tip,B,0xfd6f6dd342f3c0a6505b05eb33cacdc3fdcd7777,凉家军,4729519449731875,5098946654624770,369427204892895,0.000369,0.26,0.078111,83929,84197,693.59,101333607,101333638,14,1,kol_sell,0xf7b3d248ae25e269e509a7e76253829e72f17d6902feac1a131585002a02e47a,1,119821,119821,90774
1780156449355502959,fast_tip,O,0xfd6f6dd342f3c0a6505b05eb33cacdc3fdcd7777,凉家军,58067579936665103,67614905199367501,9547325262702398,0.009547,6.62,0.164417,86045,86504,693.59,101333609,101333644,16,1,kol_sell,0xd32551b1e5a112dd4f52d623f51209102a0e297578a598c429d6021389a45adb,1,94592,94592,100727
1780156448377004909,fast_tip,B,0xfd6f6dd342f3c0a6505b05eb33cacdc3fdcd7777,凉家军,4729519449731876,4671203321329392,-58316128402484,-0.000058,-0.04,-0.012330,83929,84197,693.59,101333607,101333646,18,1,kol_sell,0x2406a275b4949dfc69b42d6fe7725e01d516368f98cd6dc2a4f0b0d125f4747c,1,100217,100217,83159
1780156661364739130,fast_tip,B,0x6d70ab14d365d905078cca2bc0b8f89d695c4444,咩西,12654552784670165,10378141923426853,-2276410861243312,-0.002276,-1.58,-0.179889,17271,17990,694.89,101334080,101335015,422,1,kol_sell,0xa76a3f535b695c44da937a3daadfad77dbdd0ac9e8ba5b560510f604f6637245,1,16682,16682,14785
1780156644659356087,fast_tip,B,0x373694c92ad22656b0d7a15914532c2f5a544444,吸螺,14060614205189073,11578186178767244,-2482428026421829,-0.002482,-1.73,-0.176552,14806,15423,694.89,101334043,101335019,440,1,kol_sell,0x8510990c443ede95ca7b4f218659a0f3069b8de2a9f68f8c381bf46ba0255f29,1,14246,14246,12727
1780157350985822935,fast_tip,B,0xb795e286ee91c84267f7b3dbe186d2a0515f4444,四川话,13584730316422559,10716156805634134,-2868573510788425,-0.002869,-2.00,-0.211162,7236,7538,697.71,101335611,101335613,1,1,kol_sell,0x90b83adcdbc46e606e0e28d7fe3335e4cbb5cf88a9bb4505f709f02f45811c53,1,6691,6691,5946
1780157356347883267,fast_tip,N,0xa58db10e38f45a70f134832fd1bc1be31fdd4444,四川话,9466169950162300,3299958881980077,-6166211068182223,-0.006166,-4.30,-0.651395,16710,19598,697.71,101335622,101335636,6,1,kol_sell,0xc1f151a9bc5501b573e3f9b963e9099a32337eb5c3b765f8b435539c3d11362d,1,8971,8971,6832
1780157355253882607,fast_tip,B,0x97e786f4c650c33a4b8bab376502613161b84444,四川话,9009308934020367,5275773440670620,-3733535493349747,-0.003734,-2.60,-0.414409,34383,35816,697.71,101335620,101335640,9,3,kol_sell,0x559c28b49c9bc7157c2b0f900bd24ec614c97091dbb78d5492c77333c0676ab9,1,43541,43541,28673
1780157355253882607,fast_tip,B,0x97e786f4c650c33a4b8bab376502613161b84444,四川话,6756981700515275,4847285404450057,-1909696296065218,-0.001910,-1.33,-0.282626,34383,35816,697.71,101335620,101335647,12,3,kol_sell,0x69e5620e68a639de6f8e871024e34ea7e1a3b45cb0df7faa237d701b09277f52,1,44643,44643,35126
1780157355253882607,fast_tip,B,0x97e786f4c650c33a4b8bab376502613161b84444,四川话,20270945101545828,8165856490762913,-12105088610782915,-0.012105,-8.45,-0.597164,34383,35816,697.71,101335620,101335655,16,3,kol_sell,0xaa348c76d6ae26c8a9c3be027e0a7f5c988a427e1dd92b833149b37adf6eb48c,1,26007,26007,19725
1780157382113850247,fast_tip,B,0x70016a1bbbae4c8e52ad07b0b095fb2c69994444,大表锅,5473444439528865,11577370185726347,6103925746197482,0.006104,4.26,1.115189,11263,11732,697.57,101335680,101335698,8,2,kol_sell,0x3fcf2323518cb0f2d6199361be2c8943fc2272406da3ee2df9a58dc01917dc77,1,29469,29469,26334
1780157382113850247,fast_tip,B,0x70016a1bbbae4c8e52ad07b0b095fb2c69994444,大表锅,4103441296314790,6660188055328422,2556746759013632,0.002557,1.78,0.623074,11263,11732,697.57,101335680,101335706,12,2,kol_sell,0x4bf51224997a120b6573e3cd2a23b238d1f93f28491bef377e681a3ff837f8c5,1,23767,23767,20207
1780157382113850247,fast_tip,B,0x70016a1bbbae4c8e52ad07b0b095fb2c69994444,大表锅,4105220111023193,6777763084412253,2672542973389060,0.002673,1.86,0.651011,11263,11732,697.57,101335680,101335708,13,2,kol_sell,0x308ed471e7bc4d593d004eeb3931ed15b5e8a86f14d6c2bc4dbae5fdc827a22d,1,24129,24129,20555
1780157382113850247,fast_tip,B,0x70016a1bbbae4c8e52ad07b0b095fb2c69994444,大表锅,2052917977812153,3082502361629553,1029584383817400,0.001030,0.72,0.501522,11263,11732,697.57,101335680,101335710,14,2,kol_sell,0x1fbea1c0383a700a0eb487d5b9f0aa838a16eb458c24d594d27f9e1fb86f21a2,1,24906,24906,18694
1780157382113850247,fast_tip,B,0x70016a1bbbae4c8e52ad07b0b095fb2c69994444,大表锅,2052712686014372,3241078850205283,1188366164190911,0.001188,0.83,0.578925,11263,11732,697.57,101335680,101335711,14,2,kol_sell,0xa5c04325755e8b4a7d6c59ba5baf9ae1ad6905c0c54af3b2c081706d588f5a58,1,25911,25911,19657
1780157382113850247,fast_tip,B,0x70016a1bbbae4c8e52ad07b0b095fb2c69994444,大表锅,4106041247422090,3628590117665327,-477451129756763,-0.000477,-0.33,-0.116280,11263,11732,697.57,101335680,101335717,17,2,kol_sell,0x8b1725451bdd2cde2da03efcd2929df01082b58bc999874ea273029b944c7ce8,1,14177,14177,11002
1780155395963344549,fast_tip,H,0x2b9b083177258f993ade48fe41834bc3c5b44444,白马股,18997099732051478,15077713464206988,-3919386267844490,-0.003919,-2.75,-0.206315,9192,9233,701.13,101320998,101336163,2204,2,kol_sell,0xe7e1905c380f5f1cc4381864ca29e9063545332e8e08adbbe939d077ee954852,1,7352,7352,6029
1780157667894958217,fast_tip,B,0xfd6f6dd342f3c0a6505b05eb33cacdc3fdcd7777,凉家军,12830412415009100,18050989989778992,5220577574769892,0.005221,3.66,0.406891,68866,69087,701.80,101336314,101336317,1,1,kol_sell,0x16ee38bae4104aee1373857bada8e240ecb9597158356cb53ffee2fef9cc9061,1,84223,84223,97197
1780157670095657242,fast_tip,O,0xfd6f6dd342f3c0a6505b05eb33cacdc3fdcd7777,凉家军,59022312462935343,47241260813598018,-11781051649337325,-0.011781,-8.27,-0.199603,95215,95712,701.80,101336319,101336359,18,1,kol_sell,0x6cccea02cecd8b01a1a04f41aa6242011d866eaefda6ea872bb11dd09c3ec4d2,1,87224,87224,76608
1780159196268562145,fast_tip,N,0xb093dbb0a48a7226053cd3cba3387b35f15f4444,binance 3.0,8413266085367214,5362606659808155,-3050659425559059,-0.003051,-2.15,-0.362601,23550,25711,706.34,101339704,101339800,44,1,kol_sell,0xa15628df153b4d9745dc928bb48827e5bd87e436a59600bd8a78c547d38d3cc1,1,20529,20529,16377
1780159196268562145,fast_tip,N,0xb093dbb0a48a7226053cd3cba3387b35f15f4444,binance 3.0,8937137382967350,7245170069696962,-1691967313270388,-0.001692,-1.20,-0.189319,23550,25711,706.34,101339704,101339810,48,2,kol_sell,0x8b54644a64c28b76638957cd0e552dd1ff47f95f9943d9dad1c837c7050e6326,1,24027,24027,20646
1780159270295217452,fast_tip,B,0xb093dbb0a48a7226053cd3cba3387b35f15f4444,binance 3.0,13352470172486089,9510797114289608,-3841673058196481,-0.003842,-2.72,-0.287713,24224,25233,706.73,101339868,101339882,6,1,kol_sell,0x33619ff3058f8b786ff57d13fbbc12eca37d366623618b7bd477865293cf8b09,1,20393,20393,17973
1780155395963371598,fast_tip,H,0x446914100390a21e810a41649ef1f56018b04444,帕鲁家族,11287512663917075,14152349725728163,2864837061811088,0.002865,2.02,0.253806,0,0,706.36,101254745,101341314,4525,1,kol_sell,0x4120dd9181c257f28ad5f70bb82c4a4b7e7785808637610d336302aff7cd0090,1,229788,229788,215076
1780155395963355828,fast_tip,A,0xa3b2e6fe983ac7193f2e098ad6f7c195a3824444,hey stock,121587890207157,0,-121587890207157,-0.000122,-0.09,-1.000000,0,0,704.38,101300417,101346298,6771,1,kol_sell,0xc8dd5a2b967bef14a9f24189cd5add11d22b80b8ea0edcd1ed2d220b42ccff61,1,1147761,1147761,0
1780155395963344739,fast_tip,N,0xdec5b13fbbe7239c96ba18b9160b774ea5374444,币安证券,30772506101347311,21135174684062094,-9637331417285217,-0.009637,-6.80,-0.313180,0,0,705.95,101255557,101348493,7759,1,kol_sell,0x99c06d7b96d31edbfa2f1ee394fa6ca2fb1f72bb05c395455100ca73abafd1a2,1,23390,23390,21557
1780155790225289845,fast_tip,G,0xa3b2e6fe983ac7193f2e098ad6f7c195a3824444,hey stock,5850502756706775,11402245039902972,5551742283196197,0.005552,3.95,0.948934,726854,728798,711.52,101332147,101349915,8005,1,kol_sell,0x4b9f1b2d6c9ae11040ccc7fbc9cdd7cd9b0a61f6d86f9b8b595e7edfed9f09b8,1,1516035,1516035,1467736
1780155395963355828,fast_tip,A,0xa3b2e6fe983ac7193f2e098ad6f7c195a3824444,hey stock,97221677009643,0,-97221677009643,-0.000097,-0.07,-1.000000,0,0,712.31,101300417,101349985,8431,1,kol_sell,0x2cfe1aad51a0240846e4a761e8747c8833f8f30dc3eb823547b035a8244f8ff2,1,1585404,1585404,0
1780155395963355828,fast_tip,A,0xa3b2e6fe983ac7193f2e098ad6f7c195a3824444,hey stock,77825976763797,0,-77825976763797,-0.000078,-0.06,-1.000000,0,0,710.16,101300417,101350834,8813,1,kol_sell,0x2c6d6ad7ebd84fcfdca0fd5b41a068dacd859d84202a222875727e450a469a63,1,1652010,1652010,0
1780155395963358328,fast_tip,H,0xefcba31621bdd8960cd11fabc419413791354444,安交所,5330868514610879,7524798654992379,2193930140381500,0.002194,1.56,0.411552,0,0,710.45,101327773,101351014,8894,1,kol_sell,0xe84db9f00bafe5c79b5a178a9cc5dd320cdb31a8f19c0c2b0a4211df4e388ea9,1,57743,57743,50854
1780164255955090479,fast_tip,B,0xefcba31621bdd8960cd11fabc419413791354444,安交所,3242075716666610,3832679737855412,590604021188802,0.000591,0.42,0.182168,48342,50099,710.45,101350938,101351061,55,1,kol_sell,0x6c4e36a05b77b7e452abe4c639489dfff5c87be5cc68fce0183f788716002f9a,1,71839,71839,59240
1780164231504906396,fast_tip,N,0xefcba31621bdd8960cd11fabc419413791354444,安交所,1650368028577530,1799694143681396,149326115103866,0.000149,0.11,0.090480,42701,44481,710.45,101350884,101351071,84,2,kol_sell,0xf9a0f96386de9ae3e371d05b1b07e7e94ab657038df4d3e34807e6e136a45435,1,70179,70179,49076
1780164255955090479,fast_tip,B,0xefcba31621bdd8960cd11fabc419413791354444,安交所,2431556787499957,2690992067132427,259435279632470,0.000259,0.18,0.106695,48342,50099,710.75,101350938,101351082,65,1,kol_sell,0xaad208e4d1c7177fb0cd37a0ed4f3e96d2174530ae50f7d7c03f49b0cdde2c84,1,69724,69724,55481
1780164255955090479,fast_tip,B,0xefcba31621bdd8960cd11fabc419413791354444,安交所,3062302618177447,3370914173886905,308611555709458,0.000309,0.22,0.100778,48342,50099,710.75,101350938,101351096,71,1,kol_sell,0x883061b357de2eef1aa94220f6d476ce32fd833d8073b07c1925336dae5782f3,1,70946,70946,55184
1780164231504906396,fast_tip,N,0xefcba31621bdd8960cd11fabc419413791354444,安交所,3713328064299443,4304171279383833,590843215084390,0.000591,0.42,0.159114,42701,44481,710.76,101350884,101351162,125,2,kol_sell,0x97daa5fa5c57ced875e8ef64c4e2a9ac7e21e741433425c8f9608e1019def87b,1,62233,62233,52188
1780164255955090479,fast_tip,B,0xefcba31621bdd8960cd11fabc419413791354444,安交所,4232367744322427,4465869296391704,233501552069277,0.000234,0.17,0.055170,48342,50099,710.76,101350938,101351180,109,1,kol_sell,0x74c33d77785fa6df55de47330d610ab1a446e7e3b088cd3baf0c89519aab45da,1,62862,62862,52899
1780164231504906396,fast_tip,N,0xefcba31621bdd8960cd11fabc419413791354444,安交所,2484216475016327,3559022950436512,1074806475420185,0.001075,0.77,0.432654,42701,44481,712.95,101350884,101351752,391,2,kol_sell,0x5ca0598760d3f25c1cd096e3a8b0d0d364ddf0f06ac1a06aec3e4fc54916c017,1,79974,79974,64703
1780164231504906396,fast_tip,N,0xefcba31621bdd8960cd11fabc419413791354444,安交所,4327883858941001,6364268101091166,2036384242150165,0.002036,1.45,0.470527,42701,44481,712.95,101350884,101351767,398,2,kol_sell,0x8845a028d073309fed1b3b92d947df226d963e1b151ba162a7984201e627b143,1,76305,76305,66413
1780164837825255492,fast_tip,B,0x2c5c396f02a49232bf6ef1474557d587e7a54444,binondo,3276879526881610,2946787570255189,-330091956626421,-0.000330,-0.24,-0.100734,4998,5206,712.03,101352231,101352299,31,1,kol_sell,0x117bfeef7c28057d88f4c5e5c407ceb86d7acb1d592f1c1eb5c28cbd11e6c8d4,1,6271,6271,4682
1780164837825255492,fast_tip,B,0x2c5c396f02a49232bf6ef1474557d587e7a54444,binondo,2457659645161208,1949290351139621,-508369294021587,-0.000508,-0.36,-0.206851,4998,5206,712.03,101352231,101352339,49,1,kol_sell,0x4bb8a9782fa65b81100fa5300d6a2f6366fc6a6b5115b8a59aba66faf7996b32,1,6161,6161,4129
1780164927534879825,fast_tip,C,0x2c5c396f02a49232bf6ef1474557d587e7a54444,binondo,8407877041116425,8078306080011756,-329570961104669,-0.000330,-0.23,-0.039198,8262,8606,712.08,101352430,101352441,5,1,kol_sell,0x4450e6ea47ebe60b215cf011ac4c9f0ed0694f754ac9ba9be4949e79d2740372,1,9512,9512,8269
1780164927534879825,fast_tip,C,0x2c5c396f02a49232bf6ef1474557d587e7a54444,binondo,5465120076725676,7633469169377209,2168349092651533,0.002168,1.54,0.396761,8262,8606,712.08,101352430,101352542,51,1,kol_sell,0x4eb9a028b171590bc3562cf0eb5d53a4ba097b0a0734e336b6cfe2bb8b46b5b7,1,13144,13144,12021
1780164837825255492,fast_tip,B,0x2c5c396f02a49232bf6ef1474557d587e7a54444,binondo,1843244733870906,4121803503063049,2278558769192143,0.002279,1.62,1.236167,4998,5206,712.08,101352231,101352586,160,1,kol_sell,0x1343c457dcfc0c49633d7d8ae3af9023a5edffb937cdb54206cf5c7d71f246d0,1,14607,14607,11643
1780164231504906396,fast_tip,N,0xefcba31621bdd8960cd11fabc419413791354444,安交所,4327883858941002,5457650600416732,1129766741475730,0.001130,0.80,0.261044,42701,44481,711.95,101350884,101352616,780,2,kol_sell,0x0361714ef8821dc4644dba795648581d81818ba381a5275cbe8182df2033801a,1,67209,67209,56873
1780164927534879825,fast_tip,C,0x2c5c396f02a49232bf6ef1474557d587e7a54444,binondo,2818518569855338,3867599377956880,1049080808101542,0.001049,0.75,0.372210,8262,8606,712.35,101352430,101352836,184,1,kol_sell,0xbe704a0ebfba30b4a145689e993a758c488521c783f2dc6128d70ee2de929286,1,14341,14341,11814
1780164837825255492,fast_tip,B,0x2c5c396f02a49232bf6ef1474557d587e7a54444,binondo,1382433550403179,2852471388917409,1470037838514230,0.001470,1.05,1.063370,4998,5206,712.02,101352231,101352985,340,1,kol_sell,0x8a054245b1b9758f7cde9e21fdb445d0de2128f7c1bca09efb84d4d8f9391269,1,14116,14116,10742
1780155395963351148,fast_tip,C,0x02688712d0e457ccdbabd44a2b830d2b2ae34444,AI幻觉,15374412994808140,9370876724166689,-6003536270641451,-0.006004,-4.25,-0.390489,0,0,708.44,101262237,101354379,10410,1,kol_sell,0xdfff54af81277341bc157a4b36fed6e707fbb4d75484a43826bbcc65c7e9c074,1,4242,4242,3730
1780155395963371208,fast_tip,N,0xd45ba1026df058bf2b81a8142a02985f44ed4444,IB,13264853671421706,10158263842567440,-3106589828854266,-0.003107,-2.21,-0.234197,0,0,710.96,101302752,101356054,11164,1,kol_sell,0x1358d9382e00e28aa5eaabac0513ed7b03fae479c49f65ba4c505e5bd38ff454,1,6405,6405,5677
1780155395963356058,fast_tip,N,0xb9eea80d833ec832e50c69678e4d5f630893cb21,IBS,13833678057995208,11402694591116573,-2430983466878635,-0.002431,-1.73,-0.175729,0,0,710.96,101302100,101356060,11166,1,kol_sell,0x4f04b9dd6f7d614b7e14630074452ec475f29d01317e5cefe9b5fd6458f76477,1,5523,5523,4937
1780164837825255492,fast_tip,B,0x2c5c396f02a49232bf6ef1474557d587e7a54444,binondo,414315335055832,1212782888530541,798467553474709,0.000798,0.57,1.927198,4998,5206,710.54,101352231,101356243,1807,1,kol_sell,0x493c3af8b815444ce623f52b8369700f4194804f9ec520763ef7fa00c3ef881b,1,26871,26871,15208
1780164837825255492,fast_tip,B,0x2c5c396f02a49232bf6ef1474557d587e7a54444,binondo,932873030506811,4298308757172861,3365435726666050,0.003365,2.39,3.607603,4998,5206,710.75,101352231,101356904,2105,1,kol_sell,0xf617d5eeaf54834bd735511a74a90321d7338012a2eb23275c30bd46371d391f,1,29841,29841,23945
1780166939829573549,fast_tip,N,0x931bba6ee66a090679b5763715fff1662f5f4444,PSG Champions,11340356041120941,9527349151715214,-1813006889405727,-0.001813,-1.29,-0.159872,4401,4584,713.68,101356899,101358594,763,1,kol_sell,0xcfe91afd4eb8560e496bdcc8e2e9375da27e5f7f539fb956a9d55276d8c5cd59,1,4384,4384,3867
1780158525307257950,fast_tip,E,0xa3b2e6fe983ac7193f2e098ad6f7c195a3824444,hey stock,22641703087828518,27277948623276061,4636245535447543,0.004636,3.33,0.204766,910537,913030,717.88,101338214,101377085,17509,7,kol_sell,0x0fc7482b2656b05020845c9cd67304dc03d9435b90982965bd307ac820d8c7d1,1,1204811,1204811,1145465
1780164188802439575,fast_tip,N,0x6f55eebc1a7871bac89fd203a206c2b0f6634444,SPCX,9651275020921229,6492083235777811,-3159191785143418,-0.003159,-2.27,-0.327334,77538,77768,718.73,101350789,101378619,12536,1,kol_sell,0xd75ba2f197254fa4fd6592dc0c6b6b99ff792bdc0b29116ab337e95e8002f140,1,67464,67464,52830
1780181950443682015,fast_tip,N,0xec07e137c5d8b8e1f43fe51887e278995d514444,币安股票,6331827148215034,7101874305320246,770047157105212,0.000770,0.55,0.121615,14036,14086,716.12,101390225,101390486,117,1,kol_sell,0x5f05b6b79595b0398548816f89ec45e7cc8a69bc2bf0c8942bcd1292c6e462fc,1,19035,19035,15822
1780182059365477384,fast_tip,N,0x0f686334f9e81a34de4cdf3941a686f249884444,币安美股,2152056054906922,1136623576827736,-1015432478079186,-0.001015,-0.73,-0.471843,43092,43224,717.91,101390467,101391263,359,1,kol_sell,0x991acb83bf1290a18481b27930793c1590fb5afa6279f71fb1b7cb9c77681874,1,40391,40391,22886
1780182963086372436,fast_tip,M,0x1706c3a7c000d6e3ce28248bd3c94ab9e1444444,stonks,6088674399036495,6946933499770932,858259100734437,0.000858,0.62,0.140960,61858,62053,717.64,101392473,101393555,487,1,kol_sell,0x9373cf8396b82253ecce6de7d55afa77252c313fe18fd7e960b271b0aaef8a11,1,82163,82163,70965
1780182963086372436,fast_tip,M,0x1706c3a7c000d6e3ce28248bd3c94ab9e1444444,stonks,6091110355987500,6429951526251063,338841170263563,0.000339,0.24,0.055629,61858,62053,717.16,101392473,101394673,991,1,kol_sell,0x001a1313d46e18f3d4c2b59d744a3711267fe801fcf9cc282e79e13ce3bc7707,1,76520,76520,65614
1780158525307257950,fast_tip,E,0xa3b2e6fe983ac7193f2e098ad6f7c195a3824444,hey stock,33973879107408834,25789072164611327,-8184806942797507,-0.008185,-5.86,-0.240915,910537,913030,716.45,101338214,101395864,25964,7,kol_sell,0x3d9069d01951474bc24013ef4b19ef38e7a64fe4e63b7a88a40d7db9a22674a9,1,745322,745322,720284
1780158525307257950,fast_tip,E,0xa3b2e6fe983ac7193f2e098ad6f7c195a3824444,hey stock,33987471377505818,25363784856581218,-8623686520924600,-0.008624,-6.18,-0.253731,910537,913030,716.45,101338214,101395874,25969,7,kol_sell,0xe487df74e1054ca8794c6d67c59f2ec6558769f19d99baf8f4046d50f2ca9000,1,728436,728436,708123
1780183652202011352,fast_tip,E,0x0a906b55d4982a3382f0dda882f2fd9907ca4444,BStocks,17505582432069666,18859958960134126,1354376528064460,0.001354,0.97,0.077368,79402,79645,717.28,101394004,101396740,1232,3,kol_sell,0xf20f1ee165465b2a437461b4ab44b7c251600739c0516d0b242b414c705e3f87,1,123095,123095,115335
1780185809840153605,fast_tip,M,0x4ff4b202c0ec34bf207e51c2e41ba8f7dd154444,互联网资本模因,4566277014307642,4436355678875255,-129921335432387,-0.000130,-0.09,-0.028452,6749,8901,719.30,101398796,101398979,83,1,kol_sell,0xad4aa889c3d77a68042fe3a303ca0d16b74604f7b6ade7105de6774199448ad6,1,10884,10884,8644
1780183933824492475,fast_tip,M,0x689c7ddef0d52dfc866fa70cd20e77c222194444,chadnald,10560319001546529,8570112519075219,-1990206482471310,-0.001990,-1.43,-0.188461,4514,5261,719.30,101394629,101399019,1976,1,kol_sell,0xede6490e6ef37cb30336ce02ceb4f427fafe6f1cb64269033d12fcc244ce1777,1,4894,4894,4282
1780183103464194466,fast_tip,M,0x75a7dd0d1b7dea2a7e24ba2ed0d25fc2488e4444,Aggregator,10552433357915935,12874988840655360,2322555482739425,0.002323,1.68,0.220097,10647,12607,721.43,101392785,101399716,3122,2,kol_sell,0xc567997d81a14f0186aa6a36fef639723759e387c6f3de26fd7a61241ef2ab32,1,22366,22366,19750
1780185809840153605,fast_tip,M,0x4ff4b202c0ec34bf207e51c2e41ba8f7dd154444,互联网资本模因,4566277014307642,1489191834063231,-3077085180244411,-0.003077,-2.22,-0.673872,6749,8901,721.58,101398796,101399839,471,1,kol_sell,0xafa8677a0445bd7a59a4f591068d14caddd680209062f8843e30a2de9487eef1,1,4714,4714,2911
1780183652202011352,fast_tip,E,0x0a906b55d4982a3382f0dda882f2fd9907ca4444,BStocks,20185980059851240,25237679220158385,5051699160307145,0.005052,3.66,0.250258,79402,79645,723.79,101394004,101402215,3697,4,kol_sell,0xd0f69b8ea21c6a89d5ff15c21289738854bf9bb2435ceb2dda108c9486c304d4,1,172370,172370,162631
1780187458751520074,fast_tip,N,0x79fa6e532e578c36fffa9b7cc2b761e5fd744444,BSTOCK,625764905707,0,-625764905707,-0.000001,-0.00,-1.000000,20817,21685,723.68,101402458,101402930,214,1,kol_sell,0x564e9c9396e2791aea3b530eb96cd7b07bc6bbbdd51e1f882fa23d8b199391fa,1,27950,27950,0
1780187458751520074,fast_tip,N,0x79fa6e532e578c36fffa9b7cc2b761e5fd744444,BSTOCK,1251404658434,0,-1251404658434,-0.000001,-0.00,-1.000000,20817,21685,723.68,101402458,101402933,214,1,kol_sell,0xd109431339042687cac1228823840b192f253f00ab6b219d0050b44f0ae390e1,1,53467,53467,0
1780187458751520074,fast_tip,N,0x79fa6e532e578c36fffa9b7cc2b761e5fd744444,BSTOCK,1251154377502,0,-1251154377502,-0.000001,-0.00,-1.000000,20817,21685,723.68,101402458,101402933,214,1,kol_sell,0x631ff26f2aebfec6bfe2e472c8e043bc9a853d66e8ce7b1076830bcd978b6a1d,1,53467,53467,0
1780187458751520074,fast_tip,N,0x79fa6e532e578c36fffa9b7cc2b761e5fd744444,BSTOCK,1876356219941,0,-1876356219941,-0.000002,-0.00,-1.000000,20817,21685,723.68,101402458,101402933,214,1,kol_sell,0xcc402ae1901a76b2f869059fddaac92e4549cf6ec055b7ebbb424696b36adc0f,1,78975,78975,0
1780187458751520074,fast_tip,N,0x79fa6e532e578c36fffa9b7cc2b761e5fd744444,BSTOCK,1875793313075,0,-1875793313075,-0.000002,-0.00,-1.000000,20817,21685,723.68,101402458,101402933,214,1,kol_sell,0x1c6bf8eb6822194ea3ed43ffd06d0d42c9f7544dffd4a0dcbaea2737dcff9f4d,1,78983,78983,0
1780187458751520074,fast_tip,N,0x79fa6e532e578c36fffa9b7cc2b761e5fd744444,BSTOCK,1875230575081,0,-1875230575081,-0.000002,-0.00,-1.000000,20817,21685,723.68,101402458,101402933,214,1,kol_sell,0xae12e9f666d1699de7f986e0d25622acfc8c1acf8258ab9bba54d09344ba045d,1,78983,78983,0
1780187458751520074,fast_tip,N,0x79fa6e532e578c36fffa9b7cc2b761e5fd744444,BSTOCK,624889335302,0,-624889335302,-0.000001,-0.00,-1.000000,20817,21685,723.68,101402458,101402933,214,1,kol_sell,0xee517505955e003adae700b8ea12b35bfd52df367df9ff795106d7a27c2c5ce6,1,27947,27947,0
1780187458751520074,fast_tip,N,0x79fa6e532e578c36fffa9b7cc2b761e5fd744444,BSTOCK,1249653692738,0,-1249653692738,-0.000001,-0.00,-1.000000,20817,21685,723.68,101402458,101402934,215,1,kol_sell,0xa592536bd625b029ce0ced693e1b3b69f173c271ed0e6bf2a0b9e3b48b2880fe,1,53459,53459,0
1780187458751520074,fast_tip,N,0x79fa6e532e578c36fffa9b7cc2b761e5fd744444,BSTOCK,1249403762000,0,-1249403762000,-0.000001,-0.00,-1.000000,20817,21685,723.68,101402458,101402936,215,1,kol_sell,0xc8d638a76b09e391bbc9e855cb19a3a3214e5f80756b0623c60f1b9c0f673dfe,1,53459,53459,0
1780181950443682015,fast_tip,N,0xec07e137c5d8b8e1f43fe51887e278995d514444,币安股票,4477825622240779,8246896591868519,3769070969627740,0.003769,2.71,0.841719,14036,14086,720.01,101390225,101404842,6582,3,kol_sell,0xc12ecce0cee1492d00a4ba74f51708819c1a933d135ce219457f3c8f58c1bd3f,1,31215,31215,27786
1780183652202011352,fast_tip,E,0x0a906b55d4982a3382f0dda882f2fd9907ca4444,BStocks,20464855018363068,31222176194478642,10757321176115574,0.010757,7.75,0.525649,79402,79645,720.47,101394004,101405268,5072,10,kol_sell,0xe29e181c4cf771cf40dd13a04e000d9b6071c82c8e3e0b6a67004c9796ba8d39,1,265867,265867,255240
1780187700661802352,fast_tip,O,0x0a906b55d4982a3382f0dda882f2fd9907ca4444,BStocks,28916319228271005,51857851536782652,22941532308511647,0.022942,16.55,0.793377,160299,161022,721.40,101402995,101405636,1189,1,kol_sell,0xfc90873318a79462fe6ea7704a49e7e0ed3c3a64997606dea0b716cda35d1a1d,1,298132,298132,287864
1780187458751520074,fast_tip,N,0x79fa6e532e578c36fffa9b7cc2b761e5fd744444,BSTOCK,1561442351559710,418366339121559,-1143076012438151,-0.001143,-0.83,-0.732064,20817,21685,723.01,101402458,101406064,1625,1,kol_sell,0x4f07085ab315646b472aa1c394a3b20662860e337ba983928653762fefbfbaf1,1,18065,18065,5813
1780188960609415031,fast_tip,N,0x6443c862b332f3ef2d9279317db4ecdb6ebf4444,Binance Stocks,5417323690010257,8710647762182857,3293324072172600,0.003293,2.38,0.607925,8921,9293,723.21,101405793,101406285,222,2,kol_sell,0xf831b02e10d1146beaea82b43fba3df65330b94539c58201a621e397a91e7bc6,1,17935,17935,15824
1780189156335226952,fast_tip,O,0x6443c862b332f3ef2d9279317db4ecdb6ebf4444,Binance Stocks,25111938768860539,34487559812280608,9375621043420069,0.009376,6.79,0.373353,13776,16262,724.69,101406227,101407351,507,1,kol_sell,0x88d05ed1b39b43e164096c8d4e478d31adcc076e88b09cb0947fec7729f734e4,1,24433,24433,22379
1780188960609415031,fast_tip,N,0x6443c862b332f3ef2d9279317db4ecdb6ebf4444,Binance Stocks,1711856620857295,4938573420212646,3226716799355351,0.003227,2.34,1.884922,8921,9293,724.07,101405793,101407880,941,2,kol_sell,0xc5b87472edd9ed4cb7f600856d8907fca84b80a4fcdfd810927964bc44e349d5,1,34254,34254,28425
1780189949702411260,fast_tip,N,0x3665b06438cb6836719380b75e6363a3c0664444,BS,1528400265012051,628173067132316,-900227197879735,-0.000900,-0.65,-0.589000,5221,5941,723.74,101407988,101408019,14,1,kol_sell,0xa139ea1de5d34cf495e602a1186605a32c655adc550a2b30fb26b0da638420b0,1,5900,5900,2442
1780189949702411260,fast_tip,N,0x3665b06438cb6836719380b75e6363a3c0664444,BS,458061559424111,0,-458061559424111,-0.000458,-0.33,-1.000000,5221,5941,723.74,101407988,101408022,15,1,kol_sell,0xa00aaadb2b6f389d0d324447f55f444cc8939a0345c68abe8ba3779be180bdea,1,5755,5755,0
1780189821785398167,fast_tip,O,0x6b48f596bf50b79385813e6533d90e7591274444,币安股票,20730396162490810,19333501023223837,-1396895139266973,-0.001397,-1.01,-0.067384,15330,16397,722.33,101407704,101408301,270,1,kol_sell,0x226a490e38cc0249a8c8418b8f739804aacf15e2a38c7a7c6cb3ae1a298f9804,1,17886,17886,15265
1780190157487093802,fast_tip,O,0xdeb8b35a35ff8e37319699ff600808037ec34444,Alpaca,17850019140997696,29979526186917211,12129507045919515,0.012130,8.76,0.679523,12392,14541,722.48,101408449,101408908,207,1,kol_sell,0xc047a898ccff37ca8b87e80190c1357cf5056c3a4aabef2707e03d8d26fec641,1,26226,26226,24395
1780190355224978967,fast_tip,N,0xe83248e9248f7684c91e8fea17879874477f4444,羊驼,1391264565189153,1023742314140691,-367522251048462,-0.000368,-0.27,-0.264164,5142,5773,722.48,101408888,101408914,12,1,kol_sell,0x116b37f11696c558a46efc52eeccf5c635a27d48eb21c2c679fbcb65361ca8ae,1,8014,8014,4248
1780190355224978967,fast_tip,N,0xe83248e9248f7684c91e8fea17879874477f4444,羊驼,416961990187189,0,-416961990187189,-0.000417,-0.30,-1.000000,5142,5773,722.48,101408888,101408921,15,1,kol_sell,0xe35563a93022524283e3f37ca3229e92e12d9f542bce5b43bb7a5e2d1e745ea3,1,8487,8487,0
1780190355224978967,fast_tip,N,0xe83248e9248f7684c91e8fea17879874477f4444,羊驼,1314139730542019,1411966639636897,97826909094878,0.000098,0.07,0.074442,5142,5773,722.48,101408888,101408942,24,1,kol_sell,0x07c50c21c2d073baba2c4a9dc1799e4dcdaf2bd1641a64f906b9e35754dcd822,1,10261,10261,6202
1780190355224978967,fast_tip,N,0xe83248e9248f7684c91e8fea17879874477f4444,羊驼,610672993709563,138277379582571,-472395614126992,-0.000472,-0.34,-0.773566,5142,5773,721.49,101408888,101409141,115,1,kol_sell,0x43648dd36544459650026d87945b4a130859a9fa356fb103a2ba1d0df59f163f,1,9537,9537,1305
1780190478578626542,fast_tip,O,0xe83248e9248f7684c91e8fea17879874477f4444,羊驼,17394441903242226,16889790323365722,-504651579876504,-0.000505,-0.36,-0.029012,9172,9555,722.63,101409162,101409254,42,1,kol_sell,0xd028378d120aebee85357be2f943508ef7f2a4acd04a47711ad64004c81e860b,1,10155,10155,9292
1780190509732310611,fast_tip,N,0xbea12c8659ee274dc2da09385f25027219d54444,草泥马,1316487767004242,286504834811023,-1029982932193219,-0.001030,-0.74,-0.782372,5454,6103,722.63,101409231,101409256,11,1,kol_sell,0xf0d17752813883d04775ad6d1000369b1ccbfdf45d7b57971efa93a083d2ad70,1,5393,5393,1328
1780178145260312925,fast_tip,N,0x1c0abd39a92331fd7f7aaffe694e46006a2e4444,ALPACA,5313718654091167,4419916898007104,-893801756084063,-0.000894,-0.65,-0.168206,6807,7091,721.81,101381774,101409432,12456,1,kol_sell,0x9fac922e47545905c71474eb183abc374307ee728af7641fb0182c4489a3ca24,1,7330,7330,5923
1780178145260312925,fast_tip,N,0x1c0abd39a92331fd7f7aaffe694e46006a2e4444,ALPACA,1327898291657382,471509593544911,-856388698112471,-0.000856,-0.62,-0.644920,6807,7091,721.81,101381774,101409439,12458,1,kol_sell,0x6518c9d42db3f0ca28fedc76f4d249ad6e2501d582d60ed54c4a0c02f7274ea7,1,7277,7277,2528
1780189055404061524,fast_tip,N,0x81f7386a4b735cf7cb02c339d29bdaccaf1f4444,bSTOCKS,5229824786551665,2722691903733890,-2507132882817775,-0.002507,-1.81,-0.479391,39084,40712,723.17,101406004,101409526,1587,1,kol_sell,0x894f54919cbd3e788b7f9ade7af6807b95884ee2f21313d0f86407f6eb980da1,1,28809,28809,21198
1780190501594011568,fast_tip,B,0xdeb8b35a35ff8e37319699ff600808037ec34444,Alpaca,8303667740635201,11548907616230245,3245239875595044,0.003245,2.35,0.390820,38724,40337,724.64,101409213,101409900,309,1,kol_sell,0x1a4bda60c1776d54fb95045258266e3236645668109b7e1479f56b51eda64726,1,62061,62061,56258
1780190157487093802,fast_tip,O,0xdeb8b35a35ff8e37319699ff600808037ec34444,Alpaca,6419413216142443,26044998981240339,19625585765097896,0.019626,14.22,3.057224,12392,14541,724.64,101408449,101409929,666,1,kol_sell,0x67c6c930e8b6366cb59c330a4bf3def81d134a9e734766b4ea0ad4f47e8f2b0e,1,63558,63558,59107
1780190501594011568,fast_tip,B,0xdeb8b35a35ff8e37319699ff600808037ec34444,Alpaca,1307810750511616,2655006380549814,1347195630038198,0.001347,0.98,1.030115,38724,40337,723.97,101409213,101410279,480,1,kol_sell,0x79715150f6dbf781a3aca9f51ef2c2f5ce80b83abe80665b1aa214abc7736d75,1,110149,110149,82040
1780183652202011352,fast_tip,E,0x0a906b55d4982a3382f0dda882f2fd9907ca4444,BStocks,8145847132091409,15684205852358080,7538358720266671,0.007538,5.48,0.925424,79402,79645,727.09,101394004,101411352,7813,12,kol_sell,0xb5d18438dc22fcf68cd575508690deb07c7e83b7d2a1c3b2cea7a7813900d83b,1,385608,385608,359604
1780190478578626542,fast_tip,O,0xe83248e9248f7684c91e8fea17879874477f4444,羊驼,17394441903242227,11888535724876303,-5505906178365924,-0.005506,-4.00,-0.316532,9172,9555,726.08,101409162,101411507,1057,1,kol_sell,0x94046a70b69e71654dacf9a0d4ea99638d327f216d58326edc3d95d1ce852b01,1,7296,7296,6572
1780191818518739523,fast_tip,O,0x4a34e924b14853f8165704e961fcb3dc7de84444,Plutus,24737509154719415,25608107653138006,870598498418591,0.000871,0.63,0.035193,8108,9510,723.95,101412137,101412161,12,1,kol_sell,0x7335cc0b25e5d938cce54a49bf58bfead3625c3801c9d078c95cd7e8645c69d2,1,11569,11569,9844
1780190501594011568,fast_tip,B,0xdeb8b35a35ff8e37319699ff600808037ec34444,Alpaca,16191612276622700,10917174314723121,-5274437961899579,-0.005274,-3.82,-0.325751,38724,40337,724.13,101409213,101412206,1348,2,kol_sell,0x9aa5a4f8f8d081a4cabc5c5847d136cdfdce5ed88e3640420f26522d408f384b,1,34635,34635,31457
1780191909682333548,fast_tip,O,0x7f43059a6aadd24c4ab1058611c55fb0297c4444,APEX,20538110869590007,26603638219849904,6065527350259897,0.006066,4.39,0.295330,4932,5138,724.40,101412339,101412371,15,1,kol_sell,0x1bfd7dc255e34bacf7e000de4ad8d93b9d894ea59e410803d9e456b4abaa409d,1,7707,7707,6655
1780191818518739523,fast_tip,O,0x4a34e924b14853f8165704e961fcb3dc7de84444,Plutus,1750108773516689,4293558467876238,2543449694359549,0.002543,1.84,1.453309,8108,9510,724.59,101412137,101412384,111,1,kol_sell,0xf13d1b70f42f2f4244e0118a9858c8471ee2c356237878ac01df90d2d692b167,1,29015,29015,23351
1780192175395124480,fast_tip,B,0xee44aabaee48634a99340046c2211b2c32c44444,US Stocks,12133079454051379,9178566151975511,-2954513302075868,-0.002955,-2.15,-0.243509,7347,7653,728.09,101412929,101413021,42,1,kol_sell,0xdbd5cd778a27fcf2a6b1eab5fcd9ee4959e5d22bbca8eb7c15368beef369b65d,1,6574,6574,5791
1780192422645046145,fast_tip,O,0xc8c43c221400625ce7bef3c003892217408b4444,哪吒,22541911739594373,22210203764710462,-331707974883911,-0.000332,-0.24,-0.014715,9702,12740,727.36,101413478,101413498,9,1,kol_sell,0x93d9ab4052b0dde4d58bd5076ba1d1a93af451d8b0220e86217d9a0315e0efaf,1,13562,13562,12553
1780155395963371008,fast_tip,C,0xc6cc46e67c4793d8ef9f4ae29b63ae1fa7854444,ASCEND,6265243132482029,3820740135913694,-2444502996568335,-0.002445,-1.78,-0.390169,0,0,726.36,101259472,101413617,37089,1,kol_sell,0xf304a488fbc1d8eb23dc0a4e54835c326aa0fa3210387ceaed9a48f85724b0e3,1,11021,11021,8699
1780192338721958233,fast_tip,E,0x4a34e924b14853f8165704e961fcb3dc7de84444,Plutus,9285341941683499,4454513428669289,-4830828513014210,-0.004831,-3.51,-0.520264,67119,67322,726.36,101413292,101413620,148,1,kol_sell,0x06af3557ee6f8b2751e31f5d38d46e3b83a75799d3f72fecc3de1117b09a10d0,1,39077,39077,32237
1780192422645046145,fast_tip,O,0xc8c43c221400625ce7bef3c003892217408b4444,哪吒,9981406309163921,9908724223139778,-72682086024143,-0.000073,-0.05,-0.007282,9702,12740,726.36,101413478,101413649,77,1,kol_sell,0x4bea55b2e8db7945738666274e92e302ed5d1739890f7feec335018d2801fcb0,1,14253,14253,12630
1780187798362063031,fast_tip,E,0x79fa6e532e578c36fffa9b7cc2b761e5fd744444,BSTOCK,5575104558612965,2774942168520530,-2800162390092435,-0.002800,-2.04,-0.502262,27424,28566,727.29,101403212,101414263,4979,2,kol_sell,0x2e79ab431340435c1654c41a924648b9e6820cd56f960d22dbbc601d9fddc52a,1,14726,14726,10897
1780192892251098495,fast_tip,O,0x1d9c4355ae6c5cb675d28a7e00c93d0c3cc84444,UBO,20415489478316516,20856698233571486,441208755254970,0.000441,0.32,0.021611,5520,7382,726.53,101414519,101414536,9,1,kol_sell,0x72338d664ae71a3d738800f94a2e6efad02f5d4be188e5810173e3c4b2dc2fe4,1,8370,8370,7542
1780193003830495149,fast_tip,B,0x8e9c65cd76896f53370b083788e794dd9b344444,财神,11837628123843792,8945463025745935,-2892165098097857,-0.002892,-2.10,-0.244320,5638,5872,726.85,101414767,101414773,3,1,kol_sell,0xfcc79b1112da6ec332d6c640e39ebafe90ebe28e12325c44b1a5d53da203cedf,1,5047,5047,4436
1780191818518739523,fast_tip,O,0x4a34e924b14853f8165704e961fcb3dc7de84444,Plutus,2101443766419264,14757387284334858,12655943517915594,0.012656,9.20,6.022499,8108,9510,726.85,101412137,101414836,1217,1,kol_sell,0x8b86ff2b208cc1f2a61c65768a366edf21091e0103a5d46a3a61fcd4ed25713a,1,70983,70983,67049
1780193155995594155,fast_tip,O,0x07f83996753470f9781dff07a10c8ae55e2b4444,财神,6559199938038274,7121284250593203,562084312554929,0.000562,0.41,0.085694,7274,8381,727.54,101415104,101415278,79,1,kol_sell,0xcfc32877627eb9af3cc78a095d39b6d3119acbf469bc07536433c2fb7eaa0057,1,10365,10365,9103
1780193533293156895,fast_tip,O,0x6d3031aa0a13086e21c61fc2e7b3f9b1f92a4444,大B,30228528146231557,19871577683483215,-10356950462748342,-0.010357,-7.56,-0.342622,13932,17563,729.52,101415942,101415972,14,1,kol_sell,0xae7047bc0510da50595fcef2e60123792c40316b9287f5ca9b15962d84e841a7,1,12525,12525,11546
1780193644186927037,fast_tip,B,0xdfd9ee9b53e6fb6d985707355145abaf54d24444,万物币股化,2887102903508501,2382428142133450,-504674761375051,-0.000505,-0.37,-0.174803,6467,6737,730.27,101416188,101416210,10,1,kol_sell,0x2318dfd55a0f3311474ae6e925024e23bf16ce6feba5795d234f1a452330f5b1,1,7788,7788,5559
1780193638019667744,fast_tip,O,0x6d3031aa0a13086e21c61fc2e7b3f9b1f92a4444,大B,29192833099956723,20581292353373394,-8611540746583329,-0.008612,-6.29,-0.294988,15343,16836,730.27,101416175,101416212,16,1,kol_sell,0x5b67154dbd1476294f37f5a99755d3da37012dcac5ac090faa72049b42de79b4,1,12858,12858,11870
1780193644186927037,fast_tip,B,0xdfd9ee9b53e6fb6d985707355145abaf54d24444,万物币股化,2164461046760323,1864150368873278,-300310677887045,-0.000300,-0.22,-0.138746,6467,6737,730.27,101416188,101416224,17,1,kol_sell,0xbdd2e5466703059008da37622f2fd88925f810f7c4f20b7202e81c2a567ee750,1,8708,8708,5802
1780193644186927037,fast_tip,B,0xdfd9ee9b53e6fb6d985707355145abaf54d24444,万物币股化,6496847663765182,4565968600384959,-1930879063380223,-0.001931,-1.41,-0.297202,6467,6737,731.01,101416188,101416241,24,1,kol_sell,0x0e4293b8b680ab342e0d1cb91ea88c02dfa29e94fc808345c25ed9aef8af3256,1,5824,5824,4739
1780193836827136750,fast_tip,B,0x780b74fbc7a07ad03cc3a814cc6bee08a38a4444,247SWAP,2818706290942443,2022900896054766,-795805394887677,-0.000796,-0.58,-0.282330,5737,5976,734.70,101416616,101416630,7,1,kol_sell,0x6366a9faa2c750993a4f1ff3c9ae4d815169ede93fea2273d93ddd59142f10ad,1,6271,6271,4289
1780193836827136750,fast_tip,B,0x780b74fbc7a07ad03cc3a814cc6bee08a38a4444,247SWAP,8456118872827331,5673608773489333,-2782510099337998,-0.002783,-2.05,-0.329053,5737,5976,735.76,101416616,101416660,20,1,kol_sell,0x8ff79a905a3b6c73a73cb147a5e03cc32009a80fe9e54a0969f030249cf67ae3,1,4784,4784,4016
1780193912406015860,fast_tip,N,0xf4933c017a933f0a8496c29a822d4d299a484444,TYS,3757239724130864,3178418472322859,-578821251808005,-0.000579,-0.43,-0.154055,6583,7301,737.59,101416783,101416801,8,1,kol_sell,0xf88c150b2974f35d51ddaaf089ac0730a4a4179c42ae091d3553ab8213be01d1,1,8080,8080,6176
1780193927910692372,fast_tip,C,0xf4933c017a933f0a8496c29a822d4d299a484444,TYS,24897354397327717,17888232945554578,-7009121451773139,-0.007009,-5.17,-0.281521,10388,10820,737.19,101416818,101416941,56,1,kol_sell,0x6b1f6c515c588793dad8a07541b93e40a507c1854812cc7822a93c94643fa564,1,8699,8699,7770
1780193912406015860,fast_tip,N,0xf4933c017a933f0a8496c29a822d4d299a484444,TYS,1219236731671605,489610921236952,-729625810434653,-0.000730,-0.54,-0.598428,6583,7301,737.19,101416783,101416979,88,1,kol_sell,0xd657b479db1fe4de7d9d9bcb5fd241605b2b3fcf6434e3d65155f72607ae6ce8,1,8126,8126,2930
1780194012544721049,fast_tip,B,0xa09d0b390f391729a5f2a30a69bacebaad284444,拼好股,5458496807173603,5967576769010991,509079961837388,0.000509,0.38,0.093264,5078,5290,737.19,101417006,101417026,9,1,kol_sell,0x2da5081c71f9bdde52e04d07a5d853b707d3353d960984701c08d88015b515ea,1,6846,6846,5783
1780194012544721049,fast_tip,B,0xa09d0b390f391729a5f2a30a69bacebaad284444,拼好股,1364624201793401,802656800768239,-561967401025162,-0.000562,-0.41,-0.411811,5078,5290,737.19,101417006,101417033,12,1,kol_sell,0xdda56e2e5df3a15bf3e474ba346c132b3f0512c7e9211ebb68741e6126ef4c37,1,6528,6528,3111
1780194012544721049,fast_tip,B,0xa09d0b390f391729a5f2a30a69bacebaad284444,拼好股,4093872605380203,3406047683378150,-687824922002053,-0.000688,-0.51,-0.168013,5078,5290,737.19,101417006,101417057,23,1,kol_sell,0xcfb4eb2e04f60116e235bc6dd1d1ac413f145d33eb414b5abff82efd8b7cd3c5,1,5680,5680,4401
1780194201369315771,fast_tip,B,0x03d3885234f443242661b07cd158eb5163824444,股小将,5421461189114112,5303130899145707,-118330289968405,-0.000118,-0.09,-0.021826,5423,5649,737.45,101417425,101417450,12,1,kol_sell,0x00b8810cf9121a353c1f0e7981e4a2e8225b2d382cbc1fcf5ff2f08d192af575,1,6482,6482,5526
1780194201369315771,fast_tip,B,0x03d3885234f443242661b07cd158eb5163824444,股小将,1355365297278528,1281803531998150,-73561765280378,-0.000074,-0.05,-0.054274,5423,5649,737.45,101417425,101417466,19,1,kol_sell,0xe66f1390d413c18468065ae7a8cad7a1ace82c2e45b1e68ae95b7589fe03dab3,1,9097,9097,5342
1780194201369315771,fast_tip,B,0x03d3885234f443242661b07cd158eb5163824444,股小将,1016523972958896,737993223909809,-278530749049087,-0.000279,-0.21,-0.274003,5423,5649,737.45,101417425,101417482,26,1,kol_sell,0x61d0640d45ccf9603d71d4da16f13a267e563d03e94dbe434c6f452b3a9f410b,1,8982,8982,4101
1780194201369315771,fast_tip,B,0x03d3885234f443242661b07cd158eb5163824444,股小将,3049571918876688,3300945706506402,251373787629714,0.000251,0.19,0.082429,5423,5649,736.71,101417425,101417502,35,1,kol_sell,0x2caf160d9e4a74536e9425252b477c1bb1f877b72b199d2140eda8d7e4d1d431,1,7933,7933,6109
1780187700661802352,fast_tip,O,0x0a906b55d4982a3382f0dda882f2fd9907ca4444,BStocks,28927888069730606,22020903838684033,-6906984231046573,-0.006907,-5.06,-0.238766,160299,161022,733.17,101402995,101418310,6900,1,kol_sell,0xbb2e35443684807aacbacf56630b29557f22680ec21b93bf203ee328061107db,1,129642,129642,124183
1780194634637750154,fast_tip,B,0x3e218f9bd72bf310123730bb4c293971b3a14444,Stockmаxхinɡ,2705254369140352,2521930740252840,-183323628887512,-0.000183,-0.13,-0.067766,6755,7036,733.34,101418386,101418417,15,1,kol_sell,0xc64d4c2d315625cc70332eccb302aecec3397b62714687fb58cae280c94a17ac,1,9203,9203,6560
1780194644021172756,fast_tip,O,0x3e218f9bd72bf310123730bb4c293971b3a14444,Stockmаxхinɡ,27700601506636954,20762900203752841,-6937701302884113,-0.006938,-5.09,-0.250453,8269,8614,733.34,101418407,101418434,12,1,kol_sell,0x5050a0582838e914645ece1781353ab30c44f164cbb214c5a92792150ae86b0a,1,6990,6990,6456
1780194634637750154,fast_tip,B,0x3e218f9bd72bf310123730bb4c293971b3a14444,Stockmаxхinɡ,8115763107421057,4766627130219462,-3349135977201595,-0.003349,-2.46,-0.412670,6755,7036,733.34,101418386,101418441,25,1,kol_sell,0xae10e61e4889b94bb2650486b740835ffb6c7cbf0f956af0d4f436e6804ade99,1,5044,5044,4133
1780194687297662323,fast_tip,O,0xcdbc468aca1864a6ef795c42d9ba0718052fffff,小股东,27006831376348543,19069657158824957,-7937174217523586,-0.007937,-5.82,-0.293895,16130,16802,733.21,101418503,101418602,46,1,kol_sell,0xd3bf0dbab0c131f43103b4a90da3f96c1c383f2b6bae2a6ba80ea3d185444ad2,1,13517,13517,11862
1780194744563305418,fast_tip,B,0x1c33329daa9ec9490b8addd21ce8fe9e41b04444,妖股,10467771515952498,9150231575343905,-1317539940608593,-0.001318,-0.97,-0.125866,7016,7308,733.21,101418630,101418639,4,1,kol_sell,0x869715e339189bdce47df61dc6cc7c373e8fa760a095ed20cbe65053add66f0e,1,7250,7250,6389
1780194787880073113,fast_tip,M,0x55adae909f52b1c7baf9a51352f2545705074444,番茄,7987189000992063,8954016578413053,966827577420990,0.000967,0.71,0.121047,6963,7253,734.16,101418726,101418734,4,1,kol_sell,0x9bfd378aa8b870b0e6156a80b094346146e3a9a0ab7dcfc5f1c10421352a9cc4,1,9243,9243,8131
1780195071069272845,fast_tip,B,0xfc23b874e920c4b7c7a6d3ee5d50f5e872f84444,猫菲特,2584004380472909,2449857921322495,-134146459150414,-0.000134,-0.10,-0.051914,5314,6137,733.77,101419355,101419369,7,1,kol_sell,0xbf5eaf7dcd92b6caa6245e15dedf3b60c9ed9bdfcb68109cf9816a7036bd12c8,1,8083,8083,5818
1780195076498854590,fast_tip,O,0xfc23b874e920c4b7c7a6d3ee5d50f5e872f84444,猫菲特,20375453476907613,21410436919011879,1034983442104266,0.001035,0.76,0.050796,7298,7602,733.77,101419367,101419378,5,1,kol_sell,0xc8f73453fdaf1cfa64a420ebe3d27a290daf4b02a237280882b35fd06764ec1a,1,8639,8639,7988
1780195071069272845,fast_tip,B,0xfc23b874e920c4b7c7a6d3ee5d50f5e872f84444,猫菲特,774426112827731,80440922276547,-693985190551184,-0.000694,-0.51,-0.896128,5314,6137,733.77,101419355,101419379,11,1,kol_sell,0x7c5ee2a8ca74e45dce7da55c39bdfb2ffa2cdc3e93078d039d9fd2dcb9d85ff3,1,7414,7414,637
1780195071069272845,fast_tip,B,0xfc23b874e920c4b7c7a6d3ee5d50f5e872f84444,猫菲特,1744396757147749,844062019435304,-900334737712445,-0.000900,-0.66,-0.516130,5314,6137,733.77,101419355,101419388,15,1,kol_sell,0x123db0af8c3c0cdf8ca3ddeed76c317ec73bf47fd6839b688c77d7742526a16e,1,6090,6090,2969
1780195071069272845,fast_tip,B,0xfc23b874e920c4b7c7a6d3ee5d50f5e872f84444,猫菲特,1308297567860812,908004087171861,-400293480688951,-0.000400,-0.29,-0.305965,5314,6137,734.60,101419355,101419399,20,1,kol_sell,0x24c50c9c0897f7cc4834261b3315435d0e19fb9618337df7955ed8f8a6dae350,1,8437,8437,4264
1780195071069272845,fast_tip,B,0xfc23b874e920c4b7c7a6d3ee5d50f5e872f84444,猫菲特,981223175895609,490225676425894,-490997499469715,-0.000491,-0.36,-0.500393,5314,6137,734.60,101419355,101419407,24,1,kol_sell,0x2c6c80fcffdbbc2c2a9e28a2c196bcf90558e9d0742c08cf02d44f0c124078a0,1,8524,8524,3069
1780195076498854590,fast_tip,O,0xfc23b874e920c4b7c7a6d3ee5d50f5e872f84444,猫菲特,5837660477688571,5292688517556583,-544971960131988,-0.000545,-0.40,-0.093355,7298,7602,734.60,101419367,101419410,19,1,kol_sell,0x231cd9350f5d11f7e95407d902276b47a523af024ef68ec29f2767cfc4e1ee9a,1,8297,8297,6900
1780195071069272845,fast_tip,B,0xfc23b874e920c4b7c7a6d3ee5d50f5e872f84444,猫菲特,735917381921707,105761736560431,-630155645361276,-0.000630,-0.46,-0.856286,5314,6137,734.60,101419355,101419418,28,1,kol_sell,0xa7bacb945996028d5f0d23e361f7d54de6e5965f84f227990af820218a0aea6d,1,8022,8022,883
1780195071069272845,fast_tip,B,0xfc23b874e920c4b7c7a6d3ee5d50f5e872f84444,猫菲特,1103876072882561,169911844864281,-933964228018280,-0.000934,-0.69,-0.846077,5314,6137,734.60,101419355,101419423,31,1,kol_sell,0x364ee218db31b32f1f6c6d25ac33bfde9f832f37c6388af8bfdb6bf4d852ab75,1,5720,5720,946
1780195071069272845,fast_tip,B,0xfc23b874e920c4b7c7a6d3ee5d50f5e872f84444,猫菲特,1103876072882561,1103876072882561,0,0.000000,0.00,0.000000,5314,6137,734.60,101419355,101419424,31,1,price_unavailable,0xb58d18e75afbd0e0a53bc9c4b86147b39bad3ca12143deb0efc3cf4e89f29a12,1,0,0,6144
1780195316966850537,fast_tip,N,0x79f5a9377827e1591b0062dd56cca553509d4444,金筹股,1089831036797633,258043083873353,-831787952924280,-0.000832,-0.61,-0.763227,5388,5612,735.45,101419901,101419913,6,1,kol_sell,0x1f91925842c421ff9cb537d1f4786f51cd27837e18e811edca138f55c0c33506,1,5761,5761,1329
1780195316966850537,fast_tip,N,0x79f5a9377827e1591b0062dd56cca553509d4444,金筹股,326796630028492,0,-326796630028492,-0.000327,-0.24,-1.000000,5388,5612,735.62,101419901,101419918,8,1,kol_sell,0x6e5272b0f1b16c18c0d00c9d9786ab80524dc4b4c6c100a211053b8dd88770c7,1,5525,5525,0
1780195316966850537,fast_tip,N,0x79f5a9377827e1591b0062dd56cca553509d4444,金筹股,2944440907794258,1693587645542023,-1250853262252235,-0.001251,-0.92,-0.424819,5388,5612,735.62,101419901,101419950,22,1,kol_sell,0x5cfdee4369bc2c613e0e1027befcbed78d941fb0a6f80ec9ccf5672ad8c09f85,1,4983,4983,3229
1780195375778990141,fast_tip,B,0x1e550a9110278bc8ebf015945126e187a2fc4444,金股,2479407449449103,3470005172227505,990597722778402,0.000991,0.73,0.399530,8372,8721,735.27,101420031,101420047,7,1,kol_sell,0x924d54f4a88860150d9edf6e3c3e0e4d230926a791782c6718ef39ca9a8bd3a6,1,15704,15704,12205
1780195375778990141,fast_tip,B,0x1e550a9110278bc8ebf015945126e187a2fc4444,金股,743078412599896,384744034874545,-358334377725351,-0.000358,-0.26,-0.482230,8372,8721,735.27,101420031,101420052,10,1,kol_sell,0xd86b78a2627ce9ef226122fb19bf3310bb76645e0cb41c847613d5edc47f6eb3,1,14680,14680,4516
1780195375778990141,fast_tip,B,0x1e550a9110278bc8ebf015945126e187a2fc4444,金股,1673116469543278,1792041342436055,118924872892777,0.000119,0.09,0.071080,8372,8721,735.27,101420031,101420056,11,1,kol_sell,0x1dd56236cd6f1e588a189f1cc16bc52f8e934bf9e301b99ea4e79891b184fb96,1,14161,14161,9341
1780195375778990141,fast_tip,B,0x1e550a9110278bc8ebf015945126e187a2fc4444,金股,5022027466204135,2595357590280398,-2426669875923737,-0.002427,-1.78,-0.483205,8372,8721,735.27,101420031,101420072,18,1,kol_sell,0xb8b760cb1acb2f2256ab24cc30748f43856a396e7bcb7749d3cbd15526e71943,1,6171,6171,4507
1780195408465977001,fast_tip,O,0xd6ad2724b153140ea79536a0a8162e57bd9e4444,金股,13131057551396706,10973735827717204,-2157321723679502,-0.002157,-1.59,-0.164292,5770,6011,735.97,101420104,101420157,24,1,kol_sell,0xa4fed7ca43eafdefe9ad4ab961bf4a8eeb5ebc99590458552f8885548d2958ad,1,5627,5627,5028
1780195455069545811,fast_tip,B,0x1e550a9110278bc8ebf015945126e187a2fc4444,金股,9750081631998621,5842951463646876,-3907130168351745,-0.003907,-2.88,-0.400728,15876,16537,736.17,101420207,101420244,17,1,kol_sell,0x2de0dec56090b8195651cfdf91d4e0ba7f7d1665dd6d35a1d4c2321e5f861611,1,11763,11763,9910
1780195478483354644,fast_tip,B,0x464ab76243167dbe46ae712337a6b00d47ae4444,股币,2338906216929345,2268358006229141,-70548210700204,-0.000071,-0.05,-0.030163,11416,11892,736.17,101420259,101420269,5,1,kol_sell,0xff2a280815bf782e5a47fb22dd17d835af0afb0971989043b554af034c4f50b6,1,16330,16330,11533
1780195478483354644,fast_tip,B,0x464ab76243167dbe46ae712337a6b00d47ae4444,股币,1755115599558525,1370201124770446,-384914474788079,-0.000385,-0.28,-0.219310,11416,11892,736.25,101420259,101420278,9,1,kol_sell,0xd4f6e9fe873cda6a1696ea4bd99220f6f7b752b8e2b1aaa491c9fdad94254256,1,15424,15424,9285
1780195478483354644,fast_tip,B,0x464ab76243167dbe46ae712337a6b00d47ae4444,股币,526008145187690,0,-526008145187690,-0.000526,-0.39,-1.000000,11416,11892,736.25,101420259,101420287,13,1,kol_sell,0x37818216a5875ab325d23ab52842641132257dba2065c39a6f4517bf356fb4c0,1,16377,16377,0
1780195478483354644,fast_tip,B,0x464ab76243167dbe46ae712337a6b00d47ae4444,股币,4739338653487887,4799217010516614,59878357028727,0.000060,0.04,0.012634,11416,11892,736.25,101420259,101420297,18,1,kol_sell,0xac2bf02829f6c6c3bb3dc1d0cd7e519732ee5f998d1d2e609ec3738644894cae,1,14676,14676,12044
1780195500163654056,fast_tip,B,0x4a8a9cd868deb9bdc4c8501cd7e7d2323ede4444,屁股,9267209367798722,7386345202210487,-1880864165588235,-0.001881,-1.38,-0.202959,5394,5619,736.25,101420306,101420316,5,1,kol_sell,0xa88a259ebe6eede1304d71eb1ad61348cc488fa8ec1043690be2e4ee9015e9bf,1,5179,5179,4478
1780195494534361611,fast_tip,N,0x464ab76243167dbe46ae712337a6b00d47ae4444,股币,4120124790099882,1452987796423314,-2667136993676568,-0.002667,-1.96,-0.647344,15937,16601,736.25,101420293,101420331,17,1,kol_sell,0x5943ae15434073536686753116e4a5841c4c5deb730955049a300b96f3285197,1,9519,9519,5854
1780195501071200025,fast_tip,C,0xeab9a82eefb7e0c7366a9b597899cd6ea2154444,币股,9676157256634946,15766111129563604,6089953872928658,0.006090,4.48,0.629377,6841,7126,736.25,101420308,101420337,13,1,kol_sell,0x396b744a9f6d0d31f1c2ff1718eb6da1d2ce0829e040d81c25bd6aee8903e643,1,12721,12721,11612
1780195501071200025,fast_tip,C,0xeab9a82eefb7e0c7366a9b597899cd6ea2154444,币股,5082099748430409,13965399707694033,8883299959263624,0.008883,6.54,1.747959,6841,7126,736.42,101420308,101420369,28,1,kol_sell,0xe42fc77bf4375b81648c1019fcecffc965527c6db598582edc9be462840fb283,1,21594,21594,19587
1780195501071200025,fast_tip,C,0xeab9a82eefb7e0c7366a9b597899cd6ea2154444,币股,3774330280309310,8984614469047906,5210284188738596,0.005210,3.84,1.380453,6841,7126,736.50,101420308,101420488,81,1,kol_sell,0xdb4d2cb20315d1f18920e3d8f0580d1d666753569a6dc31f0e54290a5fac07cf,1,19280,19280,16970
1780155395963370408,fast_tip,O,0xe9ae476fb895c08ccc592ca8566c99d4894e4444,月薪喵,3126116230810970,4280320398982230,1154204168171260,0.001154,0.85,0.369213,0,0,736.67,101253448,101420715,40290,1,kol_sell,0x76c9de4228f187dbbd87f2cd6d85a3edece1b73653e3e9a177adbd45d75640ae,1,37950,37950,30608
1780195754614688327,fast_tip,N,0x583053b1183be05f6cf1845235b7d7689e6a4444,1股,2965970516536593,2446789374631482,-519181141905111,-0.000519,-0.38,-0.175046,5871,6116,738.03,101420871,101420884,6,1,kol_sell,0x3edfbc3c6e42847d497701660232c77d1a35bc2c38a80966f73d6a99d6a4ebc2,1,7002,7002,5045
1780195754614688327,fast_tip,N,0x583053b1183be05f6cf1845235b7d7689e6a4444,1股,887440574195632,0,-887440574195632,-0.000887,-0.65,-1.000000,5871,6116,738.03,101420871,101420916,20,1,kol_sell,0xf9dd85696d597e64289f8e58192b36bc8a6f500ecf36ccfb6bb254b8e21aa072,1,4907,4907,0
1780195789203612760,fast_tip,N,0x8e3ca1d3861b65c02e1ad0e1888bcf5abce84444,1,3712748919122151,2650358218150375,-1062390700971776,-0.001062,-0.78,-0.286147,5230,5447,738.20,101420948,101420968,9,1,kol_sell,0xc3332f4622393d267bdb0865d6135da4e991793aff55c0347e06b8bee3ae44aa,1,5293,5293,3889
1780195501071200025,fast_tip,C,0xeab9a82eefb7e0c7366a9b597899cd6ea2154444,币股,1982349238371508,8332195645262001,6349846406890493,0.006350,4.69,3.203193,6841,7126,738.77,101420308,101421040,330,1,kol_sell,0xabbe24b245eaf6dad42eeacaa4cf49c88ebfc4e43682315d89f2f87a52521e89,1,34360,34360,30056
1780191287022967943,fast_tip,N,0x81f7386a4b735cf7cb02c339d29bdaccaf1f4444,bSTOCKS,10375050033803169,6347248688498290,-4027801345304879,-0.004028,-2.98,-0.388220,25860,26938,738.77,101410957,101421091,4567,2,kol_sell,0x9fa670be1337426b900ad290c0773ca79f16efdf7afcb32b0d785bc54ec74b0d,1,16054,16054,13664
1780195954222331340,fast_tip,O,0x6bdb8318f5bc870070d74d11e7592fdb80634444,一直涨,25161309215184014,15524036511146327,-9637272704037687,-0.009637,-7.12,-0.383020,6800,8123,739.16,101421314,101421346,14,1,kol_sell,0x1aca0b005562c0e6a49b6220dfb037513614114b2973573a360f6b154c28fd2a,1,5493,5493,5012
1780196221934639394,fast_tip,B,0x720b34e516b522adf19ff40fe4417b691ffd4444,共股,2042802664028977,2796984052885596,754181388856619,0.000754,0.56,0.369190,6075,6328,742.13,101421908,101421918,5,1,kol_sell,0x59f80c15f16954a9605f14786364f1ac54127cb01c0fde6e8717231faa44edff,1,11864,11864,8665
1780196221934639394,fast_tip,B,0x720b34e516b522adf19ff40fe4417b691ffd4444,共股,1532101998021733,2450543546908310,918441548886577,0.000918,0.68,0.599465,6075,6328,742.13,101421908,101421925,8,1,kol_sell,0xe17b462dcf85bd54d5fb92c40eaf3c43ba514cc3f53cd6c694efcfb01c767bb8,1,14022,14022,10122
1780196221934639394,fast_tip,B,0x720b34e516b522adf19ff40fe4417b691ffd4444,共股,459630599406519,100881512761705,-358749086644814,-0.000359,-0.27,-0.780516,6075,6328,742.13,101421908,101421930,10,1,kol_sell,0x0b7d10e248ebf7e2e335ed2d4a251cce14946d780a4f28707ef32a6b2cfba158,1,13042,13042,1389
1780196221934639394,fast_tip,B,0x720b34e516b522adf19ff40fe4417b691ffd4444,共股,413667539465868,0,-413667539465868,-0.000414,-0.31,-1.000000,6075,6328,742.13,101421908,101421932,11,1,kol_sell,0x91cfc5c74fdfe5537a66d1ae6b0390c17aca25cefa28993debdde4d31268d3e3,1,11920,11920,0
1780196221934639394,fast_tip,B,0x720b34e516b522adf19ff40fe4417b691ffd4444,共股,930751963798203,1131152112507861,200400148709658,0.000200,0.15,0.215310,6075,6328,742.13,101421908,101421942,15,1,kol_sell,0xe4fe60cef5cf197127096f0a9bf375a5d641c2fb793fd8c2fbc19352b48f5e1d,1,13737,13737,7691
1780196221934639394,fast_tip,B,0x720b34e516b522adf19ff40fe4417b691ffd4444,共股,278946363550321,0,-278946363550321,-0.000279,-0.21,-1.000000,6075,6328,742.13,101421908,101421949,18,1,kol_sell,0x396d2ca080a28a6d9266052be912f0922cb9c8f4a027f54db29bbe2521edd902,1,13751,13751,0
1780196221934639394,fast_tip,B,0x720b34e516b522adf19ff40fe4417b691ffd4444,共股,251079621831644,0,-251079621831644,-0.000251,-0.19,-1.000000,6075,6328,742.13,101421908,101421966,26,1,kol_sell,0x2367789adbe86b914e06ea4e9c6e2e7958e9db4c5035f50bfbcc3c4f389b333f,1,14763,14763,0
1780196221934639394,fast_tip,B,0x720b34e516b522adf19ff40fe4417b691ffd4444,共股,565557476503161,109510306960084,-456047169543077,-0.000456,-0.34,-0.806368,6075,6328,740.17,101421908,101421980,33,1,kol_sell,0x79294f626909dcd316c8608b0e1ce6eb4e2e6b76a394276c94618ff271367a2a,1,10697,10697,1222
1780196221934639394,fast_tip,B,0x720b34e516b522adf19ff40fe4417b691ffd4444,共股,1696672429509483,774725147576691,-921947281932792,-0.000922,-0.68,-0.543386,6075,6328,740.17,101421908,101422027,54,1,kol_sell,0x6a59a81ee492d87cff9edea8b49b6d9ab41ae7c2ba23244ceb2c136558d1adbf,1,6143,6143,2882
1780196358959495519,fast_tip,B,0x0188fd76127c4ba8d3858428ccb7231853e74444,股股嘎嘎,2021808267690239,1255059111802196,-766749155888043,-0.000767,-0.57,-0.379239,6942,7688,737.71,101422212,101422219,3,1,kol_sell,0xd8c7dc4fe0171798e76ca4a2abd2c3e06262479882ab3b31f987c76d2c82fd6d,1,8193,8193,4772
1780196358959495519,fast_tip,B,0x0188fd76127c4ba8d3858428ccb7231853e74444,股股嘎嘎,1517165247693526,816558319658928,-700606928034598,-0.000701,-0.52,-0.461787,6942,7688,737.71,101422212,101422223,5,1,kol_sell,0x8e2ddec300aeca3d568994b525aa32c26f7f92eaa0878f0130e1d34806e738a9,1,8603,8603,4138
1780196358959495519,fast_tip,B,0x0188fd76127c4ba8d3858428ccb7231853e74444,股股嘎嘎,455149574308057,0,-455149574308057,-0.000455,-0.34,-1.000000,6942,7688,737.71,101422212,101422229,8,1,kol_sell,0x9ef8c404f9d2127d4ea6e727eee23d4eba3b30585b4c82b3c158ef92baec1f7f,1,8654,8654,0
1780196358959495519,fast_tip,B,0x0188fd76127c4ba8d3858428ccb7231853e74444,股股嘎嘎,1137555331068129,381913213729241,-755642117338888,-0.000756,-0.56,-0.664268,6942,7688,737.71,101422212,101422230,8,1,kol_sell,0xc1b2641ba214bc370aff80ab2c5314520106a28aff73a60965ef93ee1c75586a,1,8414,8414,2581
1780196358959495519,fast_tip,B,0x0188fd76127c4ba8d3858428ccb7231853e74444,股股嘎嘎,1024037508929490,234511423187923,-789526085741567,-0.000790,-0.58,-0.770993,6942,7688,737.71,101422212,101422231,8,1,kol_sell,0xfee7846b0ff969ed6ea7c5790bf9e09efdb535cd60b33c394b97746ea93c929e,1,8194,8194,1761
1780196358959495519,fast_tip,B,0x0188fd76127c4ba8d3858428ccb7231853e74444,股股嘎嘎,1934753328774902,1145612454341464,-789140874433438,-0.000789,-0.58,-0.407877,6942,7688,737.71,101422212,101422234,10,1,kol_sell,0x4bb36acec9b1e88b51672719005cbaa2d2805313c9ef1f6a033c643fdd886c15,1,8108,8108,4552
1780196393080992555,fast_tip,B,0xbbdadd3c92d957c3c1586dfd72c3152d05f94444,币安龙虎榜,1916196946222470,887757853556847,-1028439092665623,-0.001028,-0.76,-0.536708,9088,10207,739.09,101422288,101422308,9,1,kol_sell,0xccb3da47efc9cfbb4a871b010624bec444061cddb0f71a650c19239cd1bedc5f,1,9430,9430,4729
1780196393080992555,fast_tip,B,0xbbdadd3c92d957c3c1586dfd72c3152d05f94444,币安龙虎榜,5748590838667413,2894254486141227,-2854336352526186,-0.002854,-2.11,-0.496528,9088,10207,739.09,101422288,101422318,14,1,kol_sell,0x582bf8d44309d5cff8ce9cf639c1f28d2d129aa091b8ad3071730c967bccc4b0,1,6854,6854,5139
1780196410549023566,fast_tip,N,0xbbdadd3c92d957c3c1586dfd72c3152d05f94444,币安龙虎榜,4241234717874803,3891200118399552,-350034599475251,-0.000350,-0.26,-0.082531,5127,5341,739.09,101422327,101422339,6,1,kol_sell,0x23e16845f85cfa04d618c9c3ecea41f32579e4f85a454c19eb8dc0720b29daca,1,6169,6169,4900
1780196483853574364,fast_tip,N,0x05174ea2fba8488d001dddce3f745480132d4444,涨得你头晕目眩,2103115628963638,960066756652243,-1143048872311395,-0.001143,-0.84,-0.543503,9348,9738,738.46,101422490,101422517,12,1,kol_sell,0xaffc88ee5bfd51ba076295410dc6dfdfec843d12ba0ddbe5ada3e20bbe135429,1,8558,8558,4450
1780196483853574364,fast_tip,N,0x05174ea2fba8488d001dddce3f745480132d4444,涨得你头晕目眩,2103115628963639,765130594358068,-1337985034605571,-0.001338,-0.99,-0.636192,9348,9738,738.46,101422490,101422530,18,1,kol_sell,0x9e99b099fd1383d898caf11152f8611333f93747d0bc52041079a88ca7a082a2,1,7617,7617,3546
1780196675199818161,fast_tip,B,0x0cbfc672ee93a22628c26368bbc731bffb794444,韭零后,7276510240370703,5907883183202141,-1368627057168562,-0.001369,-1.01,-0.188088,7455,7765,737.95,101422915,101422928,7,1,kol_sell,0x42099e0d5f035ab0a7b923738620ab2f6ddbb2c75ab9500ea7d218c655d1fd0e,1,6910,6910,6305
1780196837476428810,fast_tip,O,0x66147dd522c92c238ead514e6e5163dd9b434444,Stonks,24197581944780245,18777682168472728,-5419899776307517,-0.005420,-3.99,-0.223985,9070,10349,736.66,101423274,101423335,27,1,kol_sell,0x3c73b83a4e2955949176a96fd471f4f2c45f2e02b05abb51c75668a5648bc399,1,8729,8729,8031
1780196863553219329,fast_tip,B,0x175a6a4c2f048f1e304b9da3ccd3c209e9284444,我在股市很想你,7139647534653846,7257546066181176,117898531527330,0.000118,0.09,0.016513,5855,6099,736.66,101423332,101423336,2,1,kol_sell,0x81e029332035d3cc4a293db99725c4c57558598c6c6e83689484063403d3dfac,1,7183,7183,6200
1780196986050405209,fast_tip,B,0xd087acab28e172c7670efc149912ead3535f4444,BME,7151437387806579,4977169729559665,-2174267658246914,-0.002174,-1.60,-0.304032,7163,7462,735.80,101423604,101423627,11,1,kol_sell,0xf5c0cc7cd09bff33f9ccca4f864258a262dafaaf160e11127390c6f33f672f5a,1,6591,6591,5193
1780196666607762759,fast_tip,M,0xa459d6a1e04a2e4df9fd6bd6cd04da9f24ee4444,潜力股,1818871145715186,2552873374467453,734002228752267,0.000734,0.54,0.403548,61994,62175,736.00,101422896,101423742,382,1,kol_sell,0x044ba41f78899805ecf10f31e760ee5b066ac71682d1c60de9bb88c6b24942ae,1,119576,119576,87035
1780196666607762759,fast_tip,M,0xa459d6a1e04a2e4df9fd6bd6cd04da9f24ee4444,潜力股,1364153359286390,1761204590321610,397051231035220,0.000397,0.29,0.291061,61994,62175,735.84,101422896,101423768,393,1,kol_sell,0x74a690c63814bd757f7641a493f4f51a3f5d44b47d724dce56a9fb2adef3ffa3,1,121428,121428,80042
1780196666607762759,fast_tip,M,0xa459d6a1e04a2e4df9fd6bd6cd04da9f24ee4444,潜力股,1023115019464792,1199809356671523,176694337206731,0.000177,0.13,0.172702,61994,62175,736.00,101422896,101423866,437,1,kol_sell,0xee44de2b16415e1e8aa82b8f5d89e69f7160f639ca4bf112ec097a6a7c76b532,1,123872,123872,72720
1780155395963355828,fast_tip,A,0xa3b2e6fe983ac7193f2e098ad6f7c195a3824444,hey stock,62229651020332,0,-62229651020332,-0.000062,-0.05,-1.000000,0,0,735.22,101300417,101424225,41870,1,kol_sell,0x003c2eedce4a1c0e2aa23b35c326197d901dd43bc18f23afad075875bf24d95a,1,1344109,1344109,0
1780197315992730894,fast_tip,M,0x5e1e346e8e35d7ff4b999ee0ffbb5196d1cc4444,币安之狼,7099324856720730,5197115774012882,-1902209082707848,-0.001902,-1.40,-0.267942,6891,7178,734.90,101424337,101424443,48,1,kol_sell,0xdbb7c931dc88a0e6270b00c6c345f101ac15da846f4ec9f37ade9a34cbebe699,1,6411,6411,5251
1780155395963372998,fast_tip,O,0x1706c3a7c000d6e3ce28248bd3c94ab9e1444444,stonks,8029486601468276,14919230627923595,6889744026455319,0.006890,5.08,0.858055,0,0,737.55,101319546,101424811,42133,1,kol_sell,0x058e31ce39980dd06390f9889de0a14243850711a4cc15b97664c4bf33301a2b,1,61956,61956,57797
1780197558576699387,fast_tip,N,0xca9272fc30249b4d16dff3ae90b65b52ff784444,炒作,989531966808895,130449822082680,-859082144726215,-0.000859,-0.63,-0.868170,7211,7511,737.67,101424876,101424882,3,1,kol_sell,0xfd7852588ac4d68e51a4f3fff4a1e1fd98c9942d94b64c824fe624bddd85ef12,1,7463,7463,990
1780197558576699387,fast_tip,N,0xca9272fc30249b4d16dff3ae90b65b52ff784444,炒作,2968595900426686,2062830565774473,-905765334652213,-0.000906,-0.67,-0.305116,7211,7511,737.67,101424876,101424927,23,1,kol_sell,0xb1f7c771a57367ceb90cfed1e2002c577df68ebacfbbe85f8c2ddfa46f0f3af5,1,7581,7581,5219
1780178145260312925,fast_tip,N,0x1c0abd39a92331fd7f7aaffe694e46006a2e4444,ALPACA,3985820362433786,3074713420707294,-911106941726492,-0.000911,-0.67,-0.228587,6807,7091,737.27,101381774,101424999,19469,1,kol_sell,0xa8ab5ade6c9a694401a7eb2e60b57285e4707439f4074e8188b91c99e556b1d1,1,7391,7391,5611
1780197688900323918,fast_tip,M,0x4d07cba146fa50568546271100fdb6650cbb7777,股链通,6909103948449945,0,-6909103948449945,-0.006909,-5.08,-1.000000,21265,24683,735.02,101425165,101425279,51,1,kol_sell,0x5980a80790806f47c839fb370f0c6ee42098def16bee11ae2a0cd962ed5afabc,1,763,763,0
1780196666607762759,fast_tip,M,0xa459d6a1e04a2e4df9fd6bd6cd04da9f24ee4444,潜力股,3069345058394378,3094870495588941,25525437194563,0.000026,0.02,0.008316,61994,62175,734.52,101422896,101425308,1087,1,kol_sell,0x7404add3532f9f7656cfcf2efe4a140275dbd9c5b9a9bc60c8ebd6a2a561ec9e,1,74417,74417,62400
1780198003728123635,fast_tip,M,0xba52b58135ca198ff329f7a943dcbb4193b54444,shitstock,4630083851824114,3449039651341559,-1181044200482555,-0.001181,-0.87,-0.255081,8259,11508,735.42,101425864,101425872,4,1,kol_sell,0x9a77990cc9583e9a9f7dbdfb7f8bb676204c87b3893daf5e53425889119de824,1,11026,11026,8573
1780195501071200025,fast_tip,C,0xeab9a82eefb7e0c7366a9b597899cd6ea2154444,币股,1472602291361692,12832837075850217,11360234784488525,0.011360,8.34,7.714394,6841,7126,733.92,101420308,101426170,2641,1,kol_sell,0xddd92f2be159a6333acae2033099916847efb0e21998ac92485f6cbf2adc04ca,1,64921,64921,61905
1780198021908757767,fast_tip,O,0xeab9a82eefb7e0c7366a9b597899cd6ea2154444,币股,7544254508982555,10241891896216692,2697637387234137,0.002698,1.98,0.357575,40868,42571,733.92,101425904,101426180,124,1,kol_sell,0x955254554939cda6f40ae0ab83a60050b4cb9ffd98408af3a0451e488ed156b8,1,62281,62281,57674
1780197863845579284,fast_tip,N,0xeab9a82eefb7e0c7366a9b597899cd6ea2154444,币股,408911446136846,0,-408911446136846,-0.000409,-0.30,-1.000000,32703,34065,733.92,101425554,101426181,283,1,kol_sell,0x9388e195e47477c34ceaa41588847bcc30bd704a0e52f58aeceb851efca7f210,1,62092,62092,0
1780197863845579284,fast_tip,N,0xeab9a82eefb7e0c7366a9b597899cd6ea2154444,币股,368020301523162,0,-368020301523162,-0.000368,-0.27,-1.000000,32703,34065,733.92,101425554,101426186,285,1,kol_sell,0xd670be4278a178a95d60bd1cc721d128b0ed479e787bfa78d211d0518836fded,1,60283,60283,0
1780198021908757767,fast_tip,O,0xeab9a82eefb7e0c7366a9b597899cd6ea2154444,币股,3520652104191859,3611940207332637,91288103140778,0.000091,0.07,0.025929,40868,42571,733.92,101425904,101426195,131,1,kol_sell,0xd852b9e6b773c45802fd5883fb119f44820e95780defe3d65cf31e41fc647cd2,1,54886,54886,43585
1780197863845579284,fast_tip,N,0xeab9a82eefb7e0c7366a9b597899cd6ea2154444,币股,165609135685422,0,-165609135685422,-0.000166,-0.12,-1.000000,32703,34065,735.73,101425554,101426228,304,1,kol_sell,0xb5b9af9e8eabc1de1cac549dd6dc89564eb29c98f2f49e7ce474cb1e3cab6852,1,72966,72966,0
1780197863845579284,fast_tip,N,0xeab9a82eefb7e0c7366a9b597899cd6ea2154444,币股,786643394505759,739827450133287,-46815944372472,-0.000047,-0.03,-0.059514,32703,34065,735.73,101425554,101426238,308,1,kol_sell,0xd2a9870f8f2631d6dd7413bf13acdb229a54a91beb5a5fd8e248aada73eef0c5,1,66601,66601,32078
1780198134133460780,fast_tip,B,0xeab9a82eefb7e0c7366a9b597899cd6ea2154444,币股,6934010621981888,1272768188786897,-5661242433194991,-0.005661,-4.17,-0.816446,191941,199939,735.73,101426153,101426271,53,1,kol_sell,0xa809b500644e6bef585a5b16455cf05b92140a4c4a211b69308057f27abccc0d,1,63587,63587,36790
1780197863845579284,fast_tip,N,0xeab9a82eefb7e0c7366a9b597899cd6ea2154444,币股,2359930183517278,4071002164649576,1711071981132298,0.001711,1.27,0.725052,32703,34065,739.31,101425554,101426412,387,1,kol_sell,0x77fb2316a57c6076bfa3f8c40ec4f1fd1af4428c3b71cc362349c15101f31b30,1,64324,64324,59124
1780198021908757767,fast_tip,O,0xeab9a82eefb7e0c7366a9b597899cd6ea2154444,币股,14082608416767439,12284027333822277,-1798581082945162,-0.001799,-1.33,-0.127716,40868,42571,739.32,101425904,101426612,319,1,kol_sell,0x4727cf405b7dda17093bafbc9bf14ced6149de3f42949928e7e55e1a09484b55,1,41919,41919,37331
1780198323349213851,fast_tip,O,0x57d9ed8c034f555d21c71f479cdf8fa73a244444,币股,14672685841818158,19505863433177867,4833177591359709,0.004833,3.58,0.329400,29773,33798,739.74,101426573,101426744,78,1,kol_sell,0x91a275b55457ba064fb4111263e9967b2e3b284f1ad838331ca3396529bf3293,1,48135,48135,44957
1780195501071200025,fast_tip,C,0xeab9a82eefb7e0c7366a9b597899cd6ea2154444,币股,54962239713429102,35450673680312345,-19511566033116757,-0.019512,-14.48,-0.354999,6841,7126,742.02,101420308,101426994,3011,3,kol_sell,0x5649de1c2d475c398b79219571942a209283ac493a7901cf9db20294545a74f2,1,23973,23973,21992
1780198569495647428,fast_tip,C,0xc24b4e5abc04c43434a7abd248a32ba508f74444,B股,11770264166428519,19535453874283018,7765189707854499,0.007765,5.78,0.659729,6193,7542,744.00,101427120,101427139,9,1,kol_sell,0x9f1f86ac8ee22e32385aa630bc7856516fcc9d2edb7416d8acfc6ab8a001f0d7,1,14040,14040,12541
1780198569495647428,fast_tip,C,0xc24b4e5abc04c43434a7abd248a32ba508f74444,B股,5704326923116115,12952113003307469,7247786080191354,0.007248,5.39,1.270577,6193,7542,744.00,101427120,101427146,12,1,kol_sell,0x27ea9f66c83cf9f5fd0d1b461d6c8275066c0a78a31bdedd797226969a11da32,1,18985,18985,17157
1780198569495647428,fast_tip,C,0xc24b4e5abc04c43434a7abd248a32ba508f74444,B股,8560056480525083,22030278174863636,13470221694338553,0.013470,10.02,1.573614,6193,7542,744.00,101427120,101427157,17,1,kol_sell,0xd6e7d6de4c6b45f54aebd942b33f3d16d95da9d2bb9a31e314a0b43b7650f8a9,1,20999,20999,19447
1780196131309071372,fast_tip,B,0x95679d40eec7b3604028fb8ed6c4fa92b4004444,金马股,9079122951239899,6446115933879880,-2633007017360019,-0.002633,-1.95,-0.290007,6943,7233,742.17,101421707,101427257,2500,1,kol_sell,0xa9e4874c6d59d02e80e4a6820416c507e1a282c3f3c68e1a868e584725e2130f,1,6041,6041,5153
1780198650867034982,fast_tip,N,0x28b2d003fa41c5f658d5a10e2f2dda21d8254444,买币股上币安,4161285976709907,3131451018923991,-1029834957785916,-0.001030,-0.76,-0.247480,4871,5074,740.87,101427301,101427367,30,1,kol_sell,0xb727039299895247437fd846d8396849e5a904e16243730f8520afb110d8bc41,1,5004,5004,3817
1780182059365477384,fast_tip,N,0x0f686334f9e81a34de4cdf3941a686f249884444,币安美股,6456168164720769,2035009425891652,-4421158738829117,-0.004421,-3.28,-0.684796,43092,43224,741.18,101390467,101427454,16660,1,kol_sell,0x4855d5b74f80e194e92fdf200ac9c5f62fe6e5a3abd58f33c2d8f7d5c5588253,1,20628,20628,14101
1780187458751520074,fast_tip,N,0x79fa6e532e578c36fffa9b7cc2b761e5fd744444,BSTOCK,4684327054679131,661195335860381,-4023131718818750,-0.004023,-2.98,-0.858849,20817,21685,741.18,101402458,101427497,11281,1,kol_sell,0xc55c984a4e44031b37b01caf08f856989b42d38b3256fffca2b2e6f544119e51,1,7273,7273,3139
1780181950443682015,fast_tip,N,0xec07e137c5d8b8e1f43fe51887e278995d514444,币安股票,13433476866722337,13483913381542846,50436514820509,0.000050,0.04,0.003755,14036,14086,740.04,101390225,101427564,16819,3,kol_sell,0x3eb30d9d8961c7650678e754a6506d6c1f602cc92b5cb40ca9979300d6e917ee,1,17243,17243,15565
1780198776588376204,fast_tip,N,0x4a34e924b14853f8165704e961fcb3dc7de84444,Plutus,5676314295260803,4127956657517993,-1548357637742810,-0.001548,-1.14,-0.272775,69976,70173,738.33,101427580,101427705,56,1,kol_sell,0x75ba6d81ea9851946278e27f1fdd3c5230829140b58c4614867799d19c5104a2,1,64274,64274,50913
1780198832338405454,fast_tip,B,0xc24b4e5abc04c43434a7abd248a32ba508f74444,B股,7012497972050377,4414650251318262,-2597847720732115,-0.002598,-1.92,-0.370460,19423,20233,739.61,101427703,101427824,55,1,kol_sell,0x3110d6e2c51a4c1cb5ac3ce0fda48bda8cb17c576848e57c2fda21fc1e8eeb3a,1,15481,15481,12759
1780182398781877985,fast_tip,N,0xefcba31621bdd8960cd11fabc419413791354444,安交所,8457589228196947,4573992612275651,-3883596615921296,-0.003884,-2.87,-0.459185,42641,42772,739.61,101391221,101427826,16488,1,kol_sell,0x10b8dad0f4587e1e54c044bd1cdb1163174f39cb1432b909303a33e3bd123507,1,28829,28829,23831
1780193646785522276,fast_tip,M,0x4a34e924b14853f8165704e961fcb3dc7de84444,Plutus,8874654445546737,3579039457888698,-5295614987658039,-0.005296,-3.92,-0.596712,74405,74625,739.56,101416194,101427958,5300,1,kol_sell,0xd9e793cff0c4415b3364e38f061e4c21dc432adc3465ec50d2fbbeeb0963f65e,1,38969,38969,30478
1780199109906980527,fast_tip,B,0xaaf402cec58641b3d805fde8be0f2cfd9b4f4444,巴菲特人生,6752713199977165,5165559100740041,-1587154099237124,-0.001587,-1.18,-0.235039,5139,5353,740.33,101428319,101428335,7,1,kol_sell,0x4febe13835a389d280543f96f8d547241a4109dca164b249aea7a953ca1f9bb1,1,4935,4935,4095
1780190509732310611,fast_tip,N,0xbea12c8659ee274dc2da09385f25027219d54444,草泥马,3949463301012728,1889488490682769,-2059974810329959,-0.002060,-1.52,-0.521583,5454,6103,740.23,101409231,101428541,8701,1,kol_sell,0x6c6a11d1e63e0b88367c17640655d85cbc0a3a9109db4fe95cbc39d81fd4bef5,1,4452,4452,2991
1780199326047303209,fast_tip,O,0x7cd3f79e9fa4fd8cdcc7b5b4ad3c4b673d774444,Penny Stock,16496327154623197,16924670531709626,428343377086429,0.000428,0.32,0.025966,10411,11751,740.14,101428799,101428822,11,1,kol_sell,0xb74cce15ba0151ab12d099d3454128ab5781499b0236459eb08e9cb81120ec6d,1,14364,14364,12056
1780199483677576078,fast_tip,O,0x9bb5aa741c4635e7b8a5ad3d3f76c80302f53bb0,STOCK,12004128039708041,12451040993808975,446912954100934,0.000447,0.33,0.037230,0,0,739.12,101429150,101429266,52,1,kol_sell,0x02bc3db7b40383a44cc51689e08ea0c5ad4c332f229e39efbfd078c4e7ae791d,1,59510,59510,53572
1780198003728123635,fast_tip,M,0xba52b58135ca198ff329f7a943dcbb4193b54444,shitstock,1897596751339730,112607097702919,-1784989653636811,-0.001785,-1.32,-0.940658,8259,11508,739.13,101425864,101429300,1548,1,kol_sell,0xb8d9fffacf5f99c12615cd5d3d1918607c9cae17b2c81094430813a7c0dc525d,1,5696,5696,686
1780199483677576078,fast_tip,O,0x9bb5aa741c4635e7b8a5ad3d3f76c80302f53bb0,STOCK,3601238411912412,4255948593016526,654710181104114,0.000655,0.48,0.181801,0,0,739.13,101429150,101429309,72,1,kol_sell,0xb669e392d3bccf056ec190cf2785e962371d15b0f6ae8e76c08c778e4da982e4,1,68798,68798,61040
1780199483677576078,fast_tip,O,0x9bb5aa741c4635e7b8a5ad3d3f76c80302f53bb0,STOCK,2520866888338688,1196266072807722,-1324600815530966,-0.001325,-0.98,-0.525454,0,0,737.94,101429150,101429401,113,1,kol_sell,0xfdd6d4a75094217871a5c9a4985ce51310692e6ec0e4086471d6012bd7adb6b5,1,49217,49217,24471
1780199483677576078,fast_tip,O,0x9bb5aa741c4635e7b8a5ad3d3f76c80302f53bb0,STOCK,1764606821837082,1258424224531042,-506182597306040,-0.000506,-0.37,-0.286853,0,0,737.31,101429150,101429640,220,1,kol_sell,0xc68653dee3b11ac826b5548549e5d9759f4d605161f10112364f9faa8b934786,1,60111,60111,36744
1780199483677576078,fast_tip,O,0x9bb5aa741c4635e7b8a5ad3d3f76c80302f53bb0,STOCK,4117415917619859,3279552770140447,-837863147479412,-0.000838,-0.62,-0.203492,0,0,736.90,101429150,101429776,282,1,kol_sell,0x0609255e1ec115d5bde5bb2e3c9c60a30dc83752ef1d27f55c7912ba4fe6a6bc,1,51764,51764,41015
1780199811424568455,fast_tip,B,0x6a375886d3caa4fac324383fa81baa6908b14444,PREDICT THE WORLD,6593997790053453,4551621653933393,-2042376136120060,-0.002042,-1.51,-0.309733,28120,28205,737.86,101429878,101429982,47,1,kol_sell,0x4a563503a583582044f6996149c5df7dc6ad5a9c84e26c823078f3422a55351d,1,23852,23852,19495
1780200019421462439,fast_tip,C,0xed44085f194329f90ea927ada9d4560bc8774444,STNK,8188321234740362,8366689355819180,178368121078818,0.000178,0.13,0.021783,6858,7780,739.26,101430340,101430388,23,1,kol_sell,0x6554af6e0fab9b42fef4c6e4c90108439f99bd5a0d0853f204bf67b0d2994dc4,1,8892,8892,7951
1780199902304273842,fast_tip,B,0xa1c9ae1ac8b55edcd580930263d180c647044444,STNK,6389760176441447,5491738705160283,-898021471281164,-0.000898,-0.66,-0.140541,31679,33000,739.26,101430079,101430404,146,1,kol_sell,0x320bbc1cf5dfb154c61e5838bea5b92dd1886cccf643979ddc84bf3c21ef1614,1,33982,33982,28423
1780200019421462439,fast_tip,C,0xed44085f194329f90ea927ada9d4560bc8774444,STNK,15206882293089246,10524244296943788,-4682637996145458,-0.004683,-3.46,-0.307929,6858,7780,738.73,101430340,101430482,64,1,kol_sell,0x4c32176c8351792aecf0229877e842d1148d52ea76c276de3934c3bfd5911533,1,6039,6039,5382
1780199326047303209,fast_tip,O,0x7cd3f79e9fa4fd8cdcc7b5b4ad3c4b673d774444,Penny Stock,2489698195694747,7031311664488824,4541613468794077,0.004542,3.35,1.824162,10411,11751,737.62,101428799,101430727,869,1,kol_sell,0x264bcf6daf9cb59a75f020b47b06ee1bc8e076c61157357f9911a56bc7fe47ae,1,36163,36163,33074
1780155395963350928,fast_tip,A,0x2f2bcbe4aa7132a880b0fc0e34da66e9a2d84444,BNC,511679008356637,0,-511679008356637,-0.000512,-0.38,-1.000000,0,0,737.67,101319299,101430985,44914,1,kol_sell,0xbc31bbe798fd281b592cf0e53a9ecf6b6197d19e06bb2ed397636a137fe8df70,1,8659,8659,0
1780200408100260367,fast_tip,B,0xa1c9ae1ac8b55edcd580930263d180c647044444,STNK,1574359511525401,929892397878582,-644467113646819,-0.000644,-0.48,-0.409352,32372,33721,737.59,101431203,101431209,3,1,kol_sell,0x41e472c1ab0ad3101410a702f1bb3a4a822901b64b99b9bb2296024e7ca568f8,1,38150,38150,19917
1780200408100260367,fast_tip,B,0xa1c9ae1ac8b55edcd580930263d180c647044444,STNK,2362799258893965,1698306234510635,-664493024383330,-0.000664,-0.49,-0.281231,32372,33721,737.59,101431203,101431211,4,1,kol_sell,0x8ae952832b9e27862691790464254bb78e042c3b0f6e0d0a8800826af043cadd,1,37341,37341,24238
1780200408100260367,fast_tip,B,0xa1c9ae1ac8b55edcd580930263d180c647044444,STNK,590463534797601,0,-590463534797601,-0.000590,-0.44,-1.000000,32372,33721,737.59,101431203,101431218,7,1,kol_sell,0x470c1b78f89790937f5651168a7df0b171fce9a4d36fbb3223f9fe707c4174ce,1,40353,40353,0
1780200408100260367,fast_tip,B,0xa1c9ae1ac8b55edcd580930263d180c647044444,STNK,177056338837226,0,-177056338837226,-0.000177,-0.13,-1.000000,32372,33721,737.59,101431203,101431226,11,1,kol_sell,0xa5cb6667caa6f9d60165a669e00a43146f758cc3798bcb5ced292c9c84b400ac,1,40290,40290,0
1780200408100260367,fast_tip,B,0xa1c9ae1ac8b55edcd580930263d180c647044444,STNK,443009085286462,0,-443009085286462,-0.000443,-0.33,-1.000000,32372,33721,737.59,101431203,101431228,11,1,kol_sell,0xe645ae71b568327c5200a9befce4a27765c75105fd1dbd0a99d890ee0a96cce3,1,42221,42221,0
1780200408100260367,fast_tip,B,0xa1c9ae1ac8b55edcd580930263d180c647044444,STNK,1152270299972676,469159632995761,-683110666976915,-0.000683,-0.50,-0.592839,32372,33721,737.59,101431203,101431233,14,1,kol_sell,0x8a92bee5bad448ea8d98c7853b9554a48a9265e1d9795d37fb4dacb9f355d824,1,39100,39100,13730
1780155395963372198,fast_tip,O,0xa3b2e6fe983ac7193f2e098ad6f7c195a3824444,hey stock,21374850560682825,63855232691790101,42480382131107276,0.042480,31.33,1.987400,0,0,737.59,101310519,101431242,45030,1,kol_sell,0x1b63dd6fa36afa446db8134473c44742f77aafbea634370d2eb3b7f7f2c84f2b,1,1032252,1032252,1012437
1780155395963347438,fast_tip,C,0x271251648e0788cff82cac21b8679404b5a74444,美股交易员,9782405091116685,10932709556844145,1150304465727460,0.001150,0.85,0.117589,0,0,737.58,101253456,101431327,45068,1,kol_sell,0x85e7831ad8a2c12b0b9f7961acc02bb227173c71ac1d9ca3e95f8abe34f73f13,1,6137,6137,5484
1780199114459840031,fast_tip,G,0xc24b4e5abc04c43434a7abd248a32ba508f74444,B股,11673236068375371,6826076137801370,-4847159930574001,-0.004847,-3.57,-0.415237,16111,17823,737.11,101428329,101431714,1525,1,kol_sell,0x13d2b2f867d8b3b0a90025b4fa21a33b714a7302c20e927d0668f0371559eb60,1,12098,12098,10377
1780200685034761503,fast_tip,G,0xf12b5d283015a54327e63604329705843bbb4444,一直涨,5593141185651453,7260975035526837,1667833849875384,0.001668,1.23,0.298193,4951,5157,736.87,101431817,101431841,11,1,kol_sell,0x971b788ba9805cab25c83a818575aef7a882dd07ce85967b14fa002acecfd160,1,7756,7756,6695
1780200685034761503,fast_tip,G,0xf12b5d283015a54327e63604329705843bbb4444,一直涨,1398285184527662,1041973628027764,-356311556499898,-0.000356,-0.26,-0.254820,4951,5157,736.87,101431817,101431863,21,1,kol_sell,0xb6bd0e55985e5a6d14d242ddedfe13df349bcc5ab93e8b0c8743ddf7973b69f0,1,7131,7131,3843
1780155395963357698,fast_tip,M,0x12f878ad8b903253a170775ad161a146cfc34444,尊贵的美股交易员,911561791911556,161298269473613,-750263522437943,-0.000750,-0.55,-0.823053,0,0,737.76,101267472,101432831,45745,1,kol_sell,0x50565cf58d7784ae20d713a8c595a39163fe32963886b32510d7a924dd07ea55,1,39427,39427,6201
1780201238395847954,fast_tip,N,0xf12b5d283015a54327e63604329705843bbb4444,一直涨,6167826641782364,5227185209013597,-940641432768767,-0.000941,-0.70,-0.152508,41983,43732,740.81,101433047,101433196,68,1,kol_sell,0x97667820cf29e79ee3811fcd3d4c63fc04141b99661dd54f5ed0805e7e6796a0,1,43778,43778,37166
1780201511630169536,fast_tip,O,0x6b6859eb6525295569941c6ff702c59e09954444,股神小何,21333273534961391,20097483744270856,-1235789790690535,-0.001236,-0.91,-0.057928,8280,10727,739.31,101433653,101433786,61,1,kol_sell,0x0e89171708bf637a043403224c740f226e08a2e7e79e0cdbb0afd39ace430faf,1,11242,11242,10101
1780155395963371598,fast_tip,H,0x446914100390a21e810a41649ef1f56018b04444,帕鲁家族,11292028572164293,6548361340688668,-4743667231475625,-0.004744,-3.51,-0.420090,0,0,739.15,101254745,101433927,46239,1,kol_sell,0xcaceaed7b3642ff225953df163b998b023c38d78dc35c748ded959ea983152fa,1,116571,116571,104095
1780201874466572654,fast_tip,M,0xbe25ec2881c14ff98db85f5bde9ef9ee49714444,何仙股,1767975500646021,1506321562044398,-261653938601623,-0.000262,-0.19,-0.147996,6473,9590,735.86,101434459,101434462,2,1,kol_sell,0x8b4ec72d437cda50147abf97248519e9d9228598d4c02ca99338eb16c6f4871e,1,11672,11672,8171
1780201884350000621,fast_tip,M,0xd90292ec255f4ea686092a929309ef8ad8614444,何仙股,3332988057367278,1411649362254967,-1921338695112311,-0.001921,-1.41,-0.576461,8934,9306,735.86,101434481,101434500,9,1,kol_sell,0x9ad5c2a2333512694c304b37d4d2fe852d9c1d58895cbc3bfb44f1368e382034,1,6477,6477,3942
1780201938951622848,fast_tip,M,0xd90292ec255f4ea686092a929309ef8ad8614444,何仙股,1570427093928023,975764505519456,-594662588408567,-0.000595,-0.44,-0.378663,15713,19833,736.05,101434602,101434610,4,1,kol_sell,0x99b7e10cb64c5d17b9f252d0408cf0c9c960dd9a411ad4e7fd6eb74880579523,1,23560,23560,12323
1780202253055511008,fast_tip,M,0x7a9efbde8d6aa1ece382a4489d2484001f6e4444,加密版华尔街,1462172609811194,460226754813669,-1001945854997525,-0.001002,-0.74,-0.685245,8196,13126,737.48,101435298,101435306,4,1,kol_sell,0xabfaee840a565d61acff91d0e369caeefbf0f4eaa4fc8da36dc02a59a74b33f1,1,13139,13139,4131
1780202346440084056,fast_tip,B,0xdbdab51c866d570bdd491388ec6c1c7895bc4444,Stocks,4594202014058816,4417791178968869,-176410835089947,-0.000176,-0.13,-0.038399,20765,22226,737.09,101435504,101435516,6,1,kol_sell,0x15b67f158667551fe890a56b39dbbd9f328cfe70e726b0599f04303b9066058a,1,26202,26202,21372
1780202346440084056,fast_tip,B,0xdbdab51c866d570bdd491388ec6c1c7895bc4444,Stocks,1385496038861679,946666497962130,-438829540899549,-0.000439,-0.32,-0.316731,20765,22226,734.71,101435504,101435669,75,1,kol_sell,0x1d769f77b8572f12d0823739b5586ae965bcc603404e1e5866ea7962686c1c60,1,28849,28849,15137
1780203115166773953,fast_tip,O,0x479ec77482075cb8ab331e44c59e59d20e024444,OpenStocks,20809587203605528,19446859193666433,-1362728009939095,-0.001363,-1.00,-0.065486,10295,13929,730.67,101437211,101437257,21,1,kol_sell,0x637d03e20f9bd5f211cb3ec9db5f6fd25f5e2b48bce76a43760bbd30021c5527,1,14342,14342,13012
1780203153606615888,fast_tip,C,0x757ca764db2eca2dc23252603dc9f472cfc34444,我踏马修仙完来炒股了冲鸭,8413316623602575,9752409747256172,1339093123653597,0.001339,0.98,0.159164,5834,6077,730.61,101437296,101437323,12,1,kol_sell,0xed71587509de2e7104ff1e17262ee47eebe12f026de621f6f916d9265a954c32,1,7956,7956,7045
1780203153606615888,fast_tip,C,0x757ca764db2eca2dc23252603dc9f472cfc34444,我踏马修仙完来炒股了冲鸭,15624730872404783,13609701845725387,-2015029026679396,-0.002015,-1.47,-0.128964,5834,6077,731.20,101437296,101437377,36,1,kol_sell,0xb3e28666ad3989abf8c3586f9071314dd07db8c3937b98a494ac855b79c36da7,1,5851,5851,5298
1780199820915282852,fast_tip,M,0xa459d6a1e04a2e4df9fd6bd6cd04da9f24ee4444,潜力股,12899771901735107,8598252360495027,-4301519541240080,-0.004302,-3.15,-0.333457,101642,101920,731.67,101429899,101438762,3993,3,kol_sell,0xf83b828a2b057f03d6cff15042a98d1a938412eaebed72312ccbe17a1d75e851,1,54471,54471,49955
1780198982640943834,fast_tip,M,0x4a34e924b14853f8165704e961fcb3dc7de84444,Plutus,5955738802972324,4309849497450378,-1645889305521946,-0.001646,-1.20,-0.276354,68057,68249,731.67,101428037,101438770,4835,1,kol_sell,0x579981d14b34b8d3298456e1b8713565f677318203c58d7b0da4a95de7de6262,1,58917,58917,48804
1780203885127720774,fast_tip,C,0x0bb85346534b55c90fb4d6fb6cf0ac8f50764444,拉哪,4794090781140955,3408140618884103,-1385950162256852,-0.001386,-1.02,-0.289096,9839,9894,732.81,101438921,101438956,16,1,kol_sell,0xf0c61612ae016b9ad09e4bac7b6e1951da8f57481ad0556e6e3c033a2edcfee0,1,8997,8997,7034
1780203885127720774,fast_tip,C,0x0bb85346534b55c90fb4d6fb6cf0ac8f50764444,拉哪,7668627613513072,5156295275086590,-2512332338426482,-0.002512,-1.84,-0.327612,9839,9894,732.81,101438921,101438958,17,1,kol_sell,0x11fd965f2df2a92685bc707312e1bc29af463367ebfe30d092f42d5886328fc0,1,8332,8332,6653
1780155395963355828,fast_tip,A,0xa3b2e6fe983ac7193f2e098ad6f7c195a3824444,hey stock,49789943781368,0,-49789943781368,-0.000050,-0.04,-1.000000,0,0,732.81,101300417,101438966,48509,1,kol_sell,0xbb31d344c073b6fb671632d359ac2d33f495ef0802cba87e164e616c898aa2ae,1,1244787,1244787,0
1780203797995840211,fast_tip,M,0x5bc712b93d98a75875feeb4f88e1ede660374444,股惑仔,1454760525625396,1293921577699735,-160838947925661,-0.000161,-0.12,-0.110560,8730,9094,736.80,101438727,101440795,932,1,kol_sell,0x79f61c3d6f7286d54ad81a7ee650538ca27835196c67a723b2d71643a67f054b,1,13853,13853,8145
1780204598224995427,fast_tip,G,0xb63b4f9c215e76db561279fd200da68c13114444,Nest,4904002323699662,8351461824114381,3447459500414719,0.003447,2.54,0.702989,10751,12174,736.74,101440504,101440843,153,1,kol_sell,0x2b906957e48e65182e034d2b1637a0e7bdbda0f6abf8bfc16bfdd624ea9e5b22,1,23736,23736,20762
1780204702579298313,fast_tip,B,0x5bc712b93d98a75875feeb4f88e1ede660374444,股惑仔,5918174015321546,4198272368435685,-1719901646885861,-0.001720,-1.27,-0.290614,13448,14009,737.73,101440736,101441091,161,1,kol_sell,0x8a75378bf7392027d05567716195c97d350625b854d86c6f2d904908eaa9d0f6,1,12293,12293,9957
1780205268480930398,fast_tip,M,0x16d05e006c6e8add5975c688439740cee7214444,A股,1319373222471765,798596699535630,-520776522936135,-0.000521,-0.38,-0.394715,6052,8039,738.48,101441993,101442001,4,1,kol_sell,0x0c5e0477c953adc1073aec5e6a1f5dd3f0e726703211153598c4262c39990e63,1,9782,9782,4866
1780205268480930398,fast_tip,M,0x16d05e006c6e8add5975c688439740cee7214444,A股,659686611235882,9891814562303842,9232127951067960,0.009232,6.82,13.994718,6052,8039,738.48,101441993,101442081,40,1,kol_sell,0x16442fd5dcd0fe97773e62c1db03051cf7df0d3f6af67535d15381d2fde7ebab,1,109390,109390,120539
1780205281074481332,fast_tip,M,0x3dea74e8a1320f13e9fdf824867742a85b934444,aStocks,2454731470402740,1493208563474676,-961522906928064,-0.000962,-0.71,-0.391702,10172,10595,738.66,101442021,101442139,54,1,kol_sell,0x03bdf2f6228af5f316069b09b59aa7a7a4a71cf41bc44f5cd283b6f40778e037,1,10227,10227,6447
1780155395963356458,fast_tip,G,0x5c740ab5db186cfdeb2c2e1379a1710551984444,eMeme,28262282195507746,4169493652050453,-24092788543457293,-0.024093,-17.82,-0.852471,0,0,739.76,101129086,101442452,50079,1,kol_sell,0xf8d2b70861487f1f1377e8cb2c2dec2632d61fe3b8c3345d896e3bdd4236fb9d,1,28367,28367,23212
1780200685034761503,fast_tip,G,0xf12b5d283015a54327e63604329705843bbb4444,一直涨,4197093705138856,4360207275215164,163113570076308,0.000163,0.12,0.038863,4951,5157,739.26,101431817,101442561,4840,1,kol_sell,0xc0ed5c15a57ac50773927bca93acdad526804e290ac03934c6dd73e48c1a00e9,1,6641,6641,5375
1780205795564623085,fast_tip,B,0xb2863983455f389c40ebebee45f56a0f1a534444,千倍股,5746183850632960,4198256383159015,-1547927467473945,-0.001548,-1.14,-0.269384,6834,7119,738.08,101443164,101443176,6,1,kol_sell,0x7ed54d7434614e9e6b93bc4516d0c038d445ce0ad1d99595167278e502640261,1,6737,6737,5201
1780205268480930398,fast_tip,M,0x16d05e006c6e8add5975c688439740cee7214444,A股,4007447247176201,5698888409688829,1691441162512628,0.001691,1.25,0.422074,6052,8039,736.84,101441993,101443711,773,2,kol_sell,0xed28b0e1b05d282552340705a248d8d2e1ff917cd8cb18fe5641288c838fcbbb,1,64328,64328,55439
1780206741602683416,fast_tip,L,0xd2f7a9d119014778bde709437fbf2faad3664444,LOCKIN,5201111676647805,7657891456268510,2456779779620705,0.002457,1.81,0.472357,4828,5677,737.22,101445261,101445272,5,1,kol_sell,0x18930975173ae4d22334d541d8cd899b3243a8112a1a307306c2f25f12bcce0f,1,9878,9878,8358
1780206741602683416,fast_tip,L,0xd2f7a9d119014778bde709437fbf2faad3664444,LOCKIN,3900833757485854,5231078155135898,1330244397650044,0.001330,0.98,0.341015,4828,5677,737.22,101445261,101445288,12,1,kol_sell,0x282c59fdc3ab4dfa3cfe5c02c95a68994897ac9590bc75397a2e94b59ddad409,1,9164,9164,7613
1780206741602683416,fast_tip,L,0xd2f7a9d119014778bde709437fbf2faad3664444,LOCKIN,2924455067987145,5756982509494266,2832527441507121,0.002833,2.09,0.968566,4828,5677,737.22,101445261,101445312,23,1,kol_sell,0x9971e6fdbf35811b5f50d82c96908e725221e07abf7f83d27022eba321690eca,1,13287,13287,11175
1780206777314366288,fast_tip,M,0x55037286450a61b79ff4c4c64c13c0b502a64444,枯坐,1791436706657584,1448169897385779,-343266809271805,-0.000343,-0.25,-0.191615,5140,6674,736.39,101445340,101445353,6,1,kol_sell,0xbea689e61777b32186e0a19837ed29bfcb8251710910951f81a47eebf6f906dd,1,8782,8782,5395
1780206777314366288,fast_tip,M,0x55037286450a61b79ff4c4c64c13c0b502a64444,枯坐,1791436706657585,313567768290401,-1477868938367184,-0.001478,-1.09,-0.824963,5140,6674,736.17,101445340,101445569,103,1,kol_sell,0x79604717fb4918524d5be97bb75974a007e93e305fad53bd732ec2f5c65b23bc,1,4378,4378,1168
1780207176368804283,fast_tip,M,0xd8c2e1e1c7eaadf72226fa79a32a575f0c984444,大鳄,1700379919275635,2496295822909235,795915903633600,0.000796,0.59,0.468081,5815,6057,735.82,101446226,101446247,9,1,kol_sell,0x01b05df3220dea0e5aab927ac206ad279a2567747f50cc7918e034ca4e78e0db,1,12288,12288,8892
1780207176368804283,fast_tip,M,0xd8c2e1e1c7eaadf72226fa79a32a575f0c984444,大鳄,850189959637817,1229156269190482,378966309552665,0.000379,0.28,0.445743,5815,6057,735.82,101446226,101446273,21,1,kol_sell,0xc1a6e5867b50cd28ca2fceaa0a865a091b6eeb9d29c9573f48627aebeec83e49,1,15173,15173,8757
1780207176368804283,fast_tip,M,0xd8c2e1e1c7eaadf72226fa79a32a575f0c984444,大鳄,425094979818909,429577191705858,4482211886949,0.000004,0.00,0.010544,5815,6057,736.36,101446226,101446371,65,1,kol_sell,0x5c4cddfc40b9a86e6b4a4749a027cd446973990aca678f9e55d6a48ad5d41a5e,1,18483,18483,6125
1780207261373558685,fast_tip,C,0xd2f7a9d119014778bde709437fbf2faad3664444,LOCKIN,8969697856602094,26216308914098024,17246611057495930,0.017247,12.70,1.922764,17670,18406,736.36,101446415,101446442,12,1,kol_sell,0x4bb0d63419db6560e9d5ff0f9127ba15f8892e4881365d9aa363ba762a09a306,1,62855,62855,53796
1780206741602683416,fast_tip,L,0xd2f7a9d119014778bde709437fbf2faad3664444,LOCKIN,2194511551117604,17585107430241735,15390595879124131,0.015391,11.33,7.013222,4828,5677,736.36,101445261,101446443,532,1,kol_sell,0x2ecbf800b6464b5766da5a0d801b61dc41d44af564ef74426d44d5e517ba7311,1,49562,49562,45437
1780206741602683416,fast_tip,L,0xd2f7a9d119014778bde709437fbf2faad3664444,LOCKIN,1645883663338203,12044304637622082,10398420974283879,0.010398,7.66,6.317835,4828,5677,736.36,101445261,101446449,535,1,kol_sell,0x70d6dffe6a8939984af423f88f2e0ea3294d139325af48194243ac900227a7a2,1,58934,58934,41494
1780206741602683416,fast_tip,L,0xd2f7a9d119014778bde709437fbf2faad3664444,LOCKIN,1234412747503653,7632232820322723,6397820072819070,0.006398,4.71,5.182886,4828,5677,736.36,101445261,101446454,537,1,kol_sell,0xd81f3b50ff4ab7f1356f4b6d16a12caa5eaacfc1aa693a88bf859e5bb36d9722,1,49325,49325,35058
1780207261373558685,fast_tip,C,0xd2f7a9d119014778bde709437fbf2faad3664444,LOCKIN,4711053986775246,11114634730013533,6403580743238287,0.006404,4.72,1.359267,17670,18406,736.36,101446415,101446455,18,1,kol_sell,0xfb3b4b4d73e4cb43d7edc1e233371db8cbdaf4c131876dcf8a6e2a59e4730963,1,45718,45718,43425
1780207261373558685,fast_tip,C,0xd2f7a9d119014778bde709437fbf2faad3664444,LOCKIN,1749820052230806,4705085757362586,2955265705131780,0.002955,2.17,1.688897,17670,18406,735.57,101446415,101446468,24,1,kol_sell,0x234eb752347f32e104cc599a9666f0dba21b19b2798ae874d12de16ec4302d19,1,64716,64716,49439
1780207262389020309,fast_tip,K,0xd2f7a9d119014778bde709437fbf2faad3664444,LOCKIN,17139292030596306,22923942912544799,5784650881948493,0.005785,4.26,0.337508,41865,43610,735.57,101446417,101446469,23,1,kol_sell,0x092205b536424026bbfeb8737503504d52cc987db0589b0d3c398269620d3664,1,65049,65049,58266
1780207261373558685,fast_tip,C,0xd2f7a9d119014778bde709437fbf2faad3664444,LOCKIN,1399856041784644,4054677534482886,2654821492698242,0.002655,1.95,1.896496,17670,18406,735.57,101446415,101446490,34,1,kol_sell,0x11cf8945f8b19ac266839e36ad33656776d4755be76e63e86f268aa773b7cdc5,1,65308,65308,53256
1780207291093596205,fast_tip,M,0xd2f7a9d119014778bde709437fbf2faad3664444,LOCKIN,3128568104769030,3145386865827983,16818761058953,0.000017,0.01,0.005376,58217,58374,735.57,101446481,101446524,19,1,kol_sell,0x6e8bc21c0d8923741441728db1ab1aa4d862994bf85f37512b6b42f231bebe97,1,74617,74617,58688
1780190963005107738,fast_tip,B,0x88abbee1c6696a123d71f032f39c33ff3a7f4444,BNSE,13336310430036523,10554107235897484,-2782203194139039,-0.002782,-2.04,-0.208619,4578,4949,734.50,101410238,101446557,16362,1,kol_sell,0xcd8dd6843f8199fe08673792608f32bbd4cefd6dd61319b9c07744df4b465930,1,4458,4458,3972
1780164837825255492,fast_tip,B,0x2c5c396f02a49232bf6ef1474557d587e7a54444,binondo,2800112285646896,4164168067744074,1364055782097178,0.001364,1.00,0.487143,4998,5206,734.50,101352231,101446564,42491,1,kol_sell,0xc6236fa9822c97685d3e779d88c1e6f002b25f7ea1b24f68a08a1c35d90b2c1a,1,9951,9951,7987
1780207253309011884,fast_tip,M,0xff16d35805593411495c7e2e08db557c54bd4444,大鳄,3476186783076700,1643856882749386,-1832329900327314,-0.001832,-1.35,-0.527109,6097,6352,734.50,101446397,101446587,86,1,kol_sell,0xd8ab3150e703282fc26c99913a418ca07350cac952b8289d77cd8ad0cb7ddf76,1,4672,4672,2996
1780207261780743333,fast_tip,O,0xd2f7a9d119014778bde709437fbf2faad3664444,LOCKIN,8644508422830785,12851541919278742,4207033496447957,0.004207,3.09,0.486671,34847,36299,734.50,101446416,101446607,86,1,kol_sell,0xfa5f8c8e0f913f8fa4fa0f8a086545ae6c2b5b65cae6c8c792d7b743be97d12f,1,59728,59728,53828
1780207368511887501,fast_tip,B,0xd2f7a9d119014778bde709437fbf2faad3664444,LOCKIN,1765804658562430,1436602981908046,-329201676654384,-0.000329,-0.24,-0.186432,42718,42846,734.57,101446653,101446709,25,1,kol_sell,0x3a189c8e1e871680d6069b824dc63af02f9351d2a0f9e38457e7cbe9a63bf01d,1,54330,54330,34867
1780207262389020309,fast_tip,K,0xd2f7a9d119014778bde709437fbf2faad3664444,LOCKIN,7539314204963530,7989456778411449,450142573447919,0.000450,0.33,0.059706,41865,43610,734.57,101446417,101446744,147,1,kol_sell,0x9a4a641ca2e4ea1a3c06da806bce1cbae23aabbec96415d0fd2509b33ca724b0,1,48897,48897,46102
1780207261780743333,fast_tip,O,0xd2f7a9d119014778bde709437fbf2faad3664444,LOCKIN,6051155895981550,7335423904108496,1284268008126946,0.001284,0.94,0.212235,34847,36299,734.57,101446416,101446748,150,1,kol_sell,0x311f2aba306fc63d085d3fc48a06b9465690a2a9b119f5456502598b329e34fd,1,50660,50660,43896
1780207368511887501,fast_tip,B,0xd2f7a9d119014778bde709437fbf2faad3664444,LOCKIN,5297413975687291,3880325715679792,-1417088260007499,-0.001417,-1.04,-0.267506,42718,42846,735.07,101446653,101446840,84,1,kol_sell,0x5b00b46942085b4af556fbbdb41b12fcb8a9e5f4ff0b0d6f15dc76a7e2e535a3,1,37438,37438,31414
1780207261780743333,fast_tip,O,0xd2f7a9d119014778bde709437fbf2faad3664444,LOCKIN,2822460815082327,3877719082576861,1055258267494534,0.001055,0.78,0.373879,34847,36299,735.38,101446416,101446932,232,1,kol_sell,0x1989ceaa3426dee68fb43994d528e840379785944b02dfffdb13a13bd5579336,1,67478,67478,49804
1780207261373558685,fast_tip,C,0xd2f7a9d119014778bde709437fbf2faad3664444,LOCKIN,1959798458498503,6888800976864036,4929002518365533,0.004929,3.62,2.515056,17670,18406,735.38,101446415,101446993,260,1,kol_sell,0xa2ea39859bce8857b6c571823e45393f0749c73c99dd6bbd871a942428530290,1,70380,70380,64612
1780207409194551902,fast_tip,M,0xd2f7a9d119014778bde709437fbf2faad3664444,LOCKIN,2019611665188866,2083846505089974,64234839901108,0.000064,0.05,0.031806,50686,50823,734.62,101446743,101446999,115,1,kol_sell,0xc38f2ad513d88422f9835604f3c911209973058d390254eb03232f30f4a5cb8d,1,77314,77314,52443
1780207176368804283,fast_tip,M,0xd8c2e1e1c7eaadf72226fa79a32a575f0c984444,大鳄,425094979818909,0,-425094979818909,-0.000425,-0.31,-1.000000,5815,6057,734.62,101446226,101447026,360,1,kol_sell,0xd7fcb4bb82b99c1866854aca2d1088dfb5ecd79a148a7820275b4185219c05a8,1,6623,6623,0
1780207409194551902,fast_tip,M,0xd2f7a9d119014778bde709437fbf2faad3664444,LOCKIN,2224290378352436,1628698507895711,-595591870456725,-0.000596,-0.44,-0.267767,50686,50823,735.13,101446743,101447108,164,2,kol_sell,0xfc3507e5a80023f299b008e9f0ed0a9624ab6c281d050bb88987d07a3976011a,1,76081,76081,49849
1780155395963355828,fast_tip,A,0xa3b2e6fe983ac7193f2e098ad6f7c195a3824444,hey stock,199284312253491,0,-199284312253491,-0.000199,-0.15,-1.000000,0,0,735.13,101300417,101447146,52195,1,kol_sell,0xe16cb63e02b90dde2ed045202476d6397c6c04dc4dbc844db0c3f34510cc7d7b,1,739699,739699,0
1780207617636065068,fast_tip,B,0x5fffe1aad443e682ddf77efc554626abafdc4444,Wen Lambo,6888589640583533,5473589871318908,-1414999769264625,-0.001415,-1.04,-0.205412,6523,6794,736.19,101447206,101447246,18,1,kol_sell,0x89630e32542db50c7b7c78280796deb67f528fc77b223a396f875e3899261199,1,6461,6461,5399
1780207659907725095,fast_tip,O,0x308c12de81a0b4b0d554b4df247ccc03f59a4444,捂股,28339993759088767,20626130396877982,-7713863362210785,-0.007714,-5.68,-0.272190,7005,7297,735.80,101447300,101447376,35,1,kol_sell,0xfc549569f4be40333f68d7ccc8cc29eed990425c94b0f1e7286d53547df44f0c,1,5751,5751,5311
1780207261780743333,fast_tip,O,0xd2f7a9d119014778bde709437fbf2faad3664444,LOCKIN,3389070882662387,9787490960804531,6398420078142144,0.006398,4.71,1.887957,34847,36299,735.80,101446416,101447429,457,1,kol_sell,0x16fabe1230f200d0fb214f9a39559f273411fe4a986ff507760b718efd8c2504,1,111700,111700,104750
1780207409194551902,fast_tip,M,0xd2f7a9d119014778bde709437fbf2faad3664444,LOCKIN,5243361306611496,4217269929391628,-1026091377219868,-0.001026,-0.75,-0.195693,50686,50823,734.99,101446743,101447959,548,3,kol_sell,0x64d8fabce53c6f29c11caa1bfed17ff0af0e6065373e151fc5bdc239fd25facc,1,89804,89804,73323
1780207929515691024,fast_tip,M,0xdf47de2067c74f20245529461305f67fdef84444,大鳄,1632580718881655,1383968483024879,-248612235856776,-0.000249,-0.18,-0.152282,9838,10248,734.87,101447897,101448038,63,1,kol_sell,0xcb1e9b903082135dce44b33aa472459efb1d3c1d4d00680ccbbaa0112534c4ec,1,14386,14386,8686
1780208046447428388,fast_tip,C,0x8208c1eed923b1389db3ec52e5dda616b54e4444,AI中文辅导,10193927074144135,9398526289522802,-795400784621333,-0.000795,-0.58,-0.078027,5356,5579,734.62,101448157,101448185,13,1,kol_sell,0x684eff1dad6e11eb08a80bd3e9cd9cefeac6620436913c685de2717b6bc94f01,1,5821,5821,5141
1780208046447428388,fast_tip,C,0x8208c1eed923b1389db3ec52e5dda616b54e4444,AI中文辅导,15290890611216204,11479527317936542,-3811363293279662,-0.003811,-2.80,-0.249257,5356,5579,734.62,101448157,101448208,23,1,kol_sell,0xde0152b603b48ad01779f1a2a2d007c8dc2fceddb4be14021a944835bce8d955,1,4671,4671,4187
1780207261373558685,fast_tip,C,0xd2f7a9d119014778bde709437fbf2faad3664444,LOCKIN,1273868998024026,8264672256091938,6990803258067912,0.006991,5.14,5.487851,17670,18406,735.07,101446415,101448320,858,1,kol_sell,0x5937126dc111e74304b8f1de6bb5c4bbac7b8447525b35f75a23ec8806762d05,1,131016,131016,119206
1780208898135151537,fast_tip,O,0xfb94764a36be1132ef5430bed1c014f641c24444,HUNG,23123358780347995,25230094753141156,2106735972793161,0.002107,1.54,0.091109,5602,5835,733.25,101450045,101450057,5,1,kol_sell,0x23eac41eb599212181e1d0540d00476f88cd198e32d8c4f8eebd436ffeb833fe,1,6852,6852,6372
1780206741602683416,fast_tip,L,0xd2f7a9d119014778bde709437fbf2faad3664444,LOCKIN,3703238242510959,23077065585764869,19373827343253910,0.019374,14.21,5.231591,4828,5677,733.25,101445261,101450092,2178,1,kol_sell,0xfab3df7efa6764c589d0cd3688ef446231c81fc7cafa448f8ccafdcd0980b718,1,37011,37011,35185
1780208925108545926,fast_tip,B,0xe1e2b30033768570b7312f911bc900296feb4444,VIBEHUANG,6747089663657070,4819886847627154,-1927202816029916,-0.001927,-1.41,-0.285635,9177,9559,733.25,101450105,101450111,3,1,kol_sell,0x2c7717e66d3fc235fdcc06e89e5ddc20490d326d558684e075948bb000030a34,1,8321,8321,6829
1780207261780743333,fast_tip,O,0xd2f7a9d119014778bde709437fbf2faad3664444,LOCKIN,31241864437172881,21717651394191436,-9524213042981445,-0.009524,-6.99,-0.304854,34847,36299,734.28,101446416,101450611,1891,2,kol_sell,0x4170cc95edfc41716e799dc91c1f4f7db40d7e899817df4bae32fc1b888d5557,1,38274,38274,33101
1780209254870953484,fast_tip,O,0x4d8c35ac22b4e830d1f38c825bef1d3c13804444,hachimi  stock,15506966251696667,17928827721937414,2421861470240747,0.002422,1.78,0.156179,7125,7422,735.50,101450836,101450868,14,1,kol_sell,0xf5ca8da38252c369e722ec4fef5b3845dd40f9e445cff0bb1fd8555f3fb04afa,1,9345,9345,8581
1780209293626763059,fast_tip,B,0x0c1d1d89d15e526d3fa50acf4e48ac9191c44444,哈基股,6554369382054078,4070551459434432,-2483817922619646,-0.002484,-1.83,-0.378956,5607,5841,735.75,101450922,101450967,20,1,kol_sell,0x4e39398b524c0e1fb910bf00f1971083d3101a3d4bc2e2031bfc1a2b539dd629,1,4536,4536,3628
1780209254870953484,fast_tip,O,0x4d8c35ac22b4e830d1f38c825bef1d3c13804444,hachimi  stock,7665428027587056,5883470923447783,-1781957104139273,-0.001782,-1.31,-0.232467,7125,7422,735.75,101450836,101450985,67,1,kol_sell,0x96bd04e8b4b37d9494be8918c564746b28345b7b91fe386ceddc1df1adff1b93,1,6758,6758,5698
1780209448551960783,fast_tip,C,0x483894a9427b47df2c3bb7df7cb3e86d1c984444,咪咪股,9047712976112801,9775034660040990,727321683928189,0.000727,0.54,0.080387,4700,4895,735.87,101451266,101451289,10,1,kol_sell,0x4d31689c4cbe2ee54b695aa4d7a289696fa6646b3583134052131235dd2550b8,1,5969,5969,5289
1780209466567568506,fast_tip,B,0x483894a9427b47df2c3bb7df7cb3e86d1c984444,咪咪股,1576496897448028,1239372372110270,-337124525337758,-0.000337,-0.25,-0.213844,6507,6778,735.56,101451306,101451322,7,1,kol_sell,0x95859a4f3cd625d57393c1e1ccf9cda7b754b0f07c36360bdadbc2fba4a3197b,1,9199,9199,5326
1780209466567568506,fast_tip,B,0x483894a9427b47df2c3bb7df7cb3e86d1c984444,咪咪股,1181899724016787,990121634705103,-191778089311684,-0.000192,-0.14,-0.162263,6507,6778,735.56,101451306,101451330,11,1,kol_sell,0x90010e57a555e68f872507e9fcae6f8976d3a98b32ab3b9175aff6472822a5c4,1,10783,10783,5676
1780209466567568506,fast_tip,B,0x483894a9427b47df2c3bb7df7cb3e86d1c984444,咪咪股,1242011598011387,1166116613441226,-75894984570161,-0.000076,-0.06,-0.061107,6507,6778,735.56,101451306,101451338,14,1,kol_sell,0xf9ec35ed38cb1589222c52362452083ed3e8e0a02ca86eda4b8d2effa1e808be,1,11261,11261,6361
1780209466567568506,fast_tip,B,0x483894a9427b47df2c3bb7df7cb3e86d1c984444,咪咪股,576394842578978,230323952255053,-346070890323925,-0.000346,-0.25,-0.600406,6507,6778,735.56,101451306,101451356,22,1,kol_sell,0x4c59b68976c26f393cb6bf08fbf841c6040310ce230d2bd19fe980bf2bc2aab5,1,12807,12807,2707
1780209448551960783,fast_tip,C,0x483894a9427b47df2c3bb7df7cb3e86d1c984444,咪咪股,6719477921273946,17130544610974066,10411066689700120,0.010411,7.66,1.549386,4700,4895,735.56,101451266,101451369,46,1,kol_sell,0xb30519019edf4383382aba3b050e6b194aa9399634078d02a9ba3741cd133d60,1,13614,13614,12475
1780209466567568506,fast_tip,B,0x483894a9427b47df2c3bb7df7cb3e86d1c984444,咪咪股,432296131934233,42062008572121,-390234123362112,-0.000390,-0.29,-0.902701,6507,6778,735.52,101451306,101451421,52,1,kol_sell,0x1c7e703513394af1fcc515e71aeda6a9372d90ee760473d25d603fd586517a01,1,14003,14003,659
1780209448551960783,fast_tip,C,0x483894a9427b47df2c3bb7df7cb3e86d1c984444,咪咪股,3529196162027440,8743761891733150,5214565729705710,0.005215,3.84,1.477551,4700,4895,735.52,101451266,101451436,76,1,kol_sell,0xbcf1cbed6424de53e100222ee1c96f1e3845de84bd620f077c824dedfa00248f,1,13806,13806,12123
1780209534991873433,fast_tip,O,0xf09fe86c05f09fd18dc877b6d51bdc5d55af4444,BabyStonks,11618192357946935,13568148019211698,1949955661264763,0.001950,1.43,0.167836,6728,7008,735.52,101451458,101451483,11,1,kol_sell,0x59ceacb612d78c09f6c4921b0eeabdb0ed0164e559ca048bdf236e6980e0bf19,1,9038,9038,8185
1780209466567568506,fast_tip,B,0x483894a9427b47df2c3bb7df7cb3e86d1c984444,咪咪股,324092410111094,0,-324092410111094,-0.000324,-0.24,-1.000000,6507,6778,734.60,101451306,101451565,117,1,kol_sell,0x15c0d614aac1710f7fbbc091e676072ee672f90226639fead4fdb625b0bdd218,1,17677,17677,0
1780209448551960783,fast_tip,C,0x483894a9427b47df2c3bb7df7cb3e86d1c984444,咪咪股,2293977505317836,9290941554152062,6996964048834226,0.006997,5.14,3.050145,4700,4895,734.24,101451266,101451733,210,1,kol_sell,0x9baf7c4099d08742b20e5a7e6953cd4c5b7689bf1d3921e412dc8bbaf57bb08f,1,22420,22420,19783
1780209466567568506,fast_tip,B,0x483894a9427b47df2c3bb7df7cb3e86d1c984444,咪咪股,243101716824332,0,-243101716824332,-0.000243,-0.18,-1.000000,6507,6778,734.24,101451306,101451743,197,1,kol_sell,0x3149ca9d0e62863b93a1e06a2a189a79485267a11d8348bcbab399cc246d5df1,1,21449,21449,0
1780209466567568506,fast_tip,B,0x483894a9427b47df2c3bb7df7cb3e86d1c984444,咪咪股,729694268867275,1053850608151880,324156339284605,0.000324,0.24,0.444236,6507,6778,734.19,101451306,101451864,251,1,kol_sell,0xffc55cc4bdabd1ae8ca0258cb000f5a3ffb759f16e850df1e0871971fd0c528a,1,18062,18062,9766
1780209534991873433,fast_tip,O,0xf09fe86c05f09fd18dc877b6d51bdc5d55af4444,BabyStonks,16943876702086294,15307881059036572,-1635995643049722,-0.001636,-1.20,-0.096554,6728,7008,734.19,101451458,101451884,192,2,kol_sell,0x8b9785aee5addb13a65824bdbc749d4e2ced859bf6a038568e186859f38335f3,1,6996,6996,6376
1780209448551960783,fast_tip,C,0x483894a9427b47df2c3bb7df7cb3e86d1c984444,咪咪股,1491085378456593,2640789068220623,1149703689764030,0.001150,0.84,0.771052,4700,4895,733.39,101451266,101452042,349,1,kol_sell,0x55016178a846fd04bc392466023c5b9b82ad84b8688cc5366cbb1f26d68e49a1,1,11789,11789,8641
1780209929981429924,fast_tip,C,0x8c4e2df420b480d86cbe94a6db5b41e17b9d4444,Stockjak,17453132228979465,26106776308564274,8653644079584809,0.008654,6.34,0.495822,6569,6842,733.05,101452335,101452348,6,1,kol_sell,0xde6d91c874b9d06d3ebf001d1908668837ab7a431293134fdb5002c78499ace1,1,10995,10995,10235
1780208601815723841,fast_tip,M,0x16d05e006c6e8add5975c688439740cee7214444,A股,2484923893148254,1128208030132154,-1356715863016100,-0.001357,-0.99,-0.545979,21963,22023,733.37,101449387,101452353,1336,1,kol_sell,0x6e14200327270bd5ead129314d5f08e4b1e748906a473450d532a417b12dd2cc,1,18129,18129,9988
1780209929981429924,fast_tip,C,0x8c4e2df420b480d86cbe94a6db5b41e17b9d4444,Stockjak,3699682910837939,8434643771679573,4734960860841634,0.004735,3.47,1.279829,6569,6842,733.37,101452335,101452372,17,1,kol_sell,0xccef11e4d228742f13bc2c4f6acc1cb3bf91e1ba3676feab2d35b76b610ed3e9,1,17833,17833,15606
1780209929981429924,fast_tip,C,0x8c4e2df420b480d86cbe94a6db5b41e17b9d4444,Stockjak,2748335876622470,9261077212662416,6512741336039946,0.006513,4.77,2.369704,6569,6842,733.16,101452335,101452430,43,1,kol_sell,0x0f06600080a42cdba334419d84c53accb15f6089e47acc4fc62ed69cde6fdbde,1,26143,26143,23060
1780209929981429924,fast_tip,C,0x8c4e2df420b480d86cbe94a6db5b41e17b9d4444,Stockjak,1442464084845303,7446209848997197,6003745764151894,0.006004,4.40,4.162146,6569,6842,732.93,101452335,101452506,77,1,kol_sell,0xbdfca6105411eadd0910181252c5575c5a5dfbe540c93b26b997cca46a42fd92,1,40830,40830,35315
1780210015608900303,fast_tip,O,0x8c4e2df420b480d86cbe94a6db5b41e17b9d4444,Stockjak,21573393047506745,19038319972958082,-2535073074548663,-0.002535,-1.86,-0.117509,46070,47990,732.51,101452525,101452586,27,1,kol_sell,0x23892cc55ad1044885ae1494a2b2ac7f19a5566ee6e76fe808e2e9d0ab347927,1,45987,45987,42326
1780209929981429924,fast_tip,C,0x8c4e2df420b480d86cbe94a6db5b41e17b9d4444,Stockjak,1072015892035360,8517571617397988,7445555725362628,0.007446,5.45,6.945378,6569,6842,732.63,101452335,101452693,161,1,kol_sell,0xf8834e49c8e4131dd3f942726d606bc799b89fcdde5cc648859c5169d25fa795,1,63553,63553,54333
1780210136698760005,fast_tip,B,0x77882aa184d7e65d6d08c4f30400572fdaad4444,wojak_wagmi,6147573549736468,3750929942084063,-2396643607652405,-0.002397,-1.76,-0.389852,7986,8319,732.63,101452794,101452828,15,1,kol_sell,0x7d5c30c34251c2a1d9d63f7e514aa4bc5d30589b33970d0f5a2edc0a197ecbe9,1,6439,6439,5074
1780210232963851245,fast_tip,B,0xb8bf2fee588f45a3ccd3d1bcd34d61bd3ef74444,股模宁,1476386506323909,544598354296401,-931788152027508,-0.000932,-0.68,-0.631128,6126,6381,732.28,101453008,101453018,5,1,kol_sell,0x892d474a1862a3a045a3a21a6aeb0182780d3765ef1653ac37ddbacebc6f3f60,1,6141,6141,2354
1780210232963851245,fast_tip,B,0xb8bf2fee588f45a3ccd3d1bcd34d61bd3ef74444,股模宁,4431522682647318,2822776022060671,-1608746660586647,-0.001609,-1.18,-0.363023,6126,6381,732.28,101453008,101453024,7,1,kol_sell,0x5a33eda012902faf70e9ae37b86ffa1e3b379877a1f3b96e3ea7bf12a2498ec9,1,5463,5463,4065
1780210300067355310,fast_tip,O,0x86f16f035b76936f6dfb83a72b28b21d9ccd4444,四何,10659942870025939,12678306692382089,2018363822356150,0.002018,1.48,0.189341,10024,10442,732.02,101453157,101453177,9,1,kol_sell,0x3e4e0a37ddfd850130e8edd0fe8c24e7e730ade00a1f30ab616ed1cecf770956,1,13771,13771,12418
1780210300067355310,fast_tip,O,0x86f16f035b76936f6dfb83a72b28b21d9ccd4444,四何,10659942870025940,7013260593827112,-3646682276198828,-0.003647,-2.67,-0.342092,10024,10442,732.02,101453157,101453208,23,1,kol_sell,0xa6ab9020e9e7fed2ce525bd5b2934f98c9cda97cc2a52f22ecc5b8b79a976c04,1,7991,7991,6869
1780210348308228502,fast_tip,O,0x86f16f035b76936f6dfb83a72b28b21d9ccd4444,四何,10578526947333805,13091112503895230,2512585556561425,0.002513,1.84,0.237518,11879,12374,732.55,101453264,101453281,8,1,kol_sell,0xb8ce6ceeaab3be0210cb0fd0be1e18ce5a19226d515182e6baf3cbe20ab80b45,1,16948,16948,15313
1780209929981429924,fast_tip,C,0x8c4e2df420b480d86cbe94a6db5b41e17b9d4444,Stockjak,1608023838053042,5679610337988850,4071586499935808,0.004072,2.98,2.532044,6569,6842,732.55,101452335,101453284,427,1,kol_sell,0x41417329aa37cbff6c6aecc1963157e2a136ac836377c87dd6fd7bf717bed139,1,27739,27739,24151
1780210352772128852,fast_tip,B,0x10e2202fc50739ab90b6ed5b249bcf5b60014444,notstonk,1413463926927453,544653559669055,-868810367258398,-0.000869,-0.64,-0.614668,6402,6669,732.55,101453274,101453291,8,1,kol_sell,0x9434f10d3b27976139880aa8c7f2f6ff798a5ca4de42c10f567b66cee44c3348,1,6702,6702,2570
1780210352772128852,fast_tip,B,0x10e2202fc50739ab90b6ed5b249bcf5b60014444,notstonk,4240391780782359,4403920364664089,163528583881730,0.000164,0.12,0.038564,6402,6669,732.55,101453274,101453301,12,1,kol_sell,0x080f04c5017646f5bcbb325c783809e0dfa3f6a34f21bdf9fe37e11a662c9777,1,8557,8557,6926
1780210366290294290,fast_tip,B,0xef3817bb6a16caf104f6a3673c773114c3fc4444,notstonk,1395831882343036,439483011469097,-956348870873939,-0.000956,-0.70,-0.685146,9928,10342,732.55,101453304,101453310,3,1,kol_sell,0x6eb1fc38c9e0b795dd32dd9e160c426da18fdef69d6cd6e089424704edce4fff,1,9713,9713,3256
1780210366290294290,fast_tip,B,0xef3817bb6a16caf104f6a3673c773114c3fc4444,notstonk,1046455162192574,393146081554805,-653309080637769,-0.000653,-0.48,-0.624307,9928,10342,732.93,101453304,101453316,5,1,kol_sell,0x73d26a571a6631cd637d59b8fd22f53d9b92ed98f68ba92e31c6e90ded1df7e3,1,12481,12481,3887
1780210365390934824,fast_tip,D,0xef3817bb6a16caf104f6a3673c773114c3fc4444,notstonk,20715872130351113,36542491108611269,15826618978260156,0.015827,11.60,0.763985,6245,6505,732.93,101453302,101453319,8,1,kol_sell,0x4afeb23186431459d513c58bc0c27cc920ab6b22310336fbeddd36bc6b676727,1,12227,12227,11480
1780210366290294290,fast_tip,B,0xef3817bb6a16caf104f6a3673c773114c3fc4444,notstonk,785260121209133,2789968887294,-782470152321839,-0.000782,-0.57,-0.996447,9928,10342,732.93,101453304,101453323,8,1,kol_sell,0xb61aac678a095cf4779d403eb26bb68373141b2482b38066da0626a0976bd098,1,11274,11274,37
1780210366290294290,fast_tip,B,0xef3817bb6a16caf104f6a3673c773114c3fc4444,notstonk,588709512870487,0,-588709512870487,-0.000589,-0.43,-1.000000,9928,10342,732.93,101453304,101453337,15,1,kol_sell,0xad10df8496c58b46b0c2a8b7d35e60a9329c433e93fb4886ec665a0eeb2e5190,1,10987,10987,0
1780210366290294290,fast_tip,B,0xef3817bb6a16caf104f6a3673c773114c3fc4444,notstonk,1767070850756915,508148839660603,-1258922011096312,-0.001259,-0.92,-0.712434,9928,10342,732.93,101453304,101453355,23,1,kol_sell,0xf88fd39b807de6d87a1464fa2071d72505431a95c5714cd3ecfb580265e011aa,1,8093,8093,2975
1780210365390934824,fast_tip,D,0xef3817bb6a16caf104f6a3673c773114c3fc4444,notstonk,10357936065175557,13216662509448280,2858726444272723,0.002859,2.10,0.275994,6245,6505,732.93,101453302,101453356,24,1,kol_sell,0x28b13fa999fccc89ff65fed0b7d51905367ed3f6360dfff60aace232641a7e42,1,9186,9186,8304
1780210348308228502,fast_tip,O,0x86f16f035b76936f6dfb83a72b28b21d9ccd4444,四何,3172500231505408,2511588759289771,-660911472215637,-0.000661,-0.48,-0.208325,11879,12374,732.93,101453264,101453366,46,1,kol_sell,0xa5991487a3709d11bfc8a6e439a229ad6ea1081bd22b31c7b861eae078c633d1,1,13537,13537,9801
1780210365390934824,fast_tip,D,0xef3817bb6a16caf104f6a3673c773114c3fc4444,notstonk,10357936065175557,8130397977801984,-2227538087373573,-0.002228,-1.63,-0.215056,6245,6505,732.93,101453302,101453380,35,1,kol_sell,0xd5fb45165bda36046d4d81037ece66dbd6dbe3d009dd2f75796497473d80fe6d,1,5857,5857,5109
1780210437438495787,fast_tip,B,0xb5963e78f01209a8e8ab7618049ada3c0a894444,BSB,1289837891648027,725930407985358,-563907483662669,-0.000564,-0.41,-0.437193,5772,6013,732.87,101453462,101453479,8,1,kol_sell,0x7cd5c4392de42f98ed78faa1ab3af2bc56a5182399e11bfae807e9d6ee52ab8d,1,7500,7500,3384
1780210437438495787,fast_tip,B,0xb5963e78f01209a8e8ab7618049ada3c0a894444,BSB,1934756837472041,1531821007914400,-402935829557641,-0.000403,-0.30,-0.208262,5772,6013,733.16,101453462,101453489,12,1,kol_sell,0x13d9fb8b7fb34d33e1985e2990e73e11341013d7c93d2bef8ecce30e49caa510,1,7611,7611,4762
1780210437438495787,fast_tip,B,0xb5963e78f01209a8e8ab7618049ada3c0a894444,BSB,1934756837472042,1254633266643783,-680123570828259,-0.000680,-0.50,-0.351529,5772,6013,733.16,101453462,101453501,17,1,kol_sell,0x0153fd483396ff95c6354b3096cc3b3db71dba26e33f521e47c5680eb51d2eb1,1,6713,6713,3901
1780210348308228502,fast_tip,O,0x86f16f035b76936f6dfb83a72b28b21d9ccd4444,四何,7406026715828398,7410160088135687,4133372307289,0.000004,0.00,0.000558,11879,12374,733.16,101453264,101453512,111,1,kol_sell,0x48da990e41792fbca9b95a4b5ecc4cc700a302043932ece02cca05c07bbe59d8,1,14333,14333,12391
1780210467114946725,fast_tip,C,0x6aa4644fb3b1b1207ed5c148b2ea1d011da14444,合一,31765878257965251,33345875565063427,1579997307098176,0.001580,1.16,0.049739,9797,10205,733.16,101453528,101453545,8,1,kol_sell,0x4a53414cbb9bcc7bd0f2cd58e5bdf2d148f7303510654291ab9381e81ffdf7c8,1,11433,11433,10713
1780210556189209298,fast_tip,B,0xa952d1ddc602e250d32a490c52b407a42e7c4444,好运股,4495189390368528,2883782139736321,-1611407250632207,-0.001611,-1.18,-0.358474,11229,11697,733.62,101453726,101453733,3,1,kol_sell,0x0ac80637cb037e65557f634d93eb32d8996acb90a0e2834264a80fee12a9bf5d,1,10033,10033,7504
1780210539077585972,fast_tip,B,0x65651f4406fd6fa67db16af20ca5c87b9a674444,娜塔莎,4994654878187253,4025706268403005,-968948609784248,-0.000969,-0.71,-0.193997,13761,13803,733.62,101453688,101453747,27,1,kol_sell,0xf8629e643924fd7edaecf6ce3feb5b5650d6a5283272b2385e8d98ac2f8a9957,1,14251,14251,11126
1780210581857017280,fast_tip,M,0xa952d1ddc602e250d32a490c52b407a42e7c4444,好运股,1057163538080990,424808968125495,-632354569955495,-0.000632,-0.46,-0.598162,8742,9106,733.76,101453783,101453791,4,1,kol_sell,0x79bac0f790fce810dfe4ce63c7615d762627581bc6e5d23553e7729f2ae34fbc,1,11148,11148,3659
1780210582264958902,fast_tip,C,0x6b933495ac1911a6060d36d0e24615ae95c74444,常涨股,31923877988675069,29881340995149350,-2042536993525719,-0.002043,-1.50,-0.063981,5811,6053,733.76,101453784,101453799,7,1,kol_sell,0x7c32b886ba91bff7e38d5711509251c3b783e8cb90ac61f51308d31be5af8987,1,6063,6063,5666
1780210661526969323,fast_tip,B,0xe7515a70e0cab7198968bc4cc7ac3b74ed5c4444,正鼠,1184154823036402,271791144361320,-912363678675082,-0.000912,-0.67,-0.770477,6272,6533,733.77,101453960,101453966,3,1,kol_sell,0xa9ff3d999ddd6ece1a0414f007d029f300a76aa1a7c28b596c66de65a36b7fb5,1,6261,6261,1499
1780210661526969323,fast_tip,B,0xe7515a70e0cab7198968bc4cc7ac3b74ed5c4444,正鼠,888116117277301,353415894317223,-534700222960078,-0.000535,-0.39,-0.602061,6272,6533,733.77,101453960,101453971,5,1,kol_sell,0xd2e7b85ff883e998ee552f97748b4289e8e21a379942b8ae85a1bf0279836bb1,1,8974,8974,2600
1780210661526969323,fast_tip,B,0xe7515a70e0cab7198968bc4cc7ac3b74ed5c4444,正鼠,888027305665573,312396591953156,-575630713712417,-0.000576,-0.42,-0.648213,6272,6533,733.77,101453960,101453972,5,1,kol_sell,0x643a197899f525b19f805c09f70afc7d1bc25c82cae432a8a7d5a20b72f141bd,1,8660,8660,2298
1780210661526969323,fast_tip,B,0xe7515a70e0cab7198968bc4cc7ac3b74ed5c4444,正鼠,887982890978549,231149072579254,-656833818399295,-0.000657,-0.48,-0.739692,6272,6533,733.77,101453960,101453973,6,1,kol_sell,0x7f750988fe708e7183db0eefb95076d2b4ef03bd108a318e1545ee1506d816ce,1,8038,8038,1701
1780210661526969323,fast_tip,B,0xe7515a70e0cab7198968bc4cc7ac3b74ed5c4444,正鼠,221995704981426,0,-221995704981426,-0.000222,-0.16,-1.000000,6272,6533,733.77,101453960,101453989,13,1,kol_sell,0x29a6e84e5cd2c3e1a5b553644293c1f3777c4551cb8a0d7d242f9da27a44f901,1,10287,10287,0
1780210661526969323,fast_tip,B,0xe7515a70e0cab7198968bc4cc7ac3b74ed5c4444,正鼠,666342450206357,213697513417266,-452644936789091,-0.000453,-0.33,-0.679298,6272,6533,733.77,101453960,101453994,15,1,kol_sell,0x15fd4f20263dfb35254a09787380e3c860510362ead10cccf7159043f6a81c20,1,10534,10534,2095
1780210671056958475,fast_tip,O,0xe7515a70e0cab7198968bc4cc7ac3b74ed5c4444,正鼠,10671317320166459,10715500945537062,44183625370603,0.000044,0.03,0.004140,7855,8182,733.77,101453981,101453996,7,1,kol_sell,0x0c1150620b639f57941c3d5fa0ebdc38e0501668f2ba8890195269b7424be436,1,9211,9211,8216
1780210671056958475,fast_tip,O,0xe7515a70e0cab7198968bc4cc7ac3b74ed5c4444,正鼠,10671317320166460,7360033628062292,-3311283692104168,-0.003311,-2.43,-0.310298,7855,8182,733.77,101453981,101454013,14,1,kol_sell,0xe0b2d1124591f5eca73705d3b87406963c50a92a3fc85499f21a34a2ff16cc13,1,6531,6531,5643
1780196517246206725,fast_tip,M,0xc2902ee8d00c6dd0200f4d36685596840ea34444,重仓猛干,8083871758734162,6224107886991087,-1859763871743075,-0.001860,-1.37,-0.230059,4658,4852,734.26,101422564,101454126,14219,1,kol_sell,0x4f81e7b033c813605ec2165cf39a546937ac5460f35d54a7febcda24956ab1c3,1,4378,4378,3715
1780210810354304101,fast_tip,B,0x481da6a7c1400fb5d2b573a72b3ab8a590534444,唐人,4401202384593869,3934604650906081,-466597733687788,-0.000467,-0.34,-0.106016,5674,5910,734.84,101454290,101454295,2,1,kol_sell,0x45540c1dc5cf4ec302f616c8739e02347037116223f19ab5eaacae0baa57e9db,1,6646,6646,5284
1780210811708729430,fast_tip,O,0x481da6a7c1400fb5d2b573a72b3ab8a590534444,唐人,21015924633659562,11432618386118591,-9583306247540971,-0.009583,-7.04,-0.456002,8869,9238,734.84,101454293,101454296,1,1,kol_sell,0xaac7c988c000228cf1707bf35b9f236b6b15ed6adafb4c867d79d2d4029d0ada,1,5609,5609,5026
1780210926088125919,fast_tip,C,0x34a069025a0de0b3657e598b9e56827adf5affff,STOCKGUY,31719624289322497,38047294013448376,6327669724125879,0.006328,4.64,0.199488,13584,14150,733.71,101454547,101454550,1,1,kol_sell,0x8f05ad8e8c3d47195e68fd8243e437a130faa8fb647678c3c2544a9cb4d00085,1,18059,18059,16972
1780211156106848751,fast_tip,B,0x5d0cb457e4b299f76aba5f033f9dc4f778dd4444,KWS,1088635652806272,303776377663361,-784859275142911,-0.000785,-0.58,-0.720957,5875,6119,732.85,101455058,101455087,13,1,kol_sell,0x39b5ef329e0649841f7d393462effb499a8f110e61c38d9b7a6ea6155b4277b6,1,6573,6573,1708
1780211156106848751,fast_tip,B,0x5d0cb457e4b299f76aba5f033f9dc4f778dd4444,KWS,3265906958418818,2521180458745111,-744726499673707,-0.000745,-0.55,-0.228031,5875,6119,732.85,101455058,101455091,15,1,kol_sell,0x2b7190a9a9b4991bd7efb6b437a01c7a0e893677d8b351275e958617d6ac689b,1,6519,6519,4724
1780211197149591236,fast_tip,B,0x5d0cb457e4b299f76aba5f033f9dc4f778dd4444,KWS,1050396008435857,452383968547115,-598012039888742,-0.000598,-0.44,-0.569321,6919,7207,733.09,101455149,101455168,8,1,kol_sell,0x4adf8ec8909b090c71844871d05c29df84eed54704af9ad6f66fba5324db52f9,1,9083,9083,3104
1780211197149591236,fast_tip,B,0x5d0cb457e4b299f76aba5f033f9dc4f778dd4444,KWS,787797006326892,137158775870497,-650638230456395,-0.000651,-0.48,-0.825896,6919,7207,733.09,101455149,101455176,12,1,kol_sell,0x809cbb92d1a5f97329989df583447c69a2802db9445e18a6ce50bc9e1272e641,1,9107,9107,1255
1780211197149591236,fast_tip,B,0x5d0cb457e4b299f76aba5f033f9dc4f778dd4444,KWS,590611415643271,0,-590611415643271,-0.000591,-0.43,-1.000000,6919,7207,733.09,101455149,101455184,16,1,kol_sell,0x1b74a633c36fd0d600fcdf94994ab2dadeb0958584a3256d7180377b6b3ae3b1,1,8440,8440,0
1780211197149591236,fast_tip,B,0x5d0cb457e4b299f76aba5f033f9dc4f778dd4444,KWS,443194900834352,0,-443194900834352,-0.000443,-0.32,-1.000000,6919,7207,733.09,101455149,101455198,22,1,kol_sell,0x557719000bc9ec269b3fb302826a2d9d6714e846fec094f3f2c170df1f781f6d,1,8766,8766,0
1780211197149591236,fast_tip,B,0x5d0cb457e4b299f76aba5f033f9dc4f778dd4444,KWS,1329584702503056,689946563638178,-639638138864878,-0.000640,-0.47,-0.481081,6919,7207,733.32,101455149,101455202,24,1,kol_sell,0x34eba50a8370fa7800e530481ae3b44788aea5d55c8f3c769df57eb35ce632e4,1,8518,8518,3741
1780211587988513256,fast_tip,B,0xa80aa0eb014332c0eff71487f0740397a20f4444,孙哥，今天又没睡,3909374561174665,2911015651932493,-998358909242172,-0.000998,-0.73,-0.255376,5240,5458,726.82,101456017,101456021,2,1,kol_sell,0xd9a4179042d991ff96806c76cab60161b5681fbe14ad02f13f06df19d4fff8aa,1,5434,5434,4064
1780155395963372198,fast_tip,O,0xa3b2e6fe983ac7193f2e098ad6f7c195a3824444,hey stock,46850015576191818,82460177864448804,35610162288256986,0.035610,25.92,0.760089,0,0,727.88,101310519,101456168,56260,1,kol_sell,0x08611bb8159db2f3cd0ed55df9aebd484e5797a8f60b96a749a23ac527245365,1,590922,590922,588649
1780155395963371998,fast_tip,H,0xa3b2e6fe983ac7193f2e098ad6f7c195a3824444,hey stock,1572650040731035,1525810111489202,-46839929241833,-0.000047,-0.03,-0.029784,0,0,727.41,101318344,101456308,56323,1,kol_sell,0xa5ccc9ed59004dec0b7155b2d706448669505bb33fe772bc6984734b6ea6ee0d,1,535624,535624,345236
1780211941345713544,fast_tip,C,0x1066814cde73435c20a78e60bd0bd7c0c5544444,W3AlphaStock,11320101702481106,17554830197436742,6234728494955636,0.006235,4.52,0.550766,4906,5110,725.00,101456801,101456825,11,1,kol_sell,0x0f4d663afab975e29e382ca3d78dee624774d2d3c6fe82aca9f31d9c5723e13d,1,8644,8644,7925
1780211963884630946,fast_tip,B,0x1066814cde73435c20a78e60bd0bd7c0c5544444,W3AlphaStock,3809538670250447,2327623361346876,-1481915308903571,-0.001482,-1.07,-0.389001,8356,8704,724.91,101456851,101456889,17,1,kol_sell,0xa717e550ec2697eae783b142aff2eb4d07e004a64d8dd5d9ffd8384de471ff44,1,7509,7509,5318
1780211989096693560,fast_tip,C,0x59887fa5485c15f1ce678874c4121cfa1446ffff,MUYU,10073740851176103,26322608458728754,16248867607552651,0.016249,11.78,1.612992,8340,8688,724.91,101456907,101456923,7,1,kol_sell,0x321655d20fbbdcb2275d4baf630b416277cc02927b95f17eee0aad50e6e6a66e,1,24390,24390,22701
1780211941345713544,fast_tip,C,0x1066814cde73435c20a78e60bd0bd7c0c5544444,W3AlphaStock,7361301345738892,12051161626374627,4689860280635735,0.004690,3.40,0.637097,4906,5110,724.91,101456801,101456935,60,1,kol_sell,0xc505d34551208456a69163d4dc62ce2868d69f2c6e3bbfce203822939d3fd538,1,9312,9312,8365
1780211992271479021,fast_tip,O,0x59887fa5485c15f1ce678874c4121cfa1446ffff,MUYU,28303611795350346,20627216384209582,-7676395411140764,-0.007676,-5.57,-0.271216,21235,22120,725.44,101456914,101457083,76,1,kol_sell,0x52e061fcd3fee537e5f2c4d8db4f31ed759f6c470e477897433b004b5470d262,1,17478,17478,16132
1780212098510004027,fast_tip,B,0x3aabc3af755361cda61c9797c9236f20c18c4444,正正,3661347139360090,2557052842525953,-1104294296834137,-0.001104,-0.80,-0.301609,6426,6694,725.44,101457150,101457169,8,1,kol_sell,0x492f21a9aea7edab99625b0bc0b8df0d00d239a0119790985c3f35c1c2f22672,1,6445,6445,4675
1780211989096693560,fast_tip,C,0x59887fa5485c15f1ce678874c4121cfa1446ffff,MUYU,8319557721651659,15797891732347985,7478334010696326,0.007478,5.43,0.898886,8340,8688,725.44,101456907,101457171,119,1,kol_sell,0xd9d78614b90217489eabf22921cb337dd4b4fc6a18fd69dacdc981f9b260a748,1,18097,18097,16509
1780212398878612128,fast_tip,B,0x81f7386a4b735cf7cb02c339d29bdaccaf1f4444,bSTOCKS,3550917709676677,2312642978124056,-1238274731552621,-0.001238,-0.90,-0.348720,16868,17571,723.41,101457817,101457978,72,1,kol_sell,0xdd188df596dabc32aaafac8e0993feebc7a2ec478ed072effb454164161f5bca,1,16185,16185,11436
1780211989096693560,fast_tip,C,0x59887fa5485c15f1ce678874c4121cfa1446ffff,MUYU,12479336582477489,18659135726038104,6179799143560615,0.006180,4.48,0.495203,8340,8688,724.26,101456907,101458496,716,1,kol_sell,0x123f40bca707e97136ecc69027024dfbf1b83c70c2147b71494916eeb73a1a62,1,14119,14119,12978
1780212900004317942,fast_tip,B,0x0a906b55d4982a3382f0dda882f2fd9907ca4444,BStocks,1713545118260707,1301883510328629,-411661607932078,-0.000412,-0.30,-0.240240,148068,148456,720.36,101458930,101459178,112,1,kol_sell,0xc091e35130cd1a548fb70425ed801229566278b50b269cfb194873ac886a42a7,1,188960,188960,112991
1780213159043006715,fast_tip,B,0xc6cc46e67c4793d8ef9f4ae29b63ae1fa7854444,ASCEND,3214569563902136,2014782643215894,-1199786920686242,-0.001200,-0.86,-0.373234,11993,12493,718.78,101459505,101459591,39,1,kol_sell,0xa6b07321c4e70b5e64de00d8b1da691f3ab8f036dd82ef58b63e0107ac1af40c,1,11530,11530,7826
1780212900004317942,fast_tip,B,0x0a906b55d4982a3382f0dda882f2fd9907ca4444,BStocks,856772559130354,24722372142442,-832050186987912,-0.000832,-0.60,-0.971145,148068,148456,719.49,101458930,101459691,343,1,kol_sell,0x2d2ae84fe5b14576443551a4b90b225e9342f5bd7366afe7c2b2c7ed1befba57,1,151751,151751,4286
1780212900004317942,fast_tip,B,0x0a906b55d4982a3382f0dda882f2fd9907ca4444,BStocks,856772559130354,11045588329684,-845726970800670,-0.000846,-0.61,-0.987108,148068,148456,719.49,101458930,101459693,344,1,kol_sell,0x33a989a64d09d61b3f06eb7248c5d42cc4699faea011b0cbea41b81c7fd665e0,1,146222,146222,1915
1780213507114981838,fast_tip,O,0x924fa68a0fc644485b8df8abfa0a41c2e7744444,币安人生,24782375028812642,23824799625333687,-957575403478955,-0.000958,-0.69,-0.038639,487171208,488394536,720.77,101460278,101460282,2,1,kol_sell,0x1b38d5f5aa293429122fb513e98995b2a23f3eb8c002f17d49ece24ddff28350,1,485943974,485943974,469523278
1780213763488475288,fast_tip,B,0x1369e895330d81bdbdfff261e2adfa5e85e04444,童心,774541916970181,145888035140686,-628653881829495,-0.000629,-0.45,-0.811646,6393,6659,720.72,101460847,101460909,28,1,kol_sell,0xb13a8cca53f8d6ab7c167a47dc97f6497a8ace6a6bb7792bb75c6fe3f9b146ce,1,8762,8762,1254
1780213763488475288,fast_tip,B,0x1369e895330d81bdbdfff261e2adfa5e85e04444,童心,1535916621351868,943866121437164,-592050499914704,-0.000592,-0.43,-0.385470,6393,6659,719.94,101460847,101460917,31,1,kol_sell,0x0e0fe8f18220664d0b4f2fba21ea33175cd1ee8b2cad550767823ffdee8fb6a1,1,8018,8018,4088
1780213835669549661,fast_tip,O,0x1369e895330d81bdbdfff261e2adfa5e85e04444,童心,24686617488464747,23019991810338734,-1666625678126013,-0.001667,-1.20,-0.067511,9736,10142,719.85,101461007,101461011,2,1,kol_sell,0x4b1440deff7545017a4d7f848059b527826363cbbd722c410b47d3a7996c902a,1,10208,10208,9457
1780213808960297312,fast_tip,L,0x1369e895330d81bdbdfff261e2adfa5e85e04444,童心,6655617073854277,10744105718477244,4088488644622967,0.004088,2.94,0.614291,6908,7196,719.85,101460948,101461026,35,1,kol_sell,0x8414055ff5b4f4ef8121fed1574d3b05b562e529d9e0e8013d0351b4af1229bd,1,13037,13037,11615
1780213763488475288,fast_tip,B,0x1369e895330d81bdbdfff261e2adfa5e85e04444,童心,196848511476712,0,-196848511476712,-0.000197,-0.14,-1.000000,6393,6659,719.85,101460847,101461037,86,1,kol_sell,0x4c72d6fc7dcf27ac929d919c5bc9e98c6fdda8b564bffd59d39fcf835f55d8c7,1,13522,13522,0
1780213763488475288,fast_tip,B,0x1369e895330d81bdbdfff261e2adfa5e85e04444,童心,147656068458682,0,-147656068458682,-0.000148,-0.11,-1.000000,6393,6659,719.70,101460847,101461177,149,1,kol_sell,0x51557e66c094dfbb78d0b7224999098edbc2db21617762f93a7cd4be695ac99f,1,20957,20957,0
1780213808960297312,fast_tip,L,0x1369e895330d81bdbdfff261e2adfa5e85e04444,童心,4991712805390708,14739598087538243,9747885282147535,0.009748,7.02,1.952814,6908,7196,720.02,101460948,101461198,113,1,kol_sell,0xbdc16b6470d55fd4ad9cc1e11c968521a3a25f19930ea5b8241f50f91db383ac,1,23387,23387,21250
1780213936472132256,fast_tip,O,0x6c10103ff1a0c5e3c4dc69892cf7b804b4d37777,MEMEX,12259977460326073,0,-12259977460326073,-0.012260,-8.83,-1.000000,6374,6640,720.02,101461231,101461252,10,1,kol_sell,0x5e2ae923ae5f0362094c5f5c719072cae76590f17aa32a279986d4b72f29d030,1,396,396,0
1780213936472132256,fast_tip,O,0x6c10103ff1a0c5e3c4dc69892cf7b804b4d37777,MEMEX,3677993238097821,0,-3677993238097821,-0.003678,-2.65,-1.000000,6374,6640,719.19,101461231,101461377,66,1,kol_sell,0x4288fdee00866f503be58fe39aab331b484288a235de6d67b62d5ffd3e8c3712,1,599,599,0
1780213808960297312,fast_tip,L,0x1369e895330d81bdbdfff261e2adfa5e85e04444,童心,3743784604043031,9217327045176323,5473542441133292,0.005474,3.94,1.462035,6908,7196,719.19,101460948,101461381,195,1,kol_sell,0x264cab75b2504ef40e2096a366226bffbfeeda7492f1d7b9a39fc8ff1464ba9c,1,20104,20104,17698
1780213763488475288,fast_tip,B,0x1369e895330d81bdbdfff261e2adfa5e85e04444,童心,443204549623281,300001870264727,-143202679358554,-0.000143,-0.10,-0.323107,6393,6659,719.19,101460847,101461395,247,1,kol_sell,0x86de13481b8b6e10c64d9d050640dedc3b93bf5ebf887b44325efe1db557a7d0,1,17715,17715,4498
1780214020784123641,fast_tip,B,0x38fdfb680ee9c45481077de5940f0a0dcef74444,NOONEDIDIT,2927326503776910,1353772327087173,-1573554176689737,-0.001574,-1.13,-0.537540,5455,5682,719.19,101461418,101461426,4,1,kol_sell,0x6db24161e9f04636c1dfc6f83a09d9b489b0e254d968c37346de1c40f5cee112,1,4424,4424,2628
1780213808960297312,fast_tip,L,0x1369e895330d81bdbdfff261e2adfa5e85e04444,童心,11231353812129093,35694254902658701,24462901090529608,0.024463,17.57,2.178090,6908,7196,718.30,101460948,101461892,425,1,kol_sell,0x192acb5d38b019dff31c33fdc40474826500c2355e939b1c928e5a905cd0f6e0,1,24324,24324,22817
1780214231242898376,fast_tip,M,0x5dfa203fff86fde375e9f725858d57b1e0694444,懂的都懂,1922331307292502,849955966553548,-1072375340738954,-0.001072,-0.77,-0.557851,4883,5087,718.25,101461885,101462037,68,1,kol_sell,0x09b33c9c546c29d3c5835a4a9ed372550b82cd4bc87f87103e20003a1c0c4f45,1,4645,4645,2249
1780214290620256002,fast_tip,B,0x0ec23e368531150134cee8b4c14fc2ce61044444,自嬷,2769971086107936,998798387012659,-1771172699095277,-0.001771,-1.27,-0.639419,6705,6985,718.25,101462017,101462039,10,1,kol_sell,0x68be8079a42188a176a1f90a8d6753bcc79d78b8d956c87b565c8f8e69d1ee7e,1,4817,4817,2518
1780213936472132256,fast_tip,O,0x6c10103ff1a0c5e3c4dc69892cf7b804b4d37777,MEMEX,8581984222228252,0,-8581984222228252,-0.008582,-6.16,-1.000000,6374,6640,718.25,101461231,101462094,389,1,kol_sell,0x3cb28f87d928e5c620eab8c97129c58848dd8d140a8175ec1c016a6cdde5bcce,1,259,259,0
1780214333919272945,fast_tip,O,0x0ec23e368531150134cee8b4c14fc2ce61044444,自嬷,11033979714293465,12161408558835285,1127428844541820,0.001127,0.81,0.102178,5610,5844,718.35,101462113,101462130,8,1,kol_sell,0xcfb4dbfde2ee366d1dc181a5929da44faaae1cac773c42f9fc6db073c5b1d825,1,7170,7170,6441
1780214333919272945,fast_tip,O,0x0ec23e368531150134cee8b4c14fc2ce61044444,自嬷,3310193914288039,2787278675247790,-522915239040249,-0.000523,-0.38,-0.157971,5610,5844,718.72,101462113,101462175,28,1,kol_sell,0xbc488d8e708d4e06bbe1dae9b1717111bd9465f934e9d62763b0e02960596c1d,1,6664,6664,4923
1780214333919272945,fast_tip,O,0x0ec23e368531150134cee8b4c14fc2ce61044444,自嬷,2317135740001628,3370053973875066,1052918233873438,0.001053,0.76,0.454405,5610,5844,718.70,101462113,101462390,125,1,kol_sell,0x1b28df4cee475e212efa0e6604fd665ffa3a3c5a9f6a482e06302be0d2237194,1,11052,11052,8503
1780214541133135861,fast_tip,C,0xad69ab4a7aafaac311c8e82bd6309ba4617f4444,停止自嬷,12273957987943285,13102682881133130,828724893189845,0.000829,0.60,0.067519,6879,7166,718.35,101462573,101462581,3,1,kol_sell,0xd0f78b6985a685453ee47e9ec5bc5e68d21cfe199da5e7eb6a7b28e5db35ebd3,1,8477,8477,7650
1780214590685691750,fast_tip,B,0xe1312e41d8661bba763173b75cd140a5c16b4444,童心,2592853816198408,1300576949846580,-1292276866351828,-0.001292,-0.93,-0.498399,6493,6764,718.49,101462683,101462703,9,1,kol_sell,0x246afa1130bff8525e8d2bec5191bb8750978786761af37c9cb008ed85cd7bc3,1,5803,5803,3393
1780214593474903902,fast_tip,O,0xa4c538ee83ea1337a52854606a942a8cd0377777,美股雷达台,10846518803262026,0,-10846518803262026,-0.010847,-7.79,-1.000000,8331,8679,718.49,101462689,101462704,7,1,kol_sell,0xba03c4c0bf87eb0e01907e5dd3d418bd5828f607b5ebf69b2962ca4f52458143,1,318,318,0
1780214594360859267,fast_tip,C,0xa301974ca0a077d5bcb1a3ae911aed6954034444,BSC,19723124725694770,19501617505256979,-221507220437791,-0.000222,-0.16,-0.011231,5480,5709,718.49,101462691,101462705,6,1,kol_sell,0x0aba0283173554b7a381eb15611ff80c6b4f6d9e36784c2d17b08314fe39664b,1,6131,6131,5644
1780214593474903902,fast_tip,O,0xa4c538ee83ea1337a52854606a942a8cd0377777,美股雷达台,6154314768970873,0,-6154314768970873,-0.006154,-4.42,-1.000000,8331,8679,718.49,101462689,101462730,18,1,kol_sell,0xd6cd98086e33b9fcade31f61f4a4a7f830eece64ceb44d879a8397fbca9d67c9,1,327,327,0
1780214594360859267,fast_tip,C,0xa301974ca0a077d5bcb1a3ae911aed6954034444,BSC,13148749817129848,20185076834033470,7036327016903622,0.007036,5.06,0.535133,5480,5709,718.49,101462691,101462742,23,1,kol_sell,0x441efb5ede8dada5bce3d7f44d4a0c0f2825f3867ef210f2f5a79c5feeb60fae,1,9506,9506,8763
1780214683487492387,fast_tip,O,0xb9f208732179c139bd671eb4627dbb5f19b94444,bStonks,8174587361266458,16074218324067882,7899630962801424,0.007900,5.68,0.966364,5118,5331,719.09,101462889,101462897,4,1,kol_sell,0x71b580b1254411513132ae23d0611f78acfdda3bd9482711b91aed7cd214261d,1,11486,11486,10482
1780214683487492387,fast_tip,O,0xb9f208732179c139bd671eb4627dbb5f19b94444,bStonks,3404743945381556,5640931185976230,2236187240594674,0.002236,1.61,0.656786,5118,5331,719.92,101462889,101462972,37,1,kol_sell,0xad04acdf50cd6b6a685f2cee54f5cf90c08145d7465138ffca06912014a45903,1,10572,10572,8842
1780214732564761132,fast_tip,B,0xe6bef2ec900f862260fa024cbb53758d77ca4444,bStonks,2463626129563225,1454893561507680,-1008732568055545,-0.001009,-0.73,-0.409450,4902,5106,719.92,101462998,101463015,8,1,kol_sell,0x736da44f2bdcd7d842560b35a4fa1f515dda9df476a94fb1717545a20e482af2,1,4940,4940,3015
1780214997822127710,fast_tip,C,0x3670234fa5d038148408086acaa6176c996e4444,GBTI,11743674782864920,10214349243643649,-1529325539221271,-0.001529,-1.10,-0.130225,7360,7418,720.04,101463587,101463637,22,1,kol_sell,0x7f7cd785e022446e2c207d0ced4a284dbe9d4e129dae43c5db78e43f3aa34f54,1,7287,7287,6452
1780214997822127710,fast_tip,C,0x3670234fa5d038148408086acaa6176c996e4444,GBTI,21809681739606281,12290921358212957,-9518760381393324,-0.009519,-6.86,-0.436447,7360,7418,720.71,101463587,101463765,80,1,kol_sell,0x3cbeb3c925c898f8c2a974e912fc34c7abe3d78f695270861fdcc0b667488637,1,4767,4767,4185
1780214541133135861,fast_tip,C,0xad69ab4a7aafaac311c8e82bd6309ba4617f4444,停止自嬷,7978072692163135,6454432783083096,-1523639909080039,-0.001524,-1.10,-0.190978,6879,7166,723.25,101462573,101465169,1169,1,kol_sell,0x37f33faf2ad2261b7f51a83d92b32077b75c2766f1f23dc54bc14b8a0a00548b,1,6862,6862,5837
1780215716364772440,fast_tip,O,0x5d01a8d93e4b56a5b9afd70fcb2f68d38f754444,bastocks,12595954513040313,14243824332896508,1647869819856195,0.001648,1.19,0.130825,6923,7211,723.25,101465183,101465205,10,1,kol_sell,0x2bb5ed047cefef77b5a2428fa0e5c1ace2680fbe9757e026f1e0f764261cb283,1,8989,8989,8154
1780215805356203302,fast_tip,C,0x5d01a8d93e4b56a5b9afd70fcb2f68d38f754444,bastocks,11582896923051317,12366419625954065,783522702902748,0.000784,0.57,0.067645,8627,8987,723.73,101465380,101465400,9,1,kol_sell,0x9f1888c0148572a16a713e4cbcabc33f918c0482e31f614013e7e059908dbd88,1,10665,10665,9595
1780215716364772440,fast_tip,O,0x5d01a8d93e4b56a5b9afd70fcb2f68d38f754444,bastocks,2144076269774574,3112130124583707,968053854809133,0.000968,0.70,0.451502,6923,7211,723.73,101465183,101465439,115,1,kol_sell,0xd5acd373a6698d32e4b70be41af72ea5906fea9cf60db1d8bd2dfa2f715c51f6,1,13817,13817,10474
1780215863255113799,fast_tip,C,0xb15c87115ad5ba15add8a0c089fe1fdd38fb4444,巴别塔,31021234050441653,27296790613975886,-3724443436465767,-0.003724,-2.70,-0.120061,80835,81153,723.67,101465509,101465514,2,1,kol_sell,0x6448df79995385d4fdc1f860384a2854b65d0fad95bbc4fe04c370c575847734,1,83950,83950,71410
1780215861606477424,fast_tip,O,0x0fafa20de04515c2d84aaf52943991be83154444,HODL,36276025592764414,28876868283926992,-7399157308837422,-0.007399,-5.35,-0.203968,9034,9410,723.67,101465505,101465516,5,2,kol_sell,0x76a9b04c3e68cec75af750ff861cbe5891337daed82ff05ce10cb0fb73d7bfff,1,9650,9650,9005
1780215885398738017,fast_tip,C,0x4ff1e3c449a7f4b42d8c6f5fbb89c52b8b47fc65,HOLD,30648789706795076,23782776951210999,-6866012755584077,-0.006866,-4.97,-0.224022,0,0,723.53,101465558,101465568,4,1,kol_sell,0xea82ae87d5634a7c25d1316994e4e7948eaf87a2be26e8783e8f5711a5d383ad,1,43363,43363,34638
1780215805356203302,fast_tip,C,0x5d01a8d93e4b56a5b9afd70fcb2f68d38f754444,bastocks,21511094285666734,19362684369680049,-2148409915986685,-0.002148,-1.55,-0.099875,8627,8987,723.09,101465380,101465642,118,1,kol_sell,0x70948fd5a5ec89d36db6f1b7e62293cd3033f8c936797a937e269fbf457a67f5,1,8780,8780,8082
1780215861606477424,fast_tip,O,0x0fafa20de04515c2d84aaf52943991be83154444,HODL,781922709170834,0,-781922709170834,-0.000782,-0.57,-1.000000,9034,9410,723.59,101465505,101465912,184,2,kol_sell,0x8a65c8fd658532eb6e7525875c574527237de6790b01593ea901fbd8e76022f2,1,4701,4701,0
1780215716364772440,fast_tip,O,0x5d01a8d93e4b56a5b9afd70fcb2f68d38f754444,bastocks,5002844629474006,3123638481068933,-1879206148405073,-0.001879,-1.36,-0.375628,6923,7211,723.59,101465183,101465917,331,1,kol_sell,0x7b1997ded257e46fd6e3efd63d18e76b69529bc40b54157467c706ea5798036e,1,5938,5938,4505
1780216064046696985,fast_tip,C,0xdbdab51c866d570bdd491388ec6c1c7895bc4444,Stocks,31898456868204673,29713777683659423,-2184679184545250,-0.002185,-1.58,-0.068489,27024,28150,723.59,101465953,101466027,33,1,kol_sell,0xd094155f6352fd841b94e1196d7e52ed51a1831c6bedfc229476e2753a1f48a8,1,28077,28077,26222
1780214541133135861,fast_tip,C,0xad69ab4a7aafaac311c8e82bd6309ba4617f4444,停止自嬷,14816420714017253,9912498497472914,-4903922216544339,-0.004904,-3.54,-0.330979,6879,7166,721.90,101462573,101466870,1936,1,kol_sell,0x1836805d31196cd1499173a1646e4728058bbde0e2aec07fadd604972e946164,1,5439,5439,4818
1780155790225289845,fast_tip,G,0xa3b2e6fe983ac7193f2e098ad6f7c195a3824444,hey stock,5852843425943307,2293246135250317,-3559597290692990,-0.003560,-2.57,-0.608183,726854,728798,721.69,101332147,101467321,60890,1,kol_sell,0x7c067ebc6d5e47ac1d4c110be7b7033d88e050de226d6586a9e690aaa2cb9067,1,409918,409918,299292
1780216762539468471,fast_tip,G,0xf738abf1912b3c0d069bb2a7ecd98396d6714444,币安在手，币股都有,4846381649845227,4729145081513368,-117236568331859,-0.000117,-0.08,-0.024191,4682,4877,722.11,101467503,101467546,19,1,kol_sell,0x2caf62462dd8769bdab2349588a03aa67df46ef4f8235d591c923bf3da9241d8,1,5829,5829,4759
1780216762539468471,fast_tip,G,0xf738abf1912b3c0d069bb2a7ecd98396d6714444,币安在手，币股都有,1211595315514284,947353903804979,-264241411709305,-0.000264,-0.19,-0.218094,4682,4877,721.60,101467503,101467578,34,1,kol_sell,0xdadc4bddae1d584e4dd14df664fd3177c513800e5545749d230ef627e73ec823,1,7454,7454,3811
1780198323349213851,fast_tip,O,0x57d9ed8c034f555d21c71f479cdf8fa73a244444,币股,11367845224329775,15132803046007254,3764957821677479,0.003765,2.72,0.331194,29773,33798,721.26,101426573,101467761,18555,2,kol_sell,0x14308cd5cbfc03f0f9e4e1b581371aa9405659f7afceb6cf113d2f5a87c38a65,1,63164,63164,58350
1780216762539468471,fast_tip,G,0xf738abf1912b3c0d069bb2a7ecd98396d6714444,币安在手，币股都有,3636725274778972,2750577644797406,-886147629981566,-0.000886,-0.64,-0.243666,4682,4877,721.26,101467503,101467771,121,1,kol_sell,0x5d90202764be6c9cae59aab8f481bd83a4a3120f686ff504e0aa503501076418,1,4999,4999,3684
1780216977431144911,fast_tip,G,0xac99d9de8f1729e15b2182b0d8e7e5f200124444,美股雷达台,4783013045600191,3963140193626641,-819872851973550,-0.000820,-0.59,-0.171413,4590,4781,721.60,101467980,101468049,31,1,kol_sell,0x92f02b2c3c7ac25824ecc7b0a79c9977ff116005708653286cdf978ebd695cf3,1,4992,4992,3961
1780217231397846311,fast_tip,O,0x0fccf331dad1902238a26d6350ba762fd3064444,MEME-ING,18460547520943337,15813690262597855,-2646857258345482,-0.002647,-1.91,-0.143379,4721,4918,721.49,101468544,101468557,6,1,kol_sell,0x747b51028ab1601979322d7aa911ca089299e56dce2b62e18e0f6781ca2192c8,1,4619,4619,4213
1780216977431144911,fast_tip,G,0xac99d9de8f1729e15b2182b0d8e7e5f200124444,美股雷达台,4784926633536019,3230718329078756,-1554208304457263,-0.001554,-1.12,-0.324813,4590,4781,722.53,101467980,101469433,654,1,kol_sell,0xcbe6e17f26768fb6f10e25a71e4e83574c44334bada76810cd52da6a0dfd19d3,1,4232,4232,3232
1780217690892016065,fast_tip,G,0x33268dde1f25eb8efdeee3d408257ebc2b0c4444,谷民,4664332728590215,4033093792749393,-631238935840822,-0.000631,-0.46,-0.135333,4564,4754,722.16,101469564,101469680,52,1,kol_sell,0x9f15308234c4f96457d65be98734d077c63107f83267dd6b4807a282313f5d4c,1,5165,5165,4112
1780217690892016065,fast_tip,G,0x33268dde1f25eb8efdeee3d408257ebc2b0c4444,谷民,4666198834902914,3143720502678152,-1522478332224762,-0.001522,-1.10,-0.326278,4564,4754,723.45,101469564,101469842,125,1,kol_sell,0x33033043b5d4b09be341f06ab3d00c50eab6bdec82803a93e3c1e2b840709da8,1,4225,4225,3209
1780217486378968134,fast_tip,O,0x40430219bf7ab5b887351de1878d215af23b4444,Bstocks,18195861795108788,13273239930423043,-4922621864685745,-0.004923,-3.56,-0.270535,17723,18462,722.71,101469110,101470119,454,1,kol_sell,0xfa8f07343a0d445ae1ccc954c05e34b8087485287c0321b8fbe57ce1a054be5d,1,14926,14926,13485
1780218007596061648,fast_tip,O,0xdbdab51c866d570bdd491388ec6c1c7895bc4444,Stocks,8851799804320107,6472357553058149,-2379442251261958,-0.002379,-1.71,-0.268809,31580,32896,720.59,101470267,101471323,475,1,kol_sell,0x19dd443c190b2c7aebf81629411ec59a5c2ef840c114512df4f7e634a7504bc4,1,28207,28207,23992
1780219236297221610,fast_tip,B,0xab93feaa6433133a1b626890a23b4466643c4444,范小勇,2362752872757671,1080487951222620,-1282264921535051,-0.001282,-0.93,-0.542700,6712,6992,722.83,101472996,101473136,63,1,kol_sell,0xf6aab58fe32d12f2249eec2e0711a2765c7f3bc7aea374467a8c63827f6b055b,1,5885,5885,3195
1780219433965237313,fast_tip,B,0xdec5b13fbbe7239c96ba18b9160b774ea5374444,币安证券,2234526380604166,1043166030734774,-1191360349869392,-0.001191,-0.86,-0.533160,21202,21260,723.53,101473435,101473728,132,1,kol_sell,0x1c50e43d192bf478749041f66d4cf33c9d33b1983697d378e350b2f21d7cba0c,1,18681,18681,9930
1780219637689886228,fast_tip,O,0xa1ce6458799a2f44d42e81453ae9386116ce4444,股票,7461213931386903,8739120637953633,1277906706566730,0.001278,0.92,0.171273,5151,5366,723.79,101473888,101473925,17,1,kol_sell,0x6081b9e547bed7f2911865c1497a0f7506a8a8430b3c3e733389587f98f6317d,1,7168,7168,6285
1780219637689886228,fast_tip,O,0xa1ce6458799a2f44d42e81453ae9386116ce4444,股票,2238364179416071,1524524626617454,-713839552798617,-0.000714,-0.52,-0.318911,5151,5366,723.60,101473888,101474029,64,1,kol_sell,0x1f5c669a004de2f0401822b4a71feece530be5f24e4a18a49dfc01ce45faba09,1,5876,5876,3654
1780219909941822138,fast_tip,O,0xd9c197498d49d2b1ac9bd288d0ffa1a057314444,何一,14456549602953535,17041072819023490,2584523216069955,0.002585,1.87,0.178779,4310,4490,722.37,101474492,101475272,352,1,kol_sell,0x5623002238c376309615cedb0bca935aa821d9204e7eedac9ae729fb542539ed,1,5768,5768,5280
1780190542155403667,fast_tip,O,0x63ee24bfe3132ef0918a5a02bd5e236261b94444,币安木鱼,16499487229086290,17066007945791982,566520716705692,0.000567,0.41,0.034336,9198,9264,722.26,101409303,101476572,30305,1,kol_sell,0x3e209dc160a84442cbc8a73a493c73208a8aaf2aba66a0c9ee71e46e8cfec482,1,10702,10702,9588
1780190157487093802,fast_tip,O,0xdeb8b35a35ff8e37319699ff600808037ec34444,Alpaca,4493589251299710,29063852084691713,24570262833392003,0.024570,17.75,5.467848,12392,14541,722.34,101408449,101476642,30721,1,kol_sell,0xcaa0cb13338509edd5f98e5458320646ba3cb3046b13f347d0813ddf50c7b8b2,1,99391,99391,93927
1780219141302025533,fast_tip,N,0xdec5b13fbbe7239c96ba18b9160b774ea5374444,币安证券,4427772861410500,2445525831298308,-1982247030112192,-0.001982,-1.43,-0.447685,17745,17798,719.11,101472785,101478363,2512,1,kol_sell,0xdddbda8054e6eedb7a30c66d4380c554d42a01c3c13a47d33ff21a11250805b6,1,14144,14144,9763
1780202470387242933,fast_tip,G,0xdbdab51c866d570bdd491388ec6c1c7895bc4444,Stocks,5448891470777402,5907009454532937,458117983755535,0.000458,0.33,0.084075,22440,23375,719.24,101435780,101478511,19250,1,kol_sell,0x0a497b8a735c44792d6f2147dc78836729bece82626bda086795f86aabeb1ab4,1,29272,29272,24806
1780221785232054415,fast_tip,D,0x8acfa2c2ab86954a848a1d555a65ab2df4b24444,招财猫,14215583248091991,16885473507146706,2669890259054715,0.002670,1.92,0.187814,5509,5738,719.48,101478655,101478674,9,1,kol_sell,0x97ae8757409bae3bed289857e60bc4e644646822affe240b71990fae0a433d2f,1,7451,7451,6816
1780221785232054415,fast_tip,D,0x8acfa2c2ab86954a848a1d555a65ab2df4b24444,招财猫,28861941746126166,21205778495299154,-7656163250827012,-0.007656,-5.51,-0.265268,5509,5738,720.05,101478655,101478756,45,1,kol_sell,0xa22bf3f423919b3ab188559f86c8dbafc90915c9da649160e982621adb885648,1,4568,4568,4220
1780225063565190369,fast_tip,B,0x6e7da6cbf240e6c4aec4801f256ab79f37da4444,ADTX,2115390345617227,690465912559526,-1424924433057701,-0.001425,-1.03,-0.673599,7944,8275,719.73,101485933,101485959,12,1,kol_sell,0xb3bd0c8a965dd8e4cac17a10f8d2ca84a0bf58fa5a10206bf26e4535c9e63b22,1,6210,6210,2701
1780177296654974600,fast_tip,N,0x2c5c396f02a49232bf6ef1474557d587e7a54444,binondo,11808263675758150,5174128822458808,-6634134853299342,-0.006634,-4.77,-0.561821,18328,19091,719.37,101379888,101486770,48144,1,kol_sell,0x9ccd33d22fb247a3ba4d374f99acc30bd01786f8d7313e9b374abb2a9f0abeed,1,10125,10125,8371
1780226253274405080,fast_tip,D,0x24fa90aebfc85945ad0e605b0f00480736374444,新天涯,14051036239363505,18144169296449971,4093133057086466,0.004093,2.95,0.291305,7008,7300,721.49,101488575,101488609,15,1,kol_sell,0x5de79d1a3872ed8c0136cfae1f4bdaefa7fdb157951285a40d67b71c01d91975,1,10267,10267,9425
1780226253274405080,fast_tip,D,0x24fa90aebfc85945ad0e605b0f00480736374444,新天涯,16551865216584040,18039605381327342,1487740164743302,0.001488,1.07,0.089884,7008,7300,721.24,101488575,101488710,61,1,kol_sell,0x966bdf447bc4f49f1b8bdca38435c8cd6e3c0f01e529bb535631b2089abcc4fa,1,8665,8665,7952
1780226815207143162,fast_tip,B,0xc3e30dee3700ec6579c1242357ebddaff789ffff,Stockman,1972897902311457,461969675039773,-1510928227271684,-0.001511,-1.09,-0.765842,12297,12809,721.78,101489822,101489950,58,1,kol_sell,0x560ef103089645da373b5c15f3bd5928c0b19863e76a57f1351692fee77d69be,1,8756,8756,3003
1780227479971039319,fast_tip,N,0xc3e30dee3700ec6579c1242357ebddaff789ffff,Stockman,3258506024057226,1994130199368607,-1264375824688619,-0.001264,-0.91,-0.388023,14334,14931,720.15,101491298,101491310,5,1,kol_sell,0xff5a95ba33e7fcbd8dadd54805579bd3fbe1863aa2ef0b87097f2c8379f978c7,1,13495,13495,9138
1780227127720105650,fast_tip,M,0x24fa90aebfc85945ad0e605b0f00480736374444,新天涯,1000897159365936,636586494943698,-364310664422238,-0.000364,-0.26,-0.363984,6074,6327,720.36,101490516,101491404,400,1,kol_sell,0x26dab5747595c6d04a8c5b4a91dcf6db1ed20621e76b4b8e6d7465727890a931,1,9674,9674,4023
1780225118497741615,fast_tip,G,0x7e4c74e547ad6adb3fbc833849eb0e13cf644444,ADTX,9705860782139864,3514027672565466,-6191833109574398,-0.006192,-4.47,-0.637948,11127,11590,721.53,101486055,101492240,2786,1,kol_sell,0x5f5d39ab9f5edea52f954b19407689c6d797240cb682f68a4f54c7dfcd1263ed,1,5418,5418,4206
1780202470387242933,fast_tip,G,0xdbdab51c866d570bdd491388ec6c1c7895bc4444,Stocks,5451071463364232,6197938563047758,746867099683526,0.000747,0.54,0.137013,22440,23375,721.53,101435780,101492244,25436,1,kol_sell,0xdce4d258d324cbedc34a1ab3a3a6e25456dc3e753d7545d13d142e6c910d46e0,1,30211,30211,26100
1780212531324734316,fast_tip,G,0x4fb39cc4a1239e8ec7df0ebc000a8a14ff2d4444,Stockmaxxing,10517086251792724,4212854292285915,-6304231959506809,-0.006304,-4.55,-0.599428,9568,9966,721.53,101458111,101492248,15377,1,kol_sell,0xcfadba5887dd418c3e2c20b7ffad2be24064ce08f83d368d3baa0ff033ab1114,1,4966,4966,3981
1780204598224995427,fast_tip,G,0xb63b4f9c215e76db561279fd200da68c13114444,Nest,4905964317027809,5167401900962000,261437583934191,0.000261,0.19,0.053290,10751,12174,721.53,101440504,101492253,23312,1,kol_sell,0x46d16e8ec3ecb42a40e114037aa76067b20e6a22cca2b3f43a5f1465f8b9f81f,1,15208,15208,12576
1780227127720105650,fast_tip,M,0x24fa90aebfc85945ad0e605b0f00480736374444,新天涯,158108540409049,150139667596079,-7968872812970,-0.000008,-0.01,-0.050401,6074,6327,721.11,101490516,101492671,971,1,kol_sell,0x196132b6bcd662876a0fc19153ed1b0671830d3952efb6c630b2c6f51316eb6c,1,40976,40976,6013
1780226253274405080,fast_tip,D,0x24fa90aebfc85945ad0e605b0f00480736374444,新天涯,3950881159276906,18277394694451287,14326513535174381,0.014327,10.33,3.626157,7008,7300,721.22,101488575,101492757,1884,1,kol_sell,0xf0a52511ad98bdfefa35533a58ad8674f7bf79e588859e7167f1b819ba7c6e92,1,36759,36759,33752
1780228371370092568,fast_tip,B,0x067909e54746542b8ddf89f146b741f952654444,做饭，大家一起吃,1821805079584288,778440535644119,-1043364543940169,-0.001043,-0.75,-0.572709,4297,4476,722.03,101493277,101493281,2,1,kol_sell,0xda976a1b659253a7f65576f17d471468f947e48e0c5b640a7fed2779b0b0746b,1,4119,4119,1912
1780228476696814397,fast_tip,B,0x03402101bf9aeb273e51ec60b8e9f83c644f4444,Xstocks,1376035862502445,607632020846843,-768403841655602,-0.000768,-0.55,-0.558418,12635,13161,722.19,101493511,101493554,19,1,kol_sell,0xcebb1989e2926b96f2b8f55ff19d7e2cfda0eb37e9a482b71f7f9c463d85e161,1,14333,14333,5813
1780228476696814397,fast_tip,B,0x03402101bf9aeb273e51ec60b8e9f83c644f4444,Xstocks,341432762687826,0,-341432762687826,-0.000341,-0.25,-1.000000,12635,13161,722.46,101493511,101493613,46,1,kol_sell,0x9904aed6ebb72c38a23b16883a26f331b69d19c20d86ebd5c38379efa7ae886a,1,8264,8264,0
1780228827538617221,fast_tip,N,0x56c249ea723a5195b0ce01e6e4b0f90c5c6d4444,xStocks,2818861597429528,1782771790498369,-1036089806931159,-0.001036,-0.75,-0.367556,4697,4893,721.76,101494290,101494292,1,1,kol_sell,0x0868e74ac5c0681d27a4c52418d7c5a233b9a857704934ffea3c4f9f7d581ad3,1,4726,4726,3094
1780162093971529251,fast_tip,I,0x4cbf5c2cd640ba66a6d449ed788b596e6b0e4444,HAY,24434024614314737,16305833978209904,-8128190636104833,-0.008128,-5.87,-0.332659,6909,8184,722.04,101346135,101494381,66774,1,kol_sell,0x2ccdb45c4f63e36e2e39a8d6d7cd44e878ee5c3f63490eae9cfb4e9dfa6edc93,1,6131,6131,5600
1780228902170848249,fast_tip,M,0x03402101bf9aeb273e51ec60b8e9f83c644f4444,Xstocks,697004357652472,1142231062919343,445226705266871,0.000445,0.32,0.638772,20622,21481,721.26,101494456,101494619,73,1,kol_sell,0x80ca32bb94a9b782c5e6da6802ec5e0a26f0c54b040ad53a090612fbf82d2bfe,1,68904,68904,35184
1780228949874783440,fast_tip,E,0x03402101bf9aeb273e51ec60b8e9f83c644f4444,Xstocks,3331600318993952,4169298335484662,837698016490710,0.000838,0.60,0.251440,38598,40207,721.26,101494562,101494647,38,1,kol_sell,0x80698d9365b243917874acbf0046558489bc128bf9ed72390806df766cfaecf5,1,60088,60088,50300
1780228949874783440,fast_tip,E,0x03402101bf9aeb273e51ec60b8e9f83c644f4444,Xstocks,1110533439664651,861663145942757,-248870293721894,-0.000249,-0.18,-0.224100,38598,40207,721.26,101494562,101494666,47,1,kol_sell,0xe592bc818b8ae5d185616ff2cdcfb94b8e1d31964e723b6881f2fc15b4f9efc9,1,61001,61001,31186
1780228902170848249,fast_tip,M,0x03402101bf9aeb273e51ec60b8e9f83c644f4444,Xstocks,174251089413118,0,-174251089413118,-0.000174,-0.13,-1.000000,20622,21481,721.49,101494456,101494724,121,1,kol_sell,0x292ff418807f068f130210fad14907bce1f05c409ef7cee0a0c27b059803683e,1,89640,89640,0
1780229066195691256,fast_tip,E,0x03402101bf9aeb273e51ec60b8e9f83c644f4444,Xstocks,8551931408777421,7821564902105292,-730366506672129,-0.000730,-0.53,-0.085404,141545,141924,721.26,101494820,101494912,41,2,kol_sell,0xed7dc10176f82786c0a07456c6550ca31752b9c843084701c381607191c06bdc,1,137946,137946,129928
1780229240058877376,fast_tip,E,0x03402101bf9aeb273e51ec60b8e9f83c644f4444,Xstocks,4427979880268272,3935457897470740,-492521982797532,-0.000493,-0.35,-0.111229,76677,76886,720.76,101495206,101495213,3,1,kol_sell,0xf25dcbfefcdce1932555aff4b57eb06a85c67e518815868a3aa9960ba5d91e9e,1,82046,82046,68334
1780228902170848249,fast_tip,M,0x03402101bf9aeb273e51ec60b8e9f83c644f4444,Xstocks,472896054576434,129035734993790,-343860319582644,-0.000344,-0.25,-0.727137,20622,21481,720.98,101494456,101495621,525,2,kol_sell,0x23209fdf18a291b684e2002fe9c2c64f845d1609ee0e02e26746cbef2b5a69f3,1,110663,110663,14886
1780216927939051955,fast_tip,O,0x2f701b108a9af5558960325a0239d0a13c2c4444,bStocks,18546097435398413,18474273646668109,-71823788730304,-0.000072,-0.05,-0.003873,638845,640663,721.42,101467870,101495711,12540,2,kol_sell,0xbd3b45f8dd2af6bd55e57ceb7e87b1953cb0f18838de9c3232d03e9936308600,1,646064,646064,621567
1780229599528830143,fast_tip,N,0x459903298dda256bc66c7129bcc616dec4de7850,TICK,1047992476218668,822079967720868,-225912508497800,-0.000226,-0.16,-0.215567,1299,1306,721.83,101496004,101496017,6,1,kol_sell,0x8644d14604657a22d4ebfaf9b6c4e4359c03d1f368d5be0f19234749a5cf16c3,1,2603,2603,1024
1780229599528830143,fast_tip,N,0x459903298dda256bc66c7129bcc616dec4de7850,TICK,3212989297710756,230329653437401,-2982659644273355,-0.002983,-2.16,-0.928313,1299,1306,722.89,101496004,101496400,179,2,kol_sell,0x361f80d3f0a2ab7078839e503578aadeb93705224de0d982979f887c30e5da70,1,738,738,138
1780227127720105650,fast_tip,M,0x24fa90aebfc85945ad0e605b0f00480736374444,新天涯,980498609172580,932575377030647,-47923232141933,-0.000048,-0.03,-0.048876,6074,6327,723.60,101490516,101496674,2774,3,kol_sell,0x91df81128e751a896313122c7b0b614546393c58ead0a785ca552a9444ad477e,1,40722,40722,20694
1780230076564807513,fast_tip,N,0x7e49555a23ddf2ba74bf368ebac72701c33e4444,异类,1690647663851440,530952584554476,-1159695079296964,-0.001160,-0.84,-0.685947,8218,8560,723.90,101497063,101497070,3,1,kol_sell,0x85b3646d7cb579b8b3512a671d1d4c4832a253ddecdf588bbb11a2220025c817,1,7172,7172,2688
1780230092284748099,fast_tip,M,0x7e49555a23ddf2ba74bf368ebac72701c33e4444,异类,710193264510740,176849339081481,-533343925429259,-0.000533,-0.39,-0.750984,6671,6949,723.90,101497098,101497104,3,1,kol_sell,0xca00980a7e6925e54d9debdb26b1d6f6a6a5fd66250b01c225c620820d473596,1,10250,10250,1730
1780228902170848249,fast_tip,M,0x03402101bf9aeb273e51ec60b8e9f83c644f4444,Xstocks,2539054449432516,3172886517707100,633832068274584,0.000634,0.46,0.249633,20622,21481,724.92,101494456,101497357,1307,3,kol_sell,0x4d80bbc3c541704343b16b812c2bea6b3ac59ef20ed001f4e240fb4f6c7f820a,1,120779,120779,94013
1780230232036785948,fast_tip,G,0xe570afdc1f492f427635dc25684d91bf029e4444,xStocks,4790023626065396,4312393099484573,-477630526580823,-0.000478,-0.35,-0.099714,8171,8511,724.25,101497408,101497468,27,1,kol_sell,0x8a92f5af044093cd1b8164e38ab23511010441c660df1e35e218e35a89bfb4dc,1,9506,9506,7655
1780230232036785948,fast_tip,G,0xe570afdc1f492f427635dc25684d91bf029e4444,xStocks,4790023626065396,3718818494377009,-1071205131688387,-0.001071,-0.78,-0.223633,8171,8511,724.25,101497408,101497480,32,1,kol_sell,0xf63c03816abb9ffdc7c4d4ca5af08bc1886e4d3138b362a12e7d5d8a3a306f15,1,8409,8409,6602
1780229459939738595,fast_tip,G,0x56c249ea723a5195b0ce01e6e4b0f90c5c6d4444,xStocks,10644496946811991,4798323121136733,-5846173825675258,-0.005846,-4.23,-0.549220,34519,35958,724.25,101495694,101497502,814,1,kol_sell,0xe7276f0a28bfc5307e82aa4675267ff24d1703fc0b32fec5b64242df62d728a3,1,21004,21004,16273
1780155395963371998,fast_tip,H,0xa3b2e6fe983ac7193f2e098ad6f7c195a3824444,hey stock,2359958213160027,635261538438547,-1724696674721480,-0.001725,-1.25,-0.730817,0,0,724.25,101318344,101497503,74879,1,kol_sell,0xb21b6583711ea2c4657981a438f85fb41f428d1f09bba64d95b95627e5f60861,1,218478,218478,95369
1780230300946861091,fast_tip,G,0x7e908eb7f06535cbe36613365a30f68f0f564444,高质量女性,4952497999208772,5649500632537660,697002633328888,0.000697,0.50,0.140738,4577,4768,724.10,101497561,101497585,11,1,kol_sell,0x775858ec4bbc713f374ccca865e6ddf8448119525110f9dfd934d6c0767ff0b1,1,6497,6497,5439
1780230300946861091,fast_tip,G,0x7e908eb7f06535cbe36613365a30f68f0f564444,高质量女性,990499599841754,495208354765391,-495291245076363,-0.000495,-0.36,-0.500042,4577,4768,724.10,101497561,101497604,20,1,kol_sell,0x3face3be9d7c0ff3b36ed9eb3b7f7323f04c8386b4926813210ff41971b5757a,1,6638,6638,2384
1780230300946861091,fast_tip,G,0x7e908eb7f06535cbe36613365a30f68f0f564444,高质量女性,792003480033467,487645850801304,-304357629232163,-0.000304,-0.22,-0.384288,4577,4768,723.01,101497561,101497816,115,1,kol_sell,0xb8fe124846078dc0866881769a45e606373720af508f65679fa7a50d252d9986,1,8250,8250,2931
1780230428870039160,fast_tip,G,0xc9a4cfe665c72397c6670f6eda8d909f27deffff,4,4788865941193113,7097398904408311,2308532963215198,0.002309,1.67,0.482063,11946,12444,722.88,101497844,101497881,17,1,kol_sell,0x2bbac8784830ebef5fd2dfeb5b79f58c42295f3c5fc06dd678755bcbc7b45884,1,21454,21454,18440
1780230428870039160,fast_tip,G,0xc9a4cfe665c72397c6670f6eda8d909f27deffff,4,957294301644503,601361123381720,-355933178262783,-0.000356,-0.26,-0.371812,11946,12444,722.88,101497844,101497888,20,1,kol_sell,0xcbe0e6d1c2820c396b0e396b4e3a1bb4881d4312efd2717c24c0cd695a9f3b9b,1,19379,19379,7816
1780230528406592326,fast_tip,E,0xc9a4cfe665c72397c6670f6eda8d909f27deffff,4,1066903709955362,383657009146255,-683246700809107,-0.000683,-0.49,-0.640401,76882,77090,722.80,101498065,101498129,29,3,kol_sell,0x8e232c41d20d125ad6c977659e737ad80c083db72093d28ac93e9b85a19a5fa8,1,92596,92596,29578
1780230528406592326,fast_tip,E,0xc9a4cfe665c72397c6670f6eda8d909f27deffff,4,960320029330822,243391713541418,-716928315789404,-0.000717,-0.52,-0.746551,76882,77090,722.80,101498065,101498131,30,3,kol_sell,0xca1bfb619a781e0d054d4a85626edb58661a6b228ba8ae918a6520d60c2998cf,1,89981,89981,20847
1780230428870039160,fast_tip,G,0xc9a4cfe665c72397c6670f6eda8d909f27deffff,4,766314327909722,3752361499161425,2986047171251703,0.002986,2.16,3.896635,11946,12444,722.80,101497844,101498141,134,1,kol_sell,0x20be15993d982db39ae79e305ce9a015b9af64bbb26458032853e9e09d70b259,1,90507,90507,60917
1780230528406592326,fast_tip,E,0xc9a4cfe665c72397c6670f6eda8d909f27deffff,4,865249307708381,117037678926775,-748211628781606,-0.000748,-0.54,-0.864735,76882,77090,722.80,101498065,101498161,43,3,kol_sell,0xcbfa431dd9becdd55a0c4610b665db63d00c7d3891cadfefd86eea040ac95322,1,79229,79229,11126
1780230528406592326,fast_tip,E,0xc9a4cfe665c72397c6670f6eda8d909f27deffff,4,778724376937543,0,-778724376937543,-0.000779,-0.56,-1.000000,76882,77090,722.80,101498065,101498170,47,3,kol_sell,0xd4a7f92e3e95831f40114f97808ad5054bcfada7c17ce3971e64a87d3564aad9,1,86333,86333,0
1780230528406592326,fast_tip,E,0xc9a4cfe665c72397c6670f6eda8d909f27deffff,4,7008519392437889,3604336580971152,-3404182811466737,-0.003404,-2.46,-0.485721,76882,77090,722.80,101498065,101498190,56,3,kol_sell,0x62df7707f72e1945169ae66496ef7e820fbc54a07e321261300eed6342f13c62,1,55070,55070,42301
1780230562164260227,fast_tip,B,0xc9a4cfe665c72397c6670f6eda8d909f27deffff,4,1606484964755928,16486542339345,-1589998422416583,-0.001590,-1.15,-0.989738,87821,88048,723.22,101498140,101498197,26,1,kol_sell,0x0d04335e80d259397c273f17e0375b2bf140909a2350dffcd900b7d6a9cbae6f,1,45741,45741,904
1780230428870039160,fast_tip,G,0xc9a4cfe665c72397c6670f6eda8d909f27deffff,4,3065257311638888,10064775072000798,6999517760361910,0.007000,5.07,2.283501,11946,12444,724.37,101497844,101499796,879,1,kol_sell,0x6d1af3247ceb0eb4e4d816e6f5e4394824a5e0edd668fcc6297e9e9a42c47ab2,1,46123,46123,40937
1780231255053908719,fast_tip,N,0xc9a4cfe665c72397c6670f6eda8d909f27deffff,4,884811655812427,9651907025913,-875159748786514,-0.000875,-0.63,-0.989092,46799,46921,724.37,101499678,101499845,75,1,kol_sell,0xfe15de553861028085c71d2343d62ecb2eb0aae31de1b26f3fd232dbcf8be6d3,1,46148,46148,512
1780231597736917343,fast_tip,N,0x47e0b4842fecfa372530a2aeb296293894014444,梗股,968613887694965,419624886314515,-548989001380450,-0.000549,-0.40,-0.566778,4996,5205,724.32,101500439,101500474,16,1,kol_sell,0x7d1f6943b76ec845b5f2b06f5ff7706ca101aea82b495d612d47dd6c0f773ce9,1,6985,6985,2255
1780231597736917343,fast_tip,N,0x47e0b4842fecfa372530a2aeb296293894014444,梗股,70895871154275,0,-70895871154275,-0.000071,-0.05,-1.000000,4996,5205,724.27,101500439,101500646,93,1,kol_sell,0x2fd69468f5c9ca49ba62fc79883a8c75063a804b094ea31726780d97dbcf26ca,1,7330,7330,0
1780232096679058604,fast_tip,H,0x657d501d330ed350460e0d98084793047dc74444,海外天涯,5072209659168345,5781693113376143,709483454207798,0.000709,0.51,0.139877,9066,9444,723.08,101501545,101501616,32,1,kol_sell,0x16fb908464094da2a8c149efa7c021cc27d3f86ada81f4561a109d3866436368,1,12821,12821,10763
1780232096679058604,fast_tip,H,0x657d501d330ed350460e0d98084793047dc74444,海外天涯,7611485412520440,8040780880464391,429295467943951,0.000429,0.31,0.056401,9066,9444,723.08,101501545,101501627,37,1,kol_sell,0xb8e9de056ff1e6f3066dcfa3992ee93b12d03040db4e89d782b067bcb12bd84c,1,11463,11463,9975
1780231597736917343,fast_tip,N,0x47e0b4842fecfa372530a2aeb296293894014444,梗股,378665772182921,0,-378665772182921,-0.000379,-0.27,-1.000000,4996,5205,724.21,101500439,101501871,646,1,kol_sell,0xed55573349d65ac893aa86d13f46a904167295ed2ae709818258af858f5751c2,1,4462,4462,0
1780232383732892251,fast_tip,M,0x17b5d9b58c477b6e0e1c40a2c518c6b277a44444,ANAN,1326402061031218,0,-1326402061031218,-0.001326,-0.96,-1.000000,14885,15505,723.88,101502182,101502254,32,1,kol_sell,0x6649df86722125a97d643e19123ebf50cd08157c38aab828d856ae1b165b020a,1,8902,8902,0
1780226022267400693,fast_tip,M,0xdbdab51c866d570bdd491388ec6c1c7895bc4444,Stocks,1815093773218606,487794114220861,-1327299658997745,-0.001327,-0.96,-0.731257,31947,32032,724.89,101488062,101503509,6959,1,kol_sell,0xafae025e4d3564e74fa54425b475aa47486ddefe5785e4597908dc425567f203,1,24373,24373,8666
1780230092284748099,fast_tip,M,0x7e49555a23ddf2ba74bf368ebac72701c33e4444,异类,391393930325215,0,-391393930325215,-0.000391,-0.29,-1.000000,6671,6949,731.20,101497098,101506230,4115,1,kol_sell,0xd87eb76e3c58e21189bd5191085b472b79bf2cd01ef2073c5f98b429a2207bc7,1,9650,9650,0
1780231255053908719,fast_tip,N,0xc9a4cfe665c72397c6670f6eda8d909f27deffff,4,2008186966669713,187543833016047,-1820643133653666,-0.001821,-1.33,-0.906610,46799,46921,729.22,101499678,101507323,3444,2,kol_sell,0xc64cf26faecfaae3afe3a3cee19319bf76ae727aec0d798659bdd30bfefe1c20,1,16855,16855,2994
1780191818518739523,fast_tip,O,0x4a34e924b14853f8165704e961fcb3dc7de84444,Plutus,16219670521273943,69158004834250429,52938334312976486,0.052938,38.48,3.263835,8108,9510,726.92,101412137,101509217,43734,2,kol_sell,0xc0f03f81ed77f5c2e53b1a7c82bf8b3e3c6f7a3813df693699d6f9cc729eae61,1,139048,139048,128929
1780235984370292514,fast_tip,E,0x65651f4406fd6fa67db16af20ca5c87b9a674444,娜塔莎,3307725530411227,2061141175030957,-1246584355380270,-0.001247,-0.91,-0.376871,62329,62496,726.92,101510175,101510258,37,1,kol_sell,0x565a2907e57b914f00e386e3ab1eda79b7f1dec4d3cac899b728f04b4a228c08,1,56311,56311,38975
1780236036185079565,fast_tip,E,0x03402101bf9aeb273e51ec60b8e9f83c644f4444,Xstocks,3183067094873200,2400903515075272,-782163579797928,-0.000782,-0.57,-0.245726,32534,32623,726.75,101510290,101510348,26,1,kol_sell,0x3fce2dbbe825d9ebeb16b044760f4a31f607a90929e7f3d048bc6cd2ead06afe,1,33567,33567,24601
1780236155694600602,fast_tip,E,0xaf1de2a9c8b0c3e325fdb5df4d7ded8106e94444,川蜀小堆,3104850736893407,1489504391909542,-1615346344983865,-0.001615,-1.17,-0.520265,6371,6637,726.84,101510555,101510594,18,1,kol_sell,0x8b49e7d3faa97e8e8cb6d859eadb6b4e86cb08bee74bdc1840116c070f6231a0,1,5157,5157,3185
1780237115454578638,fast_tip,L,0x81b5ec9b10242b0de5d617b4351aeca44e044444,Trust咪,7749937510315112,9951825840545216,2201888330230104,0.002202,1.59,0.284117,6394,6661,723.21,101512683,101512692,4,1,kol_sell,0x993b40285161c6bc3a285c36473cb3134f6466eddf724bcf341835c615a6275a,1,9652,9652,8553
1780237115454578638,fast_tip,L,0x81b5ec9b10242b0de5d617b4351aeca44e044444,Trust咪,5812453132736334,8094124043173845,2281670910437511,0.002282,1.65,0.392549,6394,6661,723.21,101512683,101512698,7,1,kol_sell,0x70c3c80fdc8c1a070bf67e2a28ca0c6fca313c7257752455c3cde444790ef107,1,10652,10652,9275
1780237115454578638,fast_tip,L,0x81b5ec9b10242b0de5d617b4351aeca44e044444,Trust咪,17437359398209003,11456013587413373,-5981345810795630,-0.005981,-4.32,-0.343019,6394,6661,721.77,101512683,101512818,61,1,kol_sell,0x1d925b6081d37b76075fb34f12f6f77af4d9e364540e41445d31370569cd6ccf,1,4879,4879,4367
1780237297884232331,fast_tip,N,0x1706c3a7c000d6e3ce28248bd3c94ab9e1444444,stonks,1205242803205961,292121899180473,-913120904025488,-0.000913,-0.66,-0.757624,23994,24057,724.97,101513088,101513141,24,1,kol_sell,0xeba5bff18704e902180474090412ed00ad93e23be15594a345446f23b1013690,1,23151,23151,5831
1780237376239504056,fast_tip,C,0xedb65466fb60e882bd0137261a5f06a47eef7777,WICK李爱心基金会,32671238799497440,0,-32671238799497440,-0.032671,-23.70,-1.000000,7955,8286,725.26,101513262,101513282,9,1,kol_sell,0x26483fd5fb52729f21f23e0e2d7b1ea65c7be323b9f87736f2ac1936e5650673,1,81,81,0
1780238236221957011,fast_tip,H,0x373a0bac19a44100ecdb358e7682a8035cf84444,峰学,12797572963903960,9646562022436495,-3151010941467465,-0.003151,-2.27,-0.246219,5062,5273,720.93,101515172,101515228,25,1,kol_sell,0xb3fbade585fccf224d4b3c8d90685cd938d9081ba474f1a46b17f9371b2cf776,1,4497,4497,3974
1780238289858616412,fast_tip,C,0xc9a4cfe665c72397c6670f6eda8d909f27deffff,4,29404114919547696,21990783221555848,-7413331697991848,-0.007413,-5.34,-0.252119,24071,24193,720.05,101515291,101515805,231,1,kol_sell,0xe608153d389d8890c913c1b109872946969d4c66f243dec5349695af28f6456a,1,19884,19884,18107
1780238532905582805,fast_tip,C,0xc48bff2157f3183f51910dfec77a21a5b4e37777,币股机,11462246421724429,0,-11462246421724429,-0.011462,-8.25,-1.000000,8960,9333,719.81,101515831,101516011,81,1,kol_sell,0xf2b57626d3686f4cd5e4a83060b0858585678b8ab4b82870769652beda5191e2,1,344,344,0
1780238532905582805,fast_tip,C,0xc48bff2157f3183f51910dfec77a21a5b4e37777,币股机,6020187364808428,0,-6020187364808428,-0.006020,-4.33,-1.000000,8960,9333,718.97,101515831,101516191,162,1,kol_sell,0x72ee102428f2b2c384e764edb69d61f3bd5df73e9400d55356156361ba09de21,1,419,419,0
1780238532905582805,fast_tip,C,0xc48bff2157f3183f51910dfec77a21a5b4e37777,币股机,11180347963215654,0,-11180347963215654,-0.011180,-8.05,-1.000000,8960,9333,720.29,101515831,101517523,762,1,kol_sell,0x7409d13a038a5554305215907fac295fb92f0ed202b686b483b284eb2d7c11e2,1,288,288,0
1780232570602156421,fast_tip,B,0xa39bd4cc56dae8033d376219549c0ad3be604444,莊,1447485122514270,400822619598714,-1046662502915556,-0.001047,-0.75,-0.723090,7739,7760,720.52,101502597,101519906,7797,1,kol_sell,0x128c3c8a46d263b629dd482367a655954903f7a006f7d1e9bf713ca103eae001,1,7131,7131,2141
1780241071474591265,fast_tip,H,0xa3b2e6fe983ac7193f2e098ad6f7c195a3824444,hey stock,4991740500715909,4234192610476976,-757547890238933,-0.000758,-0.55,-0.151760,293010,293825,720.30,101521467,101521508,18,1,kol_sell,0x7f7ddb9dd5449c0510d851c508fd24836c7bcb9fd0d43784f241f769e63c196f,1,293256,293256,249234
1780241071474591265,fast_tip,H,0xa3b2e6fe983ac7193f2e098ad6f7c195a3824444,hey stock,4993321530602933,3904414417592146,-1088907113010787,-0.001089,-0.78,-0.218073,293010,293825,720.30,101521467,101521514,21,1,kol_sell,0x245288ce9af9662dd0acce05380b90b6bf90542df3ff6a4df944d5f5289df622,1,281511,281511,229750
1780241071474591265,fast_tip,H,0xa3b2e6fe983ac7193f2e098ad6f7c195a3824444,hey stock,2497409838438371,1406359311304701,-1091050527133670,-0.001091,-0.79,-0.436873,293010,293825,720.73,101521467,101521539,32,1,kol_sell,0x6718b31aff24efc2e8df69fa7de96af88cf074e900673ef0ecd2cd35acfe04e4,1,262554,262554,165560
1780183103464194466,fast_tip,M,0x75a7dd0d1b7dea2a7e24ba2ed0d25fc2488e4444,Aggregator,10756509344321652,8680636709302688,-2075872635018964,-0.002076,-1.50,-0.192988,10647,12607,721.52,101392785,101522546,58454,3,kol_sell,0x6c00df760044b0cdbf5720b9ae4331ea4b61bbf5428f3b55687ea3ef83c02526,1,16612,16612,14553
1780155395963350368,fast_tip,O,0x3ed1c678dc03083ac59ed18fb45508dec3c94444,尊贵的币安证劵交易员,102691057435736485,102691057435736485,0,0.000000,0.00,0.000000,0,0,723.19,101265528,101523075,86400,1,price_unavailable,,0,0,0,0
1780155395963373588,fast_tip,M,0xdec5b13fbbe7239c96ba18b9160b774ea5374444,币安证券,13966499480999640,3951411992787695,-10015087488211945,-0.010015,-7.24,-0.717079,0,0,723.19,101301139,101523075,86400,1,timeout,,0,0,0,0
1780155395963350608,fast_tip,O,0xf4d17be2ee2040d2e5734ef53b0bb0cf53e74444,Binancemaxxx͏ing,4205625831255162,2762090713261996,-1443535117993166,-0.001444,-1.04,-0.343239,0,0,723.19,101261351,101523075,86400,1,timeout,,0,0,0,0
1780155395963372998,fast_tip,O,0x1706c3a7c000d6e3ce28248bd3c94ab9e1444444,stonks,18735468736759311,11945161863104850,-6790306873654461,-0.006790,-4.91,-0.362431,0,0,723.19,101319546,101523075,86400,1,timeout,,0,0,0,0
1780155395963372788,fast_tip,O,0xae81db9a78b79f41591fbecd0276eb65fc6a4444,BinanceTank.1,13103597236202438,13103597236202438,0,0.000000,0.00,0.000000,0,0,723.19,101305889,101523075,86400,1,price_unavailable,,0,0,0,0
1780155395963370598,fast_tip,A,0x02e75d28a8aa2a0033b8cf866fcf0bb0e1ee4444,PALU,3259203840439524,1566405135316889,-1692798705122635,-0.001693,-1.22,-0.519390,0,0,723.19,101300530,101523075,86400,1,timeout,,0,0,0,0
1780155395963369708,fast_tip,K,0x446914100390a21e810a41649ef1f56018b04444,帕鲁家族,27609820208682598,6139295024764775,-21470525183917823,-0.021471,-15.53,-0.777641,0,0,723.19,101287361,101523075,86400,1,timeout,,0,0,0,0
1780155395963347608,fast_tip,O,0x13762a21d45d102078269b0b0ac9a954104e4444,马维斯,7595116640621519,6450451304433643,-1144665336187876,-0.001145,-0.83,-0.150711,0,0,723.19,101232811,101523075,86400,1,timeout,,0,0,0,0
1780155395963370788,fast_tip,K,0xdec5b13fbbe7239c96ba18b9160b774ea5374444,币安证券,10098723144766422,3929411912438225,-6169311232328197,-0.006169,-4.46,-0.610900,0,0,723.19,101297751,101523075,86400,1,timeout,,0,0,0,0
1780155395963369508,fast_tip,O,0xe42fe2c48cd9fbcba20f12c75518a7cf1a734444,BGPT,3574491042511962,3574491042511962,0,0.000000,0.00,0.000000,0,0,723.19,101142633,101523075,86400,1,price_unavailable,,0,0,0,0
1780155395963358138,fast_tip,A,0x446914100390a21e810a41649ef1f56018b04444,帕鲁家族,1622728407335313,0,-1622728407335313,-0.001623,-1.17,-1.000000,0,0,723.19,101305095,101523075,86400,1,timeout,,0,0,0,0
1780155395963356678,fast_tip,A,0xdec5b13fbbe7239c96ba18b9160b774ea5374444,币安证券,3454433893583132,452720358282666,-3001713535300466,-0.003002,-2.17,-0.868945,0,0,723.19,101297861,101523075,86400,1,timeout,,0,0,0,0
1780155395963369118,fast_tip,A,0x2f15581f476489afcdfe1e4e20b7d595b4244444,小王子来咯,1064672108052699,1064672108052699,0,0.000000,0.00,0.000000,0,0,723.19,101311737,101523075,86400,1,price_unavailable,,0,0,0,0
1780155395963372598,fast_tip,M,0xf37d46478d98cf81d46c79f41502cc18cb244444,Meme stock,7324371885843285,7324371885843285,0,0.000000,0.00,0.000000,0,0,723.19,101297428,101523075,86400,1,price_unavailable,,0,0,0,0
1780155395963370008,fast_tip,O,0xe5b590f987e8acbad285c9b21801eaf6a2cc4444,1,6991496475347012,1987771156087023,-5003725319259989,-0.005004,-3.62,-0.715687,0,0,723.19,101130359,101523075,86400,1,timeout,,0,0,0,0
1780155395963357468,fast_tip,M,0x31071b2b08a8056db99e04a253cae54280124444,BTC,8179931593457806,8179931593457806,0,0.000000,0.00,0.000000,0,0,723.19,101159515,101523075,86400,1,price_unavailable,,0,0,0,0
1780155395963358598,fast_tip,O,0x8a302dea6f440e18f67999fa0de17c1d9a044444,币安韭菜,81922725165956991,81922725165956991,0,0.000000,0.00,0.000000,0,0,723.19,101300809,101523075,86400,1,price_unavailable,,0,0,0,0
1780155395963371788,fast_tip,O,0x0ad41495ce04620620cf6d124f8d1e90b98e4444,喜儿,18421660294192746,18421660294192746,0,0.000000,0.00,0.000000,0,0,723.19,101325991,101523075,86400,1,price_unavailable,,0,0,0,0
1780155395963373198,fast_tip,O,0xefcba31621bdd8960cd11fabc419413791354444,安交所,21070624711981280,11010558185478591,-10060066526502689,-0.010060,-7.28,-0.477445,0,0,723.19,101327128,101523075,86400,1,timeout,,0,0,0,0
1780155395963373398,fast_tip,O,0xfcc5e592b9ebfb7ad16c9417386b396d358865d4,STONKS,4525438275141576,5807635437932188,1282197162790612,0.001282,0.93,0.283331,0,0,723.19,101138189,101523075,86400,1,timeout,,0,0,0,0
1780155395963357938,fast_tip,O,0xec07e137c5d8b8e1f43fe51887e278995d514444,币安股票,111998362012968514,131212625367157974,19214263354189460,0.019214,13.90,0.171558,0,0,723.19,101297914,101523075,86400,1,timeout,,0,0,0,0
1780155395963368898,fast_tip,A,0xae81db9a78b79f41591fbecd0276eb65fc6a4444,BinanceTank.1,299213477048519,299213477048519,0,0.000000,0.00,0.000000,0,0,723.19,101306085,101523075,86400,1,price_unavailable,,0,0,0,0
1780155395963370408,fast_tip,O,0xe9ae476fb895c08ccc592ca8566c99d4894e4444,月薪喵,3126116230810970,3126116230810970,0,0.000000,0.00,0.000000,0,0,723.19,101253448,101523075,86400,1,price_unavailable,,0,0,0,0
1780155395963347258,fast_tip,A,0xab5a38e20368982855993a5f96dfe42205624444,交易全世界,3991811352313538,3991811352313538,0,0.000000,0.00,0.000000,0,0,723.19,101298819,101523075,86400,1,price_unavailable,,0,0,0,0
1780155395963343869,fast_tip,O,0xf649031dfeb7cc79f6a5f119b50bd4cd0e394444,币安美股,3808005014237541,3808005014237541,0,0.000000,0.00,0.000000,0,0,723.19,101138992,101523075,86400,1,price_unavailable,,0,0,0,0
1780155395963351348,fast_tip,O,0xdec5b13fbbe7239c96ba18b9160b774ea5374444,币安证券,3151519051302541,708051479978112,-2443467571324429,-0.002443,-1.77,-0.775330,0,0,723.19,101253816,101523075,86400,1,timeout,,0,0,0,0
1780155395963347438,fast_tip,C,0x271251648e0788cff82cac21b8679404b5a74444,美股交易员,18167323740645274,18167323740645274,0,0.000000,0.00,0.000000,0,0,723.19,101253456,101523075,86400,1,price_unavailable,,0,0,0,0
1780155395963371408,fast_tip,H,0xd45ff38d132114968091f154cdcc0dfea06b4444,Exchange the world,8720062490137804,9046222535846083,326160045708279,0.000326,0.24,0.037403,0,0,723.19,101129784,101523075,86400,1,timeout,,0,0,0,0
1780155395963350928,fast_tip,A,0x2f2bcbe4aa7132a880b0fc0e34da66e9a2d84444,BNC,511679008356638,0,-511679008356638,-0.000512,-0.37,-1.000000,0,0,723.19,101319299,101523075,86400,1,timeout,,0,0,0,0
1780155395963372398,fast_tip,A,0xb8cc4a6691c2e04edd8481bfff0f3e3df04d4444,Serenity,939073160466191,939073160466191,0,0.000000,0.00,0.000000,0,0,723.19,101301978,101523075,86400,1,price_unavailable,,0,0,0,0
1780155395963357088,fast_tip,O,0x9fd4371465111f08427104b7d33b0e87255d4444,BNB街,8462233364972313,9341077359387789,878843994415476,0.000879,0.64,0.103855,0,0,723.19,101138703,101523075,86400,1,timeout,,0,0,0,0
1780155395963370208,fast_tip,A,0xd45ba1026df058bf2b81a8142a02985f44ed4444,IB,442671148355102,442671148355102,0,0.000000,0.00,0.000000,0,0,723.19,101302844,101523075,86400,1,price_unavailable,,0,0,0,0
1780155395963357278,fast_tip,O,0xf671ab348b38357595b282dd49a07f5bffee4444,美股,11097613452931765,11097613452931765,0,0.000000,0.00,0.000000,0,0,723.19,101129660,101523075,86400,1,price_unavailable,,0,0,0,0
1780155395963351598,fast_tip,O,0x8b52085197d1ac0f5adc4cd90100724b98634444,八戒,1106044931390768,1106044931390768,0,0.000000,0.00,0.000000,0,0,723.19,101254110,101523075,86400,1,price_unavailable,,0,0,0,0
1780155395963356268,fast_tip,A,0x9938c7c81f5d3e16412b01d1c5a37c0be2d14444,月亮帽,6249311001750073,777551512574978,-5471759489175095,-0.005472,-3.96,-0.875578,0,0,723.19,101295493,101523075,86400,1,timeout,,0,0,0,0
1780155395963350118,fast_tip,A,0x6175842fe0d10ad0b80176d33f2b825bb5904444,七姐妹,2678505887412909,1080958038380355,-1597547849032554,-0.001598,-1.16,-0.596432,0,0,723.19,101295852,101523075,86400,1,timeout,,0,0,0,0
1780155395963357698,fast_tip,M,0x12f878ad8b903253a170775ad161a146cfc34444,尊贵的美股交易员,5963561318648976,3943397740639436,-2020163578009540,-0.002020,-1.46,-0.338751,38741,38849,723.19,101267472,101523075,86400,3,timeout,,0,0,0,0
1780155395963373778,fast_tip,O,0xa68caef00b18bf4f1639e18516b22061e07f4444,币安指数,90718673230504496,90718673230504496,0,0.000000,0.00,0.000000,0,0,723.19,101298618,101523075,86400,1,price_unavailable,,0,0,0,0
1780155395963369318,fast_tip,O,0x6b4f55aeda6e17f8f5fa0b7744121649f64c4444,苹果,18432700234711412,18432700234711412,0,0.000000,0.00,0.000000,0,0,723.19,101306283,101523075,86400,1,price_unavailable,,0,0,0,0
1780155395963344319,fast_tip,A,0xf37d46478d98cf81d46c79f41502cc18cb244444,Meme stock,4420038903840601,4420038903840601,0,0.000000,0.00,0.000000,0,0,723.19,101295587,101523075,86400,1,price_unavailable,,0,0,0,0
1780155395963356888,fast_tip,O,0x0f686334f9e81a34de4cdf3941a686f249884444,币安美股,124442624458853904,62566762544884330,-61875861913969574,-0.061876,-44.75,-0.497224,0,0,723.19,101292684,101523075,86400,1,timeout,,0,0,0,0
1780224991981519013,fast_tip,N,0x2f701b108a9af5558960325a0239d0a13c2c4444,bStocks,1791909493472178,1000343970818322,-791565522653856,-0.000792,-0.57,-0.441744,708645,710463,722.95,101485774,101523593,17037,6,kol_sell,0x037f7a8f46437c0414b743f864a95b0ff35d46d66033c54d86259b0fecae1afc,1,724957,724957,389309
1780224991981519013,fast_tip,N,0x2f701b108a9af5558960325a0239d0a13c2c4444,bStocks,1614512247321629,780722897217320,-833789350104309,-0.000834,-0.60,-0.516434,708645,710463,722.95,101485774,101523595,17038,6,kol_sell,0x8cb7f455f003b00bd0c50cd07b2013979548b2cdfd6700b371c8ffad2f43ca72,1,703895,703895,337222
1780224991981519013,fast_tip,N,0x2f701b108a9af5558960325a0239d0a13c2c4444,bStocks,3632652556473666,2783306906402741,-849345650070925,-0.000849,-0.61,-0.233809,708645,710463,720.66,101485774,101523829,17143,6,kol_sell,0x1dafc2e8b8e6973fb0c7f1f7deca6795a56693a65cd32f5d5a3bed1ed230a5d2,1,697688,697688,532621
1780155952082803857,fast_tip,H,0xdec5b13fbbe7239c96ba18b9160b774ea5374444,币安证券,12120175532493845,6898539082399916,-5221636450093929,-0.005222,-3.76,-0.430822,22599,22681,719.21,101332506,101524408,86443,1,timeout,,0,0,0,0
1780242520477730012,fast_tip,A,0xbcc89cee529b51e5692461d894325f7fa2144444,STOCKbn,1212266867252550,431822768408401,-780444098844149,-0.000780,-0.56,-0.643789,5916,6162,719.51,101524685,101524769,38,1,kol_sell,0x0cc299e4e3ba777b66e6b19318b8c52a4faf8f1ce121482409ae601a621a932c,1,6702,6702,2195
1780242501130949807,fast_tip,D,0xc56df9456cebefb33f9d18a952edbfaad2f94444,bn,11695407338701782,12479344328774500,783936990072718,0.000784,0.56,0.067029,4969,5177,718.66,101524642,101525064,190,1,kol_sell,0x6563c66d1fcb9c21b555c1f4c922c4bafd9f491f889bf0f500917d8485d95190,1,6131,6131,5517
1780242520477730012,fast_tip,A,0xbcc89cee529b51e5692461d894325f7fa2144444,STOCKbn,1212266867252551,86609716017220,-1125657151235331,-0.001126,-0.81,-0.928556,5916,6162,718.78,101524685,101525139,204,1,kol_sell,0x20c25f6410d85f98c96f00d688f16844841e93910f3b630119492d0c882c5651,1,4874,4874,440
1780242501130949807,fast_tip,D,0xc56df9456cebefb33f9d18a952edbfaad2f94444,bn,7839468054044078,29018731571500032,21179263517455954,0.021179,15.25,2.701620,4969,5177,719.90,101524642,101525307,299,1,kol_sell,0x6ac571e26dae632b02179cc6a18f1fccec2c0e4ad6d09af5fe4c140d6c317905,1,20544,20544,19172
1780242830533892111,fast_tip,B,0x03f033805b79836dbb6739c428ee3bbec01b4444,币安生命,2296220271500842,416595017454620,-1879625254046222,-0.001880,-1.35,-0.818574,8357,8705,719.97,101525374,101525394,9,2,kol_sell,0x93db13b8645d8b9773243ee3d2c9583dafbd651fa50703d3169c9f6e8c90b4a7,1,5290,5290,1693
1780242834077929808,fast_tip,D,0x6cdfce69ed643771c3bdea8f952d6cc350c74444,币安生命,34253239534230307,64745020778122321,30491781243892014,0.030492,21.95,0.890187,7423,7733,719.97,101525382,101525395,5,2,kol_sell,0x5bcebc45e5177e15ba9797b6e6102093191b0effa513e74af3493f7316226bec,1,20394,20394,19329
1780242829635921237,fast_tip,B,0x6cdfce69ed643771c3bdea8f952d6cc350c74444,币安生命,335704718055678,96691421859880,-239013296195798,-0.000239,-0.17,-0.711975,6647,6924,719.97,101525372,101525400,13,1,kol_sell,0x999d40ad816ce247f5a107864a51c071d0f77dded12d282915b9e9dbeb1282dc,1,19983,19983,1994
1780242829635921237,fast_tip,B,0x6cdfce69ed643771c3bdea8f952d6cc350c74444,币安生命,251778538541759,0,-251778538541759,-0.000252,-0.18,-1.000000,6647,6924,719.97,101525372,101525404,14,1,kol_sell,0x1c1ae40733f3849c3f4d498805c8e413fc8a822d9e5ff2ff4f90aa6ac88dee06,1,19156,19156,0
1780242829635921237,fast_tip,B,0x6cdfce69ed643771c3bdea8f952d6cc350c74444,币安生命,251753360687905,0,-251753360687905,-0.000252,-0.18,-1.000000,6647,6924,719.97,101525372,101525405,15,1,kol_sell,0xc35b0f35e40a0dc3909bc8ecae38448029253614d322816963c51403705713d5,1,19527,19527,0
1780242834077929808,fast_tip,D,0x6cdfce69ed643771c3bdea8f952d6cc350c74444,币安生命,17126619767115154,23907549594739871,6780929827624717,0.006781,4.88,0.395929,7423,7733,719.97,101525382,101525407,11,2,kol_sell,0xb925253027e421438aa56e76fbf8caec4480e1f825ad04b7e803a16036ed5743,1,15388,15388,14275
1780242829635921237,fast_tip,B,0x6cdfce69ed643771c3bdea8f952d6cc350c74444,币安生命,125845205508849,0,-125845205508849,-0.000126,-0.09,-1.000000,6647,6924,719.97,101525372,101525408,16,1,kol_sell,0x28b83e94e8d0b31280ff79a366100c63d396b54df440b2f5c6e5691d059285b9,1,14226,14226,0
1780242834077929808,fast_tip,D,0x6cdfce69ed643771c3bdea8f952d6cc350c74444,币安生命,17126619767115154,12239719144844424,-4886900622270730,-0.004887,-3.52,-0.285339,7423,7733,719.97,101525382,101525414,14,2,kol_sell,0x41c7f0112f0352d3dfd7f6368d6e77cb64d72e1f35faa77eb979b5a09538b2f9,1,8131,8131,7308
1780242829635921237,fast_tip,B,0x6cdfce69ed643771c3bdea8f952d6cc350c74444,币安生命,377737049428524,0,-377737049428524,-0.000378,-0.27,-1.000000,6647,6924,719.97,101525372,101525418,21,1,kol_sell,0xba965f1c65a44c002155d3cd96025f098f4d1479eea78b38d422fe39ad9797df,1,8011,8011,0
1780242869157025629,fast_tip,A,0x5f407a8cb28122dfa65ff9370e7be793bb404444,bn,2233923609497153,1572288128879996,-661635480617157,-0.000662,-0.48,-0.296176,15155,15786,720.47,101525460,101525618,71,1,kol_sell,0x51d01444a5162564aa2f2e3502841e76c219a26288ff985a33fd0b6e25331a49,1,17721,17721,11122
1780242884916107398,fast_tip,H,0x5f407a8cb28122dfa65ff9370e7be793bb404444,bn,26188075209232601,15509815904501671,-10678259304730930,-0.010678,-7.69,-0.407753,16675,17370,720.47,101525495,101525637,64,2,kol_sell,0x39aa84a8cb5a47ccae0aa6297fd6ba500e43a9e1fb0c03b0e7c198f9c1f25808,1,11879,11879,10823
1780243128925606721,fast_tip,N,0xe1e93e92c0c2aff2dc4d7d4a8b250d973cad4444,恶俗企鹅,4255697524570050,3335994370720276,-919703153849774,-0.000920,-0.66,-0.216111,153878,154267,719.85,101526037,101526051,6,3,kol_sell,0xa1b0c044c5eb9b92e52237343e6ae2fce9a1950789d1493d1a1f50f87337d156,1,154369,154369,123647
1780243676013059480,fast_tip,M,0x73bf26d39c52c35a734627a0a8bfc841ec724444,小小的你,2693001114834206,2852351104068409,159349989234203,0.000159,0.11,0.059172,4486,4673,720.34,101527252,101527270,8,1,kol_sell,0xd9774c07d75068afbb2f4377640f60987b20ffd279ceb0422d4807609cafe608,1,6662,6662,4950
1780243980937367380,fast_tip,L,0x5fb6440ce68b6df50d722b9fe26138402a1e4444,RELIEF,7712492846061911,9948096261989851,2235603415927940,0.002236,1.61,0.289868,12379,12894,719.12,101527929,101527944,7,1,kol_sell,0xdffd30f321d00439076b5afbfb2e51fc2f605ef0713c2ca44edff294166da8a4,1,18778,18778,16632
1780243676013059480,fast_tip,M,0x73bf26d39c52c35a734627a0a8bfc841ec724444,小小的你,712368796431678,221393107337815,-490975689093863,-0.000491,-0.35,-0.689216,4486,4673,718.97,101527252,101527959,318,1,kol_sell,0x95759ad8e5e3778d531c2a04b44b873aa4b5d8189688b7c1489a98097114bc03,1,7202,7202,1450
1780244028678077882,fast_tip,O,0x5fb6440ce68b6df50d722b9fe26138402a1e4444,RELIEF,55927822749893990,77131906731209273,21204083981315283,0.021204,15.24,0.379133,19778,20602,718.58,101528035,101528111,34,1,kol_sell,0x7c718f5f5d3412506408ba6fffdb9b9bcbc9e8d611bec1205a2a7a62213e0038,1,29910,29910,28406
1780244072762852783,fast_tip,A,0x5fb6440ce68b6df50d722b9fe26138402a1e4444,RELIEF,1083880030717718,436517042503639,-647362988214079,-0.000647,-0.47,-0.597264,25942,27023,718.58,101528133,101528174,18,1,kol_sell,0x13697a01821831d4fc12f10f813b1cd6dedcc9c978eea261f7ac60c3306d4b8e,1,33021,33021,10883
1780244072762852783,fast_tip,A,0x5fb6440ce68b6df50d722b9fe26138402a1e4444,RELIEF,541940015358859,0,-541940015358859,-0.000542,-0.39,-1.000000,25942,27023,717.31,101528133,101528379,111,1,kol_sell,0x11af9d5e087ffd31c147404a80b5be96243d0e595eea4e982c8a525d97b013dc,1,42070,42070,0
1780244072762852783,fast_tip,A,0x5fb6440ce68b6df50d722b9fe26138402a1e4444,RELIEF,108333809070236,0,-108333809070236,-0.000108,-0.08,-1.000000,25942,27023,716.75,101528133,101528461,148,1,kol_sell,0x0f2c8942e4ac49a4cd5849da148396f95376fe54bd00cd0eaf2ccc70e2b8e820,1,46012,46012,0
1780243980937367380,fast_tip,L,0x5fb6440ce68b6df50d722b9fe26138402a1e4444,RELIEF,5784369634546434,26000949169180440,20216579534634006,0.020217,14.51,3.495036,12379,12894,717.54,101527929,101528531,271,1,kol_sell,0xc126340f189f6c9fa8fde16240bc2d76a4d163d9a8d9e2bd52930c9bdf7c371e,1,61520,61520,57834
1780218495737157101,fast_tip,N,0x79fa6e532e578c36fffa9b7cc2b761e5fd744444,BSTOCK,1229936905947361,2191564780909821,961627874962460,0.000962,0.69,0.781851,8045,8380,717.04,101471351,101528816,25885,1,kol_sell,0x01b6449fee6cc995376caf9392399ae0ab09cc5e01deeab23485a7c32f5d9e24,1,21388,21388,14859
1780244072762852783,fast_tip,A,0x5fb6440ce68b6df50d722b9fe26138402a1e4444,RELIEF,844260488468840,2185296435160,-842075192033680,-0.000842,-0.60,-0.997412,25942,27023,717.22,101528133,101528877,335,3,kol_sell,0x8d1536b31945246a1d4be1ef6f71102861aca840fdc767d8358925440adb584c,1,49924,49924,128
1780244072762852783,fast_tip,A,0x5fb6440ce68b6df50d722b9fe26138402a1e4444,RELIEF,675492816823919,0,-675492816823919,-0.000675,-0.48,-1.000000,25942,27023,717.22,101528133,101528912,351,3,kol_sell,0xae8e6ab980df324de3ec241ce9c2232ee1093c9f2ebe05b34377d01051579943,1,50387,50387,0
1780244357900883297,fast_tip,D,0x79fa6e532e578c36fffa9b7cc2b761e5fd744444,BSTOCK,23576773595942322,32149080041171619,8572306445229297,0.008572,6.15,0.363591,12618,13144,717.91,101528766,101529023,116,1,kol_sell,0xf0c54aa29b121d8884f29bf6f965957e921d27ff27791246a06d9b4eb031e6b0,1,19178,19178,17944
1780243980937367380,fast_tip,L,0x5fb6440ce68b6df50d722b9fe26138402a1e4444,RELIEF,4338277225909825,18596865299820480,14258588073910655,0.014259,10.13,3.286694,12379,12894,710.52,101527929,101529766,827,1,kol_sell,0x26af45d9127dedafb3b8a673560f08f135b3233a143fb622359c6d6fadb1fafe,1,55913,55913,54614
1780218495737157101,fast_tip,N,0x79fa6e532e578c36fffa9b7cc2b761e5fd744444,BSTOCK,922452679460521,2209295663027789,1286842983567268,0.001287,0.91,1.395023,8045,8380,709.90,101471351,101530150,26485,1,kol_sell,0xedcfcec00e6e013104ffd5e497f8e1f69b74a656ef9c935b427c7bc7f7608795,1,28477,28477,19774
1780211941345713544,fast_tip,C,0x1066814cde73435c20a78e60bd0bd7c0c5544444,W3AlphaStock,13670988213515087,9986300559511559,-3684687654003528,-0.003685,-2.61,-0.269526,4906,5110,709.29,101456801,101530566,33227,1,kol_sell,0x748329d96e1107ae74b323a8a9dd2f2a88fd45ae52da403029a4c502cf7bae51,1,4126,4126,3652
1780209448551960783,fast_tip,C,0x483894a9427b47df2c3bb7df7cb3e86d1c984444,咪咪股,2769158559990818,1466639544883357,-1302519015107461,-0.001303,-0.92,-0.470366,4700,4895,709.29,101451266,101530575,35724,1,kol_sell,0x330db8cf66b7cfa7dd51991feffc3777396031a97a1582cfe0ce9e7ee79caf9f,1,4105,4105,2499
1780218495737157101,fast_tip,N,0x79fa6e532e578c36fffa9b7cc2b761e5fd744444,BSTOCK,817200828734075,1232659750791052,415458922056977,0.000415,0.29,0.508393,8045,8380,705.81,101471351,101531117,26921,1,kol_sell,0xbc3ed50dfdd7c95b4a5d12c5a7a870a2c0f114a52ae89e1a7235bf6b07e70fa6,1,21792,21792,12382
1780246048983515830,fast_tip,D,0x38b6d3dcd9b9f9acc6b83c8503627557a9ac4444,电脑前的我们,15682797803799457,36001266281425087,20318468477625630,0.020318,14.37,1.295590,12847,13383,707.23,101532522,101532554,14,3,kol_sell,0xa89c9f3390e039dc3b9347f5549a9cb9fd6f1481b0376632f1ae7fdfbca947ee,1,57808,57808,41196
1780246048983515830,fast_tip,D,0x38b6d3dcd9b9f9acc6b83c8503627557a9ac4444,电脑前的我们,15676524684677937,68034948544883942,52358423860206005,0.052358,37.03,3.339925,12847,13383,707.23,101532522,101532555,15,3,kol_sell,0x7e699480465849898ce298847224db1cef06958013460627df27a29b1347cc49,1,41244,41244,77884
1780246048983515830,fast_tip,D,0x38b6d3dcd9b9f9acc6b83c8503627557a9ac4444,电脑前的我们,10978899430527848,42711868409640541,31732968979112693,0.031733,22.44,2.890360,12847,13383,707.23,101532522,101532558,16,3,kol_sell,0xba6705da5b3db1b6e35e1b5b8bf447c4735b9c3dd41a17bd7192d004a57e616e,1,71083,71083,69816
1780246048983515830,fast_tip,D,0x38b6d3dcd9b9f9acc6b83c8503627557a9ac4444,电脑前的我们,6221376343965780,18712770813748973,12491394469783193,0.012491,8.83,2.007818,12847,13383,707.23,101532522,101532561,18,3,kol_sell,0x7d61c92880b12a39a5b02b101ff7b7a29667d06f6905d2bbb763b4c84ec51947,1,66364,66364,53978
1780246048983515830,fast_tip,D,0x38b6d3dcd9b9f9acc6b83c8503627557a9ac4444,电脑前的我们,5593639470859633,21228314138974064,15634674668114431,0.015635,11.06,2.795081,12847,13383,707.23,101532522,101532563,18,3,kol_sell,0xeb6b9f83d24d38c0db12f185c65213cdbaadfeec3091493ba85823634024c6a1,1,56609,56609,68106
1780246048983515830,fast_tip,D,0x38b6d3dcd9b9f9acc6b83c8503627557a9ac4444,电脑前的我们,5034834887720756,14275503165773027,9240668278052271,0.009241,6.54,1.835347,12847,13383,707.23,101532522,101532566,20,3,kol_sell,0x301c123c1a3375ed86b715cf1c60ab7891d2f4780e6e2f823f3425560308eb3e,1,74460,74460,50883
1780246048983515830,fast_tip,D,0x38b6d3dcd9b9f9acc6b83c8503627557a9ac4444,电脑前的我们,4531854882437452,14397672109134131,9865817226696679,0.009866,6.98,2.176993,12847,13383,707.23,101532522,101532569,21,3,kol_sell,0x03dd4182ab2dfd9a5303f7458ee8a7016e8076fb51a987d658c5d51d64714146,1,59483,59483,57014
1780246048983515830,fast_tip,D,0x38b6d3dcd9b9f9acc6b83c8503627557a9ac4444,电脑前的我们,4083205785467418,11015250563304327,6932044777836909,0.006932,4.90,1.697697,12847,13383,707.23,101532522,101532571,22,3,kol_sell,0x1263dc49a7503b4f4d383c23360c850a25f3b0d51694f736d0e0e47bace7ffb2,1,54385,54385,48412
1780246048983515830,fast_tip,D,0x38b6d3dcd9b9f9acc6b83c8503627557a9ac4444,电脑前的我们,9187213017301692,26169389835553214,16982176818251522,0.016982,12.01,1.848458,12847,13383,707.23,101532522,101532578,25,3,kol_sell,0xfd7642f494898f50b9176d9f95f7b6bccb15b47dd4773f59eec89cfbefecbdde,1,53985,53985,51118
1780246048983515830,fast_tip,D,0x38b6d3dcd9b9f9acc6b83c8503627557a9ac4444,电脑前的我们,6890409762976269,23075772476707820,16185362713731551,0.016185,11.45,2.348970,12847,13383,707.21,101532522,101532611,40,3,kol_sell,0xb235c0abae31564c58acdd98081b12522ae5586ed992d3f551a483ffaa0831e8,1,62383,62383,60098
1780246048983515830,fast_tip,D,0x38b6d3dcd9b9f9acc6b83c8503627557a9ac4444,电脑前的我们,5167807322232202,11849169095154391,6681361772922189,0.006681,4.72,1.292881,12847,13383,706.90,101532522,101532661,63,3,kol_sell,0xc3b1a5e7067c722a66f962953318601da7e97508d2c5cc9d010085408e84bab7,1,46572,46572,41128
1780246048983515830,fast_tip,D,0x38b6d3dcd9b9f9acc6b83c8503627557a9ac4444,电脑前的我们,7751710983348303,9225343726545838,1473632743197535,0.001474,1.04,0.190104,12847,13383,706.78,101532522,101532879,161,3,kol_sell,0xce5df5f1aab7c1397101256f209e5b7bf75c2f7149933e6bf9bc412b57a4bd38,1,24171,24171,21344
1780203761744003839,fast_tip,N,0x584322c6381e1608b2f3354059541f7b8e9c4444,HVB,606768873600698,0,-606768873600698,-0.000607,-0.43,-1.000000,4986,5194,707.60,101438647,101534004,42955,1,kol_sell,0xfe974eac2ebfdeffe5ef1be35566241101e5ed48ce82b8939404283d4976fb0f,1,5117,5117,0
1780224991981519013,fast_tip,N,0x2f701b108a9af5558960325a0239d0a13c2c4444,bStocks,2724489417355249,1762993500248936,-961495917106313,-0.000961,-0.68,-0.352909,708645,710463,712.17,101485774,101538056,23551,6,kol_sell,0x4328212f27d98f520f34b46ab367770a88939adaed86b8738712f4ac9b3275cb,1,668331,668331,444533
1780224991981519013,fast_tip,N,0x2f701b108a9af5558960325a0239d0a13c2c4444,bStocks,2043367063016437,1114864937512451,-928502125503986,-0.000929,-0.66,-0.454398,708645,710463,712.17,101485774,101538126,23583,6,kol_sell,0xab5ff37140a702ad9e3737423cf223638d021c657650a0cc2324ffed30150eb9,1,646428,646428,374813
1780224991981519013,fast_tip,N,0x2f701b108a9af5558960325a0239d0a13c2c4444,bStocks,3065050594524656,2025493785067226,-1039556809457430,-0.001040,-0.74,-0.339165,708645,710463,712.17,101485774,101538130,23584,6,kol_sell,0x6b926d52a60f790280fe0fd4c0be7428d02f88bdb8ee0a23223b3e7d73cd4e2d,1,654898,654898,453975
1780218495737157101,fast_tip,N,0x79fa6e532e578c36fffa9b7cc2b761e5fd744444,BSTOCK,1950157209647488,2417326534959594,467169325312106,0.000467,0.33,0.239555,8045,8380,713.51,101471351,101539461,30680,1,kol_sell,0xe4c48a8b9858eb159bf565b9f9c3391eaad7cbe033b95f4a3b4929172d016858,1,14442,14442,10286
1780162862642003497,fast_tip,N,0xe5b590f987e8acbad285c9b21801eaf6a2cc4444,1,8375286169461133,5733166732329151,-2642119437131982,-0.002642,-1.89,-0.315466,19239,19304,715.98,101347843,101539728,86433,1,timeout,,0,0,0,0
1780164927534879825,fast_tip,C,0x2c5c396f02a49232bf6ef1474557d587e7a54444,binondo,7330990144063777,7330990144063777,0,0.000000,0.00,0.000000,8262,8606,709.95,101352430,101544391,86468,1,price_unavailable,,0,0,0,0
1780251657405386297,fast_tip,N,0x2f701b108a9af5558960325a0239d0a13c2c4444,bStocks,3065050594524657,2099238692433328,-965811902091329,-0.000966,-0.69,-0.315105,0,0,710.88,101485774,101546517,695,1,kol_sell,0xaaf02d9bb32fe38bc644e93bf3aad80298c26d7f53eaa07abc3fcbb0e18e1cf2,1,665463,665463,469647
1780251657405362008,fast_tip,G,0x7e908eb7f06535cbe36613365a30f68f0f564444,高质量女性,3169994919333552,1959336823380210,-1210658095953342,-0.001211,-0.86,-0.381912,0,0,708.89,101497561,101547851,1297,1,kol_sell,0x6f46632c203bd7ea4cfa887a7ee4a131c71ba23f5fb21350ce005eba4f9c2072,1,4304,4304,2885
1780255580620383408,fast_tip,M,0xa952d1ddc602e250d32a490c52b407a42e7c4444,好运股,1057163538080990,0,-1057163538080990,-0.001057,-0.75,-1.000000,0,0,707.79,101453783,101599369,20598,1,kol_sell,0x616822ce9ff00839a22c480dbad0ff7133024ca9ce000d5d5f08da16a038f44e,1,4103,4103,0
1780276360328367350,fast_tip,M,0x8e5bf1b57ac14d4685568bb26cddfe079e104444,居居,1316575943609348,641261191563322,-675314752046026,-0.000675,-0.48,-0.512933,7282,10018,707.25,101599774,101599966,87,1,kol_sell,0x0dfd87506b9e76a50a0a1a810b06b92a9e2ae54586191696dd6c6f18276db137,1,12015,12015,4880
1780263834882439800,fast_tip,A,0xdeb8b35a35ff8e37319699ff600808037ec34444,Alpaca,767232894100527,382624548805199,-384608345295328,-0.000385,-0.27,-0.501293,57604,57754,707.44,101571980,101600740,12960,2,kol_sell,0x8f42eb2d4ba0b6fc9aafbbb6b95b2ce6f7b49f4f57a9a704f94284606e814c88,1,96914,96914,29619
1780278379000317733,fast_tip,O,0x617993257d25e9c554c785cfeb2040c026164444,6t26j,67201926287501820,66973728258214710,-228198029287110,-0.000228,-0.16,-0.003396,6592,7281,694.68,101604255,101604358,47,1,kol_sell,0x347c01fa5f9542d078e51959921776bd64e57b20528fd3f74112615db1d10cef,1,7647,7647,7247
1780278418052398828,fast_tip,N,0x617993257d25e9c554c785cfeb2040c026164444,6t26j,381934278340222,0,-381934278340222,-0.000382,-0.27,-1.000000,7750,8073,694.68,101604341,101604373,14,1,kol_sell,0x83779ef270fc193e6a09edaa60547c99a2b98c2cce62191fbec050cc889255d9,1,8558,8558,0
1780278418052398828,fast_tip,N,0x617993257d25e9c554c785cfeb2040c026164444,6t26j,1145802835020669,218201458472883,-927601376547786,-0.000928,-0.65,-0.809565,7750,8073,696.01,101604341,101604413,32,1,kol_sell,0x7928189a543cca750a9a2e8d5e91568ac2b2c53039e7804eb59a09925dcd900e,1,7943,7943,1540
1780278057385814221,fast_tip,N,0x607419cd374b1ec551b92c9a226e2f3ceef94444,仔仔,1697485681512101,431447583747265,-1266038097764836,-0.001266,-0.88,-0.745831,5044,6114,696.01,101603541,101604442,406,1,kol_sell,0x50324282fd96181276d1f7e39b515f44ffa58912ed04c3d6c85139a5fc5ce59a,1,4790,4790,1534
1780278633741471746,fast_tip,N,0x7f430b376be04a383cc32ad31bd3b5a037824444,天涯重启者,1439928306246817,422941974184455,-1016986332062362,-0.001017,-0.71,-0.706276,7869,7909,697.58,101604820,101604850,14,1,kol_sell,0x29de491653f7181275e6686a0b6b982a2b78d7fbcc426f26d369308e97d36bbf,1,7341,7341,2323
1780255580620395907,fast_tip,H,0x2f701b108a9af5558960325a0239d0a13c2c4444,bStocks,513942602601456,0,-513942602601456,-0.000514,-0.36,-1.000000,0,0,697.43,101546238,101604986,23128,1,kol_sell,0xc31c5a7ea78e3bc737c481c3c0205f0bf0d5692feaaecad6bbeac44d0b0b9aef,1,970206,970206,0
1780278741283706807,fast_tip,D,0x7f430b376be04a383cc32ad31bd3b5a037824444,天涯重启者,17164995243139916,13463056887156188,-3701938355983728,-0.003702,-2.58,-0.215668,6392,9221,697.31,101605059,101605115,26,1,kol_sell,0x66b590e2cd505c1b27618eeafb447041db6e230b36648b55f530b95420c0f009,1,7993,7993,7232
1780255580620397207,fast_tip,H,0x5fb6440ce68b6df50d722b9fe26138402a1e4444,RELIEF,11443834393263343,6449655146680673,-4994179246582670,-0.004994,-3.47,-0.436408,0,0,695.59,101535003,101605470,23345,1,kol_sell,0x71236b142f7b010197ded5d394798ddf655b8e2c63dfc6648a75d59be0c0c67e,1,15690,15690,13330
1780278741283706807,fast_tip,D,0x7f430b376be04a383cc32ad31bd3b5a037824444,天涯重启者,11500546812903743,13660744657978428,2160197845074685,0.002160,1.50,0.187834,6392,9221,695.07,101605059,101605603,245,1,kol_sell,0xf161547ae12e4d2362d3a850f16a605dff99c2b87bb4968c742e2bd71d4f5063,1,11980,11980,10918
1780255580620418777,fast_tip,D,0x24fa90aebfc85945ad0e605b0f00480736374444,新天涯,2005476258446137,8528186797635192,6522710539189055,0.006523,4.53,3.252450,0,0,695.07,101488575,101605617,23412,1,kol_sell,0xcb38b89c964caac4f0a1a8e76654f15c9e674edb6181ac21ec70f1ff9e71a6af,1,34299,34299,29901
1780278972858783999,fast_tip,N,0xff07b5e020cace38141f6b60d6071a4379c04444,STOCKB,133822967304058,0,-133822967304058,-0.000134,-0.09,-1.000000,8868,9238,694.76,101605573,101605691,53,1,kol_sell,0x4333669d00db10e304adfe2cb3d9176188924162741cf3e5bd0e7b02acd3b37f,1,16051,16051,0
1780278972858783999,fast_tip,N,0xff07b5e020cace38141f6b60d6071a4379c04444,STOCKB,625087080277255,139157529790911,-485929550486344,-0.000486,-0.34,-0.777379,8868,9238,694.72,101605573,101605762,85,1,kol_sell,0xc40115ac8619ebc7609058f324c9039220a326260d195db2f8806c4f55a24ce5,1,15429,15429,2055
1780279217930538428,fast_tip,M,0x50dc6741620f2889a82ce05e10cc1633c3494444,小大人,1095283267943921,452323336624885,-642959931319036,-0.000643,-0.45,-0.587026,6302,8869,694.21,101606118,101606132,7,1,kol_sell,0xf17f0b2275c85cd67d56516961f19f6a99ba45d8f9b4456e8012faff69e5ed8f,1,11960,11960,3662
1780279246240071417,fast_tip,H,0x50dc6741620f2889a82ce05e10cc1633c3494444,小大人,9914471373211375,13119210213865154,3204738840653779,0.003205,2.22,0.323238,7842,8168,693.87,101606181,101606200,9,1,kol_sell,0x1eb6b83d3aef8c20ad9280a4dd6f98f6de537a4333f6234a7e28fc93f934157d,1,11995,11995,10803
1780279217930538428,fast_tip,M,0x50dc6741620f2889a82ce05e10cc1633c3494444,小大人,547641633971961,108180074415762,-439461559556199,-0.000439,-0.30,-0.802462,6302,8869,693.87,101606118,101606259,63,1,kol_sell,0xab4202a7ae1203654a7de278b0bb63a078b7910758775df1b68d53e69e1205cb,1,16404,16404,1751
1780263834882439800,fast_tip,A,0xdeb8b35a35ff8e37319699ff600808037ec34444,Alpaca,460585349231537,40335341485819,-420250007745718,-0.000420,-0.29,-0.912426,57604,57754,697.01,101571980,101606846,15711,2,kol_sell,0xaece4ef9f427eae02447d0ea68acdd6c2e4c039a8be78fb6edf8268f52ac9285,1,115631,115631,5124
1780279469800172329,fast_tip,H,0x1369e895330d81bdbdfff261e2adfa5e85e04444,童心,2045965556929622,2499844015691173,453878458761551,0.000454,0.32,0.221841,19483,20220,698.92,101606678,101607174,224,1,kol_sell,0xb2342298c00cc992ca712847703d648bea7dbb64407e098d8ebda9791bcc2641,1,33247,33247,24795
1780255580620395387,fast_tip,N,0xdeb8b35a35ff8e37319699ff600808037ec34444,Alpaca,783017110397091,0,-783017110397091,-0.000783,-0.55,-1.000000,0,0,699.86,101493701,101607332,24184,1,kol_sell,0x65f01436e3dfd2f247bf42bdda4abacf7a91a5facc356327f03de51475d1265e,1,105048,105048,0
1780279217930538428,fast_tip,M,0x50dc6741620f2889a82ce05e10cc1633c3494444,小大人,547641633971961,0,-547641633971961,-0.000548,-0.38,-1.000000,6302,8869,699.86,101606118,101607367,563,1,kol_sell,0x1d75f4efac6afcb56af0aaccb5d25411fd6305ef5aa566b6a11e6b12ff40dc2c,1,7160,7160,0
1780255580620397547,fast_tip,E,0xdeb8b35a35ff8e37319699ff600808037ec34444,Alpaca,8574357062719656,6924324629118587,-1650032433601069,-0.001650,-1.15,-0.192438,0,0,699.86,101410355,101607386,24208,1,kol_sell,0x2985f51656d75c69660009c8b22e78e8aa2dfe4e3302e61494c7273f1ab34ab1,1,97075,97075,85125
1780280013086053114,fast_tip,B,0xb31d7b25fa70fa24a5245fb211877b4e41f74444,BABYIFY,1030243601781809,112841338946899,-917402262834910,-0.000917,-0.64,-0.890471,8336,8684,699.95,101607884,101607957,34,1,kol_sell,0x489c28f59680e1a361e84d51294550771d61a3f253a9fc3df759475d7ab8ca82,1,8672,8672,951
1780263834882439800,fast_tip,A,0xdeb8b35a35ff8e37319699ff600808037ec34444,Alpaca,184049905552922,0,-184049905552922,-0.000184,-0.13,-1.000000,57604,57754,703.16,101571980,101609639,16969,2,kol_sell,0xe9d730683e2bdb130c815cd7914f2b06ff0d56fcc487d1074684229f60316efd,1,114232,114232,0
1780279617081350484,fast_tip,L,0xff07b5e020cace38141f6b60d6071a4379c04444,STOCKB,30343586931719773,19609557017131071,-10734029914588702,-0.010734,-7.55,-0.353750,12209,12718,703.49,101607005,101610024,1360,1,kol_sell,0xeee266d18ad7590b53d6d431b64c2d8b0565f70468a3f20a1eef76ed565ab9c2,1,9393,9393,8296
1780255580620395387,fast_tip,N,0xdeb8b35a35ff8e37319699ff600808037ec34444,Alpaca,117217661426444,0,-117217661426444,-0.000117,-0.08,-1.000000,0,0,705.28,101493701,101611220,25935,1,kol_sell,0x9473671c3462b74e687201fa84f779fe47af971da139b62550db7733dccfc8d2,1,147646,147646,0
1780280962399242438,fast_tip,N,0xb359f62d6ad8dbcf8af22faa3b921dfc9e974444,STOCK.b,1096490212844052,177112729981993,-919377482862059,-0.000919,-0.65,-0.838473,11687,12174,705.72,101609992,101611654,749,1,kol_sell,0x1d6f186970b9ba25c6b58e876972f289e3750f8ccf9730951f64917d3d291607,1,11919,11919,1973
1780255580620383928,fast_tip,N,0x6b48f596bf50b79385813e6533d90e7591274444,币安股票,79301411947862,0,-79301411947862,-0.000079,-0.06,-1.000000,0,0,706.86,101475157,101611917,26250,1,kol_sell,0xa93b732cd6c661b8b4ed7e4feb2d97716d2a3cc506a032e081b8faa75bba1dc5,1,24376,24376,0
1780255580620383928,fast_tip,N,0x6b48f596bf50b79385813e6533d90e7591274444,币安股票,194894138749747,0,-194894138749747,-0.000195,-0.14,-1.000000,0,0,706.86,101475157,101611921,26251,1,kol_sell,0x466ba8f6fb9d6fddf8a3d82b78a06393d86520586eb8c20d29d270154607bb1b,1,24265,24265,0
1780255580620377708,fast_tip,O,0x6b48f596bf50b79385813e6533d90e7591274444,币安股票,20730396162490811,34531456174567556,13801060012076745,0.013801,9.76,0.665740,0,0,706.86,101407704,101611976,26275,1,kol_sell,0x2abcc74562e0c5d96560a4907994655283b6941264727cca800f96a42bf05c90,1,28477,28477,26682
1780263834882439800,fast_tip,A,0xdeb8b35a35ff8e37319699ff600808037ec34444,Alpaca,82914574568661,0,-82914574568661,-0.000083,-0.06,-1.000000,57604,57754,705.66,101571980,101612862,18421,2,kol_sell,0xcb91f06371836552227b72f83a87f2836a8e252f619fe0cdb0f21e1a16d07586,1,154108,154108,0
1780263834882439800,fast_tip,A,0xdeb8b35a35ff8e37319699ff600808037ec34444,Alpaca,82864825823920,0,-82864825823920,-0.000083,-0.06,-1.000000,57604,57754,705.66,101571980,101612863,18421,2,kol_sell,0x3809eaddddba75cb6bcee59eeaf36adf53df91d9a3c0f5c7d982b62555ee033a,1,151471,151471,0
1780282413686022007,fast_tip,H,0x9815ade116c1e9d236376c8ec687a60dd2a24444,霹雳穷人,9461435133118195,6985874745818224,-2475560387299971,-0.002476,-1.75,-0.261647,10405,11766,704.97,101613213,101613230,8,1,kol_sell,0x1566cebb1b2c5867bbcf541ef57d57459a505bf40379a561eed2f3c2f176ed8f,1,10611,10611,8688
1780282807733586043,fast_tip,O,0x4b9ea742c782c7bdcc8cc22e00fc58194f4a4444,BNBCHAIN,85143368609120308,67463016246430622,-17680352362689686,-0.017680,-12.49,-0.207654,7117,8466,706.69,101614087,101614089,2,1,kol_sell,0x03d7a1d6e1255996c7712de22ce33610978f1ccc16c766da089f413577e97f93,1,7459,7459,6708
1780275873916977593,fast_tip,N,0xa1c9ae1ac8b55edcd580930263d180c647044444,STNK,4915748810963257,4287608916165745,-628139894797512,-0.000628,-0.44,-0.127781,260040,260709,706.90,101598694,101614204,6987,2,kol_sell,0x01752f8877be387d2b7ef4dd9b8446bfd2afb9451e06b24310df9c771a7150c7,1,274659,274659,228385
1780255580620395387,fast_tip,N,0xdeb8b35a35ff8e37319699ff600808037ec34444,Alpaca,557958417441207,0,-557958417441207,-0.000558,-0.39,-1.000000,0,0,706.79,101493701,101614378,27358,1,kol_sell,0xf53bea4720181c82705eaabebd30ffbfd4eb915a64de77f56ca3f4878de497d3,1,131115,131115,0
1780255580620395387,fast_tip,N,0xdeb8b35a35ff8e37319699ff600808037ec34444,Alpaca,33477505046472,0,-33477505046472,-0.000033,-0.02,-1.000000,0,0,706.79,101493701,101614385,27361,1,kol_sell,0x9382885a7f310bd8d40eac9a452aba46e82d3f90bb2f3c6053233f6d8f003a30,1,129219,129219,0
1780255580620399317,fast_tip,O,0xe83248e9248f7684c91e8fea17879874477f4444,羊驼,4414500577368159,3473471412971489,-941029164396670,-0.000941,-0.67,-0.213168,0,0,708.47,101475455,101614926,27605,1,kol_sell,0xe21fa96f82c3054f9ee59a9ec5d7b5387105457d42376471811ee353e9a2dd85,1,10428,10428,8048
1780283277531343830,fast_tip,N,0x50f4f94161626025bc59fb3ef27687b58b844444,BTS,299893074686693,0,-299893074686693,-0.000300,-0.21,-1.000000,14029,14614,707.86,101615130,101615177,22,1,kol_sell,0x93064ad03039ee1175ebf360e0c05ea43e87cc17fe30c48e17000189daadd8e5,1,20436,20436,0
1780283277531343830,fast_tip,N,0x50f4f94161626025bc59fb3ef27687b58b844444,BTS,44893993280597,0,-44893993280597,-0.000045,-0.03,-1.000000,14029,14614,707.86,101615130,101615188,26,1,kol_sell,0x1f3477353d31a5f7fce854e7e470eeb023cb806a37108fe29a13d126dbf4a9fc,1,23451,23451,0
1780283277531343830,fast_tip,N,0x50f4f94161626025bc59fb3ef27687b58b844444,BTS,301568229419001,0,-301568229419001,-0.000302,-0.21,-1.000000,14029,14614,707.70,101615130,101615220,41,1,kol_sell,0x53afbab76b12bfaff2419d89621c1cc93fb66382ceaf01ed74c70cafd94b7e94,1,31488,31488,0
1780283277531343830,fast_tip,N,0x50f4f94161626025bc59fb3ef27687b58b844444,BTS,138248928639984,0,-138248928639984,-0.000138,-0.10,-1.000000,14029,14614,707.70,101615130,101615260,59,1,kol_sell,0x4b05337e683377c1bbf5fbe8b84556d1d88fdcb75b0be7b38b591fdf061deee0,1,37214,37214,0
1780283277531343830,fast_tip,N,0x50f4f94161626025bc59fb3ef27687b58b844444,BTS,207484036360249,0,-207484036360249,-0.000207,-0.15,-1.000000,14029,14614,707.93,101615130,101615361,104,1,kol_sell,0xd2d9adebb6356cf9292bd411286001340d5acf4ba900508b05c3a6c72cc94625,1,60095,60095,0
1780283357829017817,fast_tip,N,0x50af3077d24b92f2a0af00016e81be25b5444444,Binance Trade Stock,107853545380322,0,-107853545380322,-0.000108,-0.08,-1.000000,4762,5000,707.59,101615308,101615384,35,1,kol_sell,0x12da96dd39c65e84d1c21052232879f98fbda0031d1c7ab0f6f04f2d9c10ae89,1,6376,6376,0
1780283277531343830,fast_tip,N,0x50f4f94161626025bc59fb3ef27687b58b844444,BTS,207484036360249,30226734452709,-177257301907540,-0.000177,-0.13,-0.854318,14029,14614,707.59,101615130,101615439,139,1,kol_sell,0x9236778e677e77baa4971b62426c53ca0bdbed876491f26fb60ce52e1ebdad31,1,62297,62297,2128
1780283357829017817,fast_tip,N,0x50af3077d24b92f2a0af00016e81be25b5444444,Binance Trade Stock,583542794856809,13836353597510,-569706441259299,-0.000570,-0.40,-0.976289,4762,5000,707.04,101615308,101615542,106,1,kol_sell,0x74a5bb238fd11b5ddc0ad42391a927ca52d1c9263443a1a6d296915b6e39a7da,1,7653,7653,118
1780283666427012561,fast_tip,M,0x50f4f94161626025bc59fb3ef27687b58b844444,BTS,1013780111701561,442896687603474,-570883424098087,-0.000571,-0.40,-0.563124,77979,78182,705.82,101615993,101616086,42,1,kol_sell,0x0bc8c7dd418d3f4ccb01d6ae5a94c56acc59ab4350e4474c9a46b7fbad67fb97,1,101386,101386,34147
1780283026461375005,fast_tip,N,0x57d9ed8c034f555d21c71f479cdf8fa73a244444,币股,1332858109718636,227327085716163,-1105531024002473,-0.001106,-0.78,-0.829444,51607,51740,706.34,101614572,101616344,798,1,kol_sell,0xcd9cf31212f95520e813e7e0425a0f60330bdff0b3c7459cd85a0e98ab469328,1,44167,44167,8814
1780284084871533752,fast_tip,A,0xd24add09af04730ddf753820900d9b45ac2a4444,BNDEX,1098240990112199,63215238176317,-1035025751935882,-0.001035,-0.73,-0.942440,7313,9171,706.77,101616922,101616977,25,1,kol_sell,0x772748f2128957521e357253656aea12bc578f886d33d2faa6fb952a001acee8,1,7934,7934,528
1780284128907003704,fast_tip,H,0x225e128ce2bf530230bca6e62e1840ec68314444,币安指数,3684630249845840,2695328759158473,-989301490687367,-0.000989,-0.70,-0.268494,12284,12796,706.62,101617020,101617058,17,1,kol_sell,0x6d132ea97baed355e5cf545dba2e26de80d1ef6e291a1faca82e31616c32600f,1,12819,12819,9358
1780284128907003704,fast_tip,H,0x225e128ce2bf530230bca6e62e1840ec68314444,币安指数,5529248844542358,2704156384738637,-2825092459803721,-0.002825,-2.00,-0.510936,12284,12796,706.73,101617020,101617203,83,1,kol_sell,0x132cb48a6c52fb6cfb9b5ead1c48849299bd9dd41ab9858c168a149922604dde,1,8756,8756,6258
1780285174280790023,fast_tip,M,0x5aa4dc23342cd4eca081457260d2b5a911484444,西格玛meme,841092241420421,248825513261158,-592266728159263,-0.000592,-0.42,-0.704164,4467,5019,704.92,101619341,101619367,12,1,kol_sell,0xde07affe6604d4d6494c85831078982a7060829253d0ed09652f3a9bf9bb05f6,1,7083,7083,1485
1780283357829017817,fast_tip,N,0x50af3077d24b92f2a0af00016e81be25b5444444,Binance Trade Stock,388218728634964,0,-388218728634964,-0.000388,-0.27,-1.000000,4762,5000,702.60,101615308,101620005,2116,1,kol_sell,0x6081f660632054cb9ebe3a7ce5070a6cf3ee6dc64153e32949680081fe21e57d,1,8089,8089,0
1780278972858783999,fast_tip,N,0xff07b5e020cace38141f6b60d6071a4379c04444,STOCKB,1797642084174882,385698596584927,-1411943487589955,-0.001412,-0.99,-0.785442,8868,9238,702.95,101605573,101620417,6687,2,kol_sell,0x9e7cff648eb9294a455799e72a6bb9097035915884a60b83af1b46705df65bae,1,9224,9224,2756
1780279469800172329,fast_tip,H,0x1369e895330d81bdbdfff261e2adfa5e85e04444,童心,8188979700347131,11165856855659880,2976877155312749,0.002977,2.10,0.363522,19483,20220,704.66,101606678,101621035,6468,1,kol_sell,0x5ab0babdd0d48f639200bd9d7a8fd0f273171751c517e884ea0fdfaff7bf7227,1,31004,31004,27897
1780285984699292908,fast_tip,N,0xf8e32779c14d5a0ac629630ca5dd6d5189b34444,初心,518681219510008,0,-518681219510008,-0.000519,-0.37,-1.000000,5379,5604,704.23,101621141,101621149,4,1,kol_sell,0x194132e7fe0b2896580e29aa3667c1d1dfc13985121290be944ac1b6c73d1d5e,1,5116,5116,0
1780285984699292908,fast_tip,N,0xf8e32779c14d5a0ac629630ca5dd6d5189b34444,初心,518681219510009,0,-518681219510009,-0.000519,-0.37,-1.000000,5379,5604,704.12,101621141,101621161,9,1,kol_sell,0x0cdd977ca9a5638bebb0f87ce493273868856273b698f47b23cf5e99af64760c,1,4574,4574,0
1780286051773479758,fast_tip,M,0xf382b37a3db477596856813b2c698d2f98314444,币安一号,769424292941437,120211771977889,-649212520963548,-0.000649,-0.46,-0.843764,4846,6062,703.88,101621289,101621317,13,1,kol_sell,0x6441aa1ea85bdd80266bf188a9cdef0245af3dcf6c46fe1057756677cafcc638,1,7982,7982,947
1780286447125657209,fast_tip,C,0x0a906b55d4982a3382f0dda882f2fd9907ca4444,BStocks,29491628973684057,27459838577763902,-2031790395920155,-0.002032,-1.43,-0.068894,107959,108355,703.00,101622167,101622192,11,1,kol_sell,0x9e23c14cc52b1733ebe05207d7452e56f9eb454b5acfc508607cc727aae1b04e,1,109229,109229,100890
1780286523411240574,fast_tip,O,0x89dc6d3fd5a8030180e1c3e83c7cf33377624444,StockFI,67815371216460275,62060948202800213,-5754423013660062,-0.005754,-4.05,-0.084854,7147,7444,703.70,101622335,101622349,7,1,kol_sell,0xf5d3fd61408b270e3197f00cdd80f0a7e6da0e7859de20296469580ee3bc2e4b,1,7194,7194,6813
1780286521647916744,fast_tip,D,0x9a207604f823902b5b7c7c212c2e4f9da6d54444,StockFi,25189411112329285,47306623338714013,22117212226384728,0.022117,15.56,0.878036,5965,6214,703.70,101622331,101622355,11,1,kol_sell,0xb4eb83d01a3b300132c87e2e55df36ce72d000ddcd1d824b325b76a42cacc65e,1,12375,12375,11670
1780286521647916744,fast_tip,D,0x9a207604f823902b5b7c7c212c2e4f9da6d54444,StockFi,12594705556164642,28161576601483657,15566871045319015,0.015567,10.96,1.235985,5965,6214,704.35,101622331,101622506,79,1,kol_sell,0xece1c7f428dc35bab8d9ef613a94246d2341139c190318c8368e83c4596218bd,1,14924,14924,13907
1780255580620417797,fast_tip,O,0xdbdab51c866d570bdd491388ec6c1c7895bc4444,Stocks,8851799804320107,5230943919988130,-3620855884331977,-0.003621,-2.54,-0.409053,0,0,702.20,101470267,101622574,31050,1,kol_sell,0x7b81904b4137e1d1925cc5280c5bfb4686b57124fd558b3bc3209ae39f5c3ac3,1,22521,22521,18896
1780255580620397037,fast_tip,O,0xdeb8b35a35ff8e37319699ff600808037ec34444,Alpaca,10485041586365993,46194137002925342,35709095416559349,0.035709,25.08,3.405718,0,0,702.20,101408449,101622592,31059,1,kol_sell,0x5f77deeb4d2ee01087e7fef0a6ec837af12439a17bbf032f8f3dff8294dfc505,1,65172,65172,62197
1780255580620383218,fast_tip,O,0x2f701b108a9af5558960325a0239d0a13c2c4444,bStocks,18546097435398413,17244820953534007,-1301276481864406,-0.001301,-0.91,-0.070164,0,0,702.20,101467870,101622605,31065,1,kol_sell,0xb99e46419143d77bd5a8e088bd258348613ccec9b46bbbab56a3d345d07a1f8f,1,584228,584228,564751
1780255580620399317,fast_tip,O,0xe83248e9248f7684c91e8fea17879874477f4444,羊驼,10300501347192371,6847074829417384,-3453426517774987,-0.003453,-2.43,-0.335268,0,0,702.20,101475455,101622619,31071,1,kol_sell,0x6d5e491505b1e104b9a88ed01f4dfc4a940cfa418ef0a2ca15552d102d7fef7f,1,7896,7896,6739
1780286646680042744,fast_tip,C,0x6016ec1d12b3263e94bea7a61875c1f2c8d14444,传统金融,11715379973636816,14118646113417346,2403266139780530,0.002403,1.69,0.205138,17152,19472,702.04,101622608,101622710,47,1,kol_sell,0xdd4aa6444b8e95983d55dc4c0c7a44bb9877c7cb02fe369e466a5cc23d1d7668,1,24547,24547,23461
1780255580620396257,fast_tip,N,0xdbdab51c866d570bdd491388ec6c1c7895bc4444,Stocks,2384245239131773,0,-2384245239131773,-0.002384,-1.67,-1.000000,0,0,702.04,101538203,101622762,31135,1,kol_sell,0xaacb7398429d8ef446f0a0618337d96dfa6adf537301f5a17e9e52c0226cd7d8,1,11567,11567,0
1780255580620383928,fast_tip,N,0x6b48f596bf50b79385813e6533d90e7591274444,币安股票,3710800024571841,3563799371143304,-147000653428537,-0.000147,-0.10,-0.039614,0,0,701.95,101475157,101622776,31142,1,kol_sell,0xcde3c20f5ac3a5a5af9e0f68a2bc4c12aa94e236aa419d3c0e4a8e00900820f0,1,15443,15443,11957
1780286646680042744,fast_tip,C,0x6016ec1d12b3263e94bea7a61875c1f2c8d14444,传统金融,5633926229321945,7722135023576248,2088208794254303,0.002088,1.47,0.370649,17152,19472,701.95,101622608,101622782,78,1,kol_sell,0xc737505c9b3ae099ec9d6db794fbf41d66be2634007afa82b97e4e826fdbe2f5,1,30867,30867,26679
1780277022317864588,fast_tip,N,0xbea12c8659ee274dc2da09385f25027219d54444,草泥马,1886095201680113,770810148009218,-1115285053670895,-0.001115,-0.78,-0.591320,4397,4704,701.95,101601244,101622783,9703,1,kol_sell,0x846bab6a1c1e5aae0a5f3ba6bcd8fc0572cbf56008d1b7cbc2c3de658da27611,1,4200,4200,1912
1780255580620399087,fast_tip,N,0xdccec3a17b5ef177ff931ba50fccaa9e99054444,STOCKbn,1478397774862273,525644592875599,-952753181986674,-0.000953,-0.67,-0.644450,0,0,701.95,101527661,101622807,31155,1,kol_sell,0x9b107258180a6e6a5c1aec1b8cf4e38943010306470d75fc0c14cbc70a5a864c,1,7712,7712,2819
1780255580620398627,fast_tip,N,0x6443c862b332f3ef2d9279317db4ecdb6ebf4444,Binance Stocks,10604696177846847,10260060265850539,-344635911996308,-0.000345,-0.24,-0.032498,0,0,701.95,101405793,101622828,31165,1,kol_sell,0x75a975ab54043894f71b75d6487c3dc26e801a4f5d91ac4fc9b36176f5ccc4b1,1,10891,10891,9651
1780286646680042744,fast_tip,C,0x6016ec1d12b3263e94bea7a61875c1f2c8d14444,传统金融,4177506391523534,8510263291981884,4332756900458350,0.004333,3.04,1.037163,17152,19472,700.88,101622608,101623223,278,1,kol_sell,0xfc54d04ad99f835f8995088ced3ee4526612703c11784157657c0f0cc6e39933,1,44354,44354,39592
1780255580620375408,fast_tip,O,0x91fbc87207fcc9ee83d3653c5caf50d939694444,BSC,25692620867053327,14665513849062600,-11027107017990727,-0.011027,-7.73,-0.429194,0,0,700.88,101449163,101623233,31347,1,kol_sell,0x6e78b3965017cbcadc9711114e91e66632baf2d5f154e56c7d111ccabe7ab064,1,6057,6057,5359
1780287162039079772,fast_tip,H,0x03723a58e18363f7dbf55385b53f92ae095d4444,全球资产入口,9949025384905077,6361988616347506,-3587036768557571,-0.003587,-2.51,-0.360542,4988,5451,699.74,101623752,101623871,54,1,kol_sell,0xfe99d550fc7d0ccb59f040e5689727250add2620375facdbbbf1f5cb693dc7bf,1,4309,4309,3486
1780255580620417107,fast_tip,O,0x6443c862b332f3ef2d9279317db4ecdb6ebf4444,Binance Stocks,29550135442694374,31180108272033706,1629972829339332,0.001630,1.14,0.055160,15665,16872,699.74,101406227,101623899,31648,2,kol_sell,0x24659923d0b84a906b9a102b451dd888a15142572209390027cd6462ccb00a82,1,18750,18750,17518
1780287295462433333,fast_tip,O,0x01d700e384d5a43f50c6e0a27b260684538c4444,FME,71750371000731684,50746837868945506,-21003533131786178,-0.021004,-14.70,-0.292731,6719,7364,699.78,101624048,101624064,8,1,kol_sell,0x5150b9e5319f877793f8a433a6defd48843e0bda3aea37fbe6ff91393544883a,1,5687,5687,5208
1780283666427012561,fast_tip,M,0x50f4f94161626025bc59fb3ef27687b58b844444,BTS,720718495381180,793385929008000,72667433626820,0.000073,0.05,0.100826,77979,78182,696.95,101615993,101624880,4004,2,kol_sell,0x58d3e632ae717add137cd9b09fa0754eb768149574f71443bb7ea140fc3d46e3,1,123316,123316,58782
1780287605733800002,fast_tip,N,0x50f4f94161626025bc59fb3ef27687b58b844444,BTS,2445657632905881,792265620567136,-1653392012338745,-0.001653,-1.15,-0.676052,121893,122210,697.55,101624737,101625447,320,1,kol_sell,0xa332a6b92e32f05378dcfa4a42f4ed0eb06ee519263c1ad3efdc13f4c2c5daee,1,85622,85622,39582
1780287329463910751,fast_tip,O,0xf671ab348b38357595b282dd49a07f5bffee4444,美股,34825008843776533,30491909024280919,-4333099819495614,-0.004333,-3.02,-0.124425,5938,6186,696.61,101624124,101625643,684,1,kol_sell,0xbc0cacabd636b16fbb66c24171dd5a9f061b93a33b995b2601b7949c65fbd681,1,5775,5775,5392
1780286646680042744,fast_tip,C,0x6016ec1d12b3263e94bea7a61875c1f2c8d14444,传统金融,2716573068863411,6558962565361834,3842389496498423,0.003842,2.67,1.414425,17152,19472,696.06,101622608,101625915,1489,1,kol_sell,0x08738b369c0faaad229b665cedee65b2c2c1f70c05ac46eef4d8f4ec1db9f2b9,1,54923,54923,46602
1780288138572028997,fast_tip,E,0x6016ec1d12b3263e94bea7a61875c1f2c8d14444,传统金融,3453961137041536,2027553288162451,-1426407848879085,-0.001426,-0.99,-0.412977,55497,57809,696.42,101625920,101626314,177,2,kol_sell,0xaac50ea52295cd5e79619988141e04c5bf83d10e656684f7d668be1359c71999,1,51893,51893,35384
1780288138572028997,fast_tip,E,0x6016ec1d12b3263e94bea7a61875c1f2c8d14444,传统金融,1726980568520768,571021465669638,-1155959102851130,-0.001156,-0.81,-0.669353,55497,57809,696.41,101625920,101626370,202,2,kol_sell,0x25f018983d4e447dbe8055efe352ab9c1385a7e3e735c7bfd4eaa912573a3fe1,1,50127,50127,19930
1780288138572028997,fast_tip,E,0x6016ec1d12b3263e94bea7a61875c1f2c8d14444,传统金融,1726980568520768,615967373524918,-1111013194995850,-0.001111,-0.77,-0.643327,55497,57809,696.41,101625920,101626425,227,2,kol_sell,0xea51414c7ec9553ccdd4a2eb714f90d490b5b9b9dd4253d7e37421704395c7d5,1,51945,51945,21499
1780255580620417107,fast_tip,O,0x6443c862b332f3ef2d9279317db4ecdb6ebf4444,Binance Stocks,68950316032953541,52577389088840061,-16372926944113480,-0.016373,-11.41,-0.237460,15665,16872,696.88,101406227,101627048,33066,2,kol_sell,0x15616e36a4a81a4e24538a55c1c07b2de61547b29162247523a9434eb526b3e1,1,13349,13349,12609
1780285110781154234,fast_tip,O,0xa3b2e6fe983ac7193f2e098ad6f7c195a3824444,hey stock,41861340257074244,73851798160343000,31990457903268756,0.031990,22.32,0.764201,262407,263564,697.83,101619200,101627289,3644,1,kol_sell,0xcd70ec964d49bc749bda2ada03212913b967104c5cb5ec0bdada9f85734e5723,1,478010,478010,460246
1780255580620417457,fast_tip,L,0x5fb6440ce68b6df50d722b9fe26138402a1e4444,RELIEF,13014831677729477,12728044341773791,-286787335955686,-0.000287,-0.20,-0.022035,0,0,696.49,101527929,101628821,33865,1,kol_sell,0x493ed4980ac2def721f16475cee1060f121bb3c2c2c31bfa09c08d9550e7bb6c,1,13911,13911,12213
1780289392326381585,fast_tip,N,0x3cb31fc7f16e2869adafdeadbc849847406a4444,证券代币,2052286588504806,960474426916284,-1091812161588522,-0.001092,-0.76,-0.531998,5704,5942,697.38,101628702,101629135,196,1,kol_sell,0xf153102f8a3ba47213c44dc414647275354952a5ac1352bce22717e0ac543489,1,5506,5506,2788
1780289390782499430,fast_tip,N,0xb610f504fd12849201620ce3a977b6652d0f4444,BStock,2280318431672007,1158346730472959,-1121971701199048,-0.001122,-0.78,-0.492024,5704,5942,697.38,101628699,101629141,199,1,kol_sell,0x4ca572bc437d4a493582d230451e99911c2be8827b3134074d9acaa847c81bb5,1,5494,5494,3026
1780289647923074495,fast_tip,M,0xb5088837acf8e3b72bd157bb616e5e6906ca4444,喷子,1328691147653858,0,-1328691147653858,-0.001329,-0.93,-1.000000,4482,6773,697.56,101629269,101629433,75,1,kol_sell,0xb5306a0834e306bf9eb2cb52ee59d7afa826717873b6968fb488d501966f94ac,1,4391,4391,0
1780289744083736125,fast_tip,N,0xb610f504fd12849201620ce3a977b6652d0f4444,BStock,514735011348312,0,-514735011348312,-0.000515,-0.36,-1.000000,6191,6449,697.47,101629483,101629504,9,1,kol_sell,0x05312735421bffa2e0c5e4ca7799c57da1e3169db89511b39a34eb3a1ee02d22,1,8072,8072,0
1780289744083736125,fast_tip,N,0xb610f504fd12849201620ce3a977b6652d0f4444,BStock,386051258511234,0,-386051258511234,-0.000386,-0.27,-1.000000,6191,6449,698.26,101629483,101629664,82,1,kol_sell,0xada53e3f45481ceefcd03db9332e4e877c6809bb739d90dc88020d3f90172e52,1,6174,6174,0
1780289956833988074,fast_tip,M,0xfff0e9dffb2a18c4d96f781429963e1dd8e74444,MCDOGE,647418048605818,186187595645426,-461230452960392,-0.000461,-0.32,-0.712415,7612,7929,697.66,101629955,101630027,33,1,kol_sell,0x6f674adb830a8a5f261da481ff98a636c0534f281253dd7b808bf4551c82d657,1,14021,14021,2279
1780283666427012561,fast_tip,M,0x50f4f94161626025bc59fb3ef27687b58b844444,BTS,3638478983536716,1707562668634308,-1930916314902408,-0.001931,-1.35,-0.530693,77979,78182,696.69,101615993,101630209,6405,3,kol_sell,0x3f81877066430632cede7ec5764b800d13aa6cc298b4b2f9acbd5fda2f0ebb32,1,35662,35662,22813
1780289956833988074,fast_tip,M,0xfff0e9dffb2a18c4d96f781429963e1dd8e74444,MCDOGE,137100996070663,606738037531533,469637041460870,0.000470,0.33,3.425482,7612,7929,695.98,101629955,101630291,151,1,kol_sell,0x0a48bdefc917509208728dfe76be673e70a6ce077c3ba85b94d41dafc6b27213,1,105170,105170,34982
1780290110863479495,fast_tip,H,0xfff0e9dffb2a18c4d96f781429963e1dd8e74444,MCDOGE,3107264233407979,1556778445390664,-1550485788017315,-0.001550,-1.08,-0.498987,151766,152188,696.22,101630297,101630401,47,1,kol_sell,0x33361eaa6770c5fb7cfb92fcb0e4f3f52ead388cd5652937ecc2ccf47386a4b5,1,124856,124856,76275
1780290110863479495,fast_tip,H,0xfff0e9dffb2a18c4d96f781429963e1dd8e74444,MCDOGE,4660896350111970,2737770135934287,-1923126214177683,-0.001923,-1.34,-0.412609,151766,152188,696.22,101630297,101630408,50,1,kol_sell,0x5740b2b76e2bbc6b93f13ffe220bc3e1fdb514f33ddb0e4d0b845f212737d87f,1,111383,111383,89425
1780289920673338531,fast_tip,L,0xedead7eb50143bb2890dffe9ef0ea5584e374444,GR00T,6903992495103048,5798266281539714,-1105726213563334,-0.001106,-0.77,-0.160158,5674,6971,697.13,101629875,101631196,596,1,kol_sell,0xf33d80b61c4e09e4235f2027f857b27dfdeef71d1e1eb2460c93e6f34cd55d6a,1,6931,6931,5848
1780289920673338531,fast_tip,L,0xedead7eb50143bb2890dffe9ef0ea5584e374444,GR00T,5175923173578755,5266933268795357,91010095216602,0.000091,0.06,0.017583,5674,6971,697.35,101629875,101632083,996,1,kol_sell,0xe581568792cf32f44fe94c78e7dca1345c74beaa14dd8a6d05adbf3a560be837,1,8467,8467,7088
1780291773394509413,fast_tip,M,0x54cae6c6492a8498357a848daf878c3c7c524444,grimacecoin,807046649476587,156742646736957,-650304002739630,-0.000650,-0.45,-0.805782,11803,14380,695.40,101633987,101634038,23,1,kol_sell,0x8b9d61eb08e88e3b610a2990b964d022108e6d0684c618b478e02380ee240da5,1,18963,18963,2793
1780292171286355200,fast_tip,O,0x187c852b569e4f2f43321245dc228796040a4444,干羚羊,57722998340186942,58550296185187322,827297845000380,0.000827,0.58,0.014332,5803,6419,695.12,101634871,101634905,16,1,kol_sell,0x5484debbbbba99fd9bd64ad249cc47f6088cd1d03637f1f68457aecc208c8345,1,6950,6950,6511
1780292367904275365,fast_tip,L,0xedead7eb50143bb2890dffe9ef0ea5584e374444,GR00T,3884013577932597,5035217597406387,1151204019473790,0.001151,0.80,0.296395,0,0,694.79,101629875,101635507,91,1,kol_sell,0xbdc3dba145399865b4f3033d348aaa54880eafa6900b1348fc26a11ff228675d,1,10086,10086,8997
1780292367904242236,fast_tip,N,0xedead7eb50143bb2890dffe9ef0ea5584e374444,GR00T,375241823272919,0,-375241823272919,-0.000375,-0.26,-1.000000,0,0,694.79,101633612,101635558,113,1,kol_sell,0x70a7a051d53942c31d23959802a287b4c0ae8e6ce3d10ec4e3bff4f0ad478294,1,10924,10924,0
1780292367904275365,fast_tip,L,0xedead7eb50143bb2890dffe9ef0ea5584e374444,GR00T,2911844979376068,4944681213966962,2032836234590894,0.002033,1.41,0.698127,0,0,694.94,101629875,101635626,144,1,kol_sell,0xfcdd4fd73208d662b31687c402d72b6fc3e80f692771771a9eeda88a0e26faf2,1,14423,14423,11788
1780292367904242236,fast_tip,N,0xedead7eb50143bb2890dffe9ef0ea5584e374444,GR00T,492167175404761,0,-492167175404761,-0.000492,-0.34,-1.000000,0,0,694.94,101633612,101635681,169,1,kol_sell,0x66184b943323fca660c85398cb5b3e3467f47a57bb63917a8e243e811b546d20,1,16333,16333,0
1780292367904242236,fast_tip,N,0xedead7eb50143bb2890dffe9ef0ea5584e374444,GR00T,158326217774058,0,-158326217774058,-0.000158,-0.11,-1.000000,0,0,695.74,101633612,101635826,235,1,kol_sell,0x458e9f8b76108a0a941bf944138a8b04c817dbf7045261bf537646f12747fd16,1,19430,19430,0
1780292367904277075,fast_tip,M,0x187c852b569e4f2f43321245dc228796040a4444,干羚羊,570213101912194,0,-570213101912194,-0.000570,-0.40,-1.000000,0,0,695.74,101635164,101635846,243,1,kol_sell,0x2759bb5f34b9f8c694cc1fa8326a8fc8b38928c1c43d085556fd0c86cc6a1766,1,13319,13319,0
1780292367904277075,fast_tip,M,0x187c852b569e4f2f43321245dc228796040a4444,干羚羊,518187550716541,0,-518187550716541,-0.000518,-0.36,-1.000000,0,0,695.93,101635164,101636263,432,1,kol_sell,0x17345b4befe9ecf8201e0763ccb7277d21b3e6990c1e2b61eab15226053a9a50,1,6101,6101,0
1780292367904249976,fast_tip,N,0x1ab9f3f3b88c37bf1afc7698075472aa32314444,TradFi,1004552464557846,0,-1004552464557846,-0.001005,-0.70,-1.000000,0,0,696.84,101613765,101636470,524,1,kol_sell,0x823285e6fe197c421b1ac1de8f83e5830bf90574786814cba6ec6a4e8d637a07,1,11363,11363,0
1780293038523949327,fast_tip,N,0xbbbee61514fc54ab5aeac6dd08b5a05c06074444,英语书,1215783507404260,251550167484959,-964233339919301,-0.000964,-0.67,-0.793096,5273,4968,696.33,101636795,101636814,9,1,kol_sell,0xd7dcad0a5764c48dee9d19e6835629b585c3d78b0d4f7af9c2adbbdba8391061,1,4738,4738,1028
1780292367904242236,fast_tip,N,0xedead7eb50143bb2890dffe9ef0ea5584e374444,GR00T,1826102640422452,794210487755060,-1031892152667392,-0.001032,-0.72,-0.565079,18547,19320,696.33,101633612,101636837,690,2,kol_sell,0xb135143849b6143cf390eea81a042b500a1c7bf013631feea6a9f41450a1d8d3,1,14132,14132,6507
1780292367904275365,fast_tip,L,0xedead7eb50143bb2890dffe9ef0ea5584e374444,GR00T,8740195754421724,12991610167565391,4251414413143667,0.004251,2.96,0.486421,0,0,696.53,101629875,101636937,735,1,kol_sell,0x93767e9114439032a930ca3d0fa897a287056c344b1781069c2fdea444d9baee,1,11404,11404,10342
1780293553530866952,fast_tip,D,0x241d786b4548163e2bd8ef5be097fb7728e94444,Meme,52887759996212480,37332538587049946,-15555221409162534,-0.015555,-10.81,-0.294118,5762,7629,695.06,101637936,101637953,8,1,kol_sell,0xb87af6a1db96a5959c6485e4a0797b5e73fa7e5d256d7f79080163a927c8e32d,1,6796,6796,5385
1780292367904240937,fast_tip,M,0xfff0e9dffb2a18c4d96f781429963e1dd8e74444,MCDOGE,205651494105995,654982881750669,449331387644674,0.000449,0.31,2.184917,0,0,694.77,101629955,101638132,1274,1,kol_sell,0x09cd21afaebd745e5e9b197fea8f9de2ebdc78e4bc5819237fc453a432952125,1,60036,60036,25132
1780292367904250506,fast_tip,O,0x63ee24bfe3132ef0918a5a02bd5e236261b94444,币安木鱼,4949846168725887,10143031832148844,5193185663422957,0.005193,3.61,1.049161,0,0,694.83,101409303,101638226,1316,1,kol_sell,0x212f174f88c790bada7e50aee75a9ce1ba61d23c5db69062a8296711e7a3332e,1,18315,18315,18275
1780292367904250506,fast_tip,O,0x63ee24bfe3132ef0918a5a02bd5e236261b94444,币安木鱼,3463737354002084,6008512331656615,2544774977654531,0.002545,1.77,0.734691,0,0,694.83,101409303,101638237,1321,1,kol_sell,0xc96e0ce47b011f7a951df0a9614bed90920384bfa40c0ed9cacee8a33e0309fc,1,18273,18273,15470
1780293711091935437,fast_tip,G,0x81a86123aaf28a3cc8176b509df17e2f80ac4444,当当当当,5483741018190424,4596459235973877,-887281782216547,-0.000887,-0.62,-0.161802,4393,4576,694.89,101638286,101638298,6,1,kol_sell,0xf12e4b8ddcb0026c2b27b38c8b7a37792411cae5c10b18674011f6f4595edfc9,1,4746,4746,3835
1780293721567881999,fast_tip,N,0x81a86123aaf28a3cc8176b509df17e2f80ac4444,当当当当,1198781222187836,476764308817556,-722016913370280,-0.000722,-0.50,-0.602292,4815,5016,694.89,101638309,101638345,16,1,kol_sell,0xf4365183049b62f43bb8317d0bbca579cf60d811cc66112c65014b977c32c015,1,5841,5841,1995
1780293711091935437,fast_tip,G,0x81a86123aaf28a3cc8176b509df17e2f80ac4444,当当当当,2741870509095212,1736405705994714,-1005464803100498,-0.001005,-0.70,-0.366708,4393,4576,694.87,101638286,101638390,47,1,kol_sell,0x5fb44e10b6c0544be41de037156ec9be48864c7ec954972903e251510628929a,1,4519,4519,2898
1780293711091935437,fast_tip,G,0x81a86123aaf28a3cc8176b509df17e2f80ac4444,当当当当,2741870509095213,1636425435637637,-1105445073457576,-0.001105,-0.77,-0.403172,4393,4576,694.87,101638286,101638396,50,1,kol_sell,0xa19567b18e6946ab32e5b9dff9763f6ba057b54b060393aaf3d16f6a094a6e42,1,4346,4346,2731
1780293934258063334,fast_tip,N,0xd4abd72611e1d3d9cd0c82d1ff4318bc2e734444,帕鲁何一,644966781412087,210682831962782,-434283949449305,-0.000434,-0.30,-0.673343,5059,5270,693.70,101638781,101638798,8,1,kol_sell,0xb93fb2ae886f89d7d8112ced6e39e71d03cf64921c062e70613809d31111a809,1,9154,9154,1721
1780293934258063334,fast_tip,N,0xd4abd72611e1d3d9cd0c82d1ff4318bc2e734444,帕鲁何一,481612749438721,112422132673428,-369190616765293,-0.000369,-0.26,-0.766572,5059,5270,693.70,101638781,101638820,18,1,kol_sell,0x5c02eb524e1a89b5741efc03031edb299bd8d8c716fdb5183cf0932776075cd9,1,11140,11140,1230
1780293956684013208,fast_tip,N,0xd4abd72611e1d3d9cd0c82d1ff4318bc2e734444,帕鲁何一,1046232074229348,12163280637554,-1034068793591794,-0.001034,-0.72,-0.988374,16897,17350,693.52,101638831,101638845,6,1,kol_sell,0x3b6337109d941127e6803ac4ebce99e21e274911799bc6fedcaadd01362067ec,1,15151,15151,202
1780293961600580875,fast_tip,K,0x435edaefa1440960905969ded2db24b82d0a4444,YILU,26308956274819777,27886747994870719,1577791720050942,0.001578,1.09,0.059972,5021,5230,693.52,101638842,101638887,20,1,kol_sell,0x02ccbc9dc99db60e3641ce66eca925720450a56389ed087cedf0bf12e766fa24,1,5952,5952,5542
1780293972406512955,fast_tip,H,0xadaaef5171c5d46de3220452c5526d78f4074444,YILU,7420799383300449,5300528087089500,-2120271296210949,-0.002120,-1.47,-0.285720,4721,4918,693.52,101638866,101638900,15,1,kol_sell,0xafc9d1143630285d40d117df166ffea2e62ed6ad713377b9dc39086cc4319d64,1,4256,4256,3513
1780294013730759371,fast_tip,O,0xbae9f9704f108a6b019ea95c0b7d7474d8a04444,Q版一姐,14411494330662486,30447185890228379,16035691559565893,0.016036,11.13,1.112702,34257,35685,694.09,101638958,101639000,19,1,kol_sell,0xff5c52f7bb1bdf99f07dd28b5afb45fb675ba6f89195e5dce05b89114b59b3e0,1,101070,101070,75391
1780294013730759371,fast_tip,O,0xbae9f9704f108a6b019ea95c0b7d7474d8a04444,Q版一姐,11530636613963055,21968996980580981,10438360366617926,0.010438,7.25,0.905272,34257,35685,694.09,101638958,101639007,22,1,kol_sell,0x9f96238a8445feb1230d26b2cae17ec3860b0c4e1029e6816538f17b384c9b58,1,92212,92212,67989
1780294013730759371,fast_tip,O,0xbae9f9704f108a6b019ea95c0b7d7474d8a04444,Q版一姐,9225662354831841,31271685616332058,22046023261500217,0.022046,15.30,2.389641,34257,35685,694.09,101638958,101639015,26,1,kol_sell,0x74ef779e458f96a2ad1dec3fdbb69ea8b30cd2be5b479151fc78ed1b9e50e7a3,1,101316,101316,120958
1780292367904240937,fast_tip,M,0xfff0e9dffb2a18c4d96f781429963e1dd8e74444,MCDOGE,205651494105996,375411866124032,169760372018036,0.000170,0.12,0.825476,0,0,693.80,101629955,101639202,1756,1,kol_sell,0x76429608f09b80f8f0644ae2fc0290879285ac40121599af35e7659b2c311502,1,47442,47442,14385
1780293689148874087,fast_tip,E,0x63ee24bfe3132ef0918a5a02bd5e236261b94444,币安木鱼,1143243692721995,690811325247572,-452432367474423,-0.000452,-0.31,-0.395744,18108,18160,692.22,101638237,101639336,495,1,kol_sell,0xe0a83e7afb7507c07c910da69ac4f9cddc5ec7620ba97dd45f2f07659f9ea9c8,1,25193,25193,10932
1780292367904278205,fast_tip,L,0xb63b4f9c215e76db561279fd200da68c13114444,Nest,29270183940260903,22390266318508170,-6879917621752733,-0.006880,-4.76,-0.235049,0,0,692.37,101622778,101639422,1856,1,kol_sell,0xf15e2b31fccd6e09c57669ad4e6708f1178e595a4925471ab2f3b713bb9a2184,1,15696,15696,14506
1780294269429941402,fast_tip,O,0xcb5ce20725118adf8c01864fc06e263e13784444,大表哥,59334892270184582,45034338532042527,-14300553738142055,-0.014301,-9.91,-0.241014,11281,11751,693.16,101639525,101639597,33,1,kol_sell,0x5fc032a5cde439565f4c2edb9949142627542e30778c0ee79f25fb1fb983597b,1,8895,8895,8926
1780294724809198846,fast_tip,G,0x171f37ee37be871c305b6e1ad14a4f2ed7aa4444,新神 vs 旧神,5333831435251693,4281084519441477,-1052746915810216,-0.001053,-0.73,-0.197372,4258,4868,693.83,101640535,101640604,31,1,kol_sell,0xf2c5b90343757f36c22bd099359258d605f3d5f90712bc7465c73c1db64f8c2a,1,4868,4868,3906
1780294724809198846,fast_tip,G,0x171f37ee37be871c305b6e1ad14a4f2ed7aa4444,新神 vs 旧神,5333831435251694,3638696666865079,-1695134768386615,-0.001695,-1.17,-0.317808,4258,4868,693.06,101640535,101640801,120,1,kol_sell,0x450dc97a25faed00dccc37a91ba6cd282ed48f4c63d5c4718ae43d67f823642d,1,4276,4276,3316
1780294049066972110,fast_tip,O,0x1ca03f432bacd7d55bd09ec7546fdcf6e7403ffb,Kermit,73252953419980966,61995352037141202,-11257601382839764,-0.011258,-7.80,-0.153681,0,0,693.26,101639036,101641457,1091,1,kol_sell,0x884a8709e5e87549be145232ecf3894a81162cdc0f103f88c7280aac2c0f47c5,1,20385,20385,18858
1780295249614645970,fast_tip,G,0xc0a3287d18e1d4769129deceed6fbb0563d84444,小小的老子,5196437351041852,6672586166516298,1476148815474446,0.001476,1.02,0.284069,4453,4639,693.85,101641699,101641842,65,1,kol_sell,0x627278fa18ed71283a513d89ad5b52ea65297f09030a2954a2763065296000c7,1,7079,7079,5958
1780295249614645970,fast_tip,G,0xc0a3287d18e1d4769129deceed6fbb0563d84444,小小的老子,1039287470208370,575202357562421,-464085112645949,-0.000464,-0.32,-0.446542,4453,4639,693.57,101641699,101641955,116,1,kol_sell,0xa6ef5014a2f3411ee5d6c4e910b15666c31026f4689047dccdc535c3c740951e,1,6507,6507,2567
1780295249614645970,fast_tip,G,0xc0a3287d18e1d4769129deceed6fbb0563d84444,小小的老子,415299273095264,0,-415299273095264,-0.000415,-0.29,-1.000000,4453,4639,693.57,101641699,101641964,119,1,kol_sell,0x60f16b846bfec80f525ee194fa6cf422068c68cf03aed94688c3a1efbed7cfb4,1,6108,6108,0
1780295430272815540,fast_tip,M,0xfff0e9dffb2a18c4d96f781429963e1dd8e74444,MCDOGE,541300031076666,0,-541300031076666,-0.000541,-0.37,-1.000000,47339,47461,692.63,101642100,101643787,761,1,kol_sell,0x39ff0188b678dd5bda46a070cdf801672dc4724be8e0acb32f2a1e63a98614f4,1,71940,71940,0
1780296438187446896,fast_tip,D,0x24df114c0360a4c4bbed7616530b90c126cc4444,stock-ai,25666118927648113,38925425344770963,13259306417122850,0.013259,9.17,0.516607,8146,10756,691.48,101644333,101644365,15,1,kol_sell,0x62f52524a16843980dd38777b104828d63e603f4003a602cd8eb1074f637e8ce,1,17371,17371,16312
1780295249614645970,fast_tip,G,0xc0a3287d18e1d4769129deceed6fbb0563d84444,小小的老子,3741850607738218,2241872975810905,-1499977631927313,-0.001500,-1.04,-0.400865,4453,4639,691.73,101641699,101644625,1321,1,kol_sell,0xc9aa5b6feec9fc10068cb7c7bfe5815e49ff6925aec7619b8b4fc490a0dccc1f,1,4004,4004,2771
1780296656551743118,fast_tip,G,0x536ebd4f6d824a60f17a041e289943b7d07e4444,牛市迟到儿童,5151276690932148,3558746059552152,-1592530631379996,-0.001593,-1.11,-0.309153,5017,6668,694.11,101644817,101644934,53,1,kol_sell,0x7fba75a6f8d577a8da947bc1f8790f383997e74b97e58c672e23cb15067542d6,1,5967,5967,4608
1780297657132640305,fast_tip,C,0xd83af1985709721d21beb6eadb6456b7fb9a4444,toga,10517711974040798,12413591828462667,1895879854421869,0.001896,1.31,0.180256,4943,5149,692.83,101647038,101647047,5,1,kol_sell,0x6a017aa0e2775938ab91bd3f15624cfa6ee7646bc9396292fb1b0fa9b23fc6ac,1,6772,6772,6077
1780297657132640305,fast_tip,C,0xd83af1985709721d21beb6eadb6456b7fb9a4444,toga,6836512783126519,12464186461197577,5627673678071058,0.005628,3.90,0.823179,4943,5149,692.83,101647038,101647084,21,1,kol_sell,0x152d783ae75e67a64109f2a1f1e66ef38396822075d4dd110577915c325f0847,1,10458,10458,9387
1780297657132640305,fast_tip,C,0xd83af1985709721d21beb6eadb6456b7fb9a4444,toga,5077282715091405,7972696865053966,2895414149962561,0.002895,2.01,0.570268,4943,5149,692.83,101647038,101647093,25,1,kol_sell,0xf749ba520cea32b32e3056024eddc207b0db5763550f61a1a904f60da2739ff2,1,9337,9337,8085
1780292367904249806,fast_tip,A,0x5fb6440ce68b6df50d722b9fe26138402a1e4444,RELIEF,1351560055978664,0,-1351560055978664,-0.001352,-0.94,-1.000000,0,0,693.30,101528133,101647127,5329,1,kol_sell,0xcd56cca708729b0ae00b3b936ddc3bae47a7f13742727c640d68bc8a1bb020a1,1,13584,13584,0
1780297657132640305,fast_tip,C,0xd83af1985709721d21beb6eadb6456b7fb9a4444,toga,7619098167857846,9400658634190585,1781560466332739,0.001782,1.24,0.233828,4943,5149,693.30,101647038,101647130,42,1,kol_sell,0x01adb89718710261acbe69dcb6eef9c6e5b302847375cc55cc0d2410aa74d0c8,1,7231,7231,6357
1780297825692611225,fast_tip,C,0x154edb01d66500f2902df7b6d60a3371bea84444,FORA,31270658454995391,19736104469276324,-11534553985719067,-0.011535,-8.00,-0.368862,4907,7497,693.15,101647412,101647413,1,1,kol_sell,0xf0bd726846e25202a860d37f1538e46438ed87aead23cabe43059bf06270f5e0,1,4802,4802,4731
1780297988190472736,fast_tip,C,0xf798d8723004f092d035946412537034fb2c4444,MEME-ING,30117203056423484,19513923857478852,-10603279198944632,-0.010603,-7.34,-0.352067,6107,7381,692.45,101647772,101647775,2,1,kol_sell,0x53948b8734f9cde5ab7ecda6aa29b964218eadbdb0e99d0652b3241cc757173d,1,6047,6047,4782
1780298038144768042,fast_tip,C,0xf04e8b59ed50a3e2e619729115532ac6a1f94444,Toge,29056875136529021,29036439603764252,-20435532764769,-0.000020,-0.01,-0.000703,5721,5959,692.70,101647883,101647895,6,1,kol_sell,0x35c2a94e59f3e4c8b6493cfcb6ed55864ef363283abef7c7f548ba7237abdf16,1,6388,6388,5955
1780298095387504675,fast_tip,C,0xf08003851590b22f4301615f4e13ab114ffa4444,梗火不灭,17891965288966916,20744517732079420,2852552443112504,0.002853,1.98,0.159432,5981,6231,692.49,101648010,101648044,16,1,kol_sell,0xc86f6e44d8a1587e31c899d39324abe0ccedfd942c99c606b68c1650167a2071,1,8228,8228,7224
1780292367904242056,fast_tip,L,0x6016ec1d12b3263e94bea7a61875c1f2c8d14444,传统金融,6213593245592743,7898284796943738,1684691551350995,0.001685,1.17,0.271130,0,0,693.07,101630729,101648122,5778,1,kol_sell,0xd0c0d6771aa48718395e00a144b3700ecbbcb7781b49b9b34cb839badf517f87,1,38489,38489,32751
1780298095387504675,fast_tip,C,0xf08003851590b22f4301615f4e13ab114ffa4444,梗火不灭,11162866294285628,9922479928336827,-1240386365948801,-0.001240,-0.86,-0.111117,5981,6231,693.07,101648010,101648152,64,1,kol_sell,0x50486b718838c1d9e869dcd4b2767600ee15166f9ef22520021590898a525311,1,6277,6277,5543
1780292367904241506,fast_tip,A,0xdeb8b35a35ff8e37319699ff600808037ec34444,Alpaca,372978771536063,0,-372978771536063,-0.000373,-0.26,-1.000000,0,0,689.47,101571980,101648975,6162,1,kol_sell,0x1c0a380ccc8e547987e38094e1cd17c4f1103e0c5a26e0f442d5a4d205367d77,1,78207,78207,0
1780292367904242056,fast_tip,L,0x6016ec1d12b3263e94bea7a61875c1f2c8d14444,传统金融,4660194934194557,8834826762517105,4174631828322548,0.004175,2.86,0.895806,0,0,685.78,101630729,101652063,7554,1,kol_sell,0x33eeefdf147e0cacc1e71c291cb7a2371c307c61d529ef77114e499ed4094f76,1,54655,54655,48332
1780292367904252046,fast_tip,N,0x584322c6381e1608b2f3354059541f7b8e9c4444,HVB,546152663127988,242858847839792,-303293815288196,-0.000303,-0.21,-0.555328,0,0,684.66,101438647,101653212,8072,1,kol_sell,0xd1672a3d95e7f2f5251bb885ed2eb4ad0a62b88143f58df44105d436309abc9b,1,9938,9938,2159
1780292367904252046,fast_tip,N,0x584322c6381e1608b2f3354059541f7b8e9c4444,HVB,2415640828136232,3218108290090810,802467461954578,0.000802,0.55,0.332197,0,0,685.37,101438647,101654022,8438,1,kol_sell,0x02e1c6cbdf11993d938fc2ceb3722b958b8b82396cf6215defba6170569c1ed0,1,8581,8581,6476
1780300874891209632,fast_tip,N,0xe36a3e14ee52a6d19411f8239db08b06b42a7777,FSTOCK,493657091018016,0,-493657091018016,-0.000494,-0.34,-1.000000,16646,18928,685.45,101654178,101654233,25,1,kol_sell,0x2b95e8c1266634473fbc535d1e7ea85097ac21d1c5b006d128a074403c79fb2d,1,40989,40989,0
1780300874891209632,fast_tip,N,0xe36a3e14ee52a6d19411f8239db08b06b42a7777,FSTOCK,795264817645213,2559099666908604,1763834849263391,0.001764,1.21,2.217921,16646,18928,685.15,101654178,101654453,124,1,kol_sell,0x3704bdedebb0f786303da10505d7a514224b23a63e3014a83e86bd00c2fad94d,1,81901,81901,60880
1780300982800113448,fast_tip,G,0xca0e86bb3885948d517db061be5cb48146a67777,NVDIAS,9628172649633082,0,-9628172649633082,-0.009628,-6.60,-1.000000,10154,9135,685.83,101654418,101654529,51,1,kol_sell,0x91afea5d6b0b43a8d1af59eb0fe6858d2d9624ee26f58f3e91a1be9dd53aba9a,1,239,239,0
1780301033927402049,fast_tip,C,0x25cd308943b9126ca318810be32833fcc62a7777,SPX,21503011468553120,0,-21503011468553120,-0.021503,-14.75,-1.000000,9424,9816,685.83,101654532,101654541,4,1,kol_sell,0x3b70f519aef7df31d11b21e0f4ec839b869fb9566b04c6cb7a79d324d1123bc3,1,162,162,0
1780296656551743118,fast_tip,G,0x536ebd4f6d824a60f17a041e289943b7d07e4444,牛市迟到儿童,5151276690932148,2614122263355398,-2537154427576750,-0.002537,-1.74,-0.492529,5017,6668,685.83,101644817,101654547,4384,1,kol_sell,0x17134c4065bf092c90fd56df0db12a54e71a62f0a140a612f222919b01e5cdb4,1,4650,4650,3345
1780301033927402049,fast_tip,C,0x25cd308943b9126ca318810be32833fcc62a7777,SPX,7713036722415794,0,-7713036722415794,-0.007713,-5.29,-1.000000,9424,9816,685.83,101654532,101654558,12,1,kol_sell,0xa281d14c4ffe07b49acb210083401a0e30990c8eb3ff3c93ba3c7201a93fb360,1,122,122,0
1780301074552213898,fast_tip,C,0x4e29cf8a5f8f374d92d6f83ed92fdd4baad37777,TSL,18768973678842250,0,-18768973678842250,-0.018769,-12.88,-1.000000,8568,8925,686.45,101654622,101654646,11,1,kol_sell,0x1ece8d5837b386313347834703c2cef729ed432f6f0faba70e03b6a543c2c95f,1,234,234,0
1780301074552213898,fast_tip,C,0x4e29cf8a5f8f374d92d6f83ed92fdd4baad37777,TSL,7525469693029773,0,-7525469693029773,-0.007525,-5.17,-1.000000,8568,8925,686.70,101654622,101654775,69,1,kol_sell,0x7eb35c9d80b939aff02c1a5b614e06ecf3513f805bb36430277d157fcc7f6e52,1,161,161,0
1780301191818685861,fast_tip,C,0x767ea2711f14586489785ed64bb66dc26ab77777,DANGER,11096518047363712,16496808405751714,5400290358388002,0.005400,3.71,0.486665,7151,9168,686.61,101654882,101655337,206,1,kol_sell,0xfe21dbe85bd7f1e3e0af042aabf6fd453e4b9e8c8aa91aebf0d8fb0ba330bb80,1,155,155,13628
1780301372366150612,fast_tip,N,0x767ea2711f14586489785ed64bb66dc26ab77777,DANGER,141593968448776,0,-141593968448776,-0.000142,-0.10,-1.000000,13465,15193,687.23,101655283,101655441,71,1,kol_sell,0xb0b4d42672c08d68deb1c1e0ee6e763ca84d81e9f06fcccc87667a572598c948,1,277,277,0
1780301191818685861,fast_tip,C,0x767ea2711f14586489785ed64bb66dc26ab77777,DANGER,4398968345562388,12428763900825991,8029795555263603,0.008030,5.52,1.825382,7151,9168,687.51,101654882,101655514,285,1,kol_sell,0x7505b645c422e5cbdab16752c098ba691db92fbfdcf186e3d6345600a10545d7,1,33024,33024,25933
1780301372366150612,fast_tip,N,0x767ea2711f14586489785ed64bb66dc26ab77777,DANGER,520442790430323,294569721758816,-225873068671507,-0.000226,-0.16,-0.434002,13465,15193,687.51,101655283,101655516,105,1,kol_sell,0xef2fa2a6ac470359b135c41e9ecdda397dfb47d694f2dfd9eae42239fbe40aeb,1,25980,25980,8611
1780301372366150612,fast_tip,N,0x767ea2711f14586489785ed64bb66dc26ab77777,DANGER,75314902268305,0,-75314902268305,-0.000075,-0.05,-1.000000,13465,15193,687.51,101655283,101655527,110,1,kol_sell,0x974418ebf2e9366cfdcfab90ce44220e373e8a6db057065ece712f6028a90cf2,1,35918,35918,0
1780301372366150612,fast_tip,N,0x767ea2711f14586489785ed64bb66dc26ab77777,DANGER,339294011670181,0,-339294011670181,-0.000339,-0.23,-1.000000,13465,15193,688.10,101655283,101655727,200,1,kol_sell,0xef91e32592cd0b5c26d3a7cab3aa45a1db721332417ab4ddc00a593bc11ce438,1,30798,30798,0
1780301191818685861,fast_tip,C,0x767ea2711f14586489785ed64bb66dc26ab77777,DANGER,8169512641758721,12044341570407896,3874828928649175,0.003875,2.67,0.474304,7151,9168,688.10,101654882,101655768,399,1,kol_sell,0x6d8762f921323e288baf483b39d31c80838cecc9e3613f9a3f43571e65679775,1,15161,15161,13544
1780301580967956859,fast_tip,C,0x593290d5b6bafec509ab8d007d4880fb85f87777,B,7061369352031052,13596881308846850,6535511956815798,0.006536,4.50,0.925530,21229,22356,688.16,101655746,101655791,20,1,kol_sell,0x2d0644b5ade62689c31ca9a2f1ab75fa1c4c74eba2ec45dca0ac1eaf9a0b85b7,1,49839,49839,43052
1780301580967956859,fast_tip,C,0x593290d5b6bafec509ab8d007d4880fb85f87777,B,5995390453445069,11164934806547554,5169544353102485,0.005170,3.56,0.862253,21229,22356,688.16,101655746,101655799,24,1,kol_sell,0x036ebb0330776e55e1876e9227b332a73682e79edc7542cc29d882c13a52b208,1,49660,49660,41637
1780301372366150612,fast_tip,N,0x767ea2711f14586489785ed64bb66dc26ab77777,DANGER,339294011670181,0,-339294011670181,-0.000339,-0.23,-1.000000,13465,15193,688.16,101655283,101655801,233,1,kol_sell,0x29aae4a3e259bf15ff4eb280564dcf37f4c460f5946f655ca33fa71cb812c973,1,15336,15336,0
1780301580967956859,fast_tip,C,0x593290d5b6bafec509ab8d007d4880fb85f87777,B,7313713923827916,13867179072495256,6553465148667340,0.006553,4.51,0.896052,21229,22356,687.95,101655746,101656027,127,2,kol_sell,0x5960e648ebb39c937f8316426687269c1514656c922d75eddcdb3a8a7106aa4e,1,73205,73205,68461
1780301580967956859,fast_tip,C,0x593290d5b6bafec509ab8d007d4880fb85f87777,B,10245602194392950,14397541116086533,4151938921693583,0.004152,2.85,0.405241,21229,22356,687.33,101655746,101656297,248,2,kol_sell,0xbbb3c68ee096fc85f50324f22b6aa8a1603f6a444b70d0a3aa06b075c3ecf654,1,56247,56247,50693
1780301962022638246,fast_tip,E,0xf4771ce255243b3fc99747aa606727773d1b7777,MSFT,3008850628095603,0,-3008850628095603,-0.003009,-2.07,-1.000000,12066,12569,686.86,101656591,101656598,3,1,kol_sell,0x84fb9dec63ce203976f293e13492a43ecd3fc06d1eeee11492c50f797955a221,1,196,196,0
1780301999481655602,fast_tip,G,0x6ead196a09e82b90808a8bdb0123bb6040b17777,CLIPPY,4463383805502656,0,-4463383805502656,-0.004463,-3.07,-1.000000,9805,11419,686.98,101656675,101656690,7,1,kol_sell,0x98059704fcef143e864a7c44bc13bcdc0e76cfe1fa5c7e1d62b1d08466e99110,1,180,180,0
1780301999481655602,fast_tip,G,0x6ead196a09e82b90808a8bdb0123bb6040b17777,CLIPPY,892676761100531,0,-892676761100531,-0.000893,-0.61,-1.000000,9805,11419,686.98,101656675,101656697,10,1,kol_sell,0xea1e8484e233e1ed86378464bd279f772cb56f7724d525647790ce8d83b4e42a,1,143,143,0
1780301580967956859,fast_tip,C,0x593290d5b6bafec509ab8d007d4880fb85f87777,B,6659641426355417,7499837587515330,840196161159913,0.000840,0.58,0.126162,21229,22356,687.15,101655746,101656895,518,2,kol_sell,0x8fbad010d2db227e77b9308320585836be9797b1130137dab4b14d1b10a532a2,1,47102,47102,40615
1780301999481655602,fast_tip,G,0x6ead196a09e82b90808a8bdb0123bb6040b17777,CLIPPY,713784338175984,411843987633402,-301940350542582,-0.000302,-0.21,-0.423013,9805,11419,686.56,101656675,101657004,149,1,kol_sell,0xf4e1185f3922e6ad04495f96504429919b361af12e1b1fe82358ef0a4fce2e88,1,189,189,6588
1780302229970897662,fast_tip,G,0x82d744f04765838b7900603cb3425e07a9c97777,Bule,4037637624334061,0,-4037637624334061,-0.004038,-2.77,-1.000000,4923,6425,686.31,101657186,101657215,14,1,kol_sell,0xfc4696675c0914138189bd3e78dae922363d9dd9818fbba0a96f334318c8b6b1,1,61,61,0
1780302229970897662,fast_tip,G,0x82d744f04765838b7900603cb3425e07a9c97777,Bule,4037637624334061,0,-4037637624334061,-0.004038,-2.77,-1.000000,4923,6425,686.06,101657186,101657251,29,1,kol_sell,0x1f3461106240b86a993b9b12d2fa94be487179750663df5d5487c80dd9fede5c,1,48,48,0
1780302251752712517,fast_tip,O,0x37bb917611b30ccc9b4c7c9476f715e225b37777,FDOG,26202681327221167,597139263875742,-25605542063345425,-0.025606,-17.57,-0.977211,4707,4903,686.06,101657235,101657253,8,1,kol_sell,0x96d17c9aea7350e7849d7b1a6808e22ecef11864accab6d22d5ef284f66c3e50,1,287,287,112
1780302251752712517,fast_tip,O,0x37bb917611b30ccc9b4c7c9476f715e225b37777,FDOG,6158821780122129,0,-6158821780122129,-0.006159,-4.23,-1.000000,4707,4903,686.06,101657235,101657298,28,1,kol_sell,0x8dd4c28916c1cfa4d54d3c7d7f58c82f7651e9a958f8ec8d38c7b42fdac6384d,1,235,235,0
1780301580967956859,fast_tip,C,0x593290d5b6bafec509ab8d007d4880fb85f87777,B,4328766927131021,4231184793965536,-97582133165485,-0.000098,-0.07,-0.022543,21229,22356,686.06,101655746,101657308,704,2,kol_sell,0xde95a28b0ec075f3287fb06e00b666f5522401882925875259f64bd70105b799,1,44381,44381,35196
1780302323975718458,fast_tip,C,0xde6f1af4e4d93500bcc7b0504904d98142627777,微软,18175600210797311,0,-18175600210797311,-0.018176,-12.46,-1.000000,5155,6537,685.62,101657395,101657406,5,1,kol_sell,0xbb9580368eb6950b60969d2bf90d4f8f183941b54e7e927dfa3296280b4c3369,1,74,74,0
1780302323975718458,fast_tip,C,0xde6f1af4e4d93500bcc7b0504904d98142627777,微软,8731283891049190,0,-8731283891049190,-0.008731,-5.99,-1.000000,5155,6537,685.62,101657395,101657422,12,1,kol_sell,0x46f70674455e21956e884051af8024343f21d0f93b36f2132e9ea80cad97885a,1,64,64,0
1780301999481655602,fast_tip,G,0x6ead196a09e82b90808a8bdb0123bb6040b17777,CLIPPY,2856922706226142,0,-2856922706226142,-0.002857,-1.96,-1.000000,9805,11419,685.34,101656675,101657477,361,1,kol_sell,0xeb0071aafa3167dc632b6faec944d11a9082d5561815a0f8d571edb32bf3b11b,1,57,57,0
1780292367904276745,fast_tip,A,0x45238e8d9a81a52338d851871b71fd1e5aee4444,绷,1308857530846923,0,-1308857530846923,-0.001309,-0.90,-1.000000,0,0,685.61,101572245,101657627,10061,1,kol_sell,0x9d8537727b808b38f5a45b6fc1ce82cee38a4d3425a1c4e48f568ed4af23fc04,1,7542,7542,0
1780292367904279065,fast_tip,C,0x6016ec1d12b3263e94bea7a61875c1f2c8d14444,传统金融,1765772494761217,1666031420712045,-99741074049172,-0.000100,-0.07,-0.056486,0,0,684.86,101622608,101658218,10327,1,kol_sell,0x687173a93993f9270245ef6c12b2728b313310d67d2c85199378ec852bfc9f31,1,28605,28605,17918
1780302251752712517,fast_tip,O,0x37bb917611b30ccc9b4c7c9476f715e225b37777,FDOG,14370584153618302,0,-14370584153618302,-0.014371,-9.85,-1.000000,4707,4903,685.20,101657235,101658390,521,1,kol_sell,0xd7a95325eb2a26c5cd08bcb672d0b846cd519b36da54c78e361984f95413d243,1,118,118,0
1780302905961569505,fast_tip,D,0x8161f83e27bb01a07b58aca8944961d4aff34444,星仔,25045778302121850,17746374139952147,-7299404162169703,-0.007299,-5.02,-0.291442,5411,10159,687.18,101658686,101658719,16,1,kol_sell,0x6420cc2e0269d4193d77aaa0abc7285a129cbe27b7f8dc6767f064d4021493d1,1,8484,8484,7198
1780302924913630197,fast_tip,C,0xcb489c64de7b1da6b8b1520fa889795ea3404444,星仔,15817121603442632,20374766518336540,4557644914893908,0.004558,3.13,0.288146,5301,5522,687.18,101658728,101658749,9,1,kol_sell,0x645ece17ce0512d6dd4605bc380121c6bb7ee8ad983a7ff355e12f66c5a0e6a4,1,7726,7726,7113
1780302905961569505,fast_tip,D,0x8161f83e27bb01a07b58aca8944961d4aff34444,星仔,25045778302121851,11134815840832892,-13910962461288959,-0.013911,-9.56,-0.555421,5411,10159,687.37,101658686,101658781,43,1,kol_sell,0x1e0222b6016e3b3251aa1656f72b780836ab77d6c86057514270ac9a63195dbb,1,5075,5075,4518
1780302924913630197,fast_tip,C,0xcb489c64de7b1da6b8b1520fa889795ea3404444,星仔,2997130462878619,6093147973054269,3096017510175650,0.003096,2.13,1.032994,5301,5522,687.37,101658728,101658798,32,1,kol_sell,0x3d39935ceb4a26f827412b9b4096ace010668e8ced3811fd5c5dbc1106883f1b,1,13372,13372,11228
1780302924913630197,fast_tip,C,0xcb489c64de7b1da6b8b1520fa889795ea3404444,星仔,1948991368594131,6363306782196085,4414315413601954,0.004414,3.03,2.264923,5301,5522,687.38,101658728,101659082,160,1,kol_sell,0xd84eebc8a1110bc06f57ed7265d5dd0a6c3e1b503a59cadb5414443695ba2250,1,20946,20946,18033
1780302924913630197,fast_tip,C,0xcb489c64de7b1da6b8b1520fa889795ea3404444,星仔,3619555398817673,6470468973469814,2850913574652141,0.002851,1.96,0.787642,5301,5522,687.75,101658728,101659323,269,1,kol_sell,0x61cb868d48cb85a5f78b6fc06f32fdfb831db853d06c2e035c36b070a2f7f625,1,11436,11436,9879
1780303415999452735,fast_tip,D,0x5c740ab5db186cfdeb2c2e1379a1710551984444,eMeme,23985259970948917,22504757565373679,-1480502405575238,-0.001481,-1.02,-0.061726,33222,33413,686.68,101659818,101659842,11,1,kol_sell,0xb26f467683a653eefec5bf0bd12239e031e1f01fbb39d37036bc5494b7ed16dc,1,33283,33283,31350
1780303528223795851,fast_tip,C,0x351be99821e8bdc8ee3380b091d0d5b4a5b54444,four2,10349875190026168,11573450243850717,1223575053824549,0.001224,0.84,0.118221,6488,7632,687.24,101660067,101660081,7,1,kol_sell,0x307691839938d370c0299ecf1b1b1ee25bc5856af5b71564341780aece5f309c,1,9560,9560,8534
1780303528657154320,fast_tip,G,0x351be99821e8bdc8ee3380b091d0d5b4a5b54444,four2,3633873861900655,3265611478041391,-368262383859264,-0.000368,-0.25,-0.101342,8081,8418,687.49,101660068,101660122,24,1,kol_sell,0xd226262dd58120a75956c2aee408213382ebd13c7d883ef3079577068fb3c31f,1,9990,9990,7568
1780303528223795851,fast_tip,C,0x351be99821e8bdc8ee3380b091d0d5b4a5b54444,four2,5433684474763738,7791017929207813,2357333454444075,0.002357,1.62,0.433837,6488,7632,687.49,101660067,101660162,43,1,kol_sell,0x538c92c34055ff932ba291e90a0fcb62817798a73a88712f72280d554628a7b2,1,12680,12680,10947
1780303528223795851,fast_tip,C,0x351be99821e8bdc8ee3380b091d0d5b4a5b54444,four2,10091128310275515,8072299768128009,-2018828542147506,-0.002019,-1.39,-0.200060,6488,7632,687.30,101660067,101660199,60,1,kol_sell,0x23a8e02ce26dd207a128d07c31c40c73f6fcd51fdc63201a436baaba88c78b7a,1,7048,7048,6105
1780303607451553605,fast_tip,C,0xa1dec5c9ff20eb77f2802077fd236923077b4444,42,26030895971677532,23547398755109780,-2483497216567752,-0.002483,-1.71,-0.095406,16803,17503,687.57,101660243,101660281,17,1,kol_sell,0x09f29901200bd3d9b83bb4e6f73e1e73f01b6d663a344ceb8d79da28fbe8d667,1,17111,17111,15839
1780303528657154320,fast_tip,G,0x351be99821e8bdc8ee3380b091d0d5b4a5b54444,four2,3633873861900655,1193850943845860,-2440022918054795,-0.002440,-1.68,-0.671466,8081,8418,687.89,101660068,101660426,161,1,kol_sell,0xc2defc66b8ff10a50b6fd3ec43aa541ba2926cadc7d03c71147931d2b5c87dfe,1,4990,4990,2768
1780303415999452735,fast_tip,D,0x5c740ab5db186cfdeb2c2e1379a1710551984444,eMeme,23985259970948917,14777305748915102,-9207954222033815,-0.009208,-6.34,-0.383901,33222,33413,688.42,101659818,101660564,336,1,kol_sell,0x11f175bd368eb6dd4c8ea2ccf026efd044019b502c6fdea386236ce7b0a9e0e1,1,23284,23284,20638
1780295202006909209,fast_tip,O,0xc6cc46e67c4793d8ef9f4ae29b63ae1fa7854444,ASCEND,64104372100084497,35647583035101569,-28456789064982928,-0.028457,-19.55,-0.443913,18305,19658,687.16,101641594,101661024,8759,1,kol_sell,0xd15937101ef88d4693fc21a9284a2f6fac66befcb8c33e82184ca60b6eca3b0a,1,11488,11488,10828
1780303969034543864,fast_tip,N,0x141d53ee321c714932caa3c6e46d268e1c4f4444,LIFE,1056080177454046,61759923571984,-994320253882062,-0.000994,-0.68,-0.941520,4216,4391,687.16,101661045,101661086,18,1,kol_sell,0x3889ed8dfdf6211e89824df2b4fb8dc5eb93b66551870068584e226e8f61ebbb,1,4050,4050,257
1780304092216006681,fast_tip,C,0xe3fb6fc4c0d4c805ebd883d5b7ff5d182842ffff,4TOCKS,25782546250020757,21258674774695797,-4523871475324960,-0.004524,-3.11,-0.175463,13574,15343,687.53,101661319,101661320,1,1,kol_sell,0xc81a3e732428a685d4a904f65b95d93b3c6ab9f1276434d686ace4dbaab340fc,1,14272,14272,12651
1780304135566604249,fast_tip,G,0xe3fb6fc4c0d4c805ebd883d5b7ff5d182842ffff,4TOCKS,6986919193609904,6986919193609904,0,0.000000,0.00,0.000000,29771,31011,687.78,101661415,101661477,27,1,price_unavailable,0xef4fd06d4eea41c48c0adaae878f2f238e6532a8bb2567521b29440fa2708772,1,0,0,31015
1780304158764687660,fast_tip,D,0xe3fb6fc4c0d4c805ebd883d5b7ff5d182842ffff,4TOCKS,46901674279136929,22978701493375307,-23922972785761622,-0.023923,-16.45,-0.510066,17326,20519,687.78,101661466,101661480,6,1,kol_sell,0xe91154681114f53a46f78779c31940e5231524c95b311ee93cd7e92347d30d87,1,10869,10869,10053
1780301580967956859,fast_tip,C,0x593290d5b6bafec509ab8d007d4880fb85f87777,B,8039138578957612,2737315363517725,-5301823215439887,-0.005302,-3.65,-0.659501,21229,22356,688.22,101655746,101661673,2671,2,kol_sell,0x3e57011b7883c7814f0ca4dbb4a9cb55e7b3a631f9c2a3c1a0fad4cc9ceb75c5,1,16695,16695,12299
1780305556565836059,fast_tip,C,0xf70a9222702299f2ad91a6819408860ba0d97777,安卓人生,7219298608417974,7520433928119723,301135319701749,0.000301,0.21,0.041713,4811,9503,691.09,101664569,101664591,11,1,kol_sell,0x9878ea9151062e2cdb2e2db5c6a63ae4270a21c278936091b17d7d3b46cae6de,1,221,221,9899
1780305556565836059,fast_tip,C,0xf70a9222702299f2ad91a6819408860ba0d97777,安卓人生,5407941123616981,0,-5407941123616981,-0.005408,-3.74,-1.000000,4811,9503,691.74,101664569,101664704,61,1,kol_sell,0xe1ebd9c7ac429e280735977aea2dd7c2cbc846457525ea8864c92038543ab4f9,1,253,253,0
1780305556565836059,fast_tip,C,0xf70a9222702299f2ad91a6819408860ba0d97777,安卓人生,8111911685425472,0,-8111911685425472,-0.008112,-5.61,-1.000000,4811,9503,692.10,101664569,101664730,73,1,kol_sell,0x577383dfc3555f66bc2dbc320d9e13f423621c4176c99a203469ae942dcdfe1b,1,145,145,0
1780305363950035306,fast_tip,G,0xccfb3e8b1772bd3a9fc62deaf75127adad597777,苹果人生,3144113637124457,5713903640683535,2569790003559078,0.002570,1.78,0.817334,63671,63854,694.39,101664141,101665763,731,1,kol_sell,0x45e3ccd75f0af04a8040cdd03ee29dab09133cac38ac9570d5fbfb5ba8994fff,1,149882,149882,116632
1780306169140247484,fast_tip,E,0xf70a9222702299f2ad91a6819408860ba0d97777,安卓人生,1353982782643021,731655823842696,-622326958800325,-0.000622,-0.43,-0.459627,9008,9384,693.65,101665928,101666077,68,1,kol_sell,0x91aa5ad33fae61fb7e6ea068e92ce00905e977b036ea461529a1e2a53ff4b2e6,1,229,229,5068
1780306170133643893,fast_tip,G,0xf70a9222702299f2ad91a6819408860ba0d97777,安卓人生,3115397455446188,0,-3115397455446188,-0.003115,-2.16,-1.000000,10348,12149,693.65,101665930,101666120,85,1,kol_sell,0x0d56a0cff1f0378b3a6d8c9c4b490ce6697ffa1ee1dbb8dcdf905bca8d67c5e7,1,248,248,0
1780306259046357147,fast_tip,D,0xa5ed9080fd55a8c1602208bea12ecafa735b4444,超级应用,39792673810434341,212393391346095563,172600717535661222,0.172601,119.71,4.337500,4930,5135,693.57,101666128,101666203,34,3,kol_sell,0x56430771ca0863882dd59492081172d3196b37b9c0d4309703320fd4164c08b0,1,58552,58552,44707
1780306259046357147,fast_tip,D,0xa5ed9080fd55a8c1602208bea12ecafa735b4444,超级应用,20206934465271334,88360390125130801,68153455659859467,0.068153,47.34,3.372776,4930,5135,694.68,101666128,101666211,37,3,kol_sell,0x8869c9f362a83a9242449b707e5db628a5995dae81d68a06bb9255298e055d42,1,37741,37741,36685
1780306259046357147,fast_tip,D,0xa5ed9080fd55a8c1602208bea12ecafa735b4444,超级应用,30310401697907001,149000881198236593,118690479500329592,0.118690,82.45,3.915833,4930,5135,694.68,101666128,101666248,54,3,kol_sell,0xac4544ff95896e9d47ec5388a430a22aaf6718d8993f7e133ff82faa7388a3ef,1,46876,46876,41240
1780306169140247484,fast_tip,E,0xf70a9222702299f2ad91a6819408860ba0d97777,安卓人生,1353982782643022,0,-1353982782643022,-0.001354,-0.94,-1.000000,9008,9384,696.22,101665928,101666287,162,1,kol_sell,0x8482add84f7f4e2059a673d11e9f8d1b8f65d4e197a7fc28bd64337d11002b67,1,162,162,0
1780306170133643893,fast_tip,G,0xf70a9222702299f2ad91a6819408860ba0d97777,安卓人生,3115397455446188,0,-3115397455446188,-0.003115,-2.17,-1.000000,10348,12149,696.22,101665930,101666345,187,1,kol_sell,0x03e5fee307d4da1651e39f43ceabefa5e383ca9f556e1f777a2ed0895a594db0,1,154,154,0
1780306318701861572,fast_tip,D,0x14c0dafdee285025e9b0dcdd878563f92a9d4444,TS,74178068517014215,42926618702410528,-31251449814603687,-0.031251,-21.79,-0.421303,6673,6951,697.32,101666260,101666363,46,1,kol_sell,0xc04201bda537eaf9786680b12ea6b85b5355fae2ee74fde6b37cdcd988b0b82b,1,4291,4291,4038
1780306396691061514,fast_tip,C,0x38c8b484b8940d60b3e56d99dd11d12079574444,超级应用,19417279668526357,14903721539130885,-4513558129395472,-0.004514,-3.15,-0.232451,5475,5703,698.68,101666433,101666497,29,1,kol_sell,0x79fc6609df15f8b7f127e8036cf4c21a60e2ee0d600a574fc6e998823987c36b,1,5024,5024,4368
1780306259046357147,fast_tip,D,0xa5ed9080fd55a8c1602208bea12ecafa735b4444,超级应用,7577600424476750,46550945276234027,38973344851757277,0.038973,27.23,5.143230,4930,5135,698.68,101666128,101666519,176,3,kol_sell,0xfdae77a26a44d34858d253668780d549f69a95d0d937f7ddd7a44aca4550e825,1,50180,50180,51834
1780292367904279065,fast_tip,C,0x6016ec1d12b3263e94bea7a61875c1f2c8d14444,传统金融,1147752121594791,2953190203651967,1805438082057176,0.001805,1.27,1.573021,0,0,702.52,101622608,101666602,14105,1,kol_sell,0x229e114d80efc6369c7cc1c1d0db6b93cb8f4e884deb5ad93cb0a474eada6df1,1,68731,68731,50123
1780292367904233537,fast_tip,E,0x79fa6e532e578c36fffa9b7cc2b761e5fd744444,BSTOCK,13014773929592990,5607001809599420,-7407772119993570,-0.007408,-5.22,-0.569182,0,0,704.94,101403212,101666738,14167,1,kol_sell,0x0e132e8fb41fa7c980d117377edbb76a3bb81037fa35ccb97986e5da1ae700be,1,10968,10968,9142
1780292367904276055,fast_tip,E,0x0a906b55d4982a3382f0dda882f2fd9907ca4444,BStocks,112555894067556005,15112306229621206,-97443587837934799,-0.097444,-68.69,-0.865735,0,0,704.94,101394004,101666744,14169,1,kol_sell,0xaabd68dfbfb77cdedf0e776b1bb9dd9ab0b832a9e5af1dbb35a446112a626e6d,1,27458,27458,24433
1780306259046357147,fast_tip,D,0xa5ed9080fd55a8c1602208bea12ecafa735b4444,超级应用,5683200318357563,22459015905777346,16775815587419783,0.016776,11.79,2.951825,4930,5135,702.86,101666128,101666759,285,3,kol_sell,0xd89e7974e268d3c6e4c170f504f338e1e6e9fd9d7aa2c6b31778fe9c2d328cd0,1,35984,35984,33543
1780292367904276575,fast_tip,E,0x40430219bf7ab5b887351de1878d215af23b4444,Bstocks,4378727681988519,1210186480794851,-3168541201193668,-0.003169,-2.23,-0.723621,0,0,702.86,101495786,101666805,14197,1,kol_sell,0xb198b437476f368ecb5731f6068c2c1fb747549693342dbbb93a7f5eba2796ad,1,7541,7541,4245
1780306616798551863,fast_tip,C,0xee44aabaee48634a99340046c2211b2c32c44444,US Stocks,5615174278021948,5293134259554070,-322040018467878,-0.000322,-0.23,-0.057352,6166,7078,700.58,101666921,101666947,12,1,kol_sell,0x03f3a24980a565c5c032dd2a7971140654a4757873da87bca7e5b35ef09eeeae,1,8074,8074,6672
1780306616798551863,fast_tip,C,0xee44aabaee48634a99340046c2211b2c32c44444,US Stocks,2949195122491472,3149154381965305,199959259473833,0.000200,0.14,0.067801,6166,7078,701.35,101666921,101667008,39,1,kol_sell,0xcfb1b6530c34b65e256f75c73d60bf3a6ae4d2157ab72e985e9669ca03bf9f03,1,10022,10022,7566
1780306616798551863,fast_tip,C,0xee44aabaee48634a99340046c2211b2c32c44444,US Stocks,5477076656055593,4490839853921117,-986236802134476,-0.000986,-0.69,-0.180066,6166,7078,700.57,101666921,101667149,104,1,kol_sell,0x5b1139b58a5705d7b503a0c2d01f1b6e9eeee95d359c8bd43ca8c7762ad7cfd0,1,7248,7248,5803
1780306723929733575,fast_tip,H,0xf1fedc9238f4ade12ebdcb868269fbc422a24444,美股,1441033573510502,1444589501356673,3555927846171,0.000004,0.00,0.002468,15954,16619,700.57,101667158,101667177,9,1,kol_sell,0x4e97bc047c0497759d3a5fe306739546894487c04058b2bbd708c354e589a5d8,1,27643,27643,16660
1780306723929733575,fast_tip,H,0xf1fedc9238f4ade12ebdcb868269fbc422a24444,美股,5767738680168852,6340837471386618,573098791217766,0.000573,0.40,0.099363,15954,16619,700.57,101667158,101667180,10,1,kol_sell,0x82098937357fb362891c2b53589c82878437248ff862648b66c8a0c577c316a6,1,21602,21602,18270
1780292367904234967,fast_tip,O,0x4a34e924b14853f8165704e961fcb3dc7de84444,Plutus,81953877342499796,42772711194900848,-39181166147598948,-0.039181,-27.55,-0.478088,0,0,703.16,101412137,101667271,14407,1,kol_sell,0x21437901f7fbe54dc3cd1b02172d2ccd48aa0223fc86e5f8f33326e7d87bc06d,1,15939,15939,14573
1780292367904253236,fast_tip,O,0xb9f208732179c139bd671eb4627dbb5f19b94444,bStonks,7944402539223633,5771957673240398,-2172444865983235,-0.002172,-1.53,-0.273456,0,0,704.27,101462889,101667313,14426,1,kol_sell,0x6c94022fd19c744eec0c6f3e1aa1fb5b8aab44b7524d9d25c999b1cba5eca67f,1,4535,4535,3793
1780292367904241686,fast_tip,O,0xa1ce6458799a2f44d42e81453ae9386116ce4444,股票,5222849751970833,4603555734717492,-619294017253341,-0.000619,-0.44,-0.118574,0,0,704.27,101473888,101667327,14432,1,kol_sell,0xff397a6c6090b4bf5e88e30d093a02dafbb68b2df1bd4ad765258fcd8ae20c02,1,5681,5681,4602
1780292367904278715,fast_tip,O,0x479ec77482075cb8ab331e44c59e59d20e024444,OpenStocks,9046348526101112,2742765806391197,-6303582719709915,-0.006304,-4.44,-0.696810,0,0,704.27,101437211,101667352,14444,1,kol_sell,0x9cac33ec0498a189b1adf6a89f6b793fc1a1a33f6f61836c3aa3ee60af44ef86,1,5555,5555,4069
1780339932739695049,fast_tip,H,0x47844a8b5c6d14769139758d3cc5f30e33494444,WOK,5521112048277307,3540278816462454,-1980833231814853,-0.001981,-1.37,-0.358774,101487,101774,691.62,101740837,101744221,1524,2,kol_sell,0xd179e129d5b3aefa61c4c703afd180f4ca7ebd406c6e58a27a828febd3112f79,1,92068,92068,69062
1780339932739695049,fast_tip,H,0x47844a8b5c6d14769139758d3cc5f30e33494444,WOK,8285119630335614,3665578047809345,-4619541582526269,-0.004620,-3.20,-0.557571,101487,101774,691.87,101740837,101744300,1560,2,kol_sell,0xa00e900b6394ed7e975e79d0c506fff1b3a0ec297aec4afb0951ae339aac533c,1,59868,59868,47668
1780358671348566449,fast_tip,O,0x801f5f2b5d505b461c60dd9da5ac12d3a84c4444,FOX,23072602412559673,25289560978082815,2216958565523142,0.002217,1.53,0.096086,8840,9780,691.49,101782445,101782509,29,1,kol_sell,0xd1996d496bd4fcd38d510de451e81b300aec641f50049ee7f60422039c4635e8,1,11064,11064,10718
1780358671348566449,fast_tip,O,0x801f5f2b5d505b461c60dd9da5ac12d3a84c4444,FOX,11958529830429679,12894622398794153,936092568364474,0.000936,0.65,0.078278,8840,9780,691.31,101782445,101782588,64,1,kol_sell,0xfc74a7d0b81cd2e2144768e6777b8328f20c52f6b05d3fa3ff754685f473de1e,1,11592,11592,10541
1780355270293984789,fast_tip,O,0xccfb3e8b1772bd3a9fc62deaf75127adad597777,苹果人生,15381734941706448,30402615147048509,15020880205342061,0.015021,10.35,0.976540,317515,318696,688.96,101774894,101793732,8487,1,kol_sell,0x7cd5f99053dd53970a480a31930b8c36eb46b684b9c5487e9d9ddc2414aed4fd,1,656911,656911,627113
1780364820932086446,fast_tip,O,0x47844a8b5c6d14769139758d3cc5f30e33494444,WOK,24194682097499980,38591534085062230,14396851987562250,0.014397,9.85,0.595042,62487,62803,684.02,101796094,101797808,772,1,kol_sell,0x31efd9bfc0017c69a39193f39880e42fd74478a75a33e23f18f29571faf97e1a,1,100880,100880,100122
1780366678799622275,fast_tip,O,0x0a55d269d9ddb2c6d176ec2ebdbff4820d094444,小肥柴,27512728152702470,36311435337457833,8798707184755363,0.008799,6.01,0.319805,6774,7056,682.60,101800215,101800231,8,1,kol_sell,0xebdbd3996a563ae6fa37a05526c6b6de1cafe3fa1432ce2138fb4527d1c06ea0,1,8893,8893,9313
1780366678799622275,fast_tip,O,0x0a55d269d9ddb2c6d176ec2ebdbff4820d094444,小肥柴,4546768473870929,18334674576493120,13787906102622191,0.013788,9.41,3.032463,6774,7056,682.56,101800215,101800357,65,1,kol_sell,0x9ec7ca86ede0dc801f486bc6d36fa83da41631d861760a7f57fad173d82232fe,1,30039,30039,28451
1780366972477693931,fast_tip,O,0xa6469be6307fcaca1dee86b50929b13f0fc77777,美光协议,39479734575396096,0,-39479734575396096,-0.039480,-27.07,-1.000000,6516,7753,685.62,101800866,101800914,22,1,kol_sell,0xdf3b87e680bd872cb6ec803fd219f869e9a0b888b6f1d61d4d68f41145f756db,1,58,58,0
1780367083265110035,fast_tip,O,0x89bd347fc5e0f9829e22fae4468d4da5ab4a7777,英伟达人生,26204673824419158,0,-26204673824419158,-0.026205,-17.99,-1.000000,6119,7194,686.35,101801112,101801161,23,1,kol_sell,0x1347bf607895f67763464ae8f50050c83c5ffbcacab6d9395f459422823f983e,1,228,228,0
1780364820932086446,fast_tip,O,0x47844a8b5c6d14769139758d3cc5f30e33494444,WOK,7258404629249994,5786878336381551,-1471526292868443,-0.001472,-1.01,-0.202734,62487,62803,687.60,101796094,101801427,2404,1,kol_sell,0x745cbfae9db5abaeea7888c5f750c14d8272fdbc4bc39ee7578f018058317502,1,58656,58656,50307
1780366903104897492,fast_tip,O,0xc5e826c97d84498694a4906c3f7f9d5a82ec4444,西格玛,52602185547806427,55774731421893954,3172545874087527,0.003173,2.18,0.060312,38882,40503,688.09,101800712,101801635,415,3,kol_sell,0xad924663785c226dadf9f181d233b681e25c3b35cbffa3a358948679d8c824bf,1,58349,58349,56264
1780366903104897492,fast_tip,O,0xc5e826c97d84498694a4906c3f7f9d5a82ec4444,西格玛,15780655664341928,14752916692324009,-1027738972017919,-0.001028,-0.71,-0.065127,38882,40503,688.09,101800712,101801661,427,3,kol_sell,0x2e9f903ee888cfb4847fdeccc9b8409dd3dae6ef4c5d583ed3231b70a177e08a,1,53785,53785,49608
1780366903104897492,fast_tip,O,0xc5e826c97d84498694a4906c3f7f9d5a82ec4444,西格玛,11046458965039349,14124071480815828,3077612515776479,0.003078,2.12,0.278606,38882,40503,688.90,101800712,101801947,556,3,kol_sell,0xe0deac388e5976c6904bbba7e6f739bf53bf1123d15b356bb55b8bfa49535231,1,73214,73214,67928
1780366678799622275,fast_tip,O,0x0a55d269d9ddb2c6d176ec2ebdbff4820d094444,小肥柴,10609126439032169,9051265442747218,-1557860996284951,-0.001558,-1.07,-0.146842,6774,7056,689.94,101800215,101802151,873,1,kol_sell,0x9e3221e0a21a4325774a502ec60878d8382ed7b131b7bca63dc24d4e641acfff,1,6834,6834,6085
1780367083265110035,fast_tip,O,0x89bd347fc5e0f9829e22fae4468d4da5ab4a7777,英伟达人生,1865417458687465,0,-1865417458687465,-0.001865,-1.29,-1.000000,6119,7194,691.22,101801112,101802678,706,1,kol_sell,0x1d2b48d103cc8840bd08e1c8eccb4366279bbaca0af76125532163c9ceed3ad0,1,657,657,0
1780366903104897492,fast_tip,O,0xc5e826c97d84498694a4906c3f7f9d5a82ec4444,西格玛,5152436676593187,6636000092896860,1483563416303673,0.001484,1.03,0.287934,38882,40503,691.58,101800712,101802936,1002,3,kol_sell,0x8e6e3f5d447cd624e21f808db787844a30c073893e572636d1ac292d094b068d,1,78350,78350,68690
1780369135058143998,fast_tip,O,0xcb15aa83b2d0c921422cbc00f1b516232eb84444,BN小仙,16405817138216777,12978842374931192,-3426974763285585,-0.003427,-2.36,-0.208888,6185,8091,689.79,101805402,101805454,40,1,kol_sell,0x9420be4fe137e6dcf7104884a30bfaafcd8f5051dccd369a5768e22b20b5ac47,1,7301,7301,6401
1780369135058143998,fast_tip,O,0xcb15aa83b2d0c921422cbc00f1b516232eb84444,BN小仙,4920104559751211,3906964255738374,-1013140304012837,-0.001013,-0.70,-0.205918,6185,8091,689.87,101805402,101805547,82,1,kol_sell,0x7ccbe678a7c6c3fdc640d5270ad141318f2de3250782df21efe3e3e9be9b105c,1,8013,8013,6426
1780364820932086446,fast_tip,O,0x47844a8b5c6d14769139758d3cc5f30e33494444,WOK,26696824443254745,24079909164711327,-2616915278543418,-0.002617,-1.81,-0.098023,62487,62803,691.37,101796094,101806321,4824,2,kol_sell,0x84df354f26e2b345e77338796e157ff4cc078bba8de6205b8b3928c7637edd37,1,47208,47208,43805
1780369863536119443,fast_tip,O,0xad8bb425e0356bfc6766ac2e0e87f058d8614444,唐人,14651302386022635,29939892118529091,15288589732506456,0.015289,10.57,1.043497,11307,11778,691.40,101806806,101806832,12,1,kol_sell,0x3f975148b1206dac567c09b1bc789623b4a3af03d4e8a283a1a016cf4b737bed,1,24052,24052,24069
1780369863536119443,fast_tip,O,0xad8bb425e0356bfc6766ac2e0e87f058d8614444,唐人,5692722012691695,11869365745606699,6176643732915004,0.006177,4.27,1.085007,11307,11778,691.00,101806806,101806901,43,1,kol_sell,0xef2f693e4ab14c350193d4df14e06022881478ed688abbeef6f9a91af2019984,1,27437,27437,24544
1780369863536119443,fast_tip,O,0xad8bb425e0356bfc6766ac2e0e87f058d8614444,唐人,3984905408884187,11288477306493867,7303571897609680,0.007304,5.05,1.832809,11307,11778,691.46,101806806,101807252,202,1,kol_sell,0x20505273134633d877b7ff90035800d850f3c4212ba42a11430d8c1f181db399,1,36836,36836,33368
1780370087673728910,fast_tip,O,0x61fcc18ce1cafef024982bdeefeb184f1fd94444,唐人街,17787055851279212,14884331343634850,-2902724507644362,-0.002903,-2.01,-0.163193,5585,5818,691.50,101807301,101807360,27,1,kol_sell,0x665d16c91ea1420eb6222e2ce81a5cdb20389f99f802a673fdf5ee4713569911,1,5367,5367,4869
1780369863536119443,fast_tip,O,0xad8bb425e0356bfc6766ac2e0e87f058d8614444,唐人,21401623143697919,35135550257513547,13733927113815628,0.013734,9.51,0.641724,11307,11778,692.29,101806806,101807725,415,2,kol_sell,0x4ab3cca5891d2241745cc4ccad09e750fde3ea49f540acadc1e5abd5098caa22,1,50318,50318,48720
1780370087673728910,fast_tip,O,0x61fcc18ce1cafef024982bdeefeb184f1fd94444,唐人街,51455231177030029,39555603591551801,-11899627585478228,-0.011900,-8.23,-0.231262,5585,5818,691.58,101807301,101807932,285,2,kol_sell,0x2dc1bc309a067d88eee7e8257255fd2c820316d89abcec86dbcd3a7b76680c5c,1,4696,4696,4311
1780369863536119443,fast_tip,O,0xad8bb425e0356bfc6766ac2e0e87f058d8614444,唐人,6420486943109376,5592564362949276,-827922580160100,-0.000828,-0.57,-0.128950,11307,11778,691.22,101806806,101808073,573,2,kol_sell,0x1f1f189de5b567189ed4f3495727eb4bee900523c85afe0a1d411b9d339f9151,1,30356,30356,25809
1780369863536119443,fast_tip,O,0xad8bb425e0356bfc6766ac2e0e87f058d8614444,唐人,14981136200588544,6368693233899641,-8612442966688903,-0.008612,-5.96,-0.574886,11307,11778,692.59,101806806,101808565,794,2,kol_sell,0xe1406d3228905a7cc1d9b2d49c8b21082b0eeb839d1a2a8cdd7f5075b0bdef56,1,15556,15556,12621
1780373233741287486,fast_tip,D,0x0ea371278ec03b388dc9149fa609f072906e4444,中͏国创造,31881882285089819,39336593586734104,7454711301644285,0.007455,5.16,0.233823,8452,12432,691.76,101814282,101814341,27,1,kol_sell,0xada37f631199d5494ffcbd4f0e1b2d017daaed6fbf7ee9b666b845a102d84d14,1,17573,17573,15339
1780374171698926589,fast_tip,D,0xf59e6e63c3a2494b7c5ec51b530a7c463e214444,上号,61321047471835086,63407773780528965,2086726308693879,0.002087,1.43,0.034030,20266,26777,686.61,101816363,101816387,10,1,kol_sell,0x14c8b7469ff881d44f8f25999929b85f64b3d2dbeabbae8ef0d9e1f5befd5989,1,0,0,27688
1780374210206514995,fast_tip,O,0xf59e6e63c3a2494b7c5ec51b530a7c463e214444,上号,19741318441527761,33818172746006349,14076854304478588,0.014077,9.69,0.713066,30363,30516,688.07,101816449,101816607,71,1,kol_sell,0x675caaf3ea404d4e94d67b3e34ce09598d055e8ed0d06a21c3ba51543ea71738,1,53608,53608,52397
1780374268764134227,fast_tip,O,0xe36a3e14ee52a6d19411f8239db08b06b42a7777,FSTOCK,28716965568732803,24892733548642850,-3824232020089953,-0.003824,-2.63,-0.133170,308188,309169,687.83,101816579,101816666,39,1,kol_sell,0x9d98ea0cdbf35664f62e64ac7a65885d2f37e46f86f9dda584659c0ceab31621,1,290320,290320,267905
1780374252846088944,fast_tip,G,0xf59e6e63c3a2494b7c5ec51b530a7c463e214444,上号,7598454393833252,6889565533399259,-708888860433993,-0.000709,-0.49,-0.093294,46627,46761,687.62,101816544,101817476,420,3,kol_sell,0x7808341c0d44bd0faf0ed2e10ee4785c1f37d303edc023351f95d463a674682b,1,33020,33020,28344
1780374252846088944,fast_tip,G,0xf59e6e63c3a2494b7c5ec51b530a7c463e214444,上号,7598454393833252,3441012017859198,-4157442375974054,-0.004157,-2.86,-0.547143,46627,46761,688.49,101816544,101817877,601,3,kol_sell,0x74bdb5bbfc788a0710d989cb9aaa8c3c62d8555c38887189b941ffb681544231,1,17515,17515,14174
1780376597139227980,fast_tip,D,0x41a289d7f99afdb434cc5aee912f9d29c1054444,Zenni,61529720102704473,45971597526066288,-15558122576638185,-0.015558,-10.67,-0.252855,4461,5634,685.64,101821746,101822344,271,1,kol_sell,0xe79338c9ce6acdcea0676af40f1c67e34640312e8ca9197eb81189f2e9a447ff,1,4673,4673,4215
1780377890450383152,fast_tip,D,0xabc71e4bdf735b3779ac3fc7a925f39a38b64444,阿巴阿巴,17812250629977074,16424222989322848,-1388027640654226,-0.001388,-0.95,-0.077925,5017,8038,686.44,101824615,101824636,10,1,kol_sell,0x9ffa8a3ed4b34953af81595f76ddd574a7f6ed6d9d687bd4e0eb8849164e9577,1,6937,6937,7412
1780377844127420846,fast_tip,D,0xb9d381338dfd24b4ab078b808a41defd8dc24444,cet,59973907845040655,27669028342254645,-32304879502786010,-0.032305,-22.18,-0.538649,5421,8819,686.44,101824514,101824674,73,1,kol_sell,0x9ab675510ecbca3b5b3df15a9a797ab707d9254320fae73599cfa19583f5ab84,1,4374,4374,4070
1780377918131814656,fast_tip,O,0xabc71e4bdf735b3779ac3fc7a925f39a38b64444,阿巴阿巴,14272361838595999,12378442792529658,-1893919046066341,-0.001894,-1.30,-0.132698,11918,15035,685.50,101824677,101824734,26,1,kol_sell,0x3c360fdb3acf7f384b825aaca18f676dc4472961681de7f033ec264e5e1e4da1,1,14524,14524,13022
1780377890450383152,fast_tip,D,0xabc71e4bdf735b3779ac3fc7a925f39a38b64444,阿巴阿巴,11934207922084639,21359437554971241,9425229632886602,0.009425,6.46,0.789766,5017,8038,685.50,101824615,101824741,56,1,kol_sell,0xcd59b9bb154970cacb9aa03275e83168619660e04faeae98ff5312cc599b31c3,1,15578,15578,14366
1780377918131814656,fast_tip,O,0xabc71e4bdf735b3779ac3fc7a925f39a38b64444,阿巴阿巴,4281708551578799,4525385083385526,243676531806727,0.000244,0.17,0.056911,11918,15035,685.50,101824677,101824791,51,1,kol_sell,0x0c05b70f4f52a6189cb0dde9a891b36d0ec9d8fee119981cc54b569638eabbaa,1,19728,19728,15869
1780377890450383152,fast_tip,D,0xabc71e4bdf735b3779ac3fc7a925f39a38b64444,阿巴阿巴,7995919307796709,22238501941670319,14242582633873610,0.014243,9.76,1.781231,5017,8038,685.45,101824615,101824860,110,1,kol_sell,0x2e9e9d11ea20352f69eccdab6a94e2a962e7c1e0123989ba9e950d1447e18040,1,24169,24169,22323
1780378058835199535,fast_tip,G,0x36aafa8f291cbd0458d1a90d99fc87bb9e064444,阿巴阿巴,2304487033273050,1379860408135276,-924626625137774,-0.000925,-0.63,-0.401229,4336,4516,685.87,101824990,101825006,8,1,kol_sell,0x02306fd8a573f72321e7043f0da9c06cef801f3504fbbf50fedece529b6e74ac,1,4603,4603,2704
1780377918131814656,fast_tip,O,0xabc71e4bdf735b3779ac3fc7a925f39a38b64444,阿巴阿巴,11211386215224455,13738447531595270,2527061316370815,0.002527,1.73,0.225401,11918,15035,684.36,101824677,101825340,300,2,kol_sell,0x5854f70b67f7497ee523b86da087a332af98bf268a20b8c153901d4b5862f56b,1,26159,26159,24407
1780380251035906985,fast_tip,G,0xd9b35514e3c7042270c4a93530f9aadc306f4444,速溶猪二号,2143031350352509,1053144173348912,-1089887177003597,-0.001090,-0.74,-0.508573,4319,4882,683.17,101829853,101829859,4,1,kol_sell,0x365fb15a9c6a4b5114e9cf1cc6bf77d2dcff4a8a538329b2ab59358495b98a12,1,4583,4583,2399
1780380251035906985,fast_tip,G,0xd9b35514e3c7042270c4a93530f9aadc306f4444,速溶猪二号,2143031350352509,917082979175841,-1225948371176668,-0.001226,-0.84,-0.572063,4319,4882,683.17,101829853,101829911,26,1,kol_sell,0xc1123b2480d15adcee75846a90f8dc62b6ad36d1daedaa5b33eed0defe810362,1,4260,4260,2089
1780380973293786402,fast_tip,G,0xa52e4047bf7878336e1ccdc739050a8afb4d4444,闭眼冲,2027239572943495,1065360047443831,-961879525499664,-0.000962,-0.65,-0.474477,4442,4627,680.89,101831456,101831464,4,1,kol_sell,0xe169c58f2d539338c85fe356173a956e296ebb8a9a9700bdc679bd40ba8951ad,1,4628,4628,2431
1780380973293786402,fast_tip,G,0xa52e4047bf7878336e1ccdc739050a8afb4d4444,闭眼冲,2027239572943496,921161069142214,-1106078503801282,-0.001106,-0.75,-0.545608,4442,4627,680.89,101831456,101831466,4,1,kol_sell,0xd19ceae0f3fe476e0790fba0c50abc50ea6950eaaca15c1d29866e7b93769fc4,1,4285,4285,2102
1780381011692785977,fast_tip,O,0x704f3e9dcf835035d4698368116493bf4bb34444,闭眼冲,23414773896465671,16171564073969676,-7243209822495995,-0.007243,-4.93,-0.309344,17318,17544,681.26,101831541,101831563,10,1,kol_sell,0x54c0faae501381453086889c71aced18f55c0dfc1e396f670f017509ef28d83e,1,13309,13309,12117
1780381236874954891,fast_tip,G,0x1daf58a19904cee053ce8ae9af54f44e82c74444,闭眼冲,1923841671478448,1284283083120226,-639558588358222,-0.000640,-0.44,-0.332438,5527,5757,680.56,101832041,101832060,9,1,kol_sell,0xf98e27768bd9dfd3e45a0cc4bd9a6a4143b86802b5af39530a5fa8f9032feff7,1,6751,6751,3843
1780381236874954891,fast_tip,G,0x1daf58a19904cee053ce8ae9af54f44e82c74444,闭眼冲,384768334295689,0,-384768334295689,-0.000385,-0.26,-1.000000,5527,5757,680.56,101832041,101832068,12,1,kol_sell,0x10a3d4fab2cabdf05b7b7d0e7f9e923e2044e29c1e4b0bc85b2454b0218dbb46,1,6589,6589,0
1780381236874954891,fast_tip,G,0x1daf58a19904cee053ce8ae9af54f44e82c74444,闭眼冲,1539073337182760,266645936027297,-1272427401155463,-0.001272,-0.87,-0.826749,5527,5757,680.53,101832041,101832241,90,1,kol_sell,0x577d70b6246bb0e3f393580f64e186c0f9c2a25afcc1b1af595be96f706421f0,1,4474,4474,997
1780379551686995717,fast_tip,O,0xccfb3e8b1772bd3a9fc62deaf75127adad597777,苹果人生,20282122351591847,44734365434111554,24452243082519707,0.024452,16.65,1.205606,0,0,680.76,101774894,101832298,1801,1,kol_sell,0x2380a744f744df3b1f5cbadcc8a1697a0a97fa355a062632a80ed574d5d0f49c,1,1057653,1057653,917462
1780381504000426371,fast_tip,G,0x8153bff0a3e22803768a7d2b969d2daa88db7777,安卓人生,3618007910575959,2494617842614897,-1123390067961062,-0.001123,-0.76,-0.310500,42263,42380,679.89,101832634,101832717,37,1,kol_sell,0xf93e4f2f0304ca762f21d7caf95fa43e5ce448cb8fdf67edd156dc54b112a2e3,1,43161,43161,29205
1780381801934978014,fast_tip,H,0xad4c6358529fa1e1463bc371705cd552e1044444,神之一手,2642560097660654,2278026944100548,-364533153560106,-0.000365,-0.25,-0.137947,4562,4978,681.80,101833295,101833315,10,1,kol_sell,0x6212f4d0f49073739710099a44857c21baf1c03c1ba9edf0cd9f4c9d5059a365,1,5769,5769,4289
1780381801934978014,fast_tip,H,0xad4c6358529fa1e1463bc371705cd552e1044444,神之一手,3963840146490982,3835342140955004,-128498005535978,-0.000128,-0.09,-0.032418,4562,4978,681.80,101833295,101833337,19,1,kol_sell,0x47eadc26b98b2064b97af18ab09ea183ec8a1ffd2cb6f003cfa1c71521bd9793,1,6165,6165,4814
1780379551686996317,fast_tip,O,0x47844a8b5c6d14769139758d3cc5f30e33494444,WOK,8009047332976423,13905642372311348,5896595039334925,0.005897,4.02,0.736242,0,0,682.06,101796094,101833561,2370,1,kol_sell,0x446d518347d094df85581a5d9bc7fbc0468e6b6019f9274840b4faf7e2973899,1,90024,90024,83186
1780381903199437774,fast_tip,G,0x34d0ad4403492557e5a8771376af150898e84444,神之一手,1752834451889926,1811928434503060,59093982613134,0.000059,0.04,0.033713,10738,11185,682.50,101833520,101833622,47,1,kol_sell,0x02a57fde8f092a2f86fc80d651277189546a47061af260e68f9cd470dcb92654,1,17034,17034,11570
1780381903199437774,fast_tip,G,0x34d0ad4403492557e5a8771376af150898e84444,神之一手,350391606932796,0,-350391606932796,-0.000350,-0.24,-1.000000,10738,11185,682.86,101833520,101833671,68,1,kol_sell,0xab21f74f52b06a821a23f49661271303d0783115fb86d9447668d63d1b04e1f9,1,21169,21169,0
1780382410055640228,fast_tip,D,0x6016ec1d12b3263e94bea7a61875c1f2c8d14444,传统金融,57347984437304836,27995241108526381,-29352743328778455,-0.029353,-20.08,-0.511836,11023,11131,684.04,101834645,101834950,137,1,kol_sell,0xa90e2a950566a3c844a6d33f54e7d9638c5aae8dfb590c33d284250038a902a2,1,6333,6333,5435
1780382515601558207,fast_tip,O,0x5cb2cbecbcdbb2a48e8b1bb6acd3b3a54f5b7777,蝴蝶人生,18663190934959425,52927942193173,-18610262992766252,-0.018610,-12.73,-0.997164,14554,15672,684.04,101834879,101834955,35,1,kol_sell,0xbc64c7e287e1e5af626fca454aef970b42f22e6706c350bf3944186ad27300e9,1,813,813,44
1780382515601558207,fast_tip,O,0x5cb2cbecbcdbb2a48e8b1bb6acd3b3a54f5b7777,蝴蝶人生,9891262759898937,0,-9891262759898937,-0.009891,-6.77,-1.000000,14554,15672,684.15,101834879,101835051,77,1,kol_sell,0xffa885d9f36047ae0239fc15baff90419790f943bf4ba606f6a7713b63a6f91c,1,694,694,0
1780383312738987589,fast_tip,O,0xe87b4f55add069058f05c185226eb2f030214444,ASTS,23133871007632658,11652541824012324,-11481329183620334,-0.011481,-7.83,-0.496300,6211,7856,682.34,101836647,101836756,50,1,kol_sell,0xf44d5575da2345eaaae735a295eda8ca54b74251d486017653b8fe97cb74a63b,1,4672,4672,3955
1780383888519284134,fast_tip,D,0x2007ea56fb74c13d5b5aee20b5fc1281f4d14444,库李,27206355052213495,32381462792124845,5175107739911350,0.005175,3.52,0.190217,7330,9642,679.73,101837923,101838048,57,1,kol_sell,0xd442dae455a541b4be051f4a51da549587a275f1147a36abeb68a1fee491956f,1,12276,12276,11472
1780383888519284134,fast_tip,D,0x2007ea56fb74c13d5b5aee20b5fc1281f4d14444,库李,27206355052213495,12129905035547931,-15076450016665564,-0.015076,-10.29,-0.554152,7330,9642,682.26,101837923,101839129,544,1,kol_sell,0x19b953270e342629ac82a389027af64206313916f0dc2f00dbe9c1f1c1cbc8a7,1,4819,4819,4313
1780379551686996317,fast_tip,O,0x47844a8b5c6d14769139758d3cc5f30e33494444,WOK,5606333133083496,14462117069469002,8855783936385506,0.008856,6.05,1.579604,0,0,682.78,101796094,101839237,4929,1,kol_sell,0x4f27339ef6644a81e6961daf1f672cfc9382a372956cf4c8a43a645184847659,1,134599,134599,123723
1780384726768539728,fast_tip,D,0xa348644d6d8f8fe5c08eaadf4f83288719307777,国家队金库,53422575876751569,409153864622832,-53013422012128737,-0.053013,-36.28,-0.992341,14555,16961,684.36,101839784,101839909,57,1,kol_sell,0x43814421250b4e20862fc2ca4ec60e46008ab35e9905cb17ae960b0c6c062b34,1,455,455,130
1780384807314665606,fast_tip,G,0xa348644d6d8f8fe5c08eaadf4f83288719307777,国家队金库,3336294856852174,0,-3336294856852174,-0.003336,-2.28,-1.000000,10449,10885,684.27,101839963,101840025,28,1,kol_sell,0xc4d858a5b6ffa1fa48696c7b4d45d83aac47fcf05a4ace123556d7db75499c3c,1,184,184,0
1780384831961013501,fast_tip,E,0x920c7628c56ff9fe084c93e2e180725d60c97777,狗头金,1175821010785814,0,-1175821010785814,-0.001176,-0.80,-1.000000,6008,6259,684.27,101840017,101840062,20,1,kol_sell,0xa245b274c2eaaf43ceff656b8ebae55e0de8749bcb802634eb9b03c35926ad4c,1,711,711,0
1780384831961013501,fast_tip,E,0x920c7628c56ff9fe084c93e2e180725d60c97777,狗头金,881865758089360,0,-881865758089360,-0.000882,-0.60,-1.000000,6008,6259,684.27,101840017,101840066,22,1,kol_sell,0xa6171c5392273c02a1ad5444c3984cb290fb44fe5679ca7b4d36c273bc4651ec,1,625,625,0
1780384831961013501,fast_tip,E,0x920c7628c56ff9fe084c93e2e180725d60c97777,狗头金,2645597274268082,0,-2645597274268082,-0.002646,-1.81,-1.000000,6008,6259,684.64,101840017,101840098,36,1,kol_sell,0x95db4b28dac43b75975edb469847965609f18dc1bf217db76f89f8d487b3730b,1,353,353,0
1780384895143590222,fast_tip,E,0x920c7628c56ff9fe084c93e2e180725d60c97777,狗头金,5735654890613200,0,-5735654890613200,-0.005736,-3.93,-1.000000,11304,10814,684.55,101840158,101840349,86,3,kol_sell,0x5658442b4ebca19dbf4672e03495a7ecef4e026b67576e04af25f0317e5024ab,1,676,676,0
1780384895143590222,fast_tip,E,0x920c7628c56ff9fe084c93e2e180725d60c97777,狗头金,8821479551319490,0,-8821479551319490,-0.008821,-6.04,-1.000000,11304,10814,684.26,101840158,101840432,123,4,kol_sell,0x3a704369f5483b4e880263f5de81fe0e2137f6d75c7163d9efa3d72c283884c3,1,611,611,0
1780379551686996317,fast_tip,O,0x47844a8b5c6d14769139758d3cc5f30e33494444,WOK,8008460002838673,37974747651483787,29966287648645114,0.029966,20.50,3.741829,0,0,684.08,101796094,101840617,5550,1,kol_sell,0x137cbc7d8941b4f7072d3dc89eef9f6453fcc1b9f4197083909f92141dec43b2,1,245068,245068,227860
1780384958605582936,fast_tip,G,0x920c7628c56ff9fe084c93e2e180725d60c97777,狗头金,3002665371166956,681567978086404,-2321097393080552,-0.002321,-1.59,-0.773012,19534,21562,683.18,101840299,101840719,190,1,kol_sell,0x12d7ef033662129e24ca884800109fe37ac2c44a5f02f78939728f29c7979d96,1,462,462,4884
1780385221810531774,fast_tip,D,0xf3a00e941b9cbb4b85fb777085e0fb5614bd7777,NVDA,48121233675538695,29324326685331306,-18796906990207389,-0.018797,-12.83,-0.390616,100384,100858,682.55,101840883,101840920,17,1,kol_sell,0xf4f7671843dd543b7497223cac6bcc2d60277eb08d0b91f36d9ffe4e7820e91e,1,66285,66285,61462
1780385216826533461,fast_tip,O,0xf3a00e941b9cbb4b85fb777085e0fb5614bd7777,NVDA,27229424561365904,21530403315203673,-5699021246162231,-0.005699,-3.89,-0.209296,73305,73596,682.55,101840872,101840928,25,1,kol_sell,0xdded6f4dc46ffb32a6e2e520f07ad9fde8a1fbb4ab9aba0eabf6f081e609732a,1,61834,61834,58193
1780379551686982767,fast_tip,O,0x89bd347fc5e0f9829e22fae4468d4da5ab4a7777,英伟达人生,2238500950424958,0,-2238500950424958,-0.002239,-1.53,-1.000000,0,0,682.67,101801112,101841049,5746,1,kol_sell,0x13326cacc06db6e2128660a096b8f7204c6bd01dbc8945142c6bb56019764c6f,1,475,475,0
1780379551686982767,fast_tip,O,0x89bd347fc5e0f9829e22fae4468d4da5ab4a7777,英伟达人生,1566950665297471,0,-1566950665297471,-0.001567,-1.07,-1.000000,0,0,682.67,101801112,101841056,5748,1,kol_sell,0xb71e9ff98f8d7f9942e0781a8f3f7c7c60a89d31d2c7ed23272e0f7bd092301a,1,407,407,0
1780385253984462970,fast_tip,D,0x1fa4e267b8fcf34b388f1b3411e5b573add67777,英伟达人生,46241542976517956,21042763814475487,-25198779162042469,-0.025199,-17.20,-0.544938,25923,33019,682.67,101840954,101841071,52,1,kol_sell,0xb903efe166ebf445b02e720900ffb81d97424309b41e34898b9a30b92bee41cd,1,16350,16350,15017
1780385329660379067,fast_tip,E,0xa2c7ea54ee5fdc21c4178fb321197aa1a7297777,英伟达人生,1388621097317830,1419736450692617,31115353374787,0.000031,0.02,0.022407,7196,72,682.41,101841122,101841158,16,1,kol_sell,0x1e049d54bde11864400feeebd4a51f79359d28798b2d2b1e8ed8dcb52ce422bd,1,123,123,73
1780379551686982767,fast_tip,O,0x89bd347fc5e0f9829e22fae4468d4da5ab4a7777,英伟达人生,1828109109513717,0,-1828109109513717,-0.001828,-1.25,-1.000000,0,0,682.41,101801112,101841164,5797,1,kol_sell,0x0ba6a209f98562489c4bd626914a28294eaf42f2bac764bad8349dd03ec11bd2,1,300,300,0
1780385329660379067,fast_tip,E,0xa2c7ea54ee5fdc21c4178fb321197aa1a7297777,英伟达人生,1388621097317831,547671897255408,-840949200062423,-0.000841,-0.57,-0.605600,7196,72,682.41,101841122,101841193,32,1,kol_sell,0xec55acda2b3ebabe93c108d76885ed031c6885df734b43f4e157944e98982183,1,77,77,28
1780385376300470864,fast_tip,E,0xa2c7ea54ee5fdc21c4178fb321197aa1a7297777,英伟达人生,2696258809966897,0,-2696258809966897,-0.002696,-1.84,-1.000000,12593,13118,681.88,101841226,101841264,17,1,kol_sell,0x5290eadf9ce284d36f41d87f2bcfc8c510c5bc5527637de05d3921d4f66377b3,1,95,95,0
1780385423282799308,fast_tip,E,0xad5130d9ea15bf2a429642f164321f1e36207777,辉达人生,4610602565043395,1834123643069845,-2776478921973550,-0.002776,-1.89,-0.602194,22346,22407,682.26,101841330,101841468,62,2,kol_sell,0x4a592d5c4cb056559397f465f613ecb474f7578120caff2bcdaffcd97b55b619,1,12156,12156,7857
1780385502411878774,fast_tip,E,0xe02cc91744aef3443cf680d7e4efaa8d8c677777,美加墨,1854806381049952,0,-1854806381049952,-0.001855,-1.27,-1.000000,22528,23467,683.28,101841506,101841910,183,2,kol_sell,0x934ff0d40274e83e65e6ba42bab4484ec0799c8ee8866414b9c2e1b2f0057287,1,1415,1415,0
1780385502411878774,fast_tip,E,0xe02cc91744aef3443cf680d7e4efaa8d8c677777,美加墨,927403190524976,0,-927403190524976,-0.000927,-0.63,-1.000000,22528,23467,682.76,101841506,101842089,264,2,kol_sell,0x7126e1be9b5f36bcafb6dc325ff987ce9fe82f946a1af692faafd6e84d9d7fd9,1,1539,1539,0
1780385993268234956,fast_tip,E,0x85135e1cf6afe20cf5c7a88029420ddc8ea7ffff,闭眼冲,3004786337300923,1793329208701585,-1211457128599338,-0.001211,-0.83,-0.403176,79314,79519,683.18,101842596,101842613,8,2,kol_sell,0x88968e92e94fc2850be0540d5c55654632bc5efd2315e1980453424b81e3770a,1,72250,72250,47458
1780385450377891925,fast_tip,E,0x47844a8b5c6d14769139758d3cc5f30e33494444,WOK,3493807918227613,2972775385247674,-521032532979939,-0.000521,-0.36,-0.149130,288503,289239,682.54,101841390,101843062,753,5,kol_sell,0x7e8f35173b929533ab216f313b0c837d97ac669d684db17460f7b5372bfd4611,1,367215,367215,279916
1780385450377891925,fast_tip,E,0x47844a8b5c6d14769139758d3cc5f30e33494444,WOK,1746903959113807,1015558905446745,-731345053667062,-0.000731,-0.50,-0.418652,288503,289239,682.54,101841390,101843081,762,5,kol_sell,0xb621022efdf28f38ff1131e17b6126ebac3d8cf5dc66ac1d0fe25582cad59f01,1,358990,358990,191250
1780386251015837229,fast_tip,G,0xeabdce45f15ac354aa89bba76222ddc187374444,UWORLD,1246750034336505,1270933386288493,24183351951988,0.000024,0.02,0.019397,4863,5566,682.01,101843167,101843295,59,1,kol_sell,0xe190f6526caa934f9759bad8a7bf4037801e4e4e5241e8624f4c3a9ee3ab42ad,1,5015,5015,5672
1780386251015837229,fast_tip,G,0xeabdce45f15ac354aa89bba76222ddc187374444,UWORLD,249225331863867,0,-249225331863867,-0.000249,-0.17,-1.000000,4863,5566,682.01,101843167,101843303,61,1,kol_sell,0x5101f34967b7493bafcbc84a90217fedecd02c5b1e51e8d6bbb99e81f04f134d,1,9077,9077,0
1780386251015837229,fast_tip,G,0xeabdce45f15ac354aa89bba76222ddc187374444,UWORLD,199405188024280,0,-199405188024280,-0.000199,-0.14,-1.000000,4863,5566,682.01,101843167,101843318,68,1,kol_sell,0x19a20b2d7011bdf98c131972f36d9c4c7efc2279a97e36d87c6a711beff9955a,1,6481,6481,0
1780379551686982767,fast_tip,O,0x89bd347fc5e0f9829e22fae4468d4da5ab4a7777,英伟达人生,1828109109513717,0,-1828109109513717,-0.001828,-1.25,-1.000000,0,0,681.68,101801112,101843498,6849,1,kol_sell,0x8486e93ad24af77621f85d41db5388d278407747612a06f08f4df0817ad65b6a,1,187,187,0
1780386353207669850,fast_tip,E,0xfa29ebdded77a59231258091e31deff8b7e77777,英伟达人生,678474946563424,0,-678474946563424,-0.000678,-0.46,-1.000000,7286,7589,680.91,101843393,101843611,99,1,kol_sell,0x9aab9b35d0b8c40afaf3b503f901571f28b5a1c56f53b5a73ecd29ea1dc74315,1,254,254,0
1780386353207669850,fast_tip,E,0xfa29ebdded77a59231258091e31deff8b7e77777,英伟达人生,678474946563424,0,-678474946563424,-0.000678,-0.46,-1.000000,7286,7589,680.91,101843393,101843639,111,1,kol_sell,0x2408b86006f4e03b8ddb30e83308d0e99ec8e6c8ff2caf0db64c7d8e9fb7b9c7,1,240,240,0
1780385450377891925,fast_tip,E,0x47844a8b5c6d14769139758d3cc5f30e33494444,WOK,873451979556903,0,-873451979556903,-0.000873,-0.59,-1.000000,288503,289239,680.91,101841390,101843671,1028,5,kol_sell,0x710015d3559a2f64f6f01a62658d1636b47eb410a05d3ac8d7f1de15f44180ad,1,320926,320926,0
1780386549508267791,fast_tip,O,0x6084807ffcfe5e30ff93a5ca7efc2e4e7cd74444,DOG,13329761218374840,11799769269654502,-1529991948720338,-0.001530,-1.04,-0.114780,10466,11773,681.28,101843828,101843854,12,1,kol_sell,0x1b683947ed36e24645f017b4cfe167dd10283e5585cc35263fd439e959d140b6,1,11923,11923,10422
1780386549508267791,fast_tip,O,0x6084807ffcfe5e30ff93a5ca7efc2e4e7cd74444,DOG,13329761218374841,9734728931854808,-3595032286520033,-0.003595,-2.45,-0.269700,10466,11773,681.28,101843828,101843896,31,1,kol_sell,0x8a1ab706bb1a3b3907985464907ad5d4a966b681a5060e77622d3479b0bd1210,1,9766,9766,8598
1780386904765753681,fast_tip,D,0x9f8a691206bab655eec41057a41c1ffe209f4444,王記,21860832530156854,24404196427672368,2543363897515514,0.002543,1.73,0.116343,5523,9186,681.19,101844615,101844646,14,1,kol_sell,0x35851f1ac19e9bb28263a4434ff8983a8d713de0e8ba220027416feecf530120,1,11071,11071,10258
1780386904765753681,fast_tip,D,0x9f8a691206bab655eec41057a41c1ffe209f4444,王記,21860832530156855,15140591059522187,-6720241470634668,-0.006720,-4.58,-0.307410,5523,9186,681.19,101844615,101844694,36,1,kol_sell,0x2e7937b962a8dd8c220562c3ed6be451654c6563e8f4ce8f23935f84df4b9bdb,1,7015,7015,6364
1780386251015837229,fast_tip,G,0xeabdce45f15ac354aa89bba76222ddc187374444,UWORLD,798119514448359,0,-798119514448359,-0.000798,-0.54,-1.000000,4863,5566,681.17,101843167,101845125,883,1,kol_sell,0x74d26e59b0c5dba8a481a72f0f449164f3ec40be122b2135b9851d0f357464ad,1,5098,5098,0
1780387162012664120,fast_tip,E,0xd15d9dc27ced26ccbcc997e4cad5c61f7a874444,币安驿站,2320384317246910,573756541639118,-1746627775607792,-0.001747,-1.19,-0.752732,10110,10531,680.93,101845186,101845313,57,2,kol_sell,0xf945d63eec559899769838499f59f76a521f07aeab853a7c1557cb9278e7419a,1,6664,6664,2523
1780387230490922747,fast_tip,G,0x78027515881c3b5e8556ef41d8ea5da334164444,伙食费,1185621700217279,168259438312180,-1017362261905099,-0.001017,-0.69,-0.858083,4545,4734,680.93,101845338,101845341,2,1,kol_sell,0xa2e75f81af7c8548d089f1433cb66af56ef9a26b3597531e63a5af784d4444da,1,4365,4365,672
1780387230490922747,fast_tip,G,0x78027515881c3b5e8556ef41d8ea5da334164444,伙食费,1185621700217280,72966203302726,-1112655496914554,-0.001113,-0.76,-0.938457,4545,4734,680.93,101845338,101845353,7,1,kol_sell,0x41add064616dc84a09388886ca304e6f8acd51d87b7071f0d8de5958b2cecc8b,1,3969,3969,291
1780387331737193654,fast_tip,G,0x8b9acc27a206b56afa1e71580c5860190b854444,币安一站,1078904988113841,114940565078986,-963964423034855,-0.000964,-0.66,-0.893466,5292,5513,681.96,101845563,101845581,9,1,kol_sell,0xc5f6c9e28bb6bf12e403a306aab96814dce5781ffc3443665193da0da4df3107,1,5294,5294,587
1780387331737193654,fast_tip,G,0x8b9acc27a206b56afa1e71580c5860190b854444,币安一站,1079336636438753,153298190697437,-926038445741316,-0.000926,-0.63,-0.857970,5292,5513,681.96,101845563,101845588,12,1,kol_sell,0x7d94eac567c6075ca5c0bae1898a9e31d23532baffb5a7a28e1a7894b368f854,1,5496,5496,783
1780387362864242506,fast_tip,H,0xf684881a1ae46125e03bc21bc8832603f8924444,咆哮公牛,4988442782252687,4143591717746701,-844851064505986,-0.000845,-0.58,-0.169362,19666,22223,682.07,101845632,101845706,33,1,kol_sell,0xdb7a2811806f43174d3b7a93791b846d3ad5fafc56fe6ebe79c4e614deeb97f2,1,23299,23299,18450
1780387362864242506,fast_tip,H,0xf684881a1ae46125e03bc21bc8832603f8924444,咆哮公牛,912944633165138,0,-912944633165138,-0.000913,-0.62,-1.000000,19666,22223,682.26,101845632,101845789,71,1,kol_sell,0x40bd88fa75dff32d3bdda7aaac25329f3338454eb75a44119c7cb6d3796786f1,1,11786,11786,0
1780387413758437728,fast_tip,D,0xa84f49e3b8dafa739498e849a60d51f7f58e4444,咆哮公牛,43303977303001794,31893491153044711,-11410486149957083,-0.011410,-7.78,-0.263497,5325,5547,682.26,101845745,101845824,36,1,kol_sell,0x8780658a9b5e9970fc15d15c22373586b8b0aa3639412b8d7c984bdb67b7c251,1,4374,4374,4086
1780387460592283473,fast_tip,G,0x87e7758bf0d9664d8600c50e6e66ed18add64444,咆哮公驴,393651343401227,0,-393651343401227,-0.000394,-0.27,-1.000000,4992,5682,682.26,101845849,101845854,2,1,kol_sell,0xb654e73d5bd16c35dda05ecc4d98c83cfdb0831ae2821bc7402e7f5ea3b902ee,1,6137,6137,0
1780387460592283473,fast_tip,G,0x87e7758bf0d9664d8600c50e6e66ed18add64444,咆哮公驴,787794997136875,0,-787794997136875,-0.000788,-0.54,-1.000000,4992,5682,682.26,101845849,101845859,5,1,kol_sell,0x9447fb960b5fea39cb0befffaf4e0e3e079ba90daabcb62d2cb6d9805a1ee6ed,1,5694,5694,0
1780387460592283473,fast_tip,G,0x87e7758bf0d9664d8600c50e6e66ed18add64444,咆哮公驴,787794997136875,0,-787794997136875,-0.000788,-0.54,-1.000000,4992,5682,681.59,101845849,101846004,70,1,kol_sell,0x7663989867402c1d71d74e96574e8cfaf57720d27facb9e768f7baaba98fb343,1,3926,3926,0
1780387546415949145,fast_tip,E,0xdeb8b35a35ff8e37319699ff600808037ec34444,Alpaca,1046592126253384,43189339884468,-1003402786368916,-0.001003,-0.68,-0.958733,17696,17742,681.37,101846040,101846061,10,1,kol_sell,0x13b185840bc53133e61d14bb92a63e54199c761dbde30ee5dfcec3568e743195,1,16623,16623,732
1780385318724880597,fast_tip,G,0xc4ad5ad16d14cbe0c3b57a60f005745071407777,蝴蝶AI中转站,2770555631858901,3806675009474436,1036119377615535,0.001036,0.71,0.373975,19378,19433,682.86,101841098,101846300,2345,1,kol_sell,0xac5e76d53442360249f71f17528e3b2f794d40b07c323d745a44bbff82302e7f,1,35027,35027,26740
1780379551686995717,fast_tip,O,0xccfb3e8b1772bd3a9fc62deaf75127adad597777,苹果人生,14197485646114293,24769224819174743,10571739173060450,0.010572,7.22,0.744621,0,0,682.86,101774894,101846305,8114,1,kol_sell,0x339869a7777da75fb97c6b105aab0e3420286baabd4c542b6232cc036a5a806c,1,768099,768099,727949
1780385502411878774,fast_tip,E,0xe02cc91744aef3443cf680d7e4efaa8d8c677777,美加墨,927403190524977,0,-927403190524977,-0.000927,-0.63,-1.000000,22528,23467,681.70,101841506,101846665,2327,2,kol_sell,0x43f485f77fcd16a7fdc7f71e80b2db6caeceb268b31d56fec13c3e9da3546b54,1,1201,1201,0
1780387832582901803,fast_tip,G,0x3939b0f297bfcc697f8b2a7d99510bb197f34444,币安驿站,1076492352427461,68836193188309,-1007656159239152,-0.001008,-0.69,-0.936055,24382,23751,681.80,101846675,101846975,136,1,kol_sell,0x9fc93ce550bd92199a48867bfaf171d0673cadee066ee82b1195415479a9dd90,1,21810,21810,1519
1780388222280401479,fast_tip,D,0x915241daf32d3a21e50596502c226cf414f54444,EUSD,21081464344003043,21143225592076579,61761248073536,0.000062,0.04,0.002930,5110,8451,683.00,101847539,101847565,13,1,kol_sell,0x59c5b9fd618f633af41ed6036d6c570b7cf918b5d4ce0bb20030c2058390fe65,1,9763,9763,8475
1780388222280401479,fast_tip,D,0x915241daf32d3a21e50596502c226cf414f54444,EUSD,21081464344003043,11860542119538765,-9220922224464278,-0.009221,-6.30,-0.437395,5110,8451,682.98,101847539,101847691,69,1,kol_sell,0x769be75d1778ac334c6ccb58d997d8aae0ac9e941594a15b9b92932dd68da6de,1,5487,5487,4754
1780387832582901803,fast_tip,G,0x3939b0f297bfcc697f8b2a7d99510bb197f34444,币安驿站,1076492352427462,46981141164786,-1029511211262676,-0.001030,-0.70,-0.956357,24382,23751,683.56,101846675,101847768,493,1,kol_sell,0x6e4b63bf5f135aeda4435bea112d1dda950e0c521f638dde87b9ef43f5e8344f,1,21311,21311,1039
1780388607779080742,fast_tip,G,0xa4ebff7d14d3c7c893808e02f79571bb56454444,BTS,974633983902370,0,-974633983902370,-0.000975,-0.67,-1.000000,4852,5257,682.67,101848394,101848417,11,1,kol_sell,0x47c33a296f2683be84a18d8d9643b1b8e4aa6713b849d851fb8818254010449e,1,4948,4948,0
1780388607779080742,fast_tip,G,0xa4ebff7d14d3c7c893808e02f79571bb56454444,BTS,974633983902370,0,-974633983902370,-0.000975,-0.67,-1.000000,4852,5257,682.67,101848394,101848421,12,1,kol_sell,0x330305c028597218b1fe306008133a4bb155ddfcafc0f7870f5ba3d6948b66ed,1,4300,4300,0
1780389621858972841,fast_tip,G,0x84e535d6920bb6bdd384a21eda0bc66c202f4444,贵个鸟,1754341171024266,1434841720480370,-319499450543896,-0.000319,-0.22,-0.182119,6464,6733,682.23,101850647,101850649,1,1,kol_sell,0x71c4e755e6d6f1483d322471f9f0c4c816268c93fa81514cf1089bdc5bf68322,1,9252,9252,5507
1780389626749204697,fast_tip,G,0x84e535d6920bb6bdd384a21eda0bc66c202f4444,贵个鸟,861195612984938,0,-861195612984938,-0.000861,-0.59,-1.000000,17419,18145,682.23,101850658,101850669,5,1,kol_sell,0x5acf150fd1b4f98e7eeeca0744669ca07f0cca7b0059082bfca92d8649d34f25,1,19230,19230,0
1780389626749204697,fast_tip,G,0x84e535d6920bb6bdd384a21eda0bc66c202f4444,贵个鸟,861195612984938,0,-861195612984938,-0.000861,-0.59,-1.000000,17419,18145,682.23,101850658,101850679,9,1,kol_sell,0xf325c640e2cf61db414ba14efb83484947ca1497453a320cee5364cde55aa315,1,18777,18777,0
1780389679478096556,fast_tip,G,0x6b0a0c9cf4ac073613800124868ff5c0978c4444,到底哪里贵了,697568446517800,0,-697568446517800,-0.000698,-0.48,-1.000000,4312,4491,682.11,101850775,101850825,23,1,kol_sell,0xd0974f9790c6e971e771319c9a82e9f7cecaaa873c8a9b988f800574404e2a5c,1,4360,4360,0
1780389679478096556,fast_tip,G,0x6b0a0c9cf4ac073613800124868ff5c0978c4444,到底哪里贵了,697568446517800,0,-697568446517800,-0.000698,-0.48,-1.000000,4312,4491,682.11,101850775,101850827,23,1,kol_sell,0x421edc0cc5e1336f481a68426d9b68c658c58b7383e53507d27856829cabbf82,1,3983,3983,0
1780389869975145914,fast_tip,L,0x061c62f22cc39be1cf502e62f3ee8e9a7b234444,不安,7418267586782053,6230235137998747,-1188032448783306,-0.001188,-0.81,-0.160150,9356,12408,681.84,101851198,101851235,17,1,kol_sell,0xfb9d37f7d2b260e84f93903ec49e6f3a8748c7db6c0b59926c03d76ca125fc12,1,12389,12389,10421
1780389869975145914,fast_tip,L,0x061c62f22cc39be1cf502e62f3ee8e9a7b234444,不安,22266676738076105,11158095559291577,-11108581178784528,-0.011109,-7.57,-0.498888,9356,12408,681.26,101851198,101851270,32,1,kol_sell,0x974290b2bd85777b3cc7fef1214a6ea63fa4b4d31df60cd94d9a91eb47dc3bd6,1,6982,6982,6213
1780390083494771599,fast_tip,G,0x339da88d66eec897617a8d1a29791c9a48d34444,朋友们看过来,627811601866020,0,-627811601866020,-0.000628,-0.43,-1.000000,4309,4911,680.98,101851672,101851730,26,1,kol_sell,0xdeaeca8940b5333a0778d1662981748992e62d8adc581216e7cafcc10dd3e158,1,4352,4352,0
1780390083494771599,fast_tip,G,0x339da88d66eec897617a8d1a29791c9a48d34444,朋友们看过来,627811601866020,0,-627811601866020,-0.000628,-0.43,-1.000000,4309,4911,680.98,101851672,101851761,40,1,kol_sell,0xecd0b3ef2b0c2b19cb16e706c5858985fe56ad24add63a649fd4fef5c2c36501,1,3977,3977,0
1780385450377891925,fast_tip,E,0x47844a8b5c6d14769139758d3cc5f30e33494444,WOK,873451979556904,0,-873451979556904,-0.000873,-0.59,-1.000000,288503,289239,680.45,101841390,101852421,4971,5,kol_sell,0x47326478ba62052ca7108ed8d35bee1b8d91965bab952a7481c47241620714f5,1,248058,248058,0
1780379551686896250,fast_tip,O,0xe4d00b8391db17da150d6c9e0bd4c6a0db4b7777,SPCX,47409581184006187,25263776191759064,-22145804992247123,-0.022146,-15.06,-0.467117,0,0,679.95,101798534,101853821,11500,1,kol_sell,0x03a9b5a616ce966a4297926d49d1e4ee1ec4913827f0b0059011fbda54870a76,1,7647,7647,6788
1780394000547284056,fast_tip,G,0xb163f3bdc733d2c8188ba411003e033e3e9d4444,10,565030441679418,0,-565030441679418,-0.000565,-0.38,-1.000000,4272,4736,675.73,101860364,101860390,12,1,kol_sell,0xf5086156cfefd23a396f2664583eb5dd9147928179da7bfebc2cd8822ce7f6e9,1,4449,4449,0
1780394000547284056,fast_tip,G,0xb163f3bdc733d2c8188ba411003e033e3e9d4444,10,565030441679418,0,-565030441679418,-0.000565,-0.38,-1.000000,4272,4736,675.54,101860364,101860546,83,1,kol_sell,0x784d90224e6a740ea080c18b1f2fea4316ba7e4fbaf65ec42864b0b141b37829,1,4004,4004,0
1780394562587378433,fast_tip,G,0x55f63d7d7f17d26a0044ca2526e101fb32f54444,就是你,1017054795022952,1017054795022952,0,0.000000,0.00,0.000000,4955,5303,675.35,101861611,101861625,6,1,price_unavailable,0x83b729218ceca6488164f6ae25bddba0ffe90ea066a7e3dcf8a97e61e952393a,1,0,0,5303
1780394584725337746,fast_tip,G,0x9b98ae41e611a38b7cd3db70ad395c0b38874444,你,508527397511476,0,-508527397511476,-0.000509,-0.34,-1.000000,10736,13592,674.77,101861660,101861664,3,1,kol_sell,0xc96f4c9b8af1cddfe7bf17a3caaeb5ba0de7e36f479554201720af67eadab799,1,12953,12953,0
1780394584725337746,fast_tip,G,0x9b98ae41e611a38b7cd3db70ad395c0b38874444,你,101654626762544,0,-101654626762544,-0.000102,-0.07,-1.000000,10736,13592,674.77,101861660,101861672,6,1,kol_sell,0x064e471e6fb770653fffffc8a1761c67974037698c897dbfabcdbe0895684b09,1,13712,13712,0
1780394584725337746,fast_tip,G,0x9b98ae41e611a38b7cd3db70ad395c0b38874444,你,81333866872711,0,-81333866872711,-0.000081,-0.05,-1.000000,10736,13592,674.77,101861660,101861696,16,1,kol_sell,0x9a5f6f8cb04e3fc8adcd93bdb9d7993ddc6fe94118c68047ee00dd33275e35e9,1,14107,14107,0
1780394584725337746,fast_tip,G,0x9b98ae41e611a38b7cd3db70ad395c0b38874444,你,32521336497234,0,-32521336497234,-0.000033,-0.02,-1.000000,10736,13592,674.77,101861660,101861705,20,1,kol_sell,0xbc08cd1651f4c1f0f49088877e976c926826c15e652b7db01ab9212261ca09ad,1,15483,15483,0
1780394584725337746,fast_tip,G,0x9b98ae41e611a38b7cd3db70ad395c0b38874444,你,29272454981160,0,-29272454981160,-0.000029,-0.02,-1.000000,10736,13592,674.77,101861660,101861710,22,1,kol_sell,0x2d6fd99d2aae915b548ffc9a1c189c974bc0c763fb6875c4b19586578cfde0de,1,15305,15305,0
1780394584725337746,fast_tip,G,0x9b98ae41e611a38b7cd3db70ad395c0b38874444,你,131872556198913,0,-131872556198913,-0.000132,-0.09,-1.000000,10736,13592,675.48,101861660,101861746,39,1,kol_sell,0x607c7e61a5effa9a7955e9e763fddc07168c87d83f9442b615d200d1dac13142,1,16798,16798,0
1780394584725337746,fast_tip,G,0x9b98ae41e611a38b7cd3db70ad395c0b38874444,你,131872556198914,0,-131872556198914,-0.000132,-0.09,-1.000000,10736,13592,675.43,101861660,101861836,80,1,kol_sell,0x2f53ff3c4919aa2fc8d4fe145e73c6a472df890bfcd3ae912e671fc46f5efe54,1,9096,9096,0
1780395242244242603,fast_tip,L,0xbc655b2b210904523d7d9433dbe93f3374d34444,Bchatgpt,7113820740525343,7404464778963927,290644038438584,0.000291,0.20,0.040856,4400,4836,677.64,101863120,101863161,19,1,kol_sell,0xd18bf830d859a34c43f11aae2733258fac380ba4aae1f6d090bd2d58ce7bcc2b,1,5690,5690,5034
1780395242244242603,fast_tip,L,0xbc655b2b210904523d7d9433dbe93f3374d34444,Bchatgpt,21341462221576031,17050356282859374,-4291105938716657,-0.004291,-2.91,-0.201069,4400,4836,677.42,101863120,101863367,113,1,kol_sell,0x1901d4274cf24cb2ccb04a469f94a2d8a7e4a789ac625d3531bdac4629dbd8e6,1,4205,4205,3863
1780395517416061012,fast_tip,H,0x391a83190aed55dbe265795dd77ec8896a227777,Miner,2576523530542820,0,-2576523530542820,-0.002577,-1.74,-1.000000,14514,15119,676.92,101863731,101863777,21,1,kol_sell,0xb1f32e9ae1bcfe5fa2e0ef2371eb2ca82cf3959fc3966b5a8f1c8d8838ebab0e,1,685,685,0
1780395517416061012,fast_tip,H,0x391a83190aed55dbe265795dd77ec8896a227777,Miner,1030351759864074,2311805711666318,1281453951802244,0.001281,0.87,1.243705,14514,15119,677.19,101863731,101863879,67,1,kol_sell,0x523d8b265e02b8feaadea2a64fb15a06e17fcac8f7d4362a5e92091e893cc4b4,1,44826,44826,33936
1780395517416061012,fast_tip,H,0x391a83190aed55dbe265795dd77ec8896a227777,Miner,1546171770678747,3679569358752645,2133397588073898,0.002133,1.44,1.379793,14514,15119,676.47,101863731,101863982,114,1,kol_sell,0xb483c46de297e67a1a820e3ced2dd742f898d1e0717251c6bdd173566a38fc96,1,45723,45723,35957
1780395775523519309,fast_tip,H,0x391a83190aed55dbe265795dd77ec8896a227777,Miner,5236879862018973,3915463961219100,-1321415900799873,-0.001321,-0.89,-0.252329,60402,60572,675.67,101864302,101864438,61,1,kol_sell,0x8cfc025e25d91de7d5c0f131ff55088d9086545b9c78b60e7f17c56dd3ce180f,1,57246,57246,45223
1780379551686934199,fast_tip,H,0x2f701b108a9af5558960325a0239d0a13c2c4444,bStocks,1355544588476856,0,-1355544588476856,-0.001356,-0.92,-1.000000,0,0,679.26,101546238,101869149,18408,1,kol_sell,0x86b31355ce0ac94b8be4d8d107dcaa1be8858e2bbe8d6103897bd8819d6cf5d0,1,341215,341215,0
1780379551686934199,fast_tip,H,0x2f701b108a9af5558960325a0239d0a13c2c4444,bStocks,1321918120404359,0,-1321918120404359,-0.001322,-0.90,-1.000000,0,0,678.59,101546238,101870436,18987,1,kol_sell,0x027f77b9b6e4822b1141ce57910d50a08f20399defe3e0edfa261e48a72e5ca1,1,353900,353900,0
1780383675244734565,fast_tip,H,0x0cad33526f899e94a65cc9684dff3f56e53d4444,华尔街之驴,6557097128242028,5267558514804084,-1289538613437944,-0.001290,-0.87,-0.196663,7733,8055,677.15,101837451,101881098,19672,1,kol_sell,0x0494855cd251b2a7d536e9fc36c09992452b1c5e2639442e2c59d0f36f5eb558,1,7811,7811,6419
1780403262678616515,fast_tip,H,0x046355aa9a190343d8d01b34d6396cad754e6969,STONKS,5104738271938986,2324551666387042,-2780186605551944,-0.002780,-1.88,-0.544629,70523,72240,677.27,101880914,101883351,1099,1,kol_sell,0x1db1fe3df0b818bcc129f3d9d0c2d9a9407650d25982492c0e5d3849e3a91090,1,43982,43982,32888
1780405447198050167,fast_tip,L,0x174d3658238251f72942026db416d970f8b34444,超级应用,7013809193018391,8958474304564799,1944665111546408,0.001945,1.31,0.277262,8035,8086,674.73,101885762,101885917,70,1,kol_sell,0xe581a44ff9e175ac6446df4eac5a7c2e0f3a2768175233fff90223682a003161,1,11707,11707,10324
1780379551686989687,fast_tip,D,0xfb3d32dde94e97184d5008ec5ce610a60d514444,FSA,37047748927941291,35162231395254215,-1885517532687076,-0.001886,-1.27,-0.050894,30997,31170,674.73,101666479,101885944,25977,2,kol_sell,0xdb179340501477ad21ef5abd2f63d2410efbc34e0664f777cbcfaa71e25da657,1,31814,31814,29465
1780379551686989687,fast_tip,D,0xfb3d32dde94e97184d5008ec5ce610a60d514444,FSA,37626093598989783,30492745330394950,-7133348268594833,-0.007133,-4.81,-0.189585,30997,31170,674.73,101666479,101885966,25987,2,kol_sell,0xbabc35dc1045aa20f13f43f41545d623a6461645815e630d42ccd9bef1979e7a,1,27838,27838,25159
1780405967734671082,fast_tip,D,0x89d0a596b2165bf8be7e8fc077b5c8d5ec194444,不可战胜的女孩,21843904501947613,28442594210507705,6598689708560092,0.006599,4.45,0.302084,7059,9686,674.36,101886917,101886944,13,1,kol_sell,0x6df5b2117c5f45853001793449a46c6823e4f95f65c6fc6abac39b3c6b9db33a,1,14226,14226,12612
1780405967734671082,fast_tip,D,0x89d0a596b2165bf8be7e8fc077b5c8d5ec194444,不可战胜的女孩,10921952250973807,10160200970204093,-761751280769714,-0.000762,-0.51,-0.069745,7059,9686,673.70,101886917,101887022,47,1,kol_sell,0x058906e141cfea54cd2949764d536967132c8fac9c5536caa06db31fb4832b29,1,10199,10199,9002
1780405967734671082,fast_tip,D,0x89d0a596b2165bf8be7e8fc077b5c8d5ec194444,不可战胜的女孩,10921952250973807,5357450584889265,-5564501666084542,-0.005565,-3.75,-0.509479,7059,9686,673.76,101886917,101887125,94,1,kol_sell,0x87c8a7ce3f46903ba47be746f317409f472c6ea32a5183f82532d98579e788d6,1,5767,5767,4747
1780379551686996317,fast_tip,O,0x47844a8b5c6d14769139758d3cc5f30e33494444,WOK,2536491987178077,3892384432532415,1355892445354338,0.001356,0.91,0.534554,0,0,673.78,101796094,101887269,26574,1,kol_sell,0x8bcf2091416bc1c1b745c44e47cb5cdb248925859e38d7560e828fb81a470267,1,92663,92663,72630
1780406798505379456,fast_tip,D,0xeecf2608008c635485767fbb6fc0712e948a4444,美股焚诀,21857526340032905,24871298707017899,3013772366984994,0.003014,2.03,0.137883,6353,8096,675.07,101888759,101888776,8,1,kol_sell,0x406cea607c38bf8312d8414ce547486658e47595b9bd6b381a5bc85f113a0255,1,10591,10591,9212
1780406798505379456,fast_tip,D,0xeecf2608008c635485767fbb6fc0712e948a4444,美股焚诀,7212983692210858,7147314472098893,-65669220111965,-0.000066,-0.04,-0.009104,6353,8096,675.10,101888759,101889030,123,1,kol_sell,0xa70d2374b2cc1bc13edc31aedad2c82a10f2a968f0f92bddecaeaa8a1304db8a,1,9643,9643,8023
1780412161825771487,fast_tip,K,0x0e265671333890e693c4d2320be47806b10c4444,蛆块链,26466735446824871,15676811916272310,-10789923530552561,-0.010790,-7.26,-0.407679,5174,7450,673.13,101900658,101900756,46,1,kol_sell,0x2a2bc52076db3ca861e55dd549c3d6f36d2e5c6817d2f03dd2e355d2ba0bcd59,1,4994,4994,4408
1780413032814660046,fast_tip,D,0x498fc808c9d3502eac001f5b1675c4d2f2114444,BEBE,22553321167757578,25467810917100983,2914489749343405,0.002914,1.96,0.129227,9340,11999,670.79,101902591,101902627,22,1,kol_sell,0xc09b489b339b2000de0c26a5dd4fca2aac75e39ea17507a32cce95f37a408e0b,1,14868,14868,13550
1780413032814660046,fast_tip,D,0x498fc808c9d3502eac001f5b1675c4d2f2114444,BEBE,9996043781106665,12653510486142465,2657466705035800,0.002657,1.78,0.265852,9340,11999,670.70,101902591,101902697,48,1,kol_sell,0x83ec973aa750bf924f724dcab5b18147daf819f41667e7bf1e4552249873f5f4,1,16938,16938,15187
1780413032814660046,fast_tip,D,0x498fc808c9d3502eac001f5b1675c4d2f2114444,BEBE,9996043781106666,5678656154669663,-4317387626437003,-0.004317,-2.89,-0.431910,9340,11999,669.66,101902591,101902919,149,1,kol_sell,0x1fe7712232c708e1067ea811abca0c16178e38fa90665ef5ef7f5686cbe2c20c,1,8023,8023,6805
1780417406477953988,fast_tip,D,0x1ea3ffc43ee291a4373418286e9b001aebe14444,🔶,57794596778248876,38911589710992727,-18883007067256149,-0.018883,-12.17,-0.326726,0,0,644.34,101533250,101997227,38257,1,kol_sell,0x5453a879db986dc2c91f00fe6c6e1bca91ea7002c13b3205348858a3bd6f7bd0,1,174201,174201,167039
1780417406477945519,fast_tip,D,0x38b6d3dcd9b9f9acc6b83c8503627557a9ac4444,电脑前的我们,7751710983348303,1046483365992723,-6705227617355580,-0.006705,-4.32,-0.865000,0,0,643.94,101532522,101997320,38299,1,kol_sell,0x1dd7f3890750c37dee262437f016d08181cadc94ef2770ae89d3539943127954,1,4237,4237,2206
1780417406477948978,fast_tip,D,0x24df114c0360a4c4bbed7616530b90c126cc4444,stock-ai,25666118927648114,10112899248521138,-15553219679126976,-0.015553,-10.02,-0.605983,0,0,644.54,101644333,101998078,38641,1,kol_sell,0xdabfca467f7b99e441300e07aa571c581422a595eec67ccbf2fe39bab3acf485,1,4494,4494,3950
1780417406477910650,fast_tip,D,0x7f430b376be04a383cc32ad31bd3b5a037824444,天涯重启者,23349595044380329,10017795217197201,-13331799827183128,-0.013332,-8.59,-0.570965,0,0,644.59,101605059,101998448,38808,1,kol_sell,0x6bb75b1086d8954bfc28a22276cb352541b9462694166fdad46e7e7b8f5d5c9d,1,4163,4163,3657
1780417406477883670,fast_tip,O,0xccfb3e8b1772bd3a9fc62deaf75127adad597777,苹果人生,33127466507600017,37710027815868033,4582561308268016,0.004583,2.90,0.138331,0,0,632.13,101774894,102003381,41030,1,kol_sell,0x980c5604918242aa53e69eb5feccc752f1f8757e6a86d429c3e3b65e7e1716ef,1,466377,466377,439688
1780417406477954268,fast_tip,G,0x34d0ad4403492557e5a8771376af150898e84444,神之一手,1402442844957131,0,-1402442844957131,-0.001402,-0.89,-1.000000,0,0,636.20,101833520,102006945,42638,1,kol_sell,0xe0938f119b54ce16d3dd25ced22a2b90c27e281a58dec7af34d847b5f3dc2c74,1,5593,5593,0
1780477345966023246,fast_tip,H,0xed70296ef69205c71efca6a0b6db8aab35b24444,社区想要，社区得到,4818127916577780,2032421162515192,-2785706754062588,-0.002786,-1.79,-0.578172,34140,34236,643.20,102045339,102045483,65,1,kol_sell,0x5b92c95262bade6ee8f0958dca6a7f34cff4e49337a682b51510eba1127ef3e0,1,21551,21551,14429
1780477470531985948,fast_tip,O,0xfc0b3a60c627b8d52ff50fbae66191bcc9934444,放手一搏,28940944935061658,17604966822667168,-11335978112394490,-0.011336,-7.29,-0.391693,6319,6951,643.41,102045615,102045635,9,1,kol_sell,0x1690fa9ac695da78e6a664349145df5913c693629d9ceaeb06ef6de09fed2366,1,4821,4821,4228
1780477609712922348,fast_tip,O,0xff2a4686e81950fb6a15df0bfa6adfd894d34444,THSH,19879472458820497,28878804387319111,8999331928498614,0.008999,5.79,0.452695,30055,26398,643.60,102045924,102045954,14,1,kol_sell,0x217d683ff741025491a54ef2a27c683259cd60e97b01be4140985221727eef4c,1,41235,41235,38348
1780478573107549312,fast_tip,H,0x6f8c8c0cc7a05c1891487cea6cbf841ce0b14444,板凳,4539557241171521,3900787514520741,-638769726650780,-0.000639,-0.41,-0.140712,4481,4668,641.00,102048064,102048302,108,1,kol_sell,0x5d5692a253a04e3cea6bc0283413e283b548a7017eddf412922db3d610cfec16,1,5180,5180,4011
1780479504162164393,fast_tip,O,0x94b490bc8148d1f01424064aa1e07f61d1b77777,🕶️,25123043565154710,20608907330723062,-4514136234431648,-0.004514,-2.89,-0.179681,5318,5539,641.31,102050130,102050393,120,1,kol_sell,0xfa0f082c04527ca3078e90fe71966bf21e0fa165f9436858971bc3392d56409e,1,4948,4948,4544
1780479192169500470,fast_tip,O,0xd67465af40e2df245fbaadc3064df6cc20af7777,CrazyBaby,27914492850171900,21479947421179713,-6434545428992187,-0.006435,-4.11,-0.230509,810367,812753,638.13,102049437,102051628,987,1,kol_sell,0x3abdf08f5ba4823c0661ec8452517c36c9e3d1f3ea10740a7cbd95f81b201956,1,652859,652859,622356
1780479235904578996,fast_tip,H,0xd67465af40e2df245fbaadc3064df6cc20af7777,CrazyBaby,2668490089688911,2801650727884122,133160638195211,0.000133,0.09,0.049901,828371,830505,643.60,102049534,102055087,2504,2,kol_sell,0x485413019ca0e32f2b89ff52ee19d2dbde170cafb380163a1070e71d175438c0,1,887792,887792,661943
1780479235904578996,fast_tip,H,0xd67465af40e2df245fbaadc3064df6cc20af7777,CrazyBaby,5835302420473331,6232988382888023,397685962414692,0.000398,0.26,0.068152,828371,830505,641.59,102049534,102056819,3284,2,kol_sell,0xff1bb2d084b3a8ffe7ed0a3e0f86f84738cee72f2a3e656def881f7987da209c,1,789393,789393,671344
1780484181916144839,fast_tip,H,0xc8a0cd61612f73158c882a314a86799a6da57777,MRVLS,4528764928567434,0,-4528764928567434,-0.004529,-2.90,-1.000000,13049,13593,640.72,102060509,102060943,197,1,kol_sell,0xcf770a7bad17e5a6a2592b930fb3a6d9b4e155c9369ab171345cb526959664b7,1,119,119,0
1780485268979111721,fast_tip,H,0x110ea675972cd66cb14b4f39babf135c90044444,BSH,3096900792337339,1926679150025105,-1170221642312234,-0.001170,-0.75,-0.377869,12959,14740,641.44,102062920,102062982,29,2,kol_sell,0x5f753b62e45b73ebaeb75bcf285fb46cba987964f3e6f31ccd2206afaf55efd8,1,14635,14635,9634
1780485268979111721,fast_tip,H,0x110ea675972cd66cb14b4f39babf135c90044444,BSH,4647287235512972,1121413165638154,-3525874069874818,-0.003526,-2.26,-0.758695,12959,14740,641.44,102062920,102063040,54,2,kol_sell,0x0d7030b79c28fcc9acf70dd499df6ece0e9f73decde8ba99de51cb7abdfe360f,1,7139,7139,3737
1780488346360880029,fast_tip,L,0xf698d2b20d7cfc488a7378a2ffd5a342679b4444,谷票,6533775575278140,6399836644622547,-133938930655593,-0.000134,-0.09,-0.020499,12292,14417,636.15,102069745,102069761,8,1,kol_sell,0xdda07fbdfcdaa9bf03adc4a85d2219682ef44b49f3f02e3a8c86ad221e032c88,1,16535,16535,14122
1780488346360880029,fast_tip,L,0xf698d2b20d7cfc488a7378a2ffd5a342679b4444,谷票,19611784950044550,13935723167050415,-5676061782994135,-0.005676,-3.61,-0.289421,12292,14417,635.67,102069745,102069809,29,1,kol_sell,0xccc5b3a5302e827268827f7fc4b6038f51fb094091243ac63353cd7f06de6deb,1,11386,11386,10237
1780488379429369863,fast_tip,H,0xf698d2b20d7cfc488a7378a2ffd5a342679b4444,谷票,684507791269223,3981055493756,-680526735775467,-0.000681,-0.43,-0.994184,10172,10596,635.46,102069818,102069952,61,2,kol_sell,0xae07c7556c08504d0533a7ad76f88b3f3d0c03130d68c8aa7c59adca2c3b8c5f,1,13966,13966,59
1780488379429369863,fast_tip,H,0xf698d2b20d7cfc488a7378a2ffd5a342679b4444,谷票,685200589895602,0,-685200589895602,-0.000685,-0.44,-1.000000,10172,10596,635.46,102069818,102069959,63,2,kol_sell,0x01434db3b245dfe5c79a15aeeb5dd5964ad2baccca2a67841fd587d934dbce49,1,13747,13747,0
1780488883241942856,fast_tip,H,0xe255e7768d2bff25c8a977287183de1609744444,DOGEUS,671649168332634,0,-671649168332634,-0.000672,-0.43,-1.000000,22029,22947,633.16,102070936,102071522,265,1,kol_sell,0x0f1b8f439c584c618c0636959e21ec9ed7299c2f20495fb1d0a00e0d957d2427,1,29682,29682,0
1780488883241942856,fast_tip,H,0xe255e7768d2bff25c8a977287183de1609744444,DOGEUS,989702336198564,67963250362369,-921739085836195,-0.000922,-0.58,-0.931330,22029,22947,633.91,102070936,102073576,1191,1,kol_sell,0x89108b5892069b83e3e44c9044fdd9f348d44f298a9516d20ce5f39d3553afc9,1,24499,24499,1576
1780490180174402725,fast_tip,L,0x705d02fbf03394dc1041d93390cd857eacf84444,币安啥都有,6391140113489429,3180416659708826,-3210723453780603,-0.003211,-2.03,-0.502371,7551,11338,633.69,102073813,102073835,10,1,kol_sell,0x698ea93bd792901208b1369e8f19248d119836acebd0dd4c99793d18f398af06,1,7627,7627,5642
1780490180174402725,fast_tip,L,0x705d02fbf03394dc1041d93390cd857eacf84444,币安啥都有,19173420340468288,7322078711724655,-11851341628743633,-0.011851,-7.51,-0.618113,7551,11338,633.69,102073813,102073843,14,1,kol_sell,0x8f4538b80bc03970ef7f148ae763948c244a8365340629cb92bc20bcd249be07,1,5093,5093,4330
1780490201382851084,fast_tip,L,0xb72da14c9c15920593ef95f05e3f23a123cf4444,币有,6014588486426323,7536698813237895,1522110326811572,0.001522,0.96,0.253070,9930,10343,633.73,102073860,102073868,4,1,kol_sell,0xd06a10ff833912b9ef71198d384c7cc058a5886bda8b6336f43f75ab4cfd95e7,1,15198,15198,12962
1780490201382851084,fast_tip,L,0xb72da14c9c15920593ef95f05e3f23a123cf4444,币有,18043765459278971,8619301572000944,-9424463887278027,-0.009424,-5.97,-0.522311,9930,10343,633.84,102073860,102073939,36,1,kol_sell,0x430f691b32f1711e77d58c9c39a45d1d492963bea7493e2e8959ebd1a94853ca,1,5713,5713,4942
1780490622230594432,fast_tip,L,0xdc9d8d7fb2b1afa1fc18529bf07ebe53b3414444,哆啦B梦,5817029647414662,8202394351267219,2385364703852557,0.002385,1.51,0.410066,5607,5841,633.12,102074794,102074813,9,1,kol_sell,0x8e63a79b1664a680e2ede9edcc73de5e2ba81c89d2d99737028a4cfb7afe4fa8,1,9570,9570,8236
1780490622230594432,fast_tip,L,0xdc9d8d7fb2b1afa1fc18529bf07ebe53b3414444,哆啦B梦,4361027126666772,9095616520881449,4734589394214677,0.004735,3.00,1.085659,5607,5841,633.66,102074794,102074981,85,1,kol_sell,0x5009de9feac1c46a99f34164ed9eaab8fa937147a2add713b7b44c15861564f2,1,14022,14022,12192
1780490622230594432,fast_tip,L,0xdc9d8d7fb2b1afa1fc18529bf07ebe53b3414444,哆啦B梦,3271206447712745,8278469587913675,5007263140200930,0.005007,3.17,1.530708,5607,5841,634.04,102074794,102075228,196,1,kol_sell,0x070636ebae91882ed2b3fd38b09464f02b1044e6ad0ee3e834a639dde8bcd476,1,17285,17285,14802
1780490622230594432,fast_tip,L,0xdc9d8d7fb2b1afa1fc18529bf07ebe53b3414444,哆啦B梦,2453731956429330,9201180880172166,6747448923742836,0.006747,4.29,2.749872,5607,5841,635.16,102074794,102075564,348,1,kol_sell,0x117a7f07fbd3d6cbd3c16e550725c7d6697656d75974e8e8f61014d4b67bafad,1,26279,26279,21972
1780490622230594432,fast_tip,L,0xdc9d8d7fb2b1afa1fc18529bf07ebe53b3414444,哆啦B梦,1841280852858784,7284426298519463,5443145445660679,0.005443,3.46,2.956173,5607,5841,635.14,102074794,102075657,389,1,kol_sell,0xd9ea4fcaf489c416ac79d4b349063eb74c8522806d923a0bff4def3d9231c2e3,1,27278,27278,23180
1780490994859498088,fast_tip,L,0x3ba7ec2a1419ea1989d1f60cf66ac8f3c1204444,哆啦B梦,6104768216179058,7817651644769571,1712883428590513,0.001713,1.09,0.280581,9997,10414,635.26,102075621,102075802,82,1,kol_sell,0xd41a1560d7fe105e50e73e67d33f5d8ca5e883aedbc777f1af4f1af37cf548e2,1,15455,15455,13338
1780490994859498088,fast_tip,L,0x3ba7ec2a1419ea1989d1f60cf66ac8f3c1204444,哆啦B梦,4578576162134294,6425828170063511,1847252007929217,0.001847,1.17,0.403456,9997,10414,635.26,102075621,102075821,90,1,kol_sell,0x1d3c280747f0d33772d60a000da5e418c3ca0b7b9dbf5827b33917613916f9dd,1,17465,17465,14618
1780490622230594432,fast_tip,L,0xdc9d8d7fb2b1afa1fc18529bf07ebe53b3414444,哆啦B梦,5523842558576355,19414744535471042,13890901976894687,0.013891,8.82,2.514717,5607,5841,635.26,102074794,102075829,466,1,kol_sell,0xfdb5203efa19e3e02908fe2d73463a07ad5eaa0419682ef546036b834a6a2557,1,22499,22499,20597
1780490994859498088,fast_tip,L,0x3ba7ec2a1419ea1989d1f60cf66ac8f3c1204444,哆啦B梦,13735728486402882,10317363754554112,-3418364731848770,-0.003418,-2.17,-0.248867,9997,10414,635.86,102075621,102075918,134,1,kol_sell,0x3f79cb4915ed55a96429537e6212adff8b7e17ad40d0c5c0a7b9f0666b4a0729,1,8903,8903,7831
1780555083103929496,fast_tip,D,0x98b7f8d322942d7142e7cc60d158fbc4414e4444,泡沫,65961050907333113,52500713569601145,-13460337337731968,-0.013460,-8.16,-0.204065,18203,28778,606.32,102217842,102217867,12,3,kol_sell,0x3743ab3e4dd256964d2177a5c3e8ce46388512139334bffecad83b81bb399bec,1,41745,41745,27469
1780555083103929496,fast_tip,D,0x98b7f8d322942d7142e7cc60d158fbc4414e4444,泡沫,17961194162066806,18449606527514445,488412365447639,0.000488,0.30,0.027193,18203,28778,606.04,102217842,102217926,38,3,kol_sell,0xb3527713f26fab31dccb73a6396a33aec753ee413373f7814f113ee2be4e2f62,1,39593,39593,35433
1780555093244834055,fast_tip,H,0x98b7f8d322942d7142e7cc60d158fbc4414e4444,泡沫,1186259360510399,345734140381087,-840525220129312,-0.000841,-0.51,-0.708551,35726,35822,606.04,102217864,102217937,33,1,kol_sell,0x2559352d9a3adfb73663d2e693c4e4ea27460bdfa486ce7da418ebd3ffb78376,1,47065,47065,10435
1780555093244834055,fast_tip,H,0x98b7f8d322942d7142e7cc60d158fbc4414e4444,泡沫,1186259360510400,318128047293943,-868131313216457,-0.000868,-0.53,-0.731823,35726,35822,606.04,102217864,102217959,43,1,kol_sell,0x32116a9f43433ca73415c4d5f1c74c45a5584db35bca57217d5641c16c247efd,1,38414,38414,9602
1780555083103929496,fast_tip,D,0x98b7f8d322942d7142e7cc60d158fbc4414e4444,泡沫,7199978511789946,10549182768023004,3349204256233058,0.003349,2.03,0.465169,18203,28778,606.21,102217842,102218040,89,3,kol_sell,0x6808cf89199621ba994dbd00b6fd5c8b11620ef7329a12b4858f62d4dc5b2ffb,1,60306,60306,50555
1780555083103929496,fast_tip,D,0x98b7f8d322942d7142e7cc60d158fbc4414e4444,泡沫,6119981735021454,9172583388485587,3052601653464133,0.003053,1.85,0.498793,18203,28778,605.89,102217842,102218048,93,3,kol_sell,0x44976aedc2e58450d5aab9a4691ed8c14f2e3d9e164ae42b02ecc86c17268ec3,1,57810,57810,51688
1780555083103929496,fast_tip,D,0x98b7f8d322942d7142e7cc60d158fbc4414e4444,泡沫,8669974124613726,11100806805699863,2430832681086137,0.002431,1.47,0.280374,18203,28778,606.13,102217842,102218172,149,3,kol_sell,0xf436a86bd82a73849b9afe6373115afcdf7862ebfb2dd6845490d6308140663f,1,50238,50238,44173
1780555083103929496,fast_tip,D,0x98b7f8d322942d7142e7cc60d158fbc4414e4444,泡沫,26009922373841181,17969285350596208,-8040637023244973,-0.008041,-4.88,-0.309137,18203,28778,606.62,102217842,102218690,382,3,kol_sell,0xaade4f00a7894d7266cfb036dd619d00f9dd5ffa1c4830746260b4c10f4f091e,1,26038,26038,23854
1780557878380638189,fast_tip,C,0x242aa75988b1e4554ecf8dcf1fe5182da0474444,答案之书,13930614300456161,10097403365269588,-3833210935186573,-0.003833,-2.30,-0.275165,5112,6704,599.82,102224043,102224051,4,1,kol_sell,0x344660623943b15fb63a05d8d962ea1e2afd142191f516acca29535939f61abe,1,5563,5563,4859
1780558143744593741,fast_tip,O,0x6f0435a805c257c08eed1c97912cf532572a4444,答案之书,24352461689658362,9085754610721928,-15266707078936434,-0.015267,-9.18,-0.626906,85263,85568,601.04,102224632,102225384,339,1,kol_sell,0xc0bffd1bd115ec2cdc92ea9ddf5229a505c2cc2e24c508ce4752f2fef881160d,1,42202,42202,31943
1780556760374828977,fast_tip,H,0xe255e7768d2bff25c8a977287183de1609744444,DOGEUS,1234803818383425,0,-1234803818383425,-0.001235,-0.74,-1.000000,0,0,600.09,102070936,102227872,2844,1,kol_sell,0xa74b5e8667b9ed7c52f0e6fbf7af9a4d6778599eb8ea3d5369a0d692282ef542,1,10069,10069,0
1780556760374828977,fast_tip,H,0xe255e7768d2bff25c8a977287183de1609744444,DOGEUS,25328662873260,0,-25328662873260,-0.000025,-0.02,-1.000000,0,0,600.09,102070936,102227876,2846,1,kol_sell,0x9078c192c06ae08838f18831ca6d60a11c31ef9f9c5a8e726d90a6a4ac0e6627,1,9857,9857,0
1780563565275568160,fast_tip,H,0xaf9cc727285870c40e2dc7dd9ce46ef953594444,万事皆安,660495920305866,0,-660495920305866,-0.000660,-0.40,-1.000000,31582,31666,600.81,102236662,102237051,175,1,kol_sell,0x52514a3e8d7255f3ff72aff5c9633c6244dcc9d9690023d7fba7034e5a08ac00,1,45020,45020,0
1780564622050871618,fast_tip,L,0x126685965e87fa0554b4730e36a6d50c54184444,币安超市,27103167018582381,15212475639735066,-11890691378847315,-0.011891,-7.09,-0.438720,45111,46991,596.48,102239009,102239286,126,1,kol_sell,0xe3c6b2c76f321014191efa7a1e1552b465e5ffcf2e98ad5fafec13f2de90d003,1,29289,29289,26374
1780581494961916798,fast_tip,H,0xa7c1887de6767118d9cfc13c30a95e61e883ffff,stk20,1981487760917600,236142047482451,-1745345713435149,-0.001745,-1.06,-0.880826,139506,139865,604.93,102276453,102278612,973,1,kol_sell,0x170953468f0c5dcf91635e2c5f207cea98a5d5ffce34c46af8ef3830bfc36dab,1,88393,88393,16718
1780582506673320576,fast_tip,D,0x6371bc78be157100ff3b196206d18768bfea4444,阿饼,23730875013280455,41289025206355028,17558150193074573,0.017558,10.62,0.739886,6961,8081,604.80,102278699,102278716,8,1,kol_sell,0xf20c66000329c8096ea80b6250fd289f4a44cad08de7bf950e8cfd09210ad279,1,13985,13985,14060
1780582506673320576,fast_tip,D,0x6371bc78be157100ff3b196206d18768bfea4444,阿饼,11865437506640227,16939492156320980,5074054649680753,0.005074,3.07,0.427633,6961,8081,604.80,102278699,102278742,20,1,kol_sell,0xdd885ae59cd71e72262818b79319f3765d15beeb81cfe5c1a4523b4121a318d0,1,12721,12721,11537
1780583291067659747,fast_tip,H,0x6371bc78be157100ff3b196206d18768bfea4444,阿饼,180514623638451,0,-180514623638451,-0.000181,-0.11,-1.000000,12475,12994,603.55,102280437,102280457,9,1,kol_sell,0xf9db7c7fef28df142b0b1d12e431f317a04ad92a9572a0a415fcdd176085777f,1,12383,12383,0
1780583291067659747,fast_tip,H,0x6371bc78be157100ff3b196206d18768bfea4444,阿饼,650575426374253,0,-650575426374253,-0.000651,-0.39,-1.000000,12475,12994,603.55,102280437,102280474,17,1,kol_sell,0xb27aec5dc094c0b94ac405bf2be9f7ac5b0a455528432b55cad635d9314d1696,1,11564,11564,0
1780583291067659747,fast_tip,H,0x6371bc78be157100ff3b196206d18768bfea4444,阿饼,975863139561381,0,-975863139561381,-0.000976,-0.59,-1.000000,12475,12994,603.55,102280437,102280479,19,1,kol_sell,0xca1745fedcc531a0ad0722669549fd5269c4ab020a2a678b986fbc5dbe89bbe3,1,10928,10928,0
1780589147357875560,fast_tip,H,0x4c69f82a0e2f9d6592661395c49dae203afa4444,币需品,355662596303867,0,-355662596303867,-0.000356,-0.22,-1.000000,4197,4372,604.54,102293432,102293453,10,1,kol_sell,0x22138fe5e5818de8612688161f05e8c94a8dd3e32e28f30de1e7d65301631fa6,1,8178,8178,0
1780589147357875560,fast_tip,H,0x4c69f82a0e2f9d6592661395c49dae203afa4444,币需品,829879391375690,0,-829879391375690,-0.000830,-0.50,-1.000000,4197,4372,604.54,102293432,102293465,15,1,kol_sell,0xa1aef036981ee5eb9a5567f5e841c4659dce3b68f09d5af22e15f110d4579640,1,5578,5578,0
1780561047217709443,fast_tip,C,0xd2f7a9d119014778bde709437fbf2faad3664444,LOCKIN,2365756710616051,0,-2365756710616051,-0.002366,-1.44,-1.000000,0,0,606.99,101446415,102317651,39009,1,kol_sell,0x187ff79c1bd8ef1784a10781197570b3a0c7cf4b1c659ca64a2fd6c52d1e4856,1,3659,3659,0
1780629548890671391,fast_tip,O,0x84c64c1914f56cc97a07b543f7e6c346bb4c4444,FOMO,22825790981764718,17492263622884088,-5333527358880630,-0.005334,-3.18,-0.233662,4822,5322,595.68,102383129,102383192,29,1,kol_sell,0x1ff77f235a1adc167ca605257b17d53036975b757f1938ef740cc188c148b392,1,4745,4745,4077
1780631106081038195,fast_tip,K,0xd705200f61be4e5900c87667dcecf0b542d94444,上头,25387743093769615,27568320755619405,2180577661849790,0.002181,1.30,0.085891,9581,11332,595.67,102386585,102387588,453,1,kol_sell,0xf0ba134a3b6205358fd5668e2b8243c106ccb3f0024bf914749df01306e752f0,1,12745,12745,12301
1780561047217668804,fast_tip,O,0xb8cc4a6691c2e04edd8481bfff0f3e3df04d4444,Serenity,75350412462733639,445653124484666682,370302712021933043,0.370303,220.59,4.914409,0,0,595.71,101621590,102392778,72850,1,kol_sell,0x9307fa94c815d5c4d3fe687315e1345582c9306e87ac02cdd713244682aefabf,1,109965,109965,107164
1780633986403863518,fast_tip,O,0xba2aa17f49e08647688d90446516685bda1c4444,白毛股神,33428875347171661,54148295576631900,20719420229460239,0.020719,12.36,0.619806,14456,15280,596.45,102392976,102393205,104,1,kol_sell,0x3f6a9df44feeaae198dc597a966d018f945e0873fe19255586f9016fac7eb566,1,25102,25102,24758
1780561047217737472,fast_tip,L,0x174d3658238251f72942026db416d970f8b34444,超级应用,21041427579055176,11602862846715475,-9438564732339701,-0.009439,-5.61,-0.448571,0,0,594.42,101885762,102395053,73875,1,kol_sell,0x871ef46797ca30be6f1c3134971724a7cbc5ac6a7004a859dc3fc5c3f7e4fd3f,1,4806,4806,3927
1780636113491086642,fast_tip,C,0xe2e44d60b988b3d7bc7c7683ef1965ec43477777,FLAP悬赏,13547293206937503,10572910844589280,-2974382362348223,-0.002974,-1.78,-0.219555,4778,5454,598.53,102397697,102397705,4,1,kol_sell,0xbb36efd7f5b6c1e262e5ec53568d085aa43816f162e75e54c3f851e4d17293bd,1,52,52,4255
1780636564510128937,fast_tip,C,0xb8cc4a6691c2e04edd8481bfff0f3e3df04d4444,Serenity,4637449239745938,4365300201109235,-272149038636703,-0.000272,-0.16,-0.058685,86994,87259,597.36,102398698,102400634,873,1,kol_sell,0x674251d524dff994edfb7c5277808829900b699c21ad99c71635bed026c4a208,1,105440,105440,82118
1780637713369474749,fast_tip,D,0x8c11a6810d5756eca2f326e176836a1636a34444,FOURGUY,43684584084155178,28126231317926537,-15558352766228641,-0.015558,-9.24,-0.356152,4671,6422,594.03,102401247,102401358,51,1,kol_sell,0xb8ef46d883b671ef900ee1bbc419388ea4bf7df2d8622889d595625a1e130126,1,4991,4991,4124
1780633986403863518,fast_tip,O,0xba2aa17f49e08647688d90446516685bda1c4444,白毛股神,6685775069434332,48925237570561416,42239462501127084,0.042239,25.09,6.317811,14456,15280,594.03,102392976,102401388,3790,1,kol_sell,0x627d7af8f02c8e591b40f90e85b9a06d96d5a93f5d2c003ea9dc4d44c54a4583,1,116274,116274,111394
1780636564510128937,fast_tip,C,0xb8cc4a6691c2e04edd8481bfff0f3e3df04d4444,Serenity,1722481146191348,1458989317978533,-263491828212815,-0.000263,-0.15,-0.152972,86994,87259,587.22,102398698,102403496,2163,1,kol_sell,0xbbde77d716c50cb9a66b2940520a4c4ac1d9028058109261694ffb284029d028,1,125684,125684,72638
1780636564510128937,fast_tip,C,0xb8cc4a6691c2e04edd8481bfff0f3e3df04d4444,Serenity,1377984916953079,951226443758119,-426758473194960,-0.000427,-0.25,-0.309697,86994,87259,587.69,102398698,102403596,2208,1,kol_sell,0x8b0cd0b36155024deb08faa6b90b31af12592fe8fb415db363b904a435330638,1,126249,126249,59245
1780636564510128937,fast_tip,C,0xb8cc4a6691c2e04edd8481bfff0f3e3df04d4444,Serenity,551193966781231,0,-551193966781231,-0.000551,-0.32,-1.000000,86994,87259,585.38,102398698,102404295,2523,1,kol_sell,0xd630fddd79d04e29bd7019f33379f192604170cfa28644201c96700efa8ba9da,1,156931,156931,0
1780636564510128937,fast_tip,C,0xb8cc4a6691c2e04edd8481bfff0f3e3df04d4444,Serenity,1736260995360879,1401041366283590,-335219629077289,-0.000335,-0.20,-0.193070,86994,87259,582.30,102398698,102405966,3276,1,kol_sell,0x1319b67732fca4ab1ae43b2c6d0eca0f27af69397df421f1e557bb92e22ee414,1,116716,116716,68620
1780640500871200364,fast_tip,H,0xaf9cc727285870c40e2dc7dd9ce46ef953594444,万事皆安,1541157147380356,0,-1541157147380356,-0.001541,-0.89,-1.000000,0,0,575.48,102236662,102409815,1077,1,kol_sell,0x498a8da86c7981a628f41b0640f5d1e3b543beaeedfb63b8c93a33facf702f84,1,19280,19280,0
1780640500871195384,fast_tip,H,0x3aa001d1ec4ad7188639bee2feada5ee58f54444,币安之力,13125279747363492,7236475884584496,-5888803862778996,-0.005889,-3.40,-0.448661,0,0,577.10,101423101,102410010,1166,1,kol_sell,0xa64abd6acbb06502e5ce19591ac12ce716bb620d768bd1badca8ae99880fa472,1,3769,3769,3163
1780640500871237843,fast_tip,H,0x63da12a215eba1e2842221cdacfccfea8f0e4444,小黄鸭,1066987788911601,5151419817613,-1061836369093988,-0.001062,-0.61,-0.995172,0,0,577.24,102294714,102410113,1211,1,kol_sell,0xc0eb668043590a352b49a2d851b2f265cd4aa554891c2d64ef4020ce9935c1fb,1,10929,10929,52
1780640500871174935,fast_tip,H,0xdac82cf5f8d31652571c2595c885f39dd5504444,纳西索斯,1463632083555009,0,-1463632083555009,-0.001464,-0.85,-1.000000,0,0,577.39,102291989,102410152,1229,1,kol_sell,0x2ad988c7348c5d447a995382d64d83c4918c8050ce28f617e751ae5efa0d298f,1,9211,9211,0
1780640500871196234,fast_tip,H,0xf698d2b20d7cfc488a7378a2ffd5a342679b4444,谷票,5482221461369946,1042541382014208,-4439680079355738,-0.004440,-2.56,-0.809832,0,0,577.39,102069818,102410176,1240,1,kol_sell,0x0c1b563dea6fa13835cf376fd4c67283ed0f54a5ea79f9ba107bdc153a65a74d,1,3660,3660,1760
1780649913404799572,fast_tip,O,0xe1c4b17d2e6ae638188a23a2df0fe97f11354444,阿格尼,35239664469814161,36094394980417482,854730510603321,0.000855,0.50,0.024255,8247,8590,586.34,102428303,102428352,23,1,kol_sell,0x507f653bd2cc25c3e4d062eed6c45f28b5bc5c1f064e361674a5a678c761761b,1,9460,9460,8799
1780649913404799572,fast_tip,O,0xe1c4b17d2e6ae638188a23a2df0fe97f11354444,阿格尼,10568375374497267,9798303322673551,-770072051823716,-0.000770,-0.45,-0.072866,8247,8590,586.42,102428303,102428541,108,1,kol_sell,0x6d4c79ac169bb828f71f6eff26dfd5eef87a23f978f3467d2e0cc78860388ba6,1,8900,8900,7965
1780652040463305980,fast_tip,O,0x39171cc150d9e4537880f69db783374c11a14444,FOURSTORE,68020665875974594,39618311854007253,-28402354021967341,-0.028402,-16.88,-0.417555,44977,45275,594.44,102433023,102433061,17,1,kol_sell,0xb61d37b684ad6cc4a64d37f43740447407b4136cf516a54e53d1777fad27ef41,1,29825,29825,26386
1780640500871193524,fast_tip,A,0xe9ae476fb895c08ccc592ca8566c99d4894e4444,月薪喵,243931526581587,0,-243931526581587,-0.000244,-0.14,-1.000000,0,0,592.21,101612975,102444662,16787,1,kol_sell,0x6b7d2b90352caa61bc665bd16f50fbc25e1be1af04ac5afad27627ca2e51554c,1,31141,31141,0
1780640500871295401,fast_tip,D,0xba2aa17f49e08647688d90446516685bda1c4444,白毛股神,10532187201883078,21160942113186366,10628754911303288,0.010629,6.28,1.009169,0,0,591.15,102403535,102449495,18963,1,kol_sell,0x135b3a6e4cae3d221822e14505d566c40e78f35170628e62e83d3f1a66c3b342,1,165216,165216,166578
1780640500871295401,fast_tip,D,0xba2aa17f49e08647688d90446516685bda1c4444,白毛股神,7899140401412309,14849421352420912,6950280951008603,0.006950,4.11,0.879878,0,0,591.15,102403535,102449512,18971,1,kol_sell,0x1e104566027fc60171338323a942f6624e03290f6e8f5af1dccddeaaeb33c785,1,160260,160260,155858
1780640500871295401,fast_tip,D,0xba2aa17f49e08647688d90446516685bda1c4444,白毛股神,3554613180635539,9902167488514054,6347554307878515,0.006348,3.75,1.785723,0,0,591.18,102403535,102449571,18998,1,kol_sell,0xefe78a028990d0e5c1f291e6d71b8dc57cf683015258701ae75a85a7a761b906,1,249159,249159,230973
1780640500871295401,fast_tip,D,0xba2aa17f49e08647688d90446516685bda1c4444,白毛股神,3021421203540208,7717615492042159,4696194288501951,0.004696,2.78,1.554300,0,0,591.18,102403535,102449595,19008,1,kol_sell,0x40eb712f0031e9d92e18a1b6276d951c1d373d51d9cdc48a2403deed899e79d0,1,256575,256575,211785
1780640500871196844,fast_tip,O,0xba2aa17f49e08647688d90446516685bda1c4444,白毛股神,8022930083321199,148339265042444791,140316334959123592,0.140316,82.96,17.489413,0,0,591.23,102392976,102449663,19039,1,kol_sell,0x515918a1149f0d4d93d042eb930a27e1065eefcb005ccc81889fff9df3700423,1,301949,301949,280124
1780640500871295401,fast_tip,D,0xba2aa17f49e08647688d90446516685bda1c4444,白毛股神,2568208023009177,8248195764848947,5679987741839770,0.005680,3.36,2.211654,0,0,591.00,102403535,102449814,19107,1,kol_sell,0xcbe8544449b5350ab1950e59c8d20b49c258625864f0a8235f90f14e65951040,1,272251,272251,266206
1780640500871295401,fast_tip,D,0xba2aa17f49e08647688d90446516685bda1c4444,白毛股神,1455317879705200,9118876959922233,7663559080217033,0.007664,4.53,5.265900,0,0,590.79,102403535,102450109,19240,1,kol_sell,0x847207b40687a41b9ab990507d2a02b834918e809fb81e36e96e60a16e70af42,1,558263,558263,519187
1780640500871196844,fast_tip,O,0xba2aa17f49e08647688d90446516685bda1c4444,白毛股神,4678170531584591,162392530073134162,157714359541549571,0.157714,93.19,33.712828,0,0,590.90,102392976,102450274,19315,1,kol_sell,0x6078290991b45e488c75d32577e38edbe30154aa90bf1b98d88240b9828cf1bf,1,539098,539098,525626
1780640500871295401,fast_tip,D,0xba2aa17f49e08647688d90446516685bda1c4444,白毛股神,1964679137602020,11459362040442123,9494682902840103,0.009495,5.61,4.832689,0,0,590.90,102403535,102450294,19324,1,kol_sell,0x24bcb32262fefd7cfe1e80ce0c6cb9634e81d7f168beabf6217f5fc9506b4fc7,1,509805,509805,483379
1780640500871196844,fast_tip,O,0xba2aa17f49e08647688d90446516685bda1c4444,白毛股神,3509095715741601,121516889834065874,118007794118324273,0.118008,69.73,33.629118,0,0,590.90,102392976,102450313,19332,1,kol_sell,0x326a542872afff09d45e39febed9d1728759733aabe949ffaff69454b95d6bb8,1,489612,489612,524359
1780640500871196844,fast_tip,O,0xba2aa17f49e08647688d90446516685bda1c4444,白毛股神,2632172696377775,102020853142223917,99388680445846142,0.099389,58.65,37.759179,0,0,590.09,102392976,102450699,19506,1,kol_sell,0x0b3f5af282f7534bf4b19520860625999e1af10d6da43fd50b81f7704f9e9843,1,597479,597479,586093
1780640500871197134,fast_tip,K,0xba2aa17f49e08647688d90446516685bda1c4444,白毛股神,22005781454430223,228669103907014475,206663322452584252,0.206663,122.05,9.391319,55418,55610,590.59,102398155,102450811,19557,2,kol_sell,0x8ac49c30023e47f59255c90595a4f6a01c0ea829c68b9057ca9d70dfa7583c38,1,643178,643178,680353
1780640500871295401,fast_tip,D,0xba2aa17f49e08647688d90446516685bda1c4444,白毛股神,1669977266961717,11295430936071440,9625453669109723,0.009625,5.68,5.763823,0,0,590.59,102403535,102450836,19568,1,kol_sell,0x660fe289ae1a119a240c2c6003145b5669776d1c1564127f497dc42897de3c9c,1,623720,623720,560247
1780640500871295401,fast_tip,D,0xba2aa17f49e08647688d90446516685bda1c4444,白毛股神,9463204512783066,39246143686287234,29782939173504168,0.029783,17.58,3.147236,0,0,590.24,102403535,102451728,19970,1,kol_sell,0x2d9add4bcfd4bcb16a47d7ca06598655e2e102c740f1dbad2f228055400b25a2,1,365508,365508,343316
1780640500871230483,fast_tip,C,0xb8cc4a6691c2e04edd8481bfff0f3e3df04d4444,Serenity,3224484705670206,614166284332722,-2610318421337484,-0.002610,-1.54,-0.809530,0,0,589.64,102398698,102452429,20286,1,kol_sell,0x8d5f801d81c30c2f9bdbea1602ba7474a8cada0cf2de38364c67b08a9df044e5,1,44051,44051,16401
1780664922614605795,fast_tip,H,0xba2aa17f49e08647688d90446516685bda1c4444,白毛股神,643773132789266,0,-643773132789266,-0.000644,-0.38,-1.000000,785801,787787,593.30,102461603,102461845,109,1,kol_sell,0x031d68a055671a4b36497ae57cb27417a8189e1f771e6d9d69167fe4455cd308,1,665019,665019,0
1780664922614605795,fast_tip,H,0xba2aa17f49e08647688d90446516685bda1c4444,白毛股神,386424863202640,0,-386424863202640,-0.000386,-0.23,-1.000000,785801,787787,593.23,102461603,102461980,170,1,kol_sell,0x0ea197765919a4f4961253adf39577044cf8765cb6af8f803489ff6a3f5d6cfb,1,668802,668802,0
1780664922614605795,fast_tip,H,0xba2aa17f49e08647688d90446516685bda1c4444,白毛股神,579637294803960,0,-579637294803960,-0.000580,-0.34,-1.000000,785801,787787,593.23,102461603,102461996,177,1,kol_sell,0x190e9c62e90205b25423cd6baaca14f41ad4e3fda6aa947f3fd931e11cb163d9,1,664186,664186,0
1780640500871193894,fast_tip,H,0xeccbb861c0dda7efd964010085488b69317e4444,龙虾,197274699293497,0,-197274699293497,-0.000197,-0.12,-1.000000,0,0,593.23,102198698,102462032,24615,1,kol_sell,0x1a5deb203679433462f25b80b9edbc81e5228df7478d2a0f2c4f8ab86c479be1,1,11848788,11848788,0
1780640500871197134,fast_tip,K,0xba2aa17f49e08647688d90446516685bda1c4444,白毛股神,10571944403787128,88445152892794818,77873208489007690,0.077873,46.24,7.366025,55418,55610,593.80,102398155,102463873,25444,3,kol_sell,0xd7b331d09c0b0380ba2a88fa07f274ea6f5624f16793e76e22b2bee8b6583707,1,864714,864714,835444
1780665980339870446,fast_tip,L,0x7ea40c67da65cec8fc63ca853e28eb66ad404444,白毛股神,2707438416536919,3671879456434486,964441039897567,0.000964,0.57,0.356219,79381,79672,594.57,102463951,102464059,49,1,kol_sell,0x5080ce27964cbaf27a5d345fd547fdaa18d057f5315b4556ea0db75ffe0d8a40,1,149425,149425,108083
1780665980339870446,fast_tip,L,0x7ea40c67da65cec8fc63ca853e28eb66ad404444,白毛股神,2436694574883227,4292749078718366,1856054503835139,0.001856,1.10,0.761710,79381,79672,593.79,102463951,102464076,56,1,kol_sell,0x26d2cd1e2c0cb899c0488d2df2cd563bf7a7e05ba2b954a5d9da7b94f090dc93,1,185922,185922,140216
1780665980339870446,fast_tip,L,0x7ea40c67da65cec8fc63ca853e28eb66ad404444,白毛股神,2193025117394905,4114000899414255,1920975782019350,0.001921,1.14,0.875948,79381,79672,593.79,102463951,102464079,58,1,kol_sell,0x9be44da6ded12b0aabeae23b641784658fcf0d0316aa70b7c64fdec7065d1cc4,1,178860,178860,149308
1780665980339870446,fast_tip,L,0x7ea40c67da65cec8fc63ca853e28eb66ad404444,白毛股神,1973722605655414,3269348739758290,1295626134102876,0.001296,0.77,0.656438,79381,79672,593.79,102463951,102464088,62,1,kol_sell,0xa57a82009aa405abb7ff45b48282b2c846754762a85e0479efb4f65a948dd9b2,1,165353,165353,131837
1780665980339870446,fast_tip,L,0x7ea40c67da65cec8fc63ca853e28eb66ad404444,白毛股神,1776350345089873,3056615677711431,1280265332621558,0.001280,0.76,0.720728,79381,79672,593.79,102463951,102464142,86,1,kol_sell,0xb19b680a4679fcd6e3af5c491bc4f46430b0cf5995ab7ca5260426eb3017d8be,1,180045,180045,136954
1780665980339870446,fast_tip,L,0x7ea40c67da65cec8fc63ca853e28eb66ad404444,白毛股神,3996788276452214,9145817715994465,5149029439542251,0.005149,3.06,1.288292,79381,79672,594.24,102463951,102464303,159,1,kol_sell,0x64a5a983fde50708f2daf62993ab50965687ab6a75434503c561f86f6fc0acee,1,192748,192748,182262
1780665980339870446,fast_tip,L,0x7ea40c67da65cec8fc63ca853e28eb66ad404444,白毛股神,2997591207339161,8700135918715453,5702544711376292,0.005703,3.38,1.902376,79381,79672,593.58,102463951,102464369,188,1,kol_sell,0x32c221c8cc74d136ecc35e34b6fd919902f75146f8f57b2c7bb2b1011df27b70,1,262319,262319,230920
1780640500871196844,fast_tip,O,0xba2aa17f49e08647688d90446516685bda1c4444,白毛股神,7900731250712164,161383950820070833,153483219569358669,0.153483,91.11,19.426457,0,0,593.58,102392976,102464391,25678,1,kol_sell,0x120db19c0efaad9cd0ecae76741f0bb7e785b9d52ef0740f7e78d76a4835df71,1,320573,320573,310705
1780665980339870446,fast_tip,L,0x7ea40c67da65cec8fc63ca853e28eb66ad404444,白毛股神,8992773622017484,18199693123363866,9206919501346382,0.009207,5.45,1.023813,79381,79672,592.34,102463951,102464516,255,1,kol_sell,0x2e432c89b73701573d5ac5d94f19bc7211a46ffa8a2b15ff8c4eb95cc67ee370,1,169670,169670,160681
1780666355321431066,fast_tip,L,0x1218147da617f2605f25a7a2f82ccbb7f1574444,喷火龙,29811969809843338,25977914569650321,-3834055240193017,-0.003834,-2.28,-0.128608,31266,31412,593.60,102464783,102465370,265,1,kol_sell,0x9e33d2fa48c587b63f664ecd1970e1fed9afb6bbd2603b0f4c0266f7703ed65a,1,30966,30966,27342
1780672860128607749,fast_tip,L,0x4db48a00a58910576501429749ac5106d94a4444,MEME 球风,29428564285824037,21836248556725108,-7592315729098929,-0.007592,-4.39,-0.257991,6021,6812,578.28,102479211,102479320,50,1,kol_sell,0x9f77b146545220131ffd0ce4b33db778655f5b79e73913a714fd06a9edd40da1,1,6033,6033,5053
1780666385443531449,fast_tip,H,0xba2aa17f49e08647688d90446516685bda1c4444,白毛股神,208844592307416,0,-208844592307416,-0.000209,-0.12,-1.000000,487495,488727,580.68,102464850,102479748,6717,3,kol_sell,0x4e8a1a6bc8ccd04a675ea76abb0e4707df5774c288a435341d04dc3fc032c9bf,1,792297,792297,0
1780666385443531449,fast_tip,H,0xba2aa17f49e08647688d90446516685bda1c4444,白毛股神,178214900202196,0,-178214900202196,-0.000178,-0.10,-1.000000,487495,488727,580.07,102464850,102481203,7372,3,kol_sell,0xb6473ad39afabb26fdb3a004f5542d61aa9007507815d0801727b9d5f5012efa,1,943591,943591,0
1780666385443531449,fast_tip,H,0xba2aa17f49e08647688d90446516685bda1c4444,白毛股神,168662581551358,0,-168662581551358,-0.000169,-0.10,-1.000000,487495,488727,580.07,102464850,102481204,7372,3,kol_sell,0xbcb3be7c46d9708fb00d46a16d7bf340cfdecde36e04a5660d3552309e111e11,1,937284,937284,0
1780666385443531449,fast_tip,H,0xba2aa17f49e08647688d90446516685bda1c4444,白毛股神,162898097290247,0,-162898097290247,-0.000163,-0.09,-1.000000,487495,488727,575.65,102464850,102481593,7548,3,kol_sell,0x43acdefd87a9754c5b8273eef0be3e5bebcb48021b98e3e25ddc0473989af0ef,1,915251,915251,0
1780666385443531449,fast_tip,H,0xba2aa17f49e08647688d90446516685bda1c4444,白毛股神,153987571368470,0,-153987571368470,-0.000154,-0.09,-1.000000,487495,488727,575.65,102464850,102481594,7548,3,kol_sell,0xf1599c19376585ade1e231e8d3a91b6490a6e56e5a3fb1857fc7f5a28aa575d3,1,909421,909421,0
1780640500871197134,fast_tip,K,0xba2aa17f49e08647688d90446516685bda1c4444,白毛股神,9514749963408415,99413162418907970,89898412455499555,0.089898,51.72,9.448321,55418,55610,575.33,102398155,102482644,33906,3,kol_sell,0xa3ffb820bed3b58d29ab840edce7781cca7e524f0c18568ffac0f4fd1a24c88f,1,1018451,1018451,1010930
1780640500871197134,fast_tip,K,0xba2aa17f49e08647688d90446516685bda1c4444,白毛股神,8563274967067574,79863372693745383,71300097726677809,0.071300,41.18,8.326265,55418,55610,577.54,102398155,102483225,34168,3,kol_sell,0x6b9837545a30fa41f80dc2d5acfc221dcd0aef2d078f83fafc0f596cd1bbb0af,1,958445,958445,905834
1780640500871197134,fast_tip,K,0xba2aa17f49e08647688d90446516685bda1c4444,白毛股神,7706947470360816,73437063728536077,65730116258175261,0.065730,37.96,8.528684,55418,55610,577.54,102398155,102483227,34169,3,kol_sell,0xc9a63e86a59726e75cc93cd1ffb3cf937eb47705ef213e33f77387c54489bd95,1,910649,910649,925494
1780640500871197134,fast_tip,K,0xba2aa17f49e08647688d90446516685bda1c4444,白毛股神,3461190108939042,32068865542154071,28607675433215029,0.028608,16.52,8.265271,55418,55610,577.54,102398155,102483237,34173,3,kol_sell,0x24eed47c875cfc0e97d4c04eb3b865ccb0e8465f933880f8eebb0b9d56bc162b,1,940273,940273,899910
1780674855689913654,fast_tip,L,0xfcea7cabe614f55e41dfadcd4ab194ccc5d14444,DSP,28669332712914144,15509301059356385,-13160031653557759,-0.013160,-7.62,-0.459028,8344,11073,579.07,102483640,102483769,59,1,kol_sell,0x9ed2c6c2bb17dba1f8f664fc513f83915a81ce89ccecbee689eaf12417419156,1,7560,7560,5993
1780703513343296164,fast_tip,O,0xc5524b03446325471fcafc16e6aa6fd1afa84444,狗屎蛙,64113868158797015,113231743479045461,49117875320248446,0.049118,28.10,0.766104,32193,32559,572.19,102547232,102575858,12908,1,kol_sell,0x1f552593283456c61582212c1e2c69a82d6bb2bc9726cc78324744da4412a678,1,60676,60676,57594
1780703513343296164,fast_tip,O,0xc5524b03446325471fcafc16e6aa6fd1afa84444,狗屎蛙,16022055652883374,51831834034496138,35809778381612764,0.035810,20.53,2.235030,32193,32559,573.28,102547232,102593597,20901,1,kol_sell,0x1c958c146cca5e4929225e49ca5e4240affdd7e836322c08b16148c20ef835c3,1,110238,110238,105698
1780640500871162135,fast_tip,D,0xc56df9456cebefb33f9d18a952edbfaad2f94444,bn,15916495746089493,15916495746089493,0,0.000000,0.00,0.000000,0,0,576.90,101524642,102599115,86400,1,price_unavailable,,0,0,0,0
1780640500871152245,fast_tip,D,0xf149c6e04425fcb56d29c4839b682b16b6d74444,Super App,32447335833408799,32447335833408799,0,0.000000,0.00,0.000000,0,0,576.90,101666167,102599115,86400,1,price_unavailable,,0,0,0,0
1780640500871228883,fast_tip,H,0x2f701b108a9af5558960325a0239d0a13c2c4444,bStocks,30683132350612246,9265007264670083,-21418125085942163,-0.021418,-12.36,-0.698042,0,0,576.90,101546238,102599115,86400,1,timeout,,0,0,0,0
1780640500871176975,fast_tip,N,0xdeb8b35a35ff8e37319699ff600808037ec34444,Alpaca,1640397747277150,0,-1640397747277150,-0.001640,-0.95,-1.000000,0,0,576.90,101493701,102599115,86400,1,timeout,,0,0,0,0
1780640500871200624,fast_tip,D,0x8dd51d1d1d0c7a7372c413a33b6c881282604444,小孬,48538426760172420,48538426760172420,0,0.000000,0.00,0.000000,0,0,576.90,102316773,102599115,86400,1,price_unavailable,,0,0,0,0
1780640500871229853,fast_tip,N,0xe5b590f987e8acbad285c9b21801eaf6a2cc4444,1,2095661335200125,822587999958229,-1273073335241896,-0.001273,-0.73,-0.607480,0,0,576.90,101600097,102599115,86400,1,timeout,,0,0,0,0
1780640500871239253,fast_tip,H,0x1671ba8c2526ffdf90c33241db97967cb4f34444,宇宙所,5725607845650712,2496857350472702,-3228750495178010,-0.003229,-1.86,-0.563914,0,0,576.90,101853889,102599115,86400,1,timeout,,0,0,0,0
1780640500871232903,fast_tip,M,0xa459d6a1e04a2e4df9fd6bd6cd04da9f24ee4444,潜力股,5196180064393758,0,-5196180064393758,-0.005196,-3.00,-1.000000,0,0,576.90,101453920,102599115,86400,1,timeout,,0,0,0,0
1780640500871163225,fast_tip,O,0x34d0ad4403492557e5a8771376af150898e84444,神之一手,25704301119591843,25704301119591843,0,0.000000,0.00,0.000000,0,0,576.90,101835107,102599115,86400,1,price_unavailable,,0,0,0,0
1780640500871296391,fast_tip,N,0x584322c6381e1608b2f3354059541f7b8e9c4444,HVB,2505200133640570,2505200133640570,0,0.000000,0.00,0.000000,0,0,576.90,101438647,102599115,86400,1,price_unavailable,,0,0,0,0
1780640500871199204,fast_tip,O,0xad09b1db5bea05745773d01389188f522d0e4444,尊贵的币安股票交易员,52059786568201450,52059786568201450,0,0.000000,0.00,0.000000,0,0,576.90,101403194,102599115,86400,1,price_unavailable,,0,0,0,0
1780640500871230153,fast_tip,G,0x36aafa8f291cbd0458d1a90d99fc87bb9e064444,阿巴阿巴,2304487033273050,2304487033273050,0,0.000000,0.00,0.000000,0,0,576.90,101824990,102599115,86400,1,price_unavailable,,0,0,0,0
1780640500871235643,fast_tip,O,0x187c852b569e4f2f43321245dc228796040a4444,干羚羊,14080706523834631,14080706523834631,0,0.000000,0.00,0.000000,0,0,576.90,101634871,102599115,86400,1,price_unavailable,,0,0,0,0
1780640500871227483,fast_tip,N,0xe83248e9248f7684c91e8fea17879874477f4444,羊驼,1832018981128691,1832018981128691,0,0.000000,0.00,0.000000,0,0,576.90,101408888,102599115,86400,1,price_unavailable,,0,0,0,0
1780640500871228363,fast_tip,M,0x75a7dd0d1b7dea2a7e24ba2ed0d25fc2488e4444,Aggregator,10756509344321653,10756509344321653,0,0.000000,0.00,0.000000,0,0,576.90,101392785,102599115,86400,1,price_unavailable,,0,0,0,0
1780640500871236623,fast_tip,M,0xbe5f0afc0b6c1ad377db149e5339efb4df304444,247SWAP,2761026547942505,2761026547942505,0,0.000000,0.00,0.000000,0,0,576.90,101448672,102599115,86400,1,price_unavailable,,0,0,0,0
1780640500871198324,fast_tip,M,0x5aa4dc23342cd4eca081457260d2b5a911484444,西格玛meme,841092241420422,841092241420422,0,0.000000,0.00,0.000000,0,0,576.90,101619341,102599115,86400,1,price_unavailable,,0,0,0,0
1780640500871174285,fast_tip,M,0xfff0e9dffb2a18c4d96f781429963e1dd8e74444,MCDOGE,541300031076666,0,-541300031076666,-0.000541,-0.31,-1.000000,0,0,576.90,101642100,102599115,86400,1,timeout,,0,0,0,0
1780640500871174595,fast_tip,N,0xc9a4cfe665c72397c6670f6eda8d909f27deffff,4,2477225107608255,0,-2477225107608255,-0.002477,-1.43,-1.000000,0,0,576.90,101660772,102599115,86400,1,timeout,,0,0,0,0
1780640500871197704,fast_tip,O,0xabc71e4bdf735b3779ac3fc7a925f39a38b64444,阿巴阿巴,26159901168857062,6175758202062835,-19984142966794227,-0.019984,-11.53,-0.763923,0,0,576.90,101824677,102599115,86400,1,timeout,,0,0,0,0
1780640500871241743,fast_tip,O,0x9655bcfe9a5f6f9eea10bbb69e04e75d6a1a4444,HODL,65927658077982869,65927658077982869,0,0.000000,0.00,0.000000,0,0,576.90,101639106,102599115,86400,1,price_unavailable,,0,0,0,0
1780640500871242283,fast_tip,C,0x6016ec1d12b3263e94bea7a61875c1f2c8d14444,传统金融,54329507848220264,3527980558385068,-50801527289835196,-0.050802,-29.31,-0.935063,0,0,576.90,101622608,102599115,86400,1,timeout,,0,0,0,0
1780640500871196564,fast_tip,C,0x9f4bffc703097c87dc508a0411ae8ff1eb644444,马嘉祺,23043501574956030,17845725783252518,-5197775791703512,-0.005198,-3.00,-0.225564,0,0,576.90,101664354,102599115,86400,1,timeout,,0,0,0,0
1780640500871197434,fast_tip,M,0x7a9efbde8d6aa1ece382a4489d2484001f6e4444,加密版华尔街,1462172609811194,1462172609811194,0,0.000000,0.00,0.000000,0,0,576.90,101435298,102599115,86400,1,price_unavailable,,0,0,0,0
1780640500871195124,fast_tip,M,0x1369e895330d81bdbdfff261e2adfa5e85e04444,童心,3329685529697542,3329685529697542,0,0.000000,0.00,0.000000,0,0,576.90,101461126,102599115,86400,1,price_unavailable,,0,0,0,0
1780640500871227813,fast_tip,D,0xa5ed9080fd55a8c1602208bea12ecafa735b4444,超级应用,17049600955072689,15428610474467450,-1620990480605239,-0.001621,-0.94,-0.095075,0,0,576.90,101666128,102599115,86400,1,timeout,,0,0,0,0
1780640500871176645,fast_tip,M,0x24fa90aebfc85945ad0e605b0f00480736374444,新天涯,3298678660840989,3298678660840989,0,0.000000,0.00,0.000000,0,0,576.90,101490516,102599115,86400,1,price_unavailable,,0,0,0,0
1780640500871227173,fast_tip,A,0xdeb8b35a35ff8e37319699ff600808037ec34444,Alpaca,1119533319444585,0,-1119533319444585,-0.001120,-0.65,-1.000000,0,0,576.90,101571980,102599115,86400,1,timeout,,0,0,0,0
1780640500871177575,fast_tip,C,0x23c6e886c06d63054680b59646ea478f8cd8ffff,STNK,25994670586477342,25994670586477342,0,0.000000,0.00,0.000000,0,0,576.90,101430117,102599115,86400,1,price_unavailable,,0,0,0,0
1780640500871197134,fast_tip,K,0xba2aa17f49e08647688d90446516685bda1c4444,白毛股神,65901337124308308,331634353940472671,265733016816164363,0.265733,153.30,4.032286,55418,55610,576.90,102398155,102599115,86400,3,timeout,,0,0,0,0
1780640500871229533,fast_tip,N,0x3cb31fc7f16e2869adafdeadbc849847406a4444,证券代币,3520787477622457,3520787477622457,0,0.000000,0.00,0.000000,0,0,576.90,101629518,102599115,86400,1,price_unavailable,,0,0,0,0
1780640500871229203,fast_tip,O,0xe9ae476fb895c08ccc592ca8566c99d4894e4444,月薪喵,35453043912015806,35453043912015806,0,0.000000,0.00,0.000000,0,0,576.90,101812518,102599115,86400,1,price_unavailable,,0,0,0,0
1780640500871234233,fast_tip,O,0x57d9ed8c034f555d21c71f479cdf8fa73a244444,币股,26524972190102809,2926198831270145,-23598773358832664,-0.023599,-13.61,-0.889681,0,0,576.90,101426573,102599115,86400,1,timeout,,0,0,0,0
1780640500871192824,fast_tip,M,0x9b8784262d4d2f3fd6b7e3545c925acebe5d4444,BabyCZ,2433962817653159,2433962817653159,0,0.000000,0.00,0.000000,0,0,576.90,101600181,102599115,86400,1,price_unavailable,,0,0,0,0
1780640500871241143,fast_tip,M,0xc8007b8cb9a050bed8e941ba449f30b8d0b84444,KWS,2373248527521607,2373248527521607,0,0.000000,0.00,0.000000,0,0,576.90,101455640,102599116,86400,1,price_unavailable,,0,0,0,0
1780640500871152915,fast_tip,D,0x9a207604f823902b5b7c7c212c2e4f9da6d54444,StockFi,12594705556164643,12594705556164643,0,0.000000,0.00,0.000000,0,0,576.90,101622331,102599116,86400,1,price_unavailable,,0,0,0,0
1780640500871235053,fast_tip,O,0xc5e826c97d84498694a4906c3f7f9d5a82ec4444,西格玛,20622634241831963,6242521075782806,-14380113166049157,-0.014380,-8.30,-0.697298,0,0,576.90,101800712,102599116,86400,1,timeout,,0,0,0,0
1780640500871225773,fast_tip,O,0xff2a4686e81950fb6a15df0bfa6adfd894d34444,THSH,7927874665001712,0,-7927874665001712,-0.007928,-4.57,-1.000000,0,0,576.90,102045924,102599116,86400,1,timeout,,0,0,0,0
1780640500871173305,fast_tip,M,0x73bf26d39c52c35a734627a0a8bfc841ec724444,小小的你,4725708054500108,4725708054500108,0,0.000000,0.00,0.000000,0,0,576.90,101527252,102599116,86400,1,price_unavailable,,0,0,0,0
1780640500871199794,fast_tip,O,0x94b3c2422860316602de946512644ea407d34444,🔶BNB,24671629941711545,26135596178583285,1463966236871740,0.001464,0.84,0.059338,0,0,576.90,102051522,102599116,86400,1,timeout,,0,0,0,0
1780640500871225483,fast_tip,D,0x79fa6e532e578c36fffa9b7cc2b761e5fd744444,BSTOCK,15717849063961549,15717849063961549,0,0.000000,0.00,0.000000,0,0,576.90,101528766,102599116,86400,1,price_unavailable,,0,0,0,0
1780640500871239943,fast_tip,L,0x6016ec1d12b3263e94bea7a61875c1f2c8d14444,传统金融,13980584802583672,1202966559226744,-12777618243356928,-0.012778,-7.37,-0.913954,0,0,576.90,101630729,102599116,86400,1,timeout,,0,0,0,0
1780640500871228103,fast_tip,G,0xf59e6e63c3a2494b7c5ec51b530a7c463e214444,上号,5121082296162334,0,-5121082296162334,-0.005121,-2.95,-1.000000,0,0,576.90,101818103,102599116,86400,1,timeout,,0,0,0,0
1780640500871232573,fast_tip,O,0xf03f250e13031a89ac5f3cfef4a93e47a3594444,尊贵的币安股票交易员,46853807911381305,46853807911381305,0,0.000000,0.00,0.000000,0,0,576.90,101403201,102599116,86400,1,price_unavailable,,0,0,0,0
1780640500871233233,fast_tip,M,0x44b5bcb1eacc8d26911c9072394439b75f904444,币如人生,2925724319131885,2925724319131885,0,0.000000,0.00,0.000000,0,0,576.90,101545408,102599116,86400,1,price_unavailable,,0,0,0,0
1780640500871231093,fast_tip,H,0xec07e137c5d8b8e1f43fe51887e278995d514444,币安股票,14583644163737214,1067811515652588,-13515832648084626,-0.013516,-7.80,-0.926780,0,0,576.90,101404819,102599116,86400,1,timeout,,0,0,0,0
1780640500871240553,fast_tip,M,0xf382b37a3db477596856813b2c698d2f98314444,币安一号,769424292941437,769424292941437,0,0.000000,0.00,0.000000,0,0,576.90,101621289,102599116,86400,1,price_unavailable,,0,0,0,0
1780640500871233553,fast_tip,O,0x444425ab9a35b32e0f6b18cf1266d39f760e2640,GME,46067547027757356,30976892578476265,-15090654449281091,-0.015091,-8.71,-0.327577,0,0,576.90,101407568,102599116,86400,1,timeout,,0,0,0,0
1780640500871236933,fast_tip,O,0x6b6859eb6525295569941c6ff702c59e09954444,股神小何,9606934637571447,9606934637571447,0,0.000000,0.00,0.000000,0,0,576.90,101433653,102599116,86400,1,price_unavailable,,0,0,0,0
1780640500871162905,fast_tip,G,0xccfb3e8b1772bd3a9fc62deaf75127adad597777,苹果人生,3144113637124457,38021266555837739,34877152918713282,0.034877,20.12,11.092841,0,0,576.90,101664141,102599116,86400,1,timeout,,0,0,0,0
1780640500871236323,fast_tip,D,0xeecf2608008c635485767fbb6fc0712e948a4444,美股焚诀,14644542647822047,14644542647822047,0,0.000000,0.00,0.000000,0,0,576.90,101888759,102599116,86400,1,price_unavailable,,0,0,0,0
1780640500871238393,fast_tip,M,0xdf47de2067c74f20245529461305f67fdef84444,大鳄,812866733008183,812866733008183,0,0.000000,0.00,0.000000,0,0,576.90,101447897,102599116,86400,1,price_unavailable,,0,0,0,0
1780640500871161735,fast_tip,M,0xb15c87115ad5ba15add8a0c089fe1fdd38fb4444,巴别塔,2349252306846644,292885979884370,-2056366326962274,-0.002056,-1.19,-0.875328,0,0,576.90,101452446,102599116,86400,1,timeout,,0,0,0,0
1780640500871151605,fast_tip,O,0x1d9c4355ae6c5cb675d28a7e00c93d0c3cc84444,UBO,12067389564350972,12067389564350972,0,0.000000,0.00,0.000000,0,0,576.90,101414519,102599116,86400,1,price_unavailable,,0,0,0,0
1780640500871197994,fast_tip,O,0xa4c538ee83ea1337a52854606a942a8cd0377777,美股雷达台,4692204034291153,4692204034291153,0,0.000000,0.00,0.000000,0,0,576.90,101462689,102599116,86400,1,price_unavailable,,0,0,0,0
1780640500871233893,fast_tip,O,0x7cd3f79e9fa4fd8cdcc7b5b4ad3c4b673d774444,Penny Stock,5809295789954411,5809295789954411,0,0.000000,0.00,0.000000,0,0,576.90,101428799,102599116,86400,1,price_unavailable,,0,0,0,0
1780640500871175275,fast_tip,O,0xd6ad2724b153140ea79536a0a8162e57bd9e4444,金股,13131057551396706,13131057551396706,0,0.000000,0.00,0.000000,0,0,576.90,101420104,102599116,86400,1,price_unavailable,,0,0,0,0
1780640500871163935,fast_tip,O,0x801f5f2b5d505b461c60dd9da5ac12d3a84c4444,FOX,11114072582129995,11114072582129995,0,0.000000,0.00,0.000000,0,0,576.90,101782445,102599116,86400,1,price_unavailable,,0,0,0,0
1780640500871198894,fast_tip,O,0xcb15aa83b2d0c921422cbc00f1b516232eb84444,BN小仙,11485712578465567,11485712578465567,0,0.000000,0.00,0.000000,0,0,576.90,101805402,102599116,86400,1,price_unavailable,,0,0,0,0
1780640500871193894,fast_tip,H,0xeccbb861c0dda7efd964010085488b69317e4444,龙虾,3756126088151343,3180072167622981,-576053920528362,-0.000576,-0.33,-0.153364,0,0,576.90,102198698,102599116,86400,1,timeout,,0,0,0,0
1780640500871195954,fast_tip,M,0x54cae6c6492a8498357a848daf878c3c7c524444,grimacecoin,1728576068780537,1728576068780537,0,0.000000,0.00,0.000000,0,0,576.90,101633987,102599116,86400,1,price_unavailable,,0,0,0,0
1780640500871230803,fast_tip,H,0x1706c3a7c000d6e3ce28248bd3c94ab9e1444444,stonks,12715371548070381,2068709007133217,-10646662540937164,-0.010647,-6.14,-0.837306,0,0,576.90,101526748,102599116,86400,1,timeout,,0,0,0,0
1780640500871235993,fast_tip,E,0x63ee24bfe3132ef0918a5a02bd5e236261b94444,币安木鱼,2123166857912278,0,-2123166857912278,-0.002123,-1.22,-1.000000,0,0,576.90,101638237,102599116,86400,1,timeout,,0,0,0,0
1780640500871177255,fast_tip,O,0xf671ab348b38357595b282dd49a07f5bffee4444,美股,34825008843776534,34825008843776534,0,0.000000,0.00,0.000000,0,0,576.90,101624124,102599116,86400,1,price_unavailable,,0,0,0,0
1780640500871237203,fast_tip,C,0x4444f6ef26cfe0a3c4338665f4d42a2fcac5d705,STNK,28882967318308158,28882967318308158,0,0.000000,0.00,0.000000,0,0,576.90,101430107,102599116,86400,1,price_unavailable,,0,0,0,0
1780640500871163625,fast_tip,M,0x8e5bf1b57ac14d4685568bb26cddfe079e104444,居居,1316575943609348,1316575943609348,0,0.000000,0.00,0.000000,0,0,576.90,101599774,102599116,86400,1,price_unavailable,,0,0,0,0
1780640500871231983,fast_tip,O,0x51dd905de04224d713e21dd9a270e82fcbee4444,HODLER,57693934890076047,57693934890076047,0,0.000000,0.00,0.000000,0,0,576.90,101643626,102599116,86400,1,price_unavailable,,0,0,0,0
1780640500871194814,fast_tip,D,0x9f4bffc703097c87dc508a0411ae8ff1eb644444,马嘉祺,39390412376483725,15753732781925684,-23636679594558041,-0.023637,-13.64,-0.600062,0,0,576.90,101518679,102599116,86400,1,timeout,,0,0,0,0
1780640500871176295,fast_tip,O,0x750337e558bbf9cbdd4984298accb8cbac8a4444,小行星,28331679025298390,14759049274353196,-13572629750945194,-0.013573,-7.83,-0.479062,0,0,576.90,101416817,102599116,86400,1,timeout,,0,0,0,0
1780640500871235363,fast_tip,D,0x6371bc78be157100ff3b196206d18768bfea4444,阿饼,11865437506640228,11865437506640228,0,0.000000,0.00,0.000000,0,0,576.90,102278699,102599116,86400,1,price_unavailable,,0,0,0,0
1780640500871173665,fast_tip,M,0xf90e625096a842aee313fe5b792a9323d8264444,Nezha,9860727161718596,9860727161718596,0,0.000000,0.00,0.000000,0,0,576.90,101413979,102599116,86400,1,price_unavailable,,0,0,0,0
1780640500871296081,fast_tip,A,0x5fb6440ce68b6df50d722b9fe26138402a1e4444,RELIEF,1352100788147491,0,-1352100788147491,-0.001352,-0.78,-1.000000,0,0,576.90,101528133,102599116,86400,1,timeout,,0,0,0,0
1780640500871195634,fast_tip,C,0x0bb85346534b55c90fb4d6fb6cf0ac8f50764444,拉哪,11507735511050751,5703427931276949,-5804307579773802,-0.005804,-3.35,-0.504383,0,0,576.90,101438921,102599116,86400,1,timeout,,0,0,0,0
1780640500871237533,fast_tip,O,0x47844a8b5c6d14769139758d3cc5f30e33494444,WOK,2536491987178077,0,-2536491987178077,-0.002536,-1.46,-1.000000,0,0,576.90,101796094,102599116,86400,1,timeout,,0,0,0,0
1780640500871198624,fast_tip,M,0xbe25ec2881c14ff98db85f5bde9ef9ee49714444,何仙股,1767975500646022,1767975500646022,0,0.000000,0.00,0.000000,0,0,576.90,101434459,102599116,86400,1,price_unavailable,,0,0,0,0
1780640500871240233,fast_tip,G,0xffcdb813f8286cb1f9207c526397aceb74497777,TSL,6986919193609904,14947725783078974,7960806589469070,0.007961,4.59,1.139387,0,0,576.90,101664071,102599116,86400,1,timeout,,0,0,0,0
1780640500871242043,fast_tip,D,0xabc71e4bdf735b3779ac3fc7a925f39a38b64444,阿巴阿巴,16234139200678167,10081885121679763,-6152254078998404,-0.006152,-3.55,-0.378970,0,0,576.90,101824615,102599116,86400,1,timeout,,0,0,0,0
1780640500871193524,fast_tip,A,0xe9ae476fb895c08ccc592ca8566c99d4894e4444,月薪喵,976336240209746,976336240209746,0,0.000000,0.00,0.000000,0,0,576.90,101612975,102599116,86400,1,price_unavailable,,0,0,0,0
1780640500871157405,fast_tip,M,0x5bc712b93d98a75875feeb4f88e1ede660374444,股惑仔,3887320004583668,3887320004583668,0,0.000000,0.00,0.000000,0,0,576.90,101438727,102599116,86400,1,price_unavailable,,0,0,0,0
1780640500871226873,fast_tip,O,0x60a1654ce04c011af18ab92a2db05cb57e227777,ANAN,17856487735152847,17856487735152847,0,0.000000,0.00,0.000000,0,0,576.90,101477393,102599116,86400,1,price_unavailable,,0,0,0,0
1780640500871232283,fast_tip,O,0x588cb911b3405e0362eb9bfba27b6a8e33fb4444,马上来财,32156605483401843,32156605483401843,0,0.000000,0.00,0.000000,0,0,576.90,102025690,102599116,86400,1,price_unavailable,,0,0,0,0
1780640500871157715,fast_tip,O,0x5fb6440ce68b6df50d722b9fe26138402a1e4444,RELIEF,28085731027924833,4479997427019954,-23605733600904879,-0.023606,-13.62,-0.840488,0,0,576.90,101528035,102599116,86400,1,timeout,,0,0,0,0
1780640500871175675,fast_tip,N,0x3b5ffeedf4820fbec113945617fec0aed3a34444,Midu Yang,2874706906996056,2874706906996056,0,0.000000,0.00,0.000000,0,0,576.90,101597725,102599116,86400,1,price_unavailable,,0,0,0,0
1780640500871193194,fast_tip,D,0x24fa90aebfc85945ad0e605b0f00480736374444,新天涯,6019638821370339,6019638821370339,0,0.000000,0.00,0.000000,0,0,576.90,101488575,102599116,86400,1,price_unavailable,,0,0,0,0
1780640500871200064,fast_tip,O,0x07f83996753470f9781dff07a10c8ae55e2b4444,财神,26236799752153100,26236799752153100,0,0.000000,0.00,0.000000,0,0,576.90,101415104,102599116,86400,1,price_unavailable,,0,0,0,0
1780640500871173965,fast_tip,O,0xf59e6e63c3a2494b7c5ec51b530a7c463e214444,上号,12166421079286464,308276447580783,-11858144631705681,-0.011858,-6.84,-0.974662,0,0,576.90,101816449,102599116,86400,1,timeout,,0,0,0,0
1780640500871152645,fast_tip,O,0x0ec23e368531150134cee8b4c14fc2ce61044444,自嬷,5406650060003799,5406650060003799,0,0.000000,0.00,0.000000,0,0,576.90,101462113,102599116,86400,1,price_unavailable,,0,0,0,0
1780640500871194524,fast_tip,O,0x63ee24bfe3132ef0918a5a02bd5e236261b94444,币安木鱼,8085903706358319,2906884917402211,-5179018788956108,-0.005179,-2.99,-0.640500,0,0,576.90,101409303,102599116,86400,1,timeout,,0,0,0,0
1780640500871158035,fast_tip,O,0x7f43059a6aadd24c4ab1058611c55fb0297c4444,APEX,12165887330394081,12165887330394081,0,0.000000,0.00,0.000000,0,0,576.90,101412339,102599116,86400,1,price_unavailable,,0,0,0,0
1780640500871231683,fast_tip,O,0x1671ba8c2526ffdf90c33241db97967cb4f34444,宇宙所,26016415440517412,13096181318898367,-12920234121619045,-0.012920,-7.45,-0.496619,0,0,576.90,101830934,102599116,86400,1,timeout,,0,0,0,0
1780640500871238973,fast_tip,D,0xfb3d32dde94e97184d5008ec5ce610a60d514444,FSA,37626093598989784,16397769645627723,-21228323953362061,-0.021228,-12.25,-0.564192,0,0,576.90,101666479,102599116,86400,1,timeout,,0,0,0,0
1780640500871157125,fast_tip,D,0x5f6fd60ad6cd8751b4c521bc00fa02abfeca4444,背手负鼠,43767124862759695,23934938400011816,-19832186462747879,-0.019832,-11.44,-0.453130,0,0,576.90,101508528,102599116,86400,1,timeout,,0,0,0,0
1780640500871295001,fast_tip,O,0x617993257d25e9c554c785cfeb2040c026164444,6t26j,16123462785656048,16123462785656048,0,0.000000,0.00,0.000000,0,0,576.90,101604255,102599116,86400,1,price_unavailable,,0,0,0,0
1780640500871238103,fast_tip,O,0x046355aa9a190343d8d01b34d6396cad754e6969,STONKS,31539558557572266,31539558557572266,0,0.000000,0.00,0.000000,0,0,576.90,101892001,102599116,86400,1,price_unavailable,,0,0,0,0
1780640500871295741,fast_tip,D,0x2f701b108a9af5558960325a0239d0a13c2c4444,bStocks,70848627300199599,37561090017671206,-33287537282528393,-0.033288,-19.20,-0.469840,0,0,576.90,101667333,102599116,86400,1,timeout,,0,0,0,0
1780640500871234473,fast_tip,O,0xa3b2e6fe983ac7193f2e098ad6f7c195a3824444,hey stock,41861340257074244,3649002046716583,-38212338210357661,-0.038212,-22.04,-0.912831,0,0,576.90,101619200,102599116,86400,1,timeout,,0,0,0,0
1780640500871226513,fast_tip,N,0xb610f504fd12849201620ce3a977b6652d0f4444,BStock,1158153775533704,1158153775533704,0,0.000000,0.00,0.000000,0,0,576.90,101629483,102599116,86400,1,price_unavailable,,0,0,0,0
1780640500871228613,fast_tip,O,0xdbdab51c866d570bdd491388ec6c1c7895bc4444,Stocks,51924541401068443,5609896391872783,-46314645009195660,-0.046315,-26.72,-0.891961,0,0,576.90,101644202,102599116,86400,1,timeout,,0,0,0,0
1780640500871239633,fast_tip,M,0xd90292ec255f4ea686092a929309ef8ad8614444,何仙股,1570427093928024,1570427093928024,0,0.000000,0.00,0.000000,0,0,576.90,101434602,102599116,86400,1,price_unavailable,,0,0,0,0
1780640500871175995,fast_tip,M,0xd63674a360af8350bd18e0a84e5077bfc11f4444,Stockguy,2717163835433153,2717163835433153,0,0.000000,0.00,0.000000,0,0,576.90,101447853,102599116,86400,1,price_unavailable,,0,0,0,0
1780640500871234763,fast_tip,M,0xdbdab51c866d570bdd491388ec6c1c7895bc4444,Stocks,3612005332261586,0,-3612005332261586,-0.003612,-2.08,-1.000000,0,0,576.90,101538432,102599116,86400,1,timeout,,0,0,0,0
1780640500871240853,fast_tip,H,0x82ec31d69b3c289e541b50e30681fd1acad24444,哈基米,1626257870616676,582659861456644,-1043598009160032,-0.001044,-0.60,-0.641717,0,0,576.90,102286865,102599116,86400,1,timeout,,0,0,0,0
1780640500871241443,fast_tip,D,0x0ea371278ec03b388dc9149fa609f072906e4444,中͏国创造,31881882285089820,31881882285089820,0,0.000000,0.00,0.000000,0,0,576.90,101814282,102599116,86400,1,price_unavailable,,0,0,0,0
1780640500871201024,fast_tip,C,0x593290d5b6bafec509ab8d007d4880fb85f87777,B,25603890638840034,2541659754865420,-23062230883974614,-0.023062,-13.30,-0.900732,0,0,576.90,101662339,102599116,86400,1,timeout,,0,0,0,0
1780640500871199484,fast_tip,M,0x57d9ed8c034f555d21c71f479cdf8fa73a244444,币股,17159066928789422,1201113832218587,-15957953096570835,-0.015958,-9.21,-0.930001,0,0,576.90,101427265,102599116,86400,1,timeout,,0,0,0,0
1780640500871238673,fast_tip,N,0x90f248e774ccab748f74b0f9aed5aaac10e54444,ADGM,2960870041947471,1086927898976504,-1873942142970967,-0.001874,-1.08,-0.632903,0,0,576.90,101543062,102599116,86400,1,timeout,,0,0,0,0
1780640500871231373,fast_tip,O,0xf09fe86c05f09fd18dc877b6d51bdc5d55af4444,BabyStonks,16943876702086295,16943876702086295,0,0.000000,0.00,0.000000,0,0,576.90,101451458,102599116,86400,1,price_unavailable,,0,0,0,0
1780640500871226173,fast_tip,O,0x0fa40ea9a16facb82cb71d8a5a9f71ccef8f4444,丁鹏,35323256875325258,35323256875325258,0,0.000000,0.00,0.000000,0,0,576.90,101408554,102599116,86400,1,price_unavailable,,0,0,0,0
1780640500871162525,fast_tip,O,0xbae9f9704f108a6b019ea95c0b7d7474d8a04444,Q版一姐,36925725113061312,3618738517663143,-33306986595398169,-0.033307,-19.21,-0.902000,0,0,576.90,101638958,102599116,86400,1,timeout,,0,0,0,0
1780640500871194214,fast_tip,N,0x3665b06438cb6836719380b75e6363a3c0664444,BS,4127139235612042,4127139235612042,0,0.000000,0.00,0.000000,0,0,576.90,101407988,102599116,86400,1,price_unavailable,,0,0,0,0
1780726548786570821,fast_tip,L,0x24290d6c3ce0fdda9a121f95496d18b196434444,香蕉猫,27353329547558368,15609724762141726,-11743604785416642,-0.011744,-6.77,-0.429330,15502,15580,576.27,102598335,102599564,554,1,kol_sell,0xe35c2aad83d4ca4d6846e62eb292ca41e30d70ff79951f81f6d78c48fdfa4c86,1,10371,10371,8874
1780642758975009724,fast_tip,H,0x126685965e87fa0554b4730e36a6d50c54184444,币安超市,1788705878662073,1788705878662073,0,0.000000,0.00,0.000000,24799,25833,576.04,102412434,102604442,86541,1,price_unavailable,,0,0,0,0
1780730156105132481,fast_tip,A,0xeb17ace9d9b070a4afb3d26f1968eea52e4d4444,尖塔手势,546186019469793,0,-546186019469793,-0.000546,-0.31,-1.000000,6009,6910,576.56,102606339,102607603,570,1,kol_sell,0x91243d6f5efeb712e94f75b667ae2a046dfa32b26217fedd76768ab9f1423220,1,12233,12233,0
1780732578762324989,fast_tip,G,0xc84b8badb6042a50a344a8b29c61cfa99cbc7777,BLT,6442697252739633,5082543039017841,-1360154213721792,-0.001360,-0.79,-0.211116,18178,18235,578.72,102611717,102612452,331,1,kol_sell,0xe1bd2fdd29c7261cb0b31b5dcf2b31baca93201fe8883174c1757190b2522dba,1,18165,18165,14372
1780735315305564260,fast_tip,H,0xc1b2a8a93c40a43acdbecc0bdfa3b2a9b8b6ffff,币股人生,2995573945429080,635316761705338,-2360257183723742,-0.002360,-1.37,-0.787915,38457,40750,581.59,102617790,102617921,60,1,kol_sell,0x2d14611d6aa99fb96ad06e148720dc45042935d643ad4c16e6d5b6d84ff70fc8,1,23343,23343,8647
1780649913404799572,fast_tip,O,0xe1c4b17d2e6ae638188a23a2df0fe97f11354444,阿格尼,24671289095316895,24671289095316895,0,0.000000,0.00,0.000000,8247,8590,580.46,102428303,102620422,86587,1,price_unavailable,,0,0,0,0
1780736621932635161,fast_tip,G,0x90ea37ddaf04e978d4a3f86999fc23cbbe574444,苹安,6306681831367454,2943387659167236,-3363294172200218,-0.003363,-1.95,-0.533291,5469,6033,580.98,102620691,102625575,2202,1,kol_sell,0xb655bc9946aef67e913e9fac598a46d3af67a429b3c4e598eaf089678a505fe6,1,3969,3969,2820
1780740016808958897,fast_tip,G,0xee061de46abb9f256743be46f8c79a9e10784444,梗图永存,2985176207073716,2145035740976010,-840140466097706,-0.000840,-0.48,-0.281437,5624,6654,576.24,102628223,102628226,2,1,kol_sell,0xd5fb523bd549fb9e41471e642401951ce0d0971273a8a89f7c5712a034e1d840,1,6662,6662,4781
1780740016808958897,fast_tip,G,0xee061de46abb9f256743be46f8c79a9e10784444,梗图永存,596736723794035,0,-596736723794035,-0.000597,-0.34,-1.000000,5624,6654,576.24,102628223,102628232,4,1,kol_sell,0xd5fe61d9e8ed102e16ca950a927ff7b7e588beafd37883f2180b8b4a0943c826,1,5934,5934,0
1780740016808958897,fast_tip,G,0xee061de46abb9f256743be46f8c79a9e10784444,梗图永存,477449052707608,0,-477449052707608,-0.000477,-0.28,-1.000000,5624,6654,576.24,102628223,102628244,9,1,kol_sell,0xa1e553fa7edf1a31ab6424adaec267e1181afb1009656cbe046019b163b5dced,1,8830,8830,0
1780740016808958897,fast_tip,G,0xee061de46abb9f256743be46f8c79a9e10784444,梗图永存,190907944014150,0,-190907944014150,-0.000191,-0.11,-1.000000,5624,6654,576.24,102628223,102628251,12,1,kol_sell,0x08029715a39a700f13ffe6cecadfe141166f7d946675e20b8bae99398e4f6d5c,1,10635,10635,0
1780740016808958897,fast_tip,G,0xee061de46abb9f256743be46f8c79a9e10784444,梗图永存,343844489062928,0,-343844489062928,-0.000344,-0.20,-1.000000,5624,6654,576.24,102628223,102628265,19,1,kol_sell,0x58e7012eebbfe0fc7a1ffdd8abc78973141efacbb75fc37063893a76612a5a54,1,12257,12257,0
1780740029127694943,fast_tip,H,0xee061de46abb9f256743be46f8c79a9e10784444,梗图永存,745078021305310,263804657295405,-481273364009905,-0.000481,-0.28,-0.645937,10617,11059,575.92,102628251,102628306,25,1,kol_sell,0xa1e3e2dcd087486937decd272234fb662ae6c7dd261836a380a424bfe422d42e,1,20175,20175,3913
1780740029127694943,fast_tip,H,0xee061de46abb9f256743be46f8c79a9e10784444,梗图永存,1738515383045725,1272982133352466,-465533249693259,-0.000466,-0.27,-0.267776,10617,11059,575.56,102628251,102628415,75,1,kol_sell,0xc0928678e786ceedb4edf792d56cb7b2f27365400bacb226218faf2775cb6767,1,15777,15777,8088
1780740097249032562,fast_tip,L,0xee061de46abb9f256743be46f8c79a9e10784444,梗图永存,26299265724939378,19383273513135247,-6915992211804131,-0.006916,-3.98,-0.262973,12848,13384,574.86,102628402,102628455,24,1,kol_sell,0x365d6d0bcb822992243a8f08a235bdd3e643bf4cef90f36908b5fc1e96744232,1,10815,10815,9852
1780740133516131095,fast_tip,H,0x85d1b56eb65b6ecad8d238704c5f3ec539154444,4EVER,716673822894215,313573466276756,-403100356617459,-0.000403,-0.23,-0.562460,4585,4776,574.86,102628482,102628520,17,1,kol_sell,0x7a21131c37ce661b78b859f76dfc7ea0ef86b24039042afa51dee4aa1aa929a1,1,9422,9422,2090
1780740133516131095,fast_tip,H,0x85d1b56eb65b6ecad8d238704c5f3ec539154444,4EVER,1672238920086503,1017889726397864,-654349193688639,-0.000654,-0.38,-0.391301,4585,4776,573.86,102628482,102628636,70,1,kol_sell,0xea5790f2a8129248efbc14110f0889707f962397f8b4c58f9aa89b1c493baab7,1,6487,6487,2902
1780740262107972728,fast_tip,G,0x85d1b56eb65b6ecad8d238704c5f3ec539154444,4EVER,5587820746830290,4011023121809997,-1576797625020293,-0.001577,-0.90,-0.282185,16001,15946,573.81,102628767,102628862,43,1,kol_sell,0xe1d92d290425b9585f1233559bda5a5f34eedda6e755e4187377b628bf42e5f1,1,15056,15056,11465
1780740016808958897,fast_tip,G,0xee061de46abb9f256743be46f8c79a9e10784444,梗图永存,1376237997494995,84355938753630,-1291882058741365,-0.001292,-0.74,-0.938705,5624,6654,573.81,102628223,102628895,303,1,kol_sell,0x364271aa60aa9fe3c7d73da50d5338c648d60b56805351ca32fe36bf9b5b9394,1,5667,5667,406
1780654920030197743,fast_tip,O,0x52c51136554fdda34b675123162bd15979257777,Spain,65180430473777860,13906002311011063,-51274428162766797,-0.051274,-29.48,-0.786654,105519365,105792872,574.85,102439411,102631738,86680,1,timeout,,0,0,0,0
1780742834089530514,fast_tip,H,0xfb4d42ecdf96d183838639a762304773d5e34444,海外之神,4338018797105207,205048175997911,-4132970621107296,-0.004133,-2.37,-0.952732,20345,15707,572.36,102634476,102634544,31,2,kol_sell,0x44ef6f31e7db0fc19c4e2c826b552d8441f8f909da5109bcff3213d7e5ce2719,1,5217,5217,819
1780742878991082724,fast_tip,G,0x9a9b4bdf5b32856a4e614b0ff6835b1ddc8c4444,海外之神,5438576578203624,2055849859163626,-3382726719039998,-0.003383,-1.93,-0.621988,37598,39405,571.37,102634576,102634700,57,1,kol_sell,0xd4349ad3ff7c47114cbd86701d23649fe06bc796596c995503fb67c057ca17f5,1,23319,23319,14870
1780742873340006186,fast_tip,H,0x9a9b4bdf5b32856a4e614b0ff6835b1ddc8c4444,海外之神,5067349667024717,922644016241158,-4144705650783559,-0.004145,-2.37,-0.817924,27176,27918,571.88,102634563,102634937,169,3,kol_sell,0xa742955778b14ac5edb1883ac5a7fb9804834bda2d6efb990821ccf1bc181fda,1,15012,15012,6743
1780745430408665377,fast_tip,H,0x9c457981495cee8a5662363013484d4522f44444,DND,1187177926362599,0,-1187177926362599,-0.001187,-0.68,-1.000000,8210,8896,575.58,102640239,102640325,39,1,kol_sell,0xd9fb0ede607e5c0bfb1235c296f761f223305cd746f65b9ef32d727a981ddd5f,1,4851,4851,0
1780746179959136647,fast_tip,G,0xcd0a5dea907d7f76b270757299eab266ab354444,心灵的选择,2550151953149812,2138609289620891,-411542663528921,-0.000412,-0.24,-0.161380,4331,4171,575.51,102641903,102641927,12,1,kol_sell,0x64908f77d9198bc29aaf33b5da40981a36025a4c9853a04996e31fae675830b8,1,5395,5395,3498
1780746179959136647,fast_tip,G,0xcd0a5dea907d7f76b270757299eab266ab354444,心灵的选择,2550151953149812,1800163919568923,-749988033580889,-0.000750,-0.43,-0.294095,4331,4171,575.14,102641903,102642021,54,1,kol_sell,0x274412e3dbfacf6a83e69f563d644c7ae7988b97281cf9ce00f77f0e3c068f60,1,4842,4842,2943
1780746372736372658,fast_tip,H,0x33e80fd9fb8cb0da98d0c840d6f307b947ae7777,黄金矿工,320538040117901,0,-320538040117901,-0.000321,-0.18,-1.000000,21159,21412,574.48,102642331,102644918,1166,1,kol_sell,0xca7f219161fa9f035a5e5482161691b5760072e865feac7e56d4c8d7672696f4,1,41135,41135,0
1780746372736372658,fast_tip,H,0x33e80fd9fb8cb0da98d0c840d6f307b947ae7777,黄金矿工,747922093608438,0,-747922093608438,-0.000748,-0.43,-1.000000,21159,21412,572.95,102642331,102647278,2230,1,kol_sell,0x9540823cf7ea755f590b7883d3b3268cc52e002507a449cf1b8789ed649a9aa6,1,22842,22842,0
1780746435707169603,fast_tip,G,0x33e80fd9fb8cb0da98d0c840d6f307b947ae7777,黄金矿工,4984150836588643,2848780097013772,-2135370739574871,-0.002135,-1.22,-0.428432,22733,23162,572.95,102642470,102647833,2417,1,kol_sell,0xec98cde644fd1807b5f135f280aee8e0ac373ed6e4f899885c7e125484dca5e4,1,18523,18523,13228
1780666385443531449,fast_tip,H,0xba2aa17f49e08647688d90446516685bda1c4444,白毛股神,533802068404246,0,-533802068404246,-0.000534,-0.31,-1.000000,487495,488727,575.66,102464850,102651207,83989,5,kol_sell,0xf4a3c09b52785a8d972abde0e1709411b33487f0f14ecb33c812232d75aec94f,1,723431,723431,0
1780666385443531449,fast_tip,H,0xba2aa17f49e08647688d90446516685bda1c4444,白毛股神,534342335943149,0,-534342335943149,-0.000534,-0.31,-1.000000,487495,488727,575.66,102464850,102651215,83992,5,kol_sell,0xe7311d61b8d73762ee70918d78c290c3a61191df72bbc7e03a6c55fec28f9d09,1,701501,701501,0
1780665283669491038,fast_tip,H,0xc191c0cc09cd94671c6562de02ed7ac3ff094444,喊单,1448851761716279,1448851761716279,0,0.000000,0.00,0.000000,8699,9061,574.69,102462404,102654372,86517,1,price_unavailable,,0,0,0,0
1780752105296120071,fast_tip,O,0xdc22ff889add3a49fe2e349ed2bbb4f9ac044444,新疆小羊,93451676881210460,81510545155863284,-11941131725347176,-0.011941,-6.86,-0.127779,21145,24051,574.74,102655049,102655670,281,1,kol_sell,0x4a4704a2e7247d03ad72fcc296768eba605dc305970ca8bc969924566869ab09,1,22073,22073,20932
1780666007525773585,fast_tip,D,0x85d923366b2408b19aa341ed4321434828b34444,瓜皮,51215689510152629,14420501687857813,-36795187822294816,-0.036795,-21.11,-0.718436,11242,11336,573.83,102464011,102656370,86693,1,timeout,,0,0,0,0
1780666385443531449,fast_tip,H,0xba2aa17f49e08647688d90446516685bda1c4444,白毛股神,4275219643743161,4387326328341816,112106684598655,0.000112,0.06,0.026222,487495,488727,574.82,102464850,102657037,86615,5,timeout,,0,0,0,0
1780753663698183782,fast_tip,H,0x511157dadc2ebcbb46af17deb866b9f0bc284444,币安文学,617938248550870,1632611990830637,1014673742279767,0.001015,0.58,1.642031,5001,5210,571.58,102658508,102670808,5542,1,kol_sell,0xf3ac5dd3950b7815c9aad97fc6cc48dfbfc145952a8f23580e382088752d2792,1,23394,23394,13669
1780760611579422278,fast_tip,D,0x5999695624852ad1a7657eb63c806b48aaf14444,进城办事,78414604794133446,56316824587620063,-22097780206513383,-0.022098,-12.72,-0.281807,64248,64659,575.79,102673932,102673948,7,1,kol_sell,0x495363e18c8ee09643f17a3e8f19f3acfd158b24e72be8e5e3b287e3e28c437d,1,54389,54389,46437
1780730156105132481,fast_tip,A,0xeb17ace9d9b070a4afb3d26f1968eea52e4d4444,尖塔手势,136491886265501,0,-136491886265501,-0.000136,-0.08,-1.000000,6009,6910,572.00,102606339,102681255,33755,1,kol_sell,0xf7ee991471993557b40a4b16d585338f3a596c30dab980fac68e0c8a1a130ab8,1,8412,8412,0
1780768237571012284,fast_tip,G,0xef89403700d2de5f623e36de98cc98c845f64444,曼波,1932098573865618,1453448005833269,-478650568032349,-0.000479,-0.27,-0.247736,8379,8810,573.53,102690866,102690980,52,1,kol_sell,0xf0cdf70ff2ac9a273d7f3aa0165680d015c8618232f3b764cd045cd4fc2e73ce,1,11871,11871,6627
1780769490378011394,fast_tip,G,0xd31a271cf44b05f1501fb4fadffa5df8bc114444,ARCHY,1811561116770720,908815404224521,-902745712546199,-0.000903,-0.52,-0.498325,3950,4268,574.04,102693648,102693761,51,1,kol_sell,0xf344fe8fc648a80f27135be27919470f4dd37c3bd664431880bb85219deb8e24,1,4794,4794,2140
1780768956606172214,fast_tip,M,0x675726f77314ecc5cc3b3a304c4ce26c3b584444,币安世家,2083728955448347,2569519849810348,485790894362001,0.000486,0.28,0.233135,3445,3914,573.29,102692462,102694387,867,1,kol_sell,0x6e28bdafb6fad4fae0149336f0e8fa49b6a2bec381aa35956d6637f8a7fd0898,1,7141,7141,4822
1780703513343296164,fast_tip,O,0xc5524b03446325471fcafc16e6aa6fd1afa84444,狗屎蛙,48091812505913642,93615082215614683,45523269709701041,0.045523,26.16,0.946591,32193,32559,574.65,102547232,102739649,86687,1,timeout,,0,0,0,0
1780769490378011394,fast_tip,G,0xd31a271cf44b05f1501fb4fadffa5df8bc114444,ARCHY,1811561116770720,873946878287461,-937614238483259,-0.000938,-0.54,-0.517573,3950,4268,579.74,102693648,102757258,28644,1,kol_sell,0x3b6d36aff4af7b93b58836ce939c22873b907772496830bc0b7de27304ae86a5,1,4730,4730,2079
1780755876087228026,fast_tip,G,0x511157dadc2ebcbb46af17deb866b9f0bc284444,币安文学,2146776193184020,3450416001160891,1303639807976871,0.001304,0.76,0.607255,17723,18101,579.47,102663418,102776967,51139,1,kol_sell,0x5087806ed147fee57d92cacb80f4d34b18eeff045e91a731f60db662aa492edc,1,39872,39872,29307
1780808699075900560,fast_tip,G,0x755b99704c13dfdfc7c34430018805dcd32e4444,CZ 🔶 BNB - Parody,1892063919277291,871565005463586,-1020498913813705,-0.001020,-0.59,-0.539358,4528,4867,581.95,102780707,102780723,8,1,kol_sell,0x1255ca9e8843b0ee12fce726b06e9f2b2085c3cd39adae5d1cfca110081295d5,1,5098,5098,2242
1780808699075900560,fast_tip,G,0x755b99704c13dfdfc7c34430018805dcd32e4444,CZ 🔶 BNB - Parody,378223577463530,0,-378223577463530,-0.000378,-0.22,-1.000000,4528,4867,582.72,102780707,102781937,555,1,kol_sell,0x618bc044dc19df4d9639662aa6b2681ee0f14d2f2bfd6485cff97168028bf77a,1,8693,8693,0
1780808699075900560,fast_tip,G,0x755b99704c13dfdfc7c34430018805dcd32e4444,CZ 🔶 BNB - Parody,151232650147194,0,-151232650147194,-0.000151,-0.09,-1.000000,4528,4867,582.97,102780707,102782096,627,1,kol_sell,0x329466eb0bbb19c5801fa6c49a440a0d98dc922054b767cff8e8cf13b46bd189,1,11970,11970,0
1780753573688044489,fast_tip,M,0x8c0113814802b03031643afc768f2abefd654444,山姆文学,3546880806957345,4555656949053490,1008776142096145,0.001009,0.59,0.284412,9559,10148,588.82,102658309,102794937,61540,1,kol_sell,0xd6b8c45b288eb50ccf36ad60c884a6ab4e36ecef7920136082d00bcf5313674f,1,16972,16972,13315
1780730156105132481,fast_tip,A,0xeb17ace9d9b070a4afb3d26f1968eea52e4d4444,尖塔手势,409694133204292,409694133204292,0,0.000000,0.00,0.000000,6009,6910,588.45,102606339,102798239,86444,1,price_unavailable,,0,0,0,0
1780731141241791238,fast_tip,O,0xdac82cf5f8d31652571c2595c885f39dd5504444,纳西索斯,203425569744633651,179591210543670170,-23834359200963481,-0.023834,-14.05,-0.117165,7647,7870,589.53,102608526,102800903,86659,1,timeout,,0,0,0,0
1780817293234007688,fast_tip,L,0x4933957f8430cd29c223ad9440da23aeb7cf4444,琵琶行,6401916625939741,10532699504332700,4130782878392959,0.004131,2.43,0.645242,5282,6035,588.68,102799777,102802381,1175,1,kol_sell,0xaa55f3b6e1a8dfe15fc96d2bebc2eb90af9fed2cb5ccbec0669375e7317918fd,1,11237,11237,9928
1780817293234007688,fast_tip,L,0x4933957f8430cd29c223ad9440da23aeb7cf4444,琵琶行,4801437469454806,7132182296041318,2330744826586512,0.002331,1.37,0.485426,5282,6035,588.03,102799777,102805064,2383,1,kol_sell,0x06f8857db66482b35b8df4799a8ef60b1c33f4226fb553ca0da1478f31a27c11,1,10661,10661,8953
1780819038510685257,fast_tip,C,0x4933957f8430cd29c223ad9440da23aeb7cf4444,琵琶行,21253585028235178,18042477072455387,-3211107955779791,-0.003211,-1.89,-0.151085,9178,10476,588.03,102803651,102805128,666,1,kol_sell,0xe0533045b0198af0d91bfbc8a4285daf49ee0e75593119ce7526a14db7123045,1,9768,9768,8875
1780768237571012284,fast_tip,G,0xef89403700d2de5f623e36de98cc98c845f64444,曼波,482831433609017,0,-482831433609017,-0.000483,-0.28,-1.000000,8379,8810,587.73,102690866,102805571,51667,1,kol_sell,0xe93cd0fef81948e4871bb6a22dbd03ea3cd8acca82973dfbb0780acafd634386,1,10403,10403,0
1780808699075900560,fast_tip,G,0x755b99704c13dfdfc7c34430018805dcd32e4444,CZ 🔶 BNB - Parody,340515662147475,0,-340515662147475,-0.000341,-0.20,-1.000000,4528,4867,587.73,102780707,102805587,11211,1,kol_sell,0xa27f20293f277abee29a18a7264479bdd65d36d1291e11e9c6963311f137aa1b,1,6709,6709,0
1780755876087228026,fast_tip,G,0x511157dadc2ebcbb46af17deb866b9f0bc284444,币安文学,214462941699083,1216580049402575,1002117107703492,0.001002,0.59,4.672682,17723,18101,587.53,102663418,102805600,64040,1,kol_sell,0xc1c7a68202ec7f3c56816754e1cb45f47ec7b70c7e82427f4d148cda88723f92,1,193795,193795,104877
1780736055301166678,fast_tip,H,0xeccbb861c0dda7efd964010085488b69317e4444,龙虾,4911951984726934,4450424759334513,-461527225392421,-0.000462,-0.28,-0.093960,9282083,9305397,596.96,102619433,102811556,86545,3,timeout,,0,0,0,0
1780822308060123180,fast_tip,L,0x6a2d345ce0e4d6a947f5c619c2c4e59f819f4444,哈士鲸,6203347008355117,6101185247476401,-102161760878716,-0.000102,-0.06,-0.016469,5936,7690,596.92,102810906,102812970,930,1,kol_sell,0x212cb93adeb5d696a29fd625ed45bda515e056ab1fe12a9814500f2bffa54f05,1,9188,9188,7580
1780822308060123180,fast_tip,L,0x6a2d345ce0e4d6a947f5c619c2c4e59f819f4444,哈士鲸,4652510256266338,4628212668755023,-24297587511315,-0.000024,-0.01,-0.005222,5936,7690,595.52,102810906,102815389,2021,1,kol_sell,0xa87a4eb54b9237d97c10eb1c38da08436c102af551ae24337a040bb097381c74,1,9455,9455,7649
1780820024607336658,fast_tip,G,0x2d78a9e326c5fa5a702f6364932556b407d64444,黑皮,2950883964689099,2842360744436181,-108523220252918,-0.000109,-0.06,-0.036777,25138,25704,595.52,102805841,102815424,4319,1,kol_sell,0xf7c07f73983683e05344f3e6e8cfd426e308260dc1e340223aefe6bc5e145b88,1,35411,35411,25098
1780817293234007688,fast_tip,L,0x4933957f8430cd29c223ad9440da23aeb7cf4444,琵琶行,14404312408364418,12020491635713992,-2383820772650426,-0.002384,-1.41,-0.165494,5282,6035,591.36,102799777,102820329,9261,1,kol_sell,0x97ea42f07c70f68232f6bcd1d5e0c02ae2c09a52b315c8fabc439340651877d8,1,5714,5714,5058
1780822308060123180,fast_tip,L,0x6a2d345ce0e4d6a947f5c619c2c4e59f819f4444,哈士鲸,13957530768799015,9687079312381192,-4270451456417823,-0.004270,-2.53,-0.305960,5936,7690,591.36,102810906,102820333,4247,1,kol_sell,0xdf213c85dafa5c3316c9ae31511c724442df6fd367fa802645a9d4ac116ed80e,1,6098,6098,5299
1780750507004913617,fast_tip,G,0x7ea40c67da65cec8fc63ca853e28eb66ad404444,白毛股神,4770613762631156,1588536549481388,-3182077213149768,-0.003182,-1.87,-0.667016,27534,27612,588.45,102651502,102843515,86493,1,timeout,,0,0,0,0
1780752142176839228,fast_tip,O,0x02702a44516c12c746bb0dc0d35ba0eb70d24444,4,168246667719722773,168246667719722773,0,0.000000,0.00,0.000000,8604,9431,587.82,102655130,102847510,86658,1,price_unavailable,,0,0,0,0
1780752105296120071,fast_tip,O,0xdc22ff889add3a49fe2e349ed2bbb4f9ac044444,新疆小羊,93489065029592622,93489065029592622,0,0.000000,0.00,0.000000,21145,24051,587.82,102655049,102847510,86695,1,price_unavailable,,0,0,0,0
1780839058249426638,fast_tip,G,0xfbf9d834a91f7cb012bbcf0180d5a2c8626a4444,BAINANCE,774411435873225,0,-774411435873225,-0.000774,-0.46,-1.000000,4176,4554,588.02,102848082,102848159,36,1,kol_sell,0xf50e33fbd2741517fc7a870b40cc2242e78299163ba0edce286ddb4dfa1790a3,1,4771,4771,0
1780839058249426638,fast_tip,G,0xfbf9d834a91f7cb012bbcf0180d5a2c8626a4444,BAINANCE,580886018048506,0,-580886018048506,-0.000581,-0.34,-1.000000,4176,4554,588.02,102848082,102848202,54,1,kol_sell,0x1637acf80879713fd8f4dff9e76a30bb01622945f653fc7fac9b2233ee32b132,1,6988,6988,0
1780752864129307820,fast_tip,M,0x98b7f8d322942d7142e7cc60d158fbc4414e4444,泡沫,10664524260206551,13918626681600885,3254102421394334,0.003254,1.91,0.305133,89638,89886,587.89,102656733,102848842,86536,2,timeout,,0,0,0,0
1780765357690732697,fast_tip,H,0xba2aa17f49e08647688d90446516685bda1c4444,白毛股神,50037831923313,0,-50037831923313,-0.000050,-0.03,-1.000000,630460,632054,587.88,102684469,102849206,74207,1,kol_sell,0x80fa406aae24f846af5c21a61485a93675bc1c314c11f95ed73de723539b3ba3,1,978941,978941,0
1780765357690732697,fast_tip,H,0xba2aa17f49e08647688d90446516685bda1c4444,白毛股神,48426613735382,0,-48426613735382,-0.000048,-0.03,-1.000000,630460,632054,587.88,102684469,102849207,74207,1,kol_sell,0x45c8ca97f7a889ca39988d51af145e355c419783e3107b429bf21d44c592a1c6,1,973470,973470,0
1780765357690732697,fast_tip,H,0xba2aa17f49e08647688d90446516685bda1c4444,白毛股神,110763967777427,0,-110763967777427,-0.000111,-0.07,-1.000000,630460,632054,587.87,102684469,102849683,74422,1,kol_sell,0x7a57c9be66e0bc35cd4f7b622c1a6b2f45ed588070c944c46666a355ce0d3513,1,1154895,1154895,0
1780765357690732697,fast_tip,H,0xba2aa17f49e08647688d90446516685bda1c4444,白毛股神,102334829829565,0,-102334829829565,-0.000102,-0.06,-1.000000,630460,632054,587.87,102684469,102849684,74422,1,kol_sell,0x5bd8f4a21e36615562c29c673668dd8ccdd685da651aca831587faac178e2349,1,1139144,1139144,0
1780765357690732697,fast_tip,H,0xba2aa17f49e08647688d90446516685bda1c4444,白毛股神,65971795357993,0,-65971795357993,-0.000066,-0.04,-1.000000,630460,632054,587.95,102684469,102849696,74428,1,kol_sell,0xd63fd7bc7e589ee7875b3b78b3e6a44d82b39a8426e50c448440af874dcab261,1,1251186,1251186,0
1780767209849553174,fast_tip,M,0xba2aa17f49e08647688d90446516685bda1c4444,白毛股神,853402769975845,663785175898868,-189617594076977,-0.000190,-0.11,-0.222190,609318,610884,587.95,102688583,102849703,72579,1,kol_sell,0x4a3032423ac6b690c8e4c1439b792532aec4a19e47099171d4078b9d01167574,1,1186569,1186569,486568
1780812079521134552,fast_tip,G,0xba2aa17f49e08647688d90446516685bda1c4444,白毛股神,6636455954966418,14966965057283424,8330509102317006,0.008331,4.90,1.255265,590517,592026,588.17,102788210,102849956,27823,2,kol_sell,0x104f805a91b5e094a9cf7b53e6618c0749466c619ba0fc17d15bbe5efde22345,1,0,0,1346855
1780753573688044489,fast_tip,M,0x8c0113814802b03031643afc768f2abefd654444,山姆文学,2804983102350223,2804983102350223,0,0.000000,0.00,0.000000,9559,10148,588.24,102658309,102850173,86427,1,price_unavailable,,0,0,0,0
1780753663698183782,fast_tip,H,0x511157dadc2ebcbb46af17deb866b9f0bc284444,币安文学,927293680808645,19732705273417178,18805411592608533,0.018805,11.08,20.279888,5001,5210,589.29,102658508,102850839,86637,1,timeout,,0,0,0,0
1780753733712789689,fast_tip,K,0x2f701b108a9af5558960325a0239d0a13c2c4444,bStocks,106186385823086990,93040246223249962,-13146139599837028,-0.013146,-7.75,-0.123802,217826,218897,589.29,102658664,102850839,86567,1,timeout,,0,0,0,0
1780767209849553174,fast_tip,M,0xba2aa17f49e08647688d90446516685bda1c4444,白毛股神,755043493379883,575231055776933,-179812437602950,-0.000180,-0.11,-0.238148,609318,610884,589.35,102688583,102853212,74161,1,kol_sell,0xa934e57f73eddf9d0ad1843a64e4839db4ce7844df6391e11eacedd075bb615b,1,1310139,1310139,477720
1780755876087228026,fast_tip,G,0x511157dadc2ebcbb46af17deb866b9f0bc284444,币安文学,1932313251484937,8781194153988279,6848880902503342,0.006849,4.05,3.544395,17723,18101,591.46,102663418,102855494,86524,1,timeout,,0,0,0,0
1780756187168262356,fast_tip,M,0xdc22ff889add3a49fe2e349ed2bbb4f9ac044444,新疆小羊,5716677518376811,5716677518376811,0,0.000000,0.00,0.000000,23590,24316,592.74,102664109,102856159,86513,1,price_unavailable,,0,0,0,0
1780756421541491922,fast_tip,M,0xc5524b03446325471fcafc16e6aa6fd1afa84444,狗屎蛙,12192111415893451,28408195485468913,16216084069575462,0.016216,9.62,1.330047,31879,31970,592.95,102664629,102856825,86579,3,timeout,,0,0,0,0
1780765357690732697,fast_tip,H,0xba2aa17f49e08647688d90446516685bda1c4444,白毛股神,17646523453244,0,-17646523453244,-0.000018,-0.01,-1.000000,630460,632054,591.21,102684469,102859205,78717,1,kol_sell,0xefc4af874897727255b7680356da925e90952ca0f10b588716c1ef524da63fad,1,1801577,1801577,0
1780765357690732697,fast_tip,H,0xba2aa17f49e08647688d90446516685bda1c4444,白毛股神,34416014690862,0,-34416014690862,-0.000034,-0.02,-1.000000,630460,632054,590.04,102684469,102860400,79255,1,kol_sell,0xa79d2576f5c57f905dba4cdf01709c786c5071d7ab054a871d2dd5afe888e4e7,1,1916541,1916541,0
1780765357690732697,fast_tip,H,0xba2aa17f49e08647688d90446516685bda1c4444,白毛股神,33393859054543,0,-33393859054543,-0.000033,-0.02,-1.000000,630460,632054,590.04,102684469,102860401,79255,1,kol_sell,0x4c8a4c7c2f36c37de1ca9fac1c447f12cad8c7b60d386ce428ad6f85765f0719,1,1905434,1905434,0
1780765357690732697,fast_tip,H,0xba2aa17f49e08647688d90446516685bda1c4444,白毛股神,185357247096362,0,-185357247096362,-0.000185,-0.11,-1.000000,630460,632054,589.17,102684469,102860824,79446,1,kol_sell,0x62f5f1e40dcacaf571f88c1c01fa873fdca2f4b1147fbdc99f0efbb077d6389b,1,1737113,1737113,0
1780765357690732697,fast_tip,H,0xba2aa17f49e08647688d90446516685bda1c4444,白毛股神,185471232530009,0,-185471232530009,-0.000185,-0.11,-1.000000,630460,632054,589.17,102684469,102860834,79450,1,kol_sell,0x027ae784745a4073efba4e43318e7332d80fb5a042f980331ba5e27072f70104,1,1682783,1682783,0
1780767209849553174,fast_tip,M,0xba2aa17f49e08647688d90446516685bda1c4444,白毛股神,604110299053244,556712333206128,-47397965847116,-0.000047,-0.03,-0.078459,609318,610884,591.40,102688583,102864614,79301,1,kol_sell,0xc5a4d8fc64aa9ca5084dadf98d724a4c99c1f14521b8f57d1a00ca9eedf3dc34,1,1610351,1610351,579864
1780848350755907356,fast_tip,G,0xa2e3fa582907526815b937c70a5d2a8b40624444,万物皆可安,2581906344488961,1594128648245773,-987777696243188,-0.000988,-0.58,-0.382577,5962,6047,590.92,102868698,102868753,25,1,kol_sell,0xc5974995f03c68c2bf7c32f3c22ef04308ec562fc465cbda0cfb524ae90f5097,1,6366,6366,3733
1780848350755907356,fast_tip,G,0xa2e3fa582907526815b937c70a5d2a8b40624444,万物皆可安,2581906344488961,1231865183391922,-1350041161097039,-0.001350,-0.80,-0.522885,5962,6047,590.08,102868698,102869572,394,1,kol_sell,0xc12457679213517ce4cd0340c56ec9f63a03421b592c297f79e39d07a0f0ccb5,1,5478,5478,2881
1780849249330625465,fast_tip,L,0xbbbbbb163f835a334f2cc2dfc6bf51286db69fbb,BMP,25575746116511084,13448363383086635,-12127382733424449,-0.012127,-7.17,-0.474175,1548,2356,591.60,102870694,102870863,76,1,kol_sell,0xcd9e6768caebc5931e62ac3c3a1a5bc8b05ace5906c06394b12f4bc698a4f694,1,1845,1845,1239
1780850558321747129,fast_tip,M,0x118ee5d95d987496b47aae99a4bd2d98dde74444,不要回答,3999957462688755,3301630890563969,-698326572124786,-0.000698,-0.41,-0.174583,6099,8076,593.79,102873600,102873611,6,1,kol_sell,0x84b76d6925c8f2c2312da291d89bece25b4f6484e03f39e7f6af1297cca3f635,1,9881,9881,6666
1780850569182021116,fast_tip,G,0x118ee5d95d987496b47aae99a4bd2d98dde74444,不要回答,2465015401621949,1778797039840906,-686218361781043,-0.000686,-0.41,-0.278383,11123,11587,593.79,102873624,102873636,5,1,kol_sell,0xbe530d4aa60014500d824a9a97fd5864f03c8ba2dc9b7f439e215b6d43090596,1,13657,13657,8361
1780850569182021116,fast_tip,G,0x118ee5d95d987496b47aae99a4bd2d98dde74444,不要回答,2465015401621950,2065990417102605,-399024984519345,-0.000399,-0.24,-0.161875,11123,11587,594.17,102873624,102873675,23,1,kol_sell,0xb276f80612fb9521ae4e8f54242014f57e851c20dd69cdea8e3a84d73fb3c0fd,1,15070,15070,9718
1780850558321747129,fast_tip,M,0x118ee5d95d987496b47aae99a4bd2d98dde74444,不要回答,999589369925920,782904231839073,-216685138086847,-0.000217,-0.13,-0.216774,6099,8076,594.17,102873600,102873685,38,1,kol_sell,0x7535d5383859c67a256b072f05b443488478dca23e4e7792f16bc1a8877eba45,1,15098,15098,6330
1780765357690732697,fast_tip,H,0xba2aa17f49e08647688d90446516685bda1c4444,白毛股神,720150020057927,457648897506777,-262501122551150,-0.000263,-0.16,-0.364509,630460,632054,595.42,102684469,102876803,86643,1,timeout,,0,0,0,0
1780765615097085405,fast_tip,H,0x2d78a9e326c5fa5a702f6364932556b407d64444,黑皮,1398572941955964,1398572941955964,0,0.000000,0.00,0.000000,25993,27249,595.45,102685040,102877468,86685,1,price_unavailable,,0,0,0,0
1780853318371023256,fast_tip,H,0xe92452a580433d47a74a81c88494d25cfcd84444,雷貧乏,3521538894438752,2616794880785430,-904744013653322,-0.000905,-0.54,-0.256917,6409,6676,595.68,102879727,102879785,27,1,kol_sell,0x7e0e351fd46016edf77666ad6723c112bb15af21a5c9e06f389713e6246ad0eb,1,6997,6997,4961
1780767209849553174,fast_tip,M,0xba2aa17f49e08647688d90446516685bda1c4444,白毛股神,2417952227476245,3846911330532669,1428959103056424,0.001429,0.85,0.590979,609318,610884,595.55,102688583,102880799,86591,1,timeout,,0,0,0,0
1780768237571012284,fast_tip,G,0xef89403700d2de5f623e36de98cc98c845f64444,曼波,1449267140256601,1449267140256601,0,0.000000,0.00,0.000000,8379,8810,597.08,102690866,102882798,86463,1,price_unavailable,,0,0,0,0
1780768956606172214,fast_tip,M,0x675726f77314ecc5cc3b3a304c4ce26c3b584444,币安世家,5329936880326677,5329936880326677,0,0.000000,0.00,0.000000,3445,3914,596.23,102692462,102884796,86644,2,price_unavailable,,0,0,0,0
1780771645600252399,fast_tip,H,0xf259aa87f32c43fd67c6a894f2c97a0a31c74444,机器狼,1258715647760368,414340721248840,-844374926511528,-0.000844,-0.50,-0.670823,4744,4756,595.04,102698435,102890794,86655,1,timeout,,0,0,0,0
1780858523371826198,fast_tip,M,0x118ee5d95d987496b47aae99a4bd2d98dde74444,不要回答,1915939353834427,2220548247518400,304608893683973,0.000305,0.18,0.158987,0,0,601.02,102873600,102956621,29437,1,kol_sell,0x58b62705b65cfda0297c6a5d83bceab6b698544a45efbcde433068ee6433dbda,1,19380,19380,12835
1780896043746757876,fast_tip,D,0xba4030096189d8e4dfd90c35bd06e00c8ac64444,DogCow,25139972352571747,23840534197490335,-1299438155081412,-0.001299,-0.77,-0.051688,5017,6867,594.36,102974557,102974733,80,1,kol_sell,0x5743374072a9422d8371bd2792ff66614e5cd50ae1232cd95513300b0ffaacad,1,7004,7004,6517
1780896062849566401,fast_tip,M,0xaac81636740a02a0418af5db7c046f35ea294444,星星,3234200983455372,3755989551535947,521788568080575,0.000522,0.31,0.161335,9693,10096,594.65,102974599,102974827,103,1,kol_sell,0x229809568fc810f79641fbbf8896d3ea66e6c4435b4278085c69cdb61f4021e3,1,15507,15507,11734
1780896043746757876,fast_tip,D,0xba4030096189d8e4dfd90c35bd06e00c8ac64444,DogCow,16846295473458328,24677164586162878,7830869112704550,0.007831,4.66,0.464842,5017,6867,594.56,102974557,102975483,418,1,kol_sell,0xdd302938919f26526c8c15649c8773042a004f04c3952db197e5e2f32aba8e44,1,10656,10656,10070
1780896243286454620,fast_tip,K,0xba4030096189d8e4dfd90c35bd06e00c8ac64444,DogCow,104871771863103287,64158075682224365,-40713696180878922,-0.040714,-24.19,-0.388224,7431,9292,594.22,102974999,102976391,628,1,kol_sell,0x321127f6be8bedd5ea59548731a913334eb4512c247daabe6b9fa48bb294dc17,1,5991,5991,5683
1780896043746757876,fast_tip,D,0xba4030096189d8e4dfd90c35bd06e00c8ac64444,DogCow,34218558947452033,20368546576579610,-13850012370872423,-0.013850,-8.23,-0.404751,5017,6867,594.22,102974557,102976422,841,1,kol_sell,0xe1f2e92b1ae8c51c375502a11b1769ede168a4e35693995759c167c0ab4ac7be,1,4471,4471,4090
1780897059201840559,fast_tip,D,0x9233935acac1bb2abe4714fba5fce14e385c4444,W,24906079648611869,16593978799356820,-8312100849255049,-0.008312,-4.92,-0.333738,6978,10558,592.07,102976810,102976846,17,1,kol_sell,0xa4f564d152bd90a1e0b24492b361e3c65b08524d200497a408e98d3515ed5cf9,1,8177,8177,7034
1780897059201840559,fast_tip,D,0x9233935acac1bb2abe4714fba5fce14e385c4444,W,50566888983545310,22723552278029762,-27843336705515548,-0.027843,-16.49,-0.550624,6978,10558,592.20,102976810,102976977,76,1,kol_sell,0x6f5567d21b04044d0d503fdec42292b9c5ad70a844d3aec78af84db566189735,1,5020,5020,4745
1780897572983921311,fast_tip,D,0xf3217facd631df1491369aed3ccc0a73ba594444,OPENFOUR,35928712438340059,29013003385575300,-6915709052764759,-0.006916,-4.09,-0.192484,43022,43315,592.01,102977950,102977963,6,1,kol_sell,0x71e6fed0eea6842c9b9e24058a0abd63b652a948de94b5dba32c45d90bb703b8,1,37896,37896,34978
1780897572983921311,fast_tip,D,0xf3217facd631df1491369aed3ccc0a73ba594444,OPENFOUR,35928712438340060,23159708106764926,-12769004331575134,-0.012769,-7.57,-0.355398,43022,43315,592.55,102977950,102978066,52,1,kol_sell,0xaf14686813ebf8b7ae82aaca25371e0a1fb3a064a4f082ab851bbe5c525bd538,1,29795,29795,27946
1780898597930806206,fast_tip,L,0x904430a802e511111afbe59730dbcfdbf1784444,持续构建,6090751960792159,9767051997418807,3676300036626648,0.003676,2.19,0.603587,8991,10804,595.62,102980225,102980280,25,1,kol_sell,0x2721939c144ac842f75786a2efb78c795cbbde4751132286a6c3a19c0ef67afe,1,16981,16981,17326
1780898597930806206,fast_tip,L,0x904430a802e511111afbe59730dbcfdbf1784444,持续构建,4568063970594120,12275597524108215,7707533553514095,0.007708,4.59,1.687265,8991,10804,595.68,102980225,102980365,64,1,kol_sell,0x7f92304a5c5b8b58e13cd22fea8e59e889b906713b8c91fe93b57bfb84c86c13,1,32451,32451,29037
1780898597930806206,fast_tip,L,0x904430a802e511111afbe59730dbcfdbf1784444,持续构建,3426047977945590,14261618313668062,10835570335722472,0.010836,6.45,3.162702,8991,10804,595.51,102980225,102980505,126,1,kol_sell,0x2f7073a69066389a42538d09dfb6dc72944a6e01751f6fcdc9300d3c4c9683eb,1,55099,55099,44967
1780898597930806206,fast_tip,L,0x904430a802e511111afbe59730dbcfdbf1784444,持续构建,2569535983459192,18072558757916698,15503022774457506,0.015503,9.23,6.033394,8991,10804,595.21,102980225,102980656,194,1,kol_sell,0xa7e61b0d87ae6f7d2f513aec9eead4f5406ee8aa0cda1dd43d74c41fd0a90e67,1,85311,85311,75939
1780898597930806206,fast_tip,L,0x904430a802e511111afbe59730dbcfdbf1784444,持续构建,1927151987594394,15418850815535339,13491698827940945,0.013492,8.03,7.000848,8991,10804,595.21,102980225,102980706,217,1,kol_sell,0x3d13dd27bb1ae4f068df5c9d9d1dc56f5711bf3a715b328108f5d977da043e4e,1,92129,92129,86385
1780898597930806206,fast_tip,L,0x904430a802e511111afbe59730dbcfdbf1784444,持续构建,1445363990695796,8359293021596789,6913929030900993,0.006914,4.12,4.783521,8991,10804,595.77,102980225,102981052,373,1,kol_sell,0xe8509741c6703f51e9ae01c83f5aa9e1fbe2ab88e1783ec65f436fbd1d393977,1,69283,69283,62503
1780898597930806206,fast_tip,L,0x904430a802e511111afbe59730dbcfdbf1784444,持续构建,4336091972087388,18331357792915226,13995265820827838,0.013995,8.34,3.227622,8991,10804,595.69,102980225,102981637,636,1,kol_sell,0xc0fb98a22d893ffdfc6c521d3ec4fa44627f5062a8596eeb5beb1769e5585c1d,1,50804,50804,45683
1780896062849566401,fast_tip,M,0xaac81636740a02a0418af5db7c046f35ea294444,星星,3235494922636592,324414881711414,-2911080040925178,-0.002911,-1.74,-0.899733,9693,10096,596.52,102974599,102983368,3952,1,kol_sell,0xac71d3f2f36f563a82017ad8905420cadb18a363b49e9b8c4ce7e72bb56bf349,1,4212,4212,1016
1780899076779260079,fast_tip,M,0x904430a802e511111afbe59730dbcfdbf1784444,持续构建,6198325270636362,3824009779636658,-2374315490999704,-0.002374,-1.41,-0.383058,70260,70457,595.43,102981288,102986032,2139,1,kol_sell,0xcfbe4dcfdaeaeb54aadea3f5d030fb3b98cb935f1b7f842a76f4ed265de3cb62,1,56107,56107,43432
1780901036736694425,fast_tip,D,0x319ea04e0ead8b9595f065f0ba3dca872c904444,一键币安,34944476769123065,49655196517386888,14710719748263823,0.014711,8.76,0.420974,17553,19348,595.43,102985635,102986082,202,1,kol_sell,0x35d7254f8b9e50332f35956c10007d59db9066d3b904776fb00ed0e9d25994ec,1,29254,29254,27487
1780858523371824988,fast_tip,G,0xfbf9d834a91f7cb012bbcf0180d5a2c8626a4444,BAINANCE,1743587843690215,641957292678606,-1101630551011609,-0.001102,-0.66,-0.631818,0,0,594.99,102848082,102986331,42828,1,kol_sell,0x8a4a1dd90addad615a20b963ae06b77b9f2c9761b781afae62a8c33eece02295,1,4545,4545,1697
1780902128857378045,fast_tip,O,0xb90eee52d80333f2014c4c98a7e1781241bd4444,鸡毛,95880266106388582,119420401228889752,23540135122501170,0.023540,14.01,0.245516,9534,9931,595.11,102988059,102988108,23,1,kol_sell,0xdada9d4fac2c3bcf910228d6df4d08fc3d558c7129a553913aa7b64117c72109,1,13083,13083,12369
1780902128857378045,fast_tip,O,0xb90eee52d80333f2014c4c98a7e1781241bd4444,鸡毛,19166465194667077,27385906128227456,8219440933560379,0.008219,4.89,0.428845,9534,9931,594.59,102988059,102988339,128,1,kol_sell,0xb3bc3e23ef584abc0b4103e1496451eb147ca6a2624cd4ae68452a35f00ba1f8,1,14890,14890,14177
1780902128857378045,fast_tip,O,0xb90eee52d80333f2014c4c98a7e1781241bd4444,鸡毛,15335088802253128,20993406759879819,5658317957626691,0.005658,3.36,0.368978,9534,9931,594.59,102988059,102988342,128,1,kol_sell,0x0813e136a30809c67bbbddc8bb135048e84dfd85d1b14536f350cc1cdf032f17,1,14829,14829,13583
1780902128857378045,fast_tip,O,0xb90eee52d80333f2014c4c98a7e1781241bd4444,鸡毛,61378712109468377,62122308368042867,743596258574490,0.000744,0.44,0.012115,9534,9931,594.07,102988059,102989023,435,1,kol_sell,0xabf0d8ac0eb08b5e592c1e1ae516ae42418de21bfdcc5b36c34721a454cf7991,1,10476,10476,10034
1780902982112881467,fast_tip,G,0xfa39039b0f887329927c670ed37f317022244444,妈祖鱼,2036997228380624,1143008890985967,-893988337394657,-0.000894,-0.53,-0.438876,4655,5002,595.51,102989952,102990019,31,1,kol_sell,0xa95e3492e52bd8db24329b7f57517307d1bad68046bd7cf02e2425832597b40e,1,5510,5510,2811
1780902982112881467,fast_tip,G,0xfa39039b0f887329927c670ed37f317022244444,妈祖鱼,407358656833844,0,-407358656833844,-0.000407,-0.24,-1.000000,4655,5002,595.16,102989952,102990501,249,1,kol_sell,0x74173e6e8357bd5e162afea58792d3426941e43bb0f74915494fbe2859b5ddf7,1,5551,5551,0
1780903289939062561,fast_tip,G,0xfcc1aa6e27d94f335910ad3d9501b29aecb94444,Serenity🔶 BNB,3781629365879077,1022081131537955,-2759548234341122,-0.002760,-1.64,-0.729725,15050,16109,595.88,102990635,102990723,40,1,kol_sell,0xefec361d028ce88424d5b7311c1f0d708c5c72cef9b7877d264c678b60999ed9,1,9010,9010,4357
1780903377044273722,fast_tip,G,0xdc9335ca5684bd8825b8000302a3d748111a4444,白毛股神🔶 BNB,3505674542444965,2520451458371529,-985223084073436,-0.000985,-0.59,-0.281037,8532,8887,595.88,102990828,102990834,3,1,kol_sell,0xfdebe9295f48b00508e00d0fd2a230612bdbf46ed08ad109b8d811311bbbe500,1,9315,9315,6390
1780901831961417374,fast_tip,G,0x319ea04e0ead8b9595f065f0ba3dca872c904444,一键币安,4527566020716643,3366136346982303,-1161429673734340,-0.001161,-0.69,-0.256524,29688,30407,595.72,102987400,102991022,1633,1,kol_sell,0x17ad1c5244790e7c565616b646911f07dd63d66d7392c50b784824593a65487c,1,30601,30601,22611
1780903622457385185,fast_tip,G,0x42dfec3c34394be4a3b58c8d77a9f53152d74444,招安,1871882934367926,812583273082884,-1059299661285042,-0.001059,-0.63,-0.565901,3766,3923,596.10,102991372,102991553,82,1,kol_sell,0x217ac3de6aa5750f29c261d21c1fe665360986855d79c73e2143fd0701acc680,1,3973,3973,1704
1780902982112881467,fast_tip,G,0xfa39039b0f887329927c670ed37f317022244444,妈祖鱼,1630453533430510,233116777463271,-1397336755967239,-0.001397,-0.83,-0.857023,4655,5002,596.10,102989952,102991586,737,1,kol_sell,0xf12468cc1ab3ac0c4dea945a0c47b025eeb5170c76063a2851ba8cd8b07d5b32,1,3972,3972,717
1780903622457385185,fast_tip,G,0x42dfec3c34394be4a3b58c8d77a9f53152d74444,招安,1871882934367926,585809927331794,-1286073007036132,-0.001286,-0.77,-0.687048,3766,3923,595.63,102991372,102991801,194,1,kol_sell,0x654c20f2cea48d0b89681e1f7865b22b5333d61a9548099cb8525fdbba61d898,1,3477,3477,1227
1780901529826969951,fast_tip,G,0xb85797db0533067fb1b43d3ab22c58db0fd84444,OTB,5030628911907381,2500442097990375,-2530186813917006,-0.002530,-1.50,-0.502956,34058,34155,594.30,102986729,102996677,4484,1,kol_sell,0x9979e21ae09f0d3934cfeb88bbf5acbde23ab8c825249561e3411058fa86a66c,1,25921,25921,16947
1780906481720139588,fast_tip,C,0x2dd0c348693f8ddd76f83ec58b00898742637655,第一个分红,15259773715607098,15536546741355616,276773025748518,0.000277,0.16,0.018137,44927,46186,595.09,102997713,102997717,2,1,kol_sell,0x8cf7ee5dc70776373787871258e9d8a209b143f4164d5f4bbda11f1c284e1165,1,48136,48136,47024
1780908252681808957,fast_tip,G,0x1a5cab508ee9fd805614329fbfe52086c5ca69e8,GOPLUS,3782584489449099,690241679081591,-3092342810367508,-0.003092,-1.85,-0.817521,25500,26268,598.00,103001637,103005506,1744,1,kol_sell,0xcfa3160334917687c37e4ac99d6c8b105fa190827771bc98e3a1fe0c1199a825,1,12318,12318,4820
1780901093483039401,fast_tip,N,0xba2aa17f49e08647688d90446516685bda1c4444,白毛股神,2749400393012665,1894900663554519,-854499729458146,-0.000854,-0.51,-0.310795,1644999,1649159,598.26,102985761,103005941,9098,1,kol_sell,0xf866412642504601b7286c25c02a89d278ba3ab36f443cb3c20c78b401ecdd4e,1,1752279,1752279,1141631
1780909945111516913,fast_tip,G,0x0f12d5048a6bed7ecc572fa7805d03af7b5fb9d2,Likwid,3404326040504189,2368098476853778,-1036227563650411,-0.001036,-0.62,-0.304386,392612,408971,598.00,103005393,103008822,1547,1,kol_sell,0x0642da0f5da12acc955079524f92150a38700fb1b85e211b4d0a876467b35988,1,421792,421792,284416
1780912788287087404,fast_tip,G,0x1ba115818ca034b04d310dfc8eb985b3637c4444,黄色方块,1684863726023653,160758401482393,-1524105324541260,-0.001524,-0.91,-0.904587,11527,18857,599.32,103011700,103011713,6,1,kol_sell,0xdbfe3b0b4bd6bab5e8faf55300c65c9d47e953d03c281347495f8684c3b033ae,1,13546,13546,1799
1780912788287087404,fast_tip,G,0x1ba115818ca034b04d310dfc8eb985b3637c4444,黄色方块,336804258832128,0,-336804258832128,-0.000337,-0.20,-1.000000,11527,18857,599.48,103011700,103011730,14,1,kol_sell,0x66d74b256c061e176729a73df005ae5793ed80efede1ae09e4fef4804ff43424,1,11614,11614,0
1780912788287087404,fast_tip,G,0x1ba115818ca034b04d310dfc8eb985b3637c4444,黄色方块,2198445007091171,439885193752389,-1758559813338782,-0.001759,-1.05,-0.799911,11527,18857,599.48,103011700,103011776,34,2,kol_sell,0x4db0eff06d4129d6f5866200ebda36da1aa18a36ff7b1089479bb665dcae65d3,1,7702,7702,2257
1780912788287087404,fast_tip,G,0x1ba115818ca034b04d310dfc8eb985b3637c4444,黄色方块,2198445007091171,251405108195808,-1947039898895363,-0.001947,-1.17,-0.885644,11527,18857,599.28,103011700,103011796,43,2,kol_sell,0xbdd8d5e4c91f6dcfaf878f88ecbd8cfdced7f732c74fe158e6a0e0eba9a5ef49,1,6694,6694,1290
1780912857567551678,fast_tip,G,0x1ba115818ca034b04d310dfc8eb985b3637c4444,黄色方块,2813076522486554,1686818533451341,-1126257989035213,-0.001126,-0.68,-0.400365,11393,11868,599.42,103011854,103011885,14,1,kol_sell,0x593dfd23e61aff539bf711f3309d423e477e27203074f4e65afdce7f00c1bae8,1,11815,11815,7118
1780912883284393016,fast_tip,G,0x7a59a1c89f3085b9b119d3a7b9cbcc7b922c4444,🔶,1350225361791516,308044179437036,-1042181182354480,-0.001042,-0.62,-0.771857,11678,14855,599.42,103011911,103011915,2,1,kol_sell,0x992fb8710849f0167413238ec4cad6b7356cefa2a4e7d77d9882e7d6b624005f,1,15002,15002,3389
1780912883284393016,fast_tip,G,0x7a59a1c89f3085b9b119d3a7b9cbcc7b922c4444,🔶,1350225361791517,89422201773888,-1260803160017629,-0.001261,-0.76,-0.933772,11678,14855,599.42,103011911,103011922,5,1,kol_sell,0x4c81879086c7b7319c8ef2cbd21949e04a51ea9d79e51997198c8789aa738563,1,12496,12496,984
1780913330827071441,fast_tip,C,0xa76b782e39aacd6108a83af329e7da4b4fbf4444,26,4333992363654583,4172263956278076,-161728407376507,-0.000162,-0.10,-0.037316,4825,5553,599.39,103012903,103012916,6,1,kol_sell,0xc6d2525a7e55e4e783b9a400005819fa45b07e3fa08c2b6d90e60b20969edbeb,1,6904,6904,5346
1780913330827071441,fast_tip,C,0xa76b782e39aacd6108a83af329e7da4b4fbf4444,26,2743850565429716,5747351605164696,3003501039734980,0.003004,1.80,1.094630,4825,5553,599.36,103012903,103012999,43,1,kol_sell,0x46c90426677dbf656dc27bcf6cd7085244fa68fcdd03d72f94ac6f0cdc1ac957,1,14225,14225,11630
1780913367510673811,fast_tip,G,0xa76b782e39aacd6108a83af329e7da4b4fbf4444,26,1111346216499578,158815265269478,-952530951230100,-0.000953,-0.57,-0.857096,11933,12431,599.36,103012985,103013004,8,1,kol_sell,0xbb03de5d73acc018341eb8035cc4388563b1ab1552fe470be024eddbeb95d288,1,13514,13514,1776
1780913367510673811,fast_tip,G,0xa76b782e39aacd6108a83af329e7da4b4fbf4444,26,1111790843911661,0,-1111790843911661,-0.001112,-0.67,-1.000000,11933,12431,599.36,103012985,103013038,24,1,kol_sell,0x49811c1202429b4791a5d1040c9d30f2e06dd8aa3b10aeb2ad72f1e26e4dbdf7,1,8116,8116,0
1780913330827071441,fast_tip,C,0xa76b782e39aacd6108a83af329e7da4b4fbf4444,26,2121466459017668,2333200769194973,211734310177305,0.000212,0.13,0.099806,4825,5553,599.36,103012903,103013039,61,1,kol_sell,0x47da564b90b38361e671f406c243f2bebd48c1c9aa53b588253d6ece562d8a0b,1,9090,9090,6107
1780913278320012681,fast_tip,G,0x547f945a52eabb008931a2753bae527369494444,币安神杯,2470152289345822,1181688203632568,-1288464085713254,-0.001288,-0.77,-0.521613,11793,13026,598.94,103012787,103013108,145,1,kol_sell,0x45d57860077f245c519456aa3ab0e1235e5c14a98f4d384a3eab107d64fe2c99,1,11984,11984,6226
1780913330827071441,fast_tip,C,0xa76b782e39aacd6108a83af329e7da4b4fbf4444,26,1273092022056502,728736616576703,-544355405479799,-0.000544,-0.33,-0.427585,4825,5553,598.94,103012903,103013167,119,1,kol_sell,0xda2c6c0e47a2f810bca9d871bf1a5e28d6b145fa53f9a3ba66d62f116a58dbf6,1,7856,7856,3176
1780913552536614977,fast_tip,G,0x63279eccf77526022c4d3db85b6cb25b7e794444,TOKENMAXXING,1067223363260033,5115934055204,-1062107429204829,-0.001062,-0.64,-0.995206,4255,4432,598.73,103013396,103013442,22,1,kol_sell,0x245499af13d0703af4e82541fad22dba84103cfaa38589c728c4e2c98dce3b8e,1,4357,4357,21
1780913552536614977,fast_tip,G,0x63279eccf77526022c4d3db85b6cb25b7e794444,TOKENMAXXING,1067650338000287,0,-1067650338000287,-0.001068,-0.64,-1.000000,4255,4432,599.10,103013396,103013552,71,1,kol_sell,0x431428b740fe6b288aa87613dd866d26674c65647bc79ffa92eea5c095cbf8fd,1,3531,3531,0
1780913502034849372,fast_tip,C,0xa76b782e39aacd6108a83af329e7da4b4fbf4444,26,1910433914568911,335014952818140,-1575418961750771,-0.001575,-0.94,-0.824639,0,0,598.36,103012903,103014008,328,1,kol_sell,0x5fa97dd3e2e4de9d774d313c02f334b21e7dda8ac027f45f286a5089b4be03ea,1,3877,3877,972
1780917517336950928,fast_tip,G,0x28c86673956d6236bf0ddaffaf0b41d345f57777,不喜欢你可以做空啊,1921897924539809,0,-1921897924539809,-0.001922,-1.15,-1.000000,29889,29968,599.86,103022191,103022292,45,1,kol_sell,0x78624a6ffa83993d458dad2e29b630257b3991de838d9b9c07f32f39203db204,1,0,0,0
1780913502034848912,fast_tip,G,0x755b99704c13dfdfc7c34430018805dcd32e4444,CZ 🔶 BNB - Parody,1022092029519093,113643846604368,-908448182914725,-0.000908,-0.55,-0.888813,0,0,600.96,102780707,103022419,4119,1,kol_sell,0xfaefef5362311ac2e905ac351e286fdfd17888fd40e7cf1dfaef6f27302b1781,1,5696,5696,559
1780917669867023603,fast_tip,G,0x28c86673956d6236bf0ddaffaf0b41d345f57777,不喜欢你可以做空啊,1568101703537682,1200310918126741,-367790785410941,-0.000368,-0.22,-0.234545,24063,24126,600.29,103022530,103022536,3,1,kol_sell,0xabadf0482e2002588cfc9e522fee227cada3e51cf5aaafd76ce8bbfa299ff230,1,26975,26975,18468
1780917572248191791,fast_tip,G,0x7ae5019aec683ffa5b3f8419d731203ce1fe7777,杠杆人生,1729708132085828,0,-1729708132085828,-0.001730,-1.04,-1.000000,45187,45305,600.58,103022313,103022612,135,1,kol_sell,0x2690f4fbfe88c365dc9eb66206e4196acbcc04853fad9d7f379b03982b601d43,1,22274,22274,0
1780917694254288023,fast_tip,G,0xafb1921fdc94889d960e99ec7abaae948f847777,永续做空金库,1531322624996588,0,-1531322624996588,-0.001531,-0.92,-1.000000,10291,10319,600.83,103022584,103023161,260,1,kol_sell,0x84b1a634adbdeccd7a5c560eced2b149041eba3954eb665f08d39d38fe10272e,1,5314,5314,0
1780925410252542273,fast_tip,D,0x8dbdd9c7161e3d57a07a14907ef0f6447c9d4444,金克拉,33932788918080103,52815151492699815,18882362574619712,0.018882,11.32,0.556464,4515,7198,599.72,103039708,103039723,8,1,kol_sell,0x34b5ad58bbb9f8e774cbcdd42fc733c7557ccd463739937cab2cbf57e942c678,1,12881,12881,11204
1780925410252542273,fast_tip,D,0x8dbdd9c7161e3d57a07a14907ef0f6447c9d4444,金克拉,11194427064074625,35340100303921223,24145673239846598,0.024146,14.49,2.156937,4515,7198,599.92,103039708,103039783,34,1,kol_sell,0xdc104f470662e9a21512c6762ee31cddffceb7c48de7fe4f55a907f850cf10ff,1,24350,24350,22732
1780925410252542273,fast_tip,D,0x8dbdd9c7161e3d57a07a14907ef0f6447c9d4444,金克拉,5682316627315968,18305887046478207,12623570419162239,0.012624,7.57,2.221554,4515,7198,599.92,103039708,103039813,47,1,kol_sell,0x8e17a716473d3356d49f7ed9081e3a4da6970724fa721e168222f57cfb1d2f2f,1,25485,25485,23198
1780925410252542273,fast_tip,D,0x8dbdd9c7161e3d57a07a14907ef0f6447c9d4444,金克拉,5626789320284869,20838727949283854,15211938628998985,0.015212,9.13,2.703485,4515,7198,600.13,103039708,103039914,93,1,kol_sell,0x6c5fc6b5354fa66cc8099c1e7cca0e23845009660d17a7bbf0c751c18ac4f02e,1,29123,29123,26678
1780927344915846522,fast_tip,C,0x32c73703af3a020776e46309e8fb7b455aaa4444,操谷,3931178255746102,4276200815715065,345022559968963,0.000345,0.21,0.087766,4376,4558,600.44,103043999,103044014,8,1,kol_sell,0x7c1d50438b4ff51489de62360c103e833e10b7c011897d5b30c946f3decbfc91,1,6371,6371,4958
1780927344915846522,fast_tip,C,0x32c73703af3a020776e46309e8fb7b455aaa4444,操谷,2919573771163894,1991501210531453,-928072560632441,-0.000928,-0.56,-0.317879,4376,4558,600.28,103043999,103044036,17,1,kol_sell,0x55dcb6807dc5d0ffe2a092ff58b5102354ee3d5d0d820e5802bb64c514d40bf1,1,4863,4863,3108
1780927344915846522,fast_tip,C,0x32c73703af3a020776e46309e8fb7b455aaa4444,操谷,4381185846650296,2921120854009690,-1460064992640606,-0.001460,-0.88,-0.333258,4376,4558,600.28,103043999,103044053,24,1,kol_sell,0xe84bd3ca5a6a252b0212b77c838fa7ca5c46132d0659cd857ff99f1c2634f997,1,4248,4248,3038
1780927744311667507,fast_tip,G,0x604a4e4b30db8c5afe111bcda669e35b5d1e4444,FREED,1378190362496929,185835345618578,-1192355016878351,-0.001192,-0.72,-0.865160,9743,10635,600.44,103044882,103044898,8,1,kol_sell,0x3292b18a11c7406474b2adaeaa76244593e5945605995fb74c3c164aeb4e69c7,1,8327,8327,1434
1780936416785620688,fast_tip,M,0xc03dbb5d45e910ddc0b90f4aaa28a61a00ea4444,6,2427300759931551,1467059322254556,-960241437676995,-0.000960,-0.58,-0.395601,3951,5015,605.42,103064124,103064144,9,1,kol_sell,0x09a4843c0f27fef84e46fe1bd810b6c232deee83cf8d18ccd64a90387ea88d44,1,5310,5310,3031
1780936416785620688,fast_tip,M,0xc03dbb5d45e910ddc0b90f4aaa28a61a00ea4444,6,606582459906894,657072105247341,50489645340447,0.000050,0.03,0.083236,3951,5015,604.89,103064124,103064464,154,1,kol_sell,0xbf626d8c36215436d89ccb7b5a3489d5f7ed69c8cd0fa3e4b409f39ef638e705,1,13858,13858,5428
1780936416785620688,fast_tip,M,0xc03dbb5d45e910ddc0b90f4aaa28a61a00ea4444,6,363961588174928,466527433370065,102565845195137,0.000103,0.06,0.281804,3951,5015,604.48,103064124,103066350,1003,1,kol_sell,0x1494a266950fcdeb4038bb1cd3dd82bb5c755ac06cb910e4f792df5bd29a1e43,1,20235,20235,6419
1780938551200187440,fast_tip,G,0xba4de1f8eb717c604b30629f26d5fd6224d74444,金门,566416381426619,0,-566416381426619,-0.000566,-0.34,-1.000000,5982,6231,603.45,103068862,103068988,58,1,kol_sell,0xfed63abef611c10ffc42b88f9f5e4e5bb1b3fd79ef0dcec4553844fb50a91726,1,8439,8439,0
1780938551200187440,fast_tip,G,0xba4de1f8eb717c604b30629f26d5fd6224d74444,金门,113271934360982,0,-113271934360982,-0.000113,-0.07,-1.000000,5982,6231,603.62,103068862,103069100,108,1,kol_sell,0x061c83daddcc4ddfdfb2b533335196cd2ad8c6b2c0eac0d56ad2ff32aaefdf74,1,7031,7031,0
1780938551200187440,fast_tip,G,0xba4de1f8eb717c604b30629f26d5fd6224d74444,金门,453371058940583,0,-453371058940583,-0.000453,-0.27,-1.000000,5982,6231,603.31,103068862,103069358,224,1,kol_sell,0x8d202f91a80764b3d1788f7515c5834a85c35795f3e1b612fba1b75fd679a2d0,1,5158,5158,0
1780936042954182889,fast_tip,C,0xdeb46ddde917546ffcda7e843876fcd2c21f4444,CAMPOS,18839226809391479,9553304819835361,-9285921989556118,-0.009286,-5.61,-0.492904,0,0,604.63,102986558,103071710,3792,1,kol_sell,0xa2836f53b21817c768e568996c686fb0e2b459369627b384c6dcd390da68bfc5,1,8321,8321,7041
1780936042954177189,fast_tip,M,0x1c0ce99728d664ffbec452719f6609354c304444,币安股票,1688576413647922,1700786926456066,12210512808144,0.000012,0.01,0.007231,0,0,603.54,102806911,103072086,3960,1,kol_sell,0xd5042a035360a0c693cf91dcfaff6fa832eb4b57e2489249c8976b2d227bdb01,1,41319,41319,25327
1780941723690420241,fast_tip,G,0xe74ed6da26bf133073311d1d760497a428ca4444,圈外人,203950687451073,0,-203950687451073,-0.000204,-0.12,-1.000000,3845,4005,608.22,103075905,103075911,3,1,kol_sell,0xdebdf8a9d12d465c8792e51bc165773915b649ccb0b3b97834ab5dc5d453c1ef,1,4038,4038,0
1780941723690420241,fast_tip,G,0xe74ed6da26bf133073311d1d760497a428ca4444,圈外人,163078969685878,0,-163078969685878,-0.000163,-0.10,-1.000000,3845,4005,608.22,103075905,103075920,7,1,kol_sell,0xb4e719b9487d6742850bb6487902388b5bf162a01041b65efa5fba5e95127a68,1,3980,3980,0
1780941723690420241,fast_tip,G,0xe74ed6da26bf133073311d1d760497a428ca4444,圈外人,652723780118415,0,-652723780118415,-0.000653,-0.40,-1.000000,3845,4005,608.22,103075905,103075926,10,1,kol_sell,0x48cf3e880f705a6cee0232323fdc2dda613998e7ba7992e10682d8cb0a9b43ca,1,3744,3744,0
1780942873649284493,fast_tip,M,0x904430a802e511111afbe59730dbcfdbf1784444,持续构建,4581554510626981,1938148593697045,-2643405916929936,-0.002643,-1.61,-0.576967,0,0,608.44,103066317,103079934,664,1,kol_sell,0x486f2f1460f4b2cd37512287e0e3695161b80d18f229c6882674e10c5c89dc6f,1,87119,87119,56170
1780944984057656974,fast_tip,N,0x64e42d99fa091cf0507c42e21eb3c4418b9a4444,冬冬,494996758161069,0,-494996758161069,-0.000495,-0.30,-1.000000,202541,203062,607.70,103083146,103083431,128,1,kol_sell,0xf66c80d594ecf026354c0570be6a68ddc09a20478d4d7b9bd97748274fb47848,1,228040,228040,0
1780945231305685726,fast_tip,H,0x64e42d99fa091cf0507c42e21eb3c4418b9a4444,冬冬,3472498565198303,4441670402051869,969171836853566,0.000969,0.59,0.279099,262467,263148,606.63,103083695,103093661,4487,1,kol_sell,0x67d0b0968b67e33946cc6715be8a9c97a0846e78afed0ab112e64baee0d08be6,1,414109,414109,336102
1780972560000190942,fast_tip,M,0x5a61f74b9b98e9452d3ecc5769b8add6d0464444,哈王老吉,2420969026993155,657670765608508,-1763298261384647,-0.001763,-1.05,-0.728344,10765,12369,596.95,103144380,103146008,735,1,kol_sell,0x13fb153597cb460840170a06884c1a12d2fc5c0b5b8148aa2fd14f03c61701fc,1,8954,8954,3367
1780973323819917033,fast_tip,M,0x4b0b9c8b3f610c4132b0215f641f7e646fca4444,无事忙,1013173319013810,637644371064658,-375528947949152,-0.000376,-0.22,-0.370646,15787,16444,597.92,103146074,103148514,1100,1,kol_sell,0xdb39e9b6c69ab236c14408fedd8073f712e868c74eb6a0fa36d4df2d823e967c,1,27875,27875,10366
1780974797763528864,fast_tip,H,0xf02375241d2a58debdc4ca18c3b38f1b5bd44444,老干妈,3212474173995294,1763977245256025,-1448496928739269,-0.001448,-0.87,-0.450898,4137,4868,598.35,103149346,103149406,28,1,kol_sell,0x6d3c1b8896204a4cac79b1d6fe3f2a764afc6304bc35199c1310b7eade42d4a0,1,4415,4415,2673
1780974838960268163,fast_tip,M,0x607b14318b040a6c34a373affc7e93195a334444,9,1887841226689242,612578481421546,-1275262745267696,-0.001275,-0.76,-0.675514,31795,34587,598.99,103149437,103150394,432,1,kol_sell,0xd4efc0e0fbbe06cf1bd403721372c813924b2eec665d67cfb4211b3e2450d1c0,1,31142,31142,11232
1780975245098842915,fast_tip,C,0xe6c238d6e4b756c9dbc9a0989e012dcb80774444,Mythos,4194034899674696,2721309614655131,-1472725285019565,-0.001473,-0.88,-0.351148,22028,22106,598.15,103150339,103151059,324,1,kol_sell,0x42ae542b0b86bc8fd8c7e111bb0be58ac5cec59cde53efd0889e8e8f86b1e4da,1,20546,20546,14317
1780974475132581987,fast_tip,O,0xe3d8f2331a2132d91d9aa85622fb504b992e4444,大麦,176019013116003094,100551764491886751,-75467248624116343,-0.075467,-45.07,-0.428745,5559,6921,597.17,103148629,103152227,1621,1,kol_sell,0xe84ff27c36eef6cb7ef68443e8dad35f8cca34754bee60a6e98192b51555893b,1,4363,4363,3945
1780975245098842915,fast_tip,C,0xe6c238d6e4b756c9dbc9a0989e012dcb80774444,Mythos,2726122684788553,1787060954736292,-939061730052261,-0.000939,-0.56,-0.344468,22028,22106,597.37,103150339,103152294,881,1,kol_sell,0x5eca842c0ba7bb749450747a25239dc11dc3ec960dfee2e95b3b0b83d336368b,1,23089,23089,14446
1780976904417973508,fast_tip,O,0xc04e4f0906269082f683eb9bbcc7f607d87d4444,419,50541686476077437,48767137576835721,-1774548899241716,-0.001775,-1.06,-0.035111,4687,5751,598.02,103154021,103154056,16,1,kol_sell,0x4fe89a9d9a31adce22d72f7393f348d07bbc4da972abc1b2ba350a4a27c1ca6c,1,6076,6076,5549
1780977079624103046,fast_tip,O,0x969bfc1c8cd69e20865b9724bb11f9e9b8394444,9,46950531955774765,49105504524540110,2154972568765345,0.002155,1.29,0.045899,4572,5532,598.91,103154410,103154454,21,1,kol_sell,0xfbb0b5945f64a8da5f1e758947d25c6f090c0690209d875d98ec15b3e6961afd,1,6182,6182,5785
1780973323819917033,fast_tip,M,0x4b0b9c8b3f610c4132b0215f641f7e646fca4444,无事忙,506789334705748,0,-506789334705748,-0.000507,-0.30,-1.000000,15787,16444,597.19,103146074,103159703,6142,1,kol_sell,0x1e9d4a43139fade425cdad15c7bbfa00bb4a54a2b45a296d0d983a637ac4c8cb,1,16702,16702,0
1780977231655906954,fast_tip,O,0x59917c927124b034bca76260308d181ec0294444,干山干水拳,145762146319778308,84351195903107696,-61410950416670612,-0.061411,-37.10,-0.421309,13731,16460,604.10,103154747,103176541,9822,1,kol_sell,0x623ce1f3b3564930879274fcd305f9a9e20d4477399ec6be15ed1323df7f19cb,1,10523,10523,9611
1780945305990738911,fast_tip,M,0x64e42d99fa091cf0507c42e21eb3c4418b9a4444,冬冬,4999867446388850,3172076619131744,-1827790827257106,-0.001828,-1.10,-0.365568,246547,247188,603.68,103083861,103188064,46940,3,kol_sell,0x43f0a4e950fc864aaa2da1190f7c6d112afbbfda329f66cb42a0d89bfa22e299,1,227769,227769,173321
1780942873649278813,fast_tip,M,0xc03dbb5d45e910ddc0b90f4aaa28a61a00ea4444,6,728378355924864,816562720560902,88184364636038,0.000088,0.05,0.121069,0,0,602.15,103064124,103188374,49513,1,kol_sell,0xda081b5f7fc038b9544d4771bfc9ab470076c694aa127a0c4a0bd4261d63dfe5,1,12800,12800,5592
1780992445765784111,fast_tip,M,0x55592be595ee1743762a8342ffdeba9396854444,stockman,446208162955985,0,-446208162955985,-0.000446,-0.27,-1.000000,4810,5010,601.83,103188506,103188529,11,1,kol_sell,0x45c690fdef861d697b6a206290e65d1a49c54ecc4dabbfb522bf5ded281f14c3,1,5955,5955,0
1780992412649916045,fast_tip,M,0x9771aae5331cfc8c1a34801e3c0fe51a5b194444,股事,991573695457744,625733150495850,-365840544961894,-0.000366,-0.22,-0.368949,7297,7601,601.83,103188433,103188545,51,1,kol_sell,0x973dbcb96b087bf69437b7dd37e06d8f89396279e4d1bd3f5130443fd115ea19,1,12951,12951,4794
1780992412649916045,fast_tip,M,0x9771aae5331cfc8c1a34801e3c0fe51a5b194444,股事,495786847728872,0,-495786847728872,-0.000496,-0.30,-1.000000,7297,7601,602.12,103188433,103188758,148,1,kol_sell,0xd12e3dd0e342cf3eec1e42892bb021dded3620b66640f8c29c6ca1741124204f,1,9001,9001,0
1780992412649916045,fast_tip,M,0x9771aae5331cfc8c1a34801e3c0fe51a5b194444,股事,495786847728873,0,-495786847728873,-0.000496,-0.30,-1.000000,7297,7601,601.17,103188433,103189042,276,1,kol_sell,0xabd33e798f6e404eb3094e0851b08c15f06744578579a6cbe51cfba192c773b2,1,6006,6006,0
1780942873649276643,fast_tip,M,0x1c0ce99728d664ffbec452719f6609354c304444,币安股票,3448891365810395,3653333937165813,204442571355418,0.000204,0.12,0.059278,47116,47239,603.05,102806911,103192861,51536,2,kol_sell,0x6f03bccdc74e831e8040db59becd8caedcc8c089d839819fb53f7c9e0f2fbc8c,1,45738,45738,34958
1781001101912982250,fast_tip,M,0xae36992e97af042c6caadd8a08fc150223824444,1,411936859320061,348347802125351,-63589057194710,-0.000064,-0.04,-0.154366,8509,8858,598.70,103207708,103207828,55,1,kol_sell,0x6e43e191a867128e69143a107220edadc1b5f1a820466c4c11c07b2aa38ba608,1,28345,28345,7487
1781001101912982250,fast_tip,M,0xae36992e97af042c6caadd8a08fc150223824444,1,308952644490046,80085327116958,-228867317373088,-0.000229,-0.14,-0.740784,8509,8858,598.70,103207708,103207855,66,1,kol_sell,0x73f760665eaf552c9386e7015a716d06cdecc204a6409f08fd43bbe53fcc25c7,1,32307,32307,2295
1781001101912982250,fast_tip,M,0xae36992e97af042c6caadd8a08fc150223824444,1,231621797574187,32708958310997,-198912839263190,-0.000199,-0.12,-0.858783,8509,8858,598.83,103207708,103207939,105,1,kol_sell,0x9fd45efc9fdcf664bd0f0533dffb11ee52c1c572c05ff92c8a2d6bedd002b977,1,39974,39974,1251
1781000311985371557,fast_tip,H,0x547f945a52eabb008931a2753bae527369494444,币安神杯,3067624481121367,1157539304762731,-1910085176358636,-0.001910,-1.14,-0.622659,0,0,599.13,103153859,103209245,1484,1,kol_sell,0xf75d77c97cb73266cd98ee5002cea80dce975b093635f8f4c0eb04b8104ac380,1,22205,22205,11429
1781001101912982250,fast_tip,M,0xae36992e97af042c6caadd8a08fc150223824444,1,695236135895953,422835431318450,-272400704577503,-0.000272,-0.16,-0.391810,8509,8858,599.44,103207708,103209368,749,1,kol_sell,0xb52320a272177b51d03b484bb1f031c7728276d05047cd41944678976685cf96,1,18336,18336,5391
1781001610273779547,fast_tip,H,0xa014b8a288bea9fac9f3ab4c2629f308f7bd4444,1,1104068727000391,483269712559696,-620799014440695,-0.000621,-0.37,-0.562283,16009,15635,599.75,103208836,103209781,427,1,kol_sell,0xb52873f193520a12d0134a047e645143d13950ea8ea94b8bd820102661699797,1,21922,21922,6855
1781001633599460903,fast_tip,H,0xae36992e97af042c6caadd8a08fc150223824444,1,4721074076445784,1083988921862959,-3637085154582825,-0.003637,-2.18,-0.770394,24008,24505,599.28,103208888,103210284,629,2,kol_sell,0x05819356bf8e43a100c65a5113ed5891738145055ceea3d4d28b0115e2131d76,1,12090,12090,6034
1781002337791055051,fast_tip,D,0xef45d8b3c86f8a5d03095d475a57fa9596164444,梗王,24349591320815045,18616685805546856,-5732905515268189,-0.005733,-3.44,-0.235442,6537,10864,599.77,103210451,103210528,36,1,kol_sell,0x15596125005244c81716c5c07238c88c9d3b1dc31e814689fdd2f079ef65d15f,1,9069,9069,8320
1781001610273779547,fast_tip,H,0xa014b8a288bea9fac9f3ab4c2629f308f7bd4444,1,1656793306008839,214270605040344,-1442522700968495,-0.001443,-0.86,-0.870671,16009,15635,599.52,103208836,103210605,797,1,kol_sell,0x6eca256c578dec82c4b6815d700ececa1e19c15107e645401a7ad040c15cdd59,1,11959,11959,2025
1781002337791055051,fast_tip,D,0xef45d8b3c86f8a5d03095d475a57fa9596164444,梗王,20332765675448718,21447290941939715,1114525266490997,0.001115,0.67,0.054814,6537,10864,599.74,103210451,103211266,368,1,kol_sell,0xc0bb2d9bfe5b53533aa5967676f318007a552f59f1ef4261ec7213c7648f4ec6,1,12211,12211,11478
1781002915664196161,fast_tip,C,0x3ffe5cf77b52e13f8d1dacd26d3a3f38ad55ffff,bountygo,6186265324078689,7546683730383583,1360418406304894,0.001360,0.82,0.219909,9651,11627,599.40,103211733,103211784,24,1,kol_sell,0x27b0d1fcb9e5872926155f69a14853985c7b1bddd1031f9faab3c6ef4cf055ad,1,17243,17243,14184
1781002915664196161,fast_tip,C,0x3ffe5cf77b52e13f8d1dacd26d3a3f38ad55ffff,bountygo,2019188238090667,3638590618533050,1619402380442383,0.001619,0.97,0.802007,9651,11627,599.20,103211733,103211920,85,1,kol_sell,0x11b311144e641edd226628aadd463c62170c6b3233a0be59212b213e31a54f76,1,27419,27419,20946
1781002915664196161,fast_tip,C,0x3ffe5cf77b52e13f8d1dacd26d3a3f38ad55ffff,bountygo,3030044665361864,4778290797780321,1748246132418457,0.001748,1.05,0.576970,9651,11627,598.87,103211733,103212132,181,1,kol_sell,0x091d59f447ef1a88d85e217d9669445535f8f2dd4d314f4123c88d4c4cf3a242,1,23238,23238,18320
1781003284884960660,fast_tip,C,0x3ffe5cf77b52e13f8d1dacd26d3a3f38ad55ffff,bountygo,11708304919447793,8733508403433668,-2974796516014125,-0.002975,-1.78,-0.254076,25792,27106,599.69,103212552,103212637,39,1,kol_sell,0x4cf2a689d02814a88ab1575d4eb6491e5639cc8195d1e433a4b47bca5852778a,1,23575,23575,20222
1781003928114722799,fast_tip,C,0x3ffe5cf77b52e13f8d1dacd26d3a3f38ad55ffff,bountygo,4563189024611767,2421596357973285,-2141592666638482,-0.002142,-1.28,-0.469319,22710,23896,596.51,103213980,103216277,1036,1,kol_sell,0xe7e731ce60802989db2fe0cb80a767601bfa625d76ecef57da39d31c18fcb4a8,1,18288,18288,12636
1781005671784869157,fast_tip,C,0x107858ffaa009f93e7c2ea14e493d877639d4444,ACA,3311249248710607,2152194658102866,-1159054590607741,-0.001159,-0.69,-0.350035,4241,4911,596.93,103217850,103218537,311,1,kol_sell,0x7da4ff6cd4cc0ea81a7d72fb03125df196aab97959b8f14ae1409b1e8f1f2b91,1,4925,4925,3192
1781006169668112612,fast_tip,C,0x4468864578ce8f1289ff2b53dcf9ba1b6f724444,何医,8729860391066134,2484788079520095,-6245072311546039,-0.006245,-3.73,-0.715369,13323,16094,596.60,103218956,103218957,1,1,kol_sell,0xf5011ec743cbdcc83b367ce036517df12da7d4e785cc7caf0b82edd4169b67af,1,10522,10522,4581
1781006200437358712,fast_tip,C,0x11f858b833f1b702e28e9f2c913b85b887e44444,针灸,2836873605969035,4731967048761800,1895093442792765,0.001895,1.13,0.668022,5834,6077,596.41,103219024,103219040,7,1,kol_sell,0xa04fbbc5ba20bea43b89b1107b96f1b961fc51b1a6b4db6bd81fb58bc1783a73,1,12803,12803,10136
1781006200437358712,fast_tip,C,0x11f858b833f1b702e28e9f2c913b85b887e44444,针灸,1843967843879873,2241246330455584,397278486575711,0.000397,0.24,0.215448,5834,6077,596.41,103219024,103219047,10,1,kol_sell,0xa4d9baf7c6274c3263683fdce074e1439439526a2d64b242fed5aadb204382b5,1,11147,11147,7386
1781006200437358712,fast_tip,C,0x11f858b833f1b702e28e9f2c913b85b887e44444,针灸,3424511710062622,2385609668410732,-1038902041651890,-0.001039,-0.62,-0.303372,5834,6077,596.41,103219024,103219058,15,1,kol_sell,0x3e71774249fdddd0ad4b3456eaf5190584a05038d8381e73d2e3fc6ac4c415b6,1,6269,6269,4233
1781006152620826896,fast_tip,H,0x5770325a6edb54afabd8ab7f86a8dc4892204444,针灸,1868325973953905,0,-1868325973953905,-0.001868,-1.11,-1.000000,15382,14644,596.41,103218918,103219063,65,1,kol_sell,0xe282b7f77434c3b9b4aa61e1ab289b6af532ed63a019a75b416c7119cf29c405,1,4397,4397,0
1781006220259241516,fast_tip,C,0x11f858b833f1b702e28e9f2c913b85b887e44444,针灸,8230700148683189,6347387826712628,-1883312321970561,-0.001883,-1.12,-0.228816,4528,4716,596.41,103219068,103219074,3,1,kol_sell,0x7bac487f4397e7a66e6c889f8c2de315ce8e73559c474e1a04c86fa5422cb96b,1,4389,4389,3637
1781005143870491685,fast_tip,H,0x69e11e2ad04bae0a29cf5abb62a75eb076a74946,FOR,4382493025323974,827079462397111,-3555413562926863,-0.003555,-2.12,-0.811276,12280,12792,596.41,103216679,103219079,1081,2,kol_sell,0x2bb59b68932efdc300d575af17c01eba8f56908b97e22b7e72492354938ef04f,1,5906,5906,2558
1781006427642396066,fast_tip,C,0xc881757ebc1005a7239e72b5b749c6ed098e4444,手机支架,2814829120770146,1049840304172953,-1764988816597193,-0.001765,-1.05,-0.627032,5369,7158,596.72,103219529,103219533,3,1,kol_sell,0xd4e07e347888345cab2f90b5a9750f5617a064332ef76834aeb9fe6215141fff,1,6518,6518,2670
1781006427642396066,fast_tip,C,0xc881757ebc1005a7239e72b5b749c6ed098e4444,手机支架,2814507426013487,1108108363789473,-1706399062224014,-0.001706,-1.02,-0.606287,5369,7158,596.72,103219529,103219536,3,1,kol_sell,0x5c081cb00a603dfe6715a1e8b146f87111be2a5767b9394ff5b830f185ac2931,1,5599,5599,2818
1781006427642396066,fast_tip,C,0xc881757ebc1005a7239e72b5b749c6ed098e4444,手机支架,2413032369702500,585385289230615,-1827647080471885,-0.001828,-1.09,-0.757407,5369,7158,596.72,103219529,103219541,6,1,kol_sell,0xa7e4009b45ed0eaa6f96587c440538f0d2377c26f6cbe6132db644c733bd345d,1,4916,4916,1736
1781006449783375283,fast_tip,C,0xed811074a9f145f04366ce2decaeb91fdee54444,PHONE,7512465420556824,6026859016223052,-1485606404333772,-0.001486,-0.89,-0.197752,3811,4796,596.70,103219578,103219587,5,1,kol_sell,0xe76ce724be158bc83071b3b6a7d0119cddd9c66be008d131f9e102711c50f1b0,1,4988,4988,3848
1781007206106645395,fast_tip,H,0x9fd2b55118b862513e6b377a37912a2b3d9b4444,"777,777",1764201322798225,521871909369247,-1242329413428978,-0.001242,-0.74,-0.704188,5141,5956,597.51,103221255,103221274,9,1,kol_sell,0xa26c69cfc241a0d8a87a07592c012b61dfd341518d3a34319ae2609a2db68be3,1,5407,5407,1762
1781008353820269679,fast_tip,C,0x3ffe5cf77b52e13f8d1dacd26d3a3f38ad55ffff,bountygo,6847636243234614,2990754044087574,-3856882199147040,-0.003857,-2.31,-0.563243,0,0,597.77,103213980,103223873,33,1,kol_sell,0x6b9a1f096d758cddb448e70356484fd058902fe8321eb99a02db652797ecc161,1,14342,14342,10421
1781008353820235090,fast_tip,H,0x0f12d5048a6bed7ecc572fa7805d03af7b5fb9d2,Likwid,3569415748883660,149180843881165,-3420234905002495,-0.003420,-2.04,-0.958206,0,0,596.66,103128430,103226972,1430,1,kol_sell,0x46d474e166e56ca50a9297d62dbe881f16bf24c87ded754f5df2a97c126ab440,1,104770,104770,13021
1781012601186348707,fast_tip,H,0x361f0d457b55c19aaff61c037c0b359b7e5effff,KAIKA,1654886465843444,541968044194326,-1112918421649118,-0.001113,-0.66,-0.672504,49896,51975,595.21,103233229,103233596,166,1,kol_sell,0xdcb9243eee41961be0a0e11461fe0ae57ede2425b4438932ccf45904417b8012,1,49249,49249,17014
1781008353820244739,fast_tip,M,0x64e42d99fa091cf0507c42e21eb3c4418b9a4444,冬冬,2499933723194425,948570235313012,-1551363487881413,-0.001551,-0.92,-0.620562,0,0,595.68,103083861,103233805,4507,1,kol_sell,0x96487d84b1d23dd3f860f830d6e00b003c2f79e1a9a2475244862283284e743b,1,220548,220548,102286
1781008353820244739,fast_tip,M,0x64e42d99fa091cf0507c42e21eb3c4418b9a4444,冬冬,2499933723194426,1044054971902241,-1455878751292185,-0.001456,-0.87,-0.582367,0,0,595.68,103083861,103233811,4510,1,kol_sell,0xb849da1021023f24a531e102201f5fadc15a39d3f1624414b4cffe9cc2a3df14,1,224427,224427,112582
1781008353820245729,fast_tip,M,0xde39a9c5817b205eed96f48e160ad83477314444,干,1571370445439398,35179290425733,-1536191155013665,-0.001536,-0.90,-0.977612,0,0,588.87,103217539,103238273,6522,1,kol_sell,0x0f6f9348695a784122333aabe9f16690169ecec534e9179be0427b9626a3cbdc,1,13489,13489,426
1781015589560194129,fast_tip,C,0x851257b72d18e996c701623b431f458f998f4444,预测杯,3064425775794428,2053090665658721,-1011335110135707,-0.001011,-0.59,-0.330024,5355,6171,586.80,103239856,103239889,15,1,kol_sell,0x8ebbdf7e1ecbb26b6821baef521db741f75037f23d0a9ee75df81d7db02a255f,1,6451,6451,4134
1781015589560194129,fast_tip,C,0x851257b72d18e996c701623b431f458f998f4444,预测杯,4598554408737776,2789236279393436,-1809318129344340,-0.001809,-1.06,-0.393454,5355,6171,587.34,103239856,103239918,28,1,kol_sell,0xe816308eca9e903e45a958146e15fe2d25f6c441ea6c4593c16b34ec3832955a,1,5332,5332,3746
1781015580473486357,fast_tip,L,0xc14c2ccab656d6ff5928502c3e7455de13d44444,PredictCup,7890677436303805,11699274857230798,3808597420926993,0.003809,2.24,0.482671,9193,10596,587.34,103239836,103239955,54,1,kol_sell,0x1f28fce641fdbe4efda902a5d3c68668bb873f8cec82ec13d6ed4d86a6bb72a1,1,17810,17810,15725
1781015660419311060,fast_tip,M,0x3b309016339d334a754da70db8f85f1b0ca34444,PredictCup,1617013850659557,972627056777060,-644386793882497,-0.000644,-0.38,-0.398504,5001,5210,587.08,103240013,103240022,4,1,kol_sell,0x56ac4d4d92bff790875c18e01fea5f2bfeb95f281fae956b63b69c5ce78f6d2c,1,6694,6694,3134
1781015580473486357,fast_tip,L,0xc14c2ccab656d6ff5928502c3e7455de13d44444,PredictCup,23684662444863884,18802166761679723,-4882495683184161,-0.004882,-2.87,-0.206146,9193,10596,587.08,103239836,103240031,88,1,kol_sell,0x8a7ee5e9a45f48e9abbc0ea7b337c34cb247a9cf2bf2307f36929c745298d52c,1,9243,9243,8416
1781015628433736542,fast_tip,H,0xc14c2ccab656d6ff5928502c3e7455de13d44444,PredictCup,154205102905485,0,-154205102905485,-0.000154,-0.09,-1.000000,16360,17069,586.93,103239942,103240201,117,1,kol_sell,0xa47533481c9bf6b77a468f966823614f8e27241f2a0ca9fef3eab98539a44793,1,18274,18274,0
1781015628433736542,fast_tip,H,0xc14c2ccab656d6ff5928502c3e7455de13d44444,PredictCup,154361175757885,0,-154361175757885,-0.000154,-0.09,-1.000000,16360,17069,586.93,103239942,103240211,122,1,kol_sell,0x03534b1fc7a0fa064dacbe375dc4f9da598b9e2294b9d3feeebc3300b6ac72a6,1,18711,18711,0
1781015628433736542,fast_tip,H,0xc14c2ccab656d6ff5928502c3e7455de13d44444,PredictCup,1235028345015162,0,-1235028345015162,-0.001235,-0.72,-1.000000,16360,17069,586.67,103239942,103240380,198,1,kol_sell,0x95106d1faf740b34d5303e5b25d09540759dab50fdab2e1c7fb9a16a1bc84156,1,13605,13605,0
1781015934703205428,fast_tip,M,0x37fa35283c1e6db883d4c72b3a0b3ea34c5f2088,棱镜500,1397317654144177,0,-1397317654144177,-0.001397,-0.82,-1.000000,14208,14800,584.93,103240622,103242039,639,1,kol_sell,0xae08a2ca8910e81a8df9036c8c77f6912ca2bd80943a00c10018103cae1377bf,1,7643,7643,0
1781017465271729761,fast_tip,M,0xb8cc4a6691c2e04edd8481bfff0f3e3df04d4444,Serenity,1195838421593127,60705070684565,-1135133350908562,-0.001135,-0.67,-0.949236,16215,16257,588.62,103244016,103244225,94,1,kol_sell,0xf57eabc574aca8adb43b3f3e62951103180aeb20cff232b279bda37954d243bd,1,16045,16045,825
1781017287574639197,fast_tip,H,0x9943c6fc4eeea2d8e1063cf4a0d0a12559924444,社交热潮,1250311645179611,0,-1250311645179611,-0.001250,-0.74,-1.000000,0,0,589.27,103242849,103244411,357,1,kol_sell,0x1d0d34199de942eb0c5cb77b2de57291c6be6eaf5476a0ab44fbb055e9af2ce0,1,6248,6248,0
1781018149000655720,fast_tip,O,0x7a1addee7e45298cb047a5d8c61567ee18a64444,PANIC,113852212298398079,81820635436409201,-32031576861988878,-0.032032,-18.92,-0.281343,5510,6303,590.71,103245533,103245551,9,1,kol_sell,0x83e9f6b8cb3c3d6ae6d23547cf170e5c96e3c2cd31ba125bc888aa13da30a428,1,5075,5075,4530
1781018856793636954,fast_tip,H,0xb8fd5d70a8d59e17a99d35e333c4e9a1ac834444,Don't catch cold,1012752432595485,0,-1012752432595485,-0.001013,-0.60,-1.000000,5508,5737,588.31,103247103,103247116,7,1,kol_sell,0x89bc290862708f88262aa3339b85adc78a3a0b0f0101c82e567ee99c657125a2,1,4726,4726,0
1781017287574622868,fast_tip,C,0x107858ffaa009f93e7c2ea14e493d877639d4444,ACA,6149462890462557,3771383955290390,-2378078935172167,-0.002378,-1.39,-0.386713,0,0,586.42,103217850,103247875,1918,1,kol_sell,0x5f008f5ee0eff1e96cd37d8d885ba32c43f38c102924e1e14e6956fe64dacea0,1,4041,4041,2959
1781019428467595221,fast_tip,M,0xe6734873c1e89d648ded42916123cd3ff33f4444,TDT,1137897806925240,0,-1137897806925240,-0.001138,-0.67,-1.000000,5018,5878,588.27,103248372,103249409,468,1,kol_sell,0xf7e7390c853ee3aa38d31c917416a1eb4d5a30067ca00f13f5058d884351ac1e,1,5088,5088,0
1781017287574639987,fast_tip,N,0x64e42d99fa091cf0507c42e21eb3c4418b9a4444,冬冬,419796311297460,0,-419796311297460,-0.000420,-0.25,-1.000000,0,0,585.55,103083146,103253738,4559,1,kol_sell,0xd05faf182c3c2b908b959819fd49c5b781488607cf28c270f840487fb1a89407,1,137632,137632,0
1781017287574622618,fast_tip,M,0xce176d2676e0d66644243a5eb8b9f2098b544444,Gold Four,2034256095407713,0,-2034256095407713,-0.002034,-1.20,-1.000000,0,0,587.65,103198514,103258895,6885,1,kol_sell,0xc355a1bf462e056b2467e78e47d250a5d98a7ae7d20cf1a8e4584b1905b32811,1,3522,3522,0
1781017287574630128,fast_tip,M,0x75d1b8ba343e4a8f03fd21cc6d4f122890304444,👀,5993335209707533,2806064946287531,-3187270263420002,-0.003187,-1.87,-0.531802,0,0,587.87,103054466,103259054,6956,1,kol_sell,0x2bc08d8b5b948d2839ea4804dfb29a029ab86e3168881ee79054e4694f0fca3a,1,4930,4930,3470
1781027096621746729,fast_tip,L,0x3c50f8d760fc7510b22fbe9f44785e39d5784444,证明,31467950054941972,36695797217452101,5227847162510129,0.005228,3.09,0.166132,11777,13193,591.04,103265392,103265611,99,1,kol_sell,0xe9fc546efa1861ad8617849a4abf01d245adb2009c9ab731450ec574c2701480,1,9275,9275,15367
1781017287574639987,fast_tip,N,0x64e42d99fa091cf0507c42e21eb3c4418b9a4444,冬冬,342232534130082,0,-342232534130082,-0.000342,-0.20,-1.000000,0,0,594.57,103083146,103281224,16940,1,kol_sell,0xf92088602446af4364c41e7b4e00b28155e78de21fd4a5159f4b2ba135545521,1,302966,302966,0
1781017287574639987,fast_tip,N,0x64e42d99fa091cf0507c42e21eb3c4418b9a4444,冬冬,64431549653154,0,-64431549653154,-0.000064,-0.04,-1.000000,0,0,594.34,103083146,103281561,17092,1,kol_sell,0x85f5872959f38412c8e13949731463617ea0bc0a53880a0263a66261144fd486,1,326646,326646,0
1781017287574639987,fast_tip,N,0x64e42d99fa091cf0507c42e21eb3c4418b9a4444,冬冬,426613056812888,0,-426613056812888,-0.000427,-0.25,-1.000000,0,0,596.90,103083146,103284992,18637,1,kol_sell,0xbc69ce50e2de0004f5417961ab6cfe10b62c6535560fc14723b35816641f29cc,1,280071,280071,0
1781021544992409054,fast_tip,M,0x1a014e03450a74f0e959c307b6c30f57d02d4444,富贵小羊,511951602313734,0,-511951602313734,-0.000512,-0.30,-1.000000,72565,72751,587.22,103253069,103348124,42833,1,kol_sell,0x68a39d008a99b0e7c611ba376e79323b382f1339cacb422444793c09bb82a5f4,1,73669,73669,0
1781079901227528992,fast_tip,O,0x7322f95ff0ba433f9624fd9a1efde03c76ef4444,谜恋猫,44812867117940672,37021752589261292,-7791114528679380,-0.007791,-4.56,-0.173859,14814,18621,585.52,103382566,103382845,127,1,kol_sell,0x81d32f6837ee98cc4929e1ea288c893f52a8369d79d6fd097b96426d5764917b,1,17118,17118,15386
1781079901227528992,fast_tip,O,0x7322f95ff0ba433f9624fd9a1efde03c76ef4444,谜恋猫,44812867117940673,33379744976164901,-11433122141775772,-0.011433,-6.69,-0.255130,14814,18621,585.53,103382566,103382965,181,1,kol_sell,0x1e0a0bbce781255f799c7491624e66a84fff83e21725e6535ee3ace52df655b2,1,15004,15004,13873
1781085986172916708,fast_tip,N,0xcbb3d71f0166c95e35c71a54d7b4ba4a71574444,TICKERB,1957368551603526,820224755454407,-1137143796149119,-0.001137,-0.66,-0.580955,3526,3748,583.23,103396065,103396210,66,1,kol_sell,0xf226f638aab9074d43a3e3332f58aadf802055fedabcf552bd64726f36778fac,1,3718,3718,1570
1781088743000592201,fast_tip,M,0x2a6ce018672cdd7563eaac8f9ff3bc9730e21316,SHABANI,541036673207188,0,-541036673207188,-0.000541,-0.32,-1.000000,5635,6382,584.04,103402183,103402803,281,1,kol_sell,0x8fcccc806e87891871249d64ed0367bb27999110ed7cbdb540060498e2a02a11,1,9433,9433,0
1781021544992409054,fast_tip,M,0x1a014e03450a74f0e959c307b6c30f57d02d4444,富贵小羊,512156423918982,0,-512156423918982,-0.000512,-0.30,-1.000000,72565,72751,583.16,103253069,103410162,70802,1,kol_sell,0x6c87b8e5028aa4e9bc380022d83d51aaf989ce38fc15281152dbc338c165e50d,1,40954,40954,0
1781017393510998206,fast_tip,H,0xba2aa17f49e08647688d90446516685bda1c4444,白毛股神,1125280480661650,0,-1125280480661650,-0.001125,-0.66,-1.000000,1480580,1484305,582.76,103243857,103410508,75111,1,kol_sell,0xf17002f03f3d0793eb0400c27b29b02b8478466d10e10db7876337a6d6f755e3,1,830825,830825,0
1781088743000592201,fast_tip,M,0x2a6ce018672cdd7563eaac8f9ff3bc9730e21316,SHABANI,541036673207189,0,-541036673207189,-0.000541,-0.32,-1.000000,5635,6382,582.46,103402183,103411607,4258,1,kol_sell,0xd1ecf5cb669c6c3840af20500f8056344e816c9c70ec288e3efce57d1c264557,1,5715,5715,0
1781097478222365036,fast_tip,N,0xedabaa2601b3497cd9722822420750eff3654444,熊市,1843654171988614,657074081223929,-1186580090764685,-0.001187,-0.70,-0.643602,5050,5260,587.60,103421540,103421553,7,1,kol_sell,0xf15c18445111de0f3ebb43a262766f78a88feadf490789b6a20b5d27de140003,1,4987,4987,1875
1781100674334580857,fast_tip,D,0x7fceafbff271771c272e3affc996ddd8e3ae4444,国庆,37534547039503762,59410021611404254,21875474571900492,0.021875,12.97,0.582809,8614,8973,592.73,103428628,103428759,60,1,kol_sell,0x60695f4facf9e8d29744b3890fdcf972c43af153f7e13329e4c47c17ce175ae0,1,15187,15187,14199
1781100674334580857,fast_tip,D,0x7fceafbff271771c272e3affc996ddd8e3ae4444,国庆,10856985708970216,34377113713659617,23520128004689401,0.023520,13.89,2.166359,8614,8973,590.72,103428628,103430123,674,1,kol_sell,0xd0e22003b7e908abe7b2aef479e2c26f1b7d1559e66e4e88000b5fd076450ce6,1,29877,29877,28308
1781100674334580857,fast_tip,D,0x7fceafbff271771c272e3affc996ddd8e3ae4444,国庆,2202092801389404,10236890586163568,8034797784774164,0.008035,4.75,3.648710,8614,8973,591.01,103428628,103431552,1317,1,kol_sell,0xc52ed824e86c6f78f48dc7be886ba596d5a75f776064a37625f48898bd6055d3,1,44980,44980,41580
1781100674334580857,fast_tip,D,0x7fceafbff271771c272e3affc996ddd8e3ae4444,国庆,2976131727523428,11499152494129141,8523020766605713,0.008523,5.04,2.863792,8614,8973,591.49,103428628,103432588,1784,1,kol_sell,0x6c09b612cfa2b73bb6c3fe46ef58973c6d6336b71fd4905469b8f4997b583272,1,36144,36144,34587
1781017287574629808,fast_tip,C,0x361a93ecbb33aa8c10907534fc352a332ef34444,💁‍♀️,20932474232657199,20932474232657199,0,0.000000,0.00,0.000000,0,0,593.16,102962110,103435308,86400,1,price_unavailable,,0,0,0,0
1781017287574640617,fast_tip,D,0xef45d8b3c86f8a5d03095d475a57fa9596164444,梗王,29126649735518732,29126649735518732,0,0.000000,0.00,0.000000,0,0,593.16,103210451,103435308,86400,1,price_unavailable,,0,0,0,0
1781017287574642147,fast_tip,H,0x947af604e08b4278de287cc3df8be84b57f04444,9,1389235161310679,863607550357640,-525627610953039,-0.000526,-0.31,-0.378358,0,0,593.16,103241451,103435308,86400,1,timeout,,0,0,0,0
1781017287574630458,fast_tip,M,0xba4de1f8eb717c604b30629f26d5fd6224d74444,金门,4340130495546896,4340130495546896,0,0.000000,0.00,0.000000,0,0,593.16,103072469,103435308,86400,1,price_unavailable,,0,0,0,0
1781017287574641367,fast_tip,O,0x969bfc1c8cd69e20865b9724bb11f9e9b8394444,9,109551241230141121,109551241230141121,0,0.000000,0.00,0.000000,0,0,593.16,103154410,103435308,86400,1,price_unavailable,,0,0,0,0
1781017287574639467,fast_tip,M,0xba2aa17f49e08647688d90446516685bda1c4444,白毛股神,4099932305361911,503179519773984,-3596752785587927,-0.003597,-2.13,-0.877271,0,0,593.16,103082496,103435308,86400,1,timeout,,0,0,0,0
1781017287574622358,fast_tip,M,0x4b0b9c8b3f610c4132b0215f641f7e646fca4444,无事忙,506789334705748,506789334705748,0,0.000000,0.00,0.000000,0,0,593.16,103146074,103435308,86400,1,price_unavailable,,0,0,0,0
1781017287574655717,fast_tip,C,0xe6c238d6e4b756c9dbc9a0989e012dcb80774444,Mythos,5062799271750170,1633700471811433,-3429098799938737,-0.003429,-2.03,-0.677313,0,0,593.16,103150339,103435308,86400,1,timeout,,0,0,0,0
1781017287574655087,fast_tip,O,0x30e3c5b3bb3c2cdbb92f74b2168cf9f3a0e54444,9,126502458109331199,126502458109331199,0,0.000000,0.00,0.000000,0,0,593.16,103240918,103435308,86400,1,price_unavailable,,0,0,0,0
1781017287574654727,fast_tip,A,0x4e6cbe10e9f7120d19d0fdba68b092545b6d4444,地球Online,1024104248366056,0,-1024104248366056,-0.001024,-0.61,-1.000000,0,0,593.16,102806521,103435308,86400,1,timeout,,0,0,0,0
1781017287574655447,fast_tip,M,0x55592be595ee1743762a8342ffdeba9396854444,stockman,1338624488867955,1338624488867955,0,0.000000,0.00,0.000000,0,0,593.16,103188506,103435308,86400,1,price_unavailable,,0,0,0,0
1781017287574654437,fast_tip,M,0x40c8e667da086375b60eb2518ba0dec2eeb14444,sakuya 表情包,7987278896409832,7987278896409832,0,0.000000,0.00,0.000000,0,0,593.16,102959798,103435309,86400,1,price_unavailable,,0,0,0,0
1781017287574622118,fast_tip,K,0xba2aa17f49e08647688d90446516685bda1c4444,白毛股神,100800402245015395,24013299845443072,-76787102399572323,-0.076787,-45.55,-0.761774,0,0,593.16,102997862,103435309,86400,1,timeout,,0,0,0,0
1781017287574629438,fast_tip,M,0x87bfaadfaae832237c6a5b2e8837cfd1c1947777,BULL$TOCK,5394001688736780,1128713765081481,-4265287923655299,-0.004265,-2.53,-0.790746,0,0,593.16,103058288,103435309,86400,1,timeout,,0,0,0,0
1781017287574630818,fast_tip,K,0x64e42d99fa091cf0507c42e21eb3c4418b9a4444,冬冬,90720362020513856,79668040962400586,-11052321058113270,-0.011052,-6.56,-0.121828,0,0,593.16,103193943,103435309,86400,1,timeout,,0,0,0,0
1781017287574638277,fast_tip,M,0x118ee5d95d987496b47aae99a4bd2d98dde74444,不要回答,8692805684008473,8692805684008473,0,0.000000,0.00,0.000000,0,0,593.16,102873600,103435309,86400,1,price_unavailable,,0,0,0,0
1781017287574638897,fast_tip,O,0x319ea04e0ead8b9595f065f0ba3dca872c904444,一键币安,213067258014196849,213067258014196849,0,0.000000,0.00,0.000000,0,0,593.16,102985986,103435309,86400,1,price_unavailable,,0,0,0,0
1781017287574619968,fast_tip,M,0xdc22ff889add3a49fe2e349ed2bbb4f9ac044444,新疆小羊,2689965585547950,0,-2689965585547950,-0.002690,-1.60,-1.000000,0,0,593.16,103095552,103435309,86400,1,timeout,,0,0,0,0
1781017287574620718,fast_tip,O,0x4b0b9c8b3f610c4132b0215f641f7e646fca4444,无事忙,131185931687800477,131185931687800477,0,0.000000,0.00,0.000000,0,0,593.16,103156556,103435309,86400,1,price_unavailable,,0,0,0,0
1781017287574640267,fast_tip,N,0xe80c968c474bf9292220bb2ff0c73c2c1db9aaaa,宝贝鲸鱼,2416504384695710,0,-2416504384695710,-0.002417,-1.43,-1.000000,0,0,593.16,103074583,103435309,86400,1,timeout,,0,0,0,0
1781017287574638597,fast_tip,O,0x0ac2aa2f6ddc398329ef759924f5ea93883b4444,FIN,195576681240003437,195576681240003437,0,0.000000,0.00,0.000000,0,0,593.16,103026109,103435309,86400,1,price_unavailable,,0,0,0,0
1781017287574654157,fast_tip,C,0x4710233c19b775340d0ef62013ecce929e1d7777,NEXUSTESTING,10511902376859071,8057207498089798,-2454694878769273,-0.002455,-1.46,-0.233516,0,0,593.16,103217784,103435309,86400,1,timeout,,0,0,0,0
1781017287574631157,fast_tip,O,0xc04e4f0906269082f683eb9bbcc7f607d87d4444,419,117930601777514022,117930601777514022,0,0.000000,0.00,0.000000,0,0,593.16,103154021,103435309,86400,1,price_unavailable,,0,0,0,0
1781017287574631497,fast_tip,M,0x390dc320cd362ff098e32c8e496e5e855e4c4444,迷因股,7188551006768849,272824068461393,-6915726938307456,-0.006916,-4.10,-0.962047,0,0,593.16,102973848,103435309,86400,1,timeout,,0,0,0,0
1781017287574641037,fast_tip,M,0xc14c2ccab656d6ff5928502c3e7455de13d44444,PredictCup,1552575171271307,1552575171271307,0,0.000000,0.00,0.000000,0,0,593.16,103240123,103435309,86400,1,price_unavailable,,0,0,0,0
1781017287574641837,fast_tip,M,0x1422a7591f10887385200e3300d2de28ab4a4444,哇咔哇咔,2178872124293839,2178872124293839,0,0.000000,0.00,0.000000,0,0,593.16,103144588,103435309,86400,1,price_unavailable,,0,0,0,0
1781017287574621318,fast_tip,M,0x888f9963b95b05b57d8433aea4a33e400d864444,satisfaction,1830830485866941,1830830485866941,0,0.000000,0.00,0.000000,0,0,593.16,103202589,103435309,86400,1,price_unavailable,,0,0,0,0
1781017287574639697,fast_tip,D,0x8dbdd9c7161e3d57a07a14907ef0f6447c9d4444,金克拉,11429255906404641,11429255906404641,0,0.000000,0.00,0.000000,0,0,593.16,103039708,103435309,86400,1,price_unavailable,,0,0,0,0
1781017287574637997,fast_tip,D,0x319ea04e0ead8b9595f065f0ba3dca872c904444,一键币安,34944476769123065,34944476769123065,0,0.000000,0.00,0.000000,0,0,593.16,102985635,103435309,86400,1,price_unavailable,,0,0,0,0
1781017287574639987,fast_tip,N,0x64e42d99fa091cf0507c42e21eb3c4418b9a4444,冬冬,2151779899083631,1682527947326830,-469251951756801,-0.000469,-0.28,-0.218076,173237,173680,593.16,103083146,103435309,86400,2,timeout,,0,0,0,0
1781017287574621058,fast_tip,M,0xc03dbb5d45e910ddc0b90f4aaa28a61a00ea4444,6,728378355924865,728378355924865,0,0.000000,0.00,0.000000,0,0,593.16,103064124,103435309,86400,1,price_unavailable,,0,0,0,0
1781017465271729761,fast_tip,M,0xb8cc4a6691c2e04edd8481bfff0f3e3df04d4444,Serenity,61747467136632,0,-61747467136632,-0.000062,-0.04,-1.000000,16215,16257,591.67,103244016,103435974,86522,1,timeout,,0,0,0,0
1781104532406043804,fast_tip,L,0x1c1d3c24528016b3384d9b546128fae605c24444,BNBWORLDCUP,31990734771192985,15414887657789982,-16575847113403003,-0.016576,-9.80,-0.518145,6321,8072,591.19,103437184,103437246,29,1,kol_sell,0xa9e9558f6af1339da33e23d68bd2404cf0c67a1b9aeb9309026a10cb727b89e0,1,4333,4333,3886
1781107455152018792,fast_tip,M,0x761a1ac0c31d6715aadf83a11142d5dd3ca34444,CAPTANN,3671969625714790,4676199517399505,1004229891684715,0.001004,0.60,0.273485,24090,26141,595.55,103443667,103443791,57,1,kol_sell,0xdd539d2a63a553807386e25fb0a9cd1ebca5c8d8511e4ca7b4a022aebd353295,1,42412,42412,33288
1781108068996171174,fast_tip,O,0x1f107a249c6a3ecc5525506717f54cb844cf4444,SPCXB,127363503996397819,141879134130133848,14515630133736029,0.014516,8.63,0.113970,11077,13161,594.53,103445028,103445063,16,1,kol_sell,0x5d1b2971607c985c5fdd19ef9a7ac2e370e02dcbabc37cf83035ad5f98d32f65,1,15380,15380,14661
1781108068996171174,fast_tip,O,0x1f107a249c6a3ecc5525506717f54cb844cf4444,SPCXB,40950892721453138,34004292766161975,-6946599955291163,-0.006947,-4.13,-0.169632,11077,13161,594.73,103445028,103445133,47,1,kol_sell,0xba04f1064b9ff0e89c5493a3af7f76bc400ec883551f48aeecbb671427a31d41,1,11725,11725,10932
1781108980136702824,fast_tip,M,0xbd74119c14a61d359a57cbe3b241e0c41a0b4444,CAPTAIN,7167545968278196,5842077550825276,-1325468417452920,-0.001325,-0.78,-0.184926,74995,75196,587.18,103447051,103465306,8221,2,kol_sell,0xb579314f92ae4c98a967dc23ab38f757afd1a24b7dbff0594676b52fa1c30113,1,64284,64284,55302
1781107291965374603,fast_tip,M,0xf97331d75a23be2fa381b9f07406995360a94444,预测比比,4079966250794211,819106026103896,-3260860224690315,-0.003261,-1.92,-0.799237,5086,7453,588.43,103443304,103478576,15884,1,kol_sell,0x6bae6d489092b9125be685d7eafeac5e019cc1dfe1ad3798570045f29de5af11,1,3453,3453,1477
1781139053166678891,fast_tip,O,0x44449ba264dffdcf903128c6800d9e4d3998adaf,安小将,84518742737874152,181314976427152137,96796233689277985,0.096796,56.93,1.145264,276227,277446,588.17,103513824,103514789,435,1,kol_sell,0x6d9d3b4582c4915fbe6a09df97f5335bc6d381f2d3f2f4d66cea7c33b33589c5,1,597603,597603,594533
1781139053166678891,fast_tip,O,0x44449ba264dffdcf903128c6800d9e4d3998adaf,安小将,84552556997821292,273363345303446753,188810788305625461,0.188811,111.22,2.233058,276227,277446,589.04,103513824,103515428,722,1,kol_sell,0xc86ea7b02d50bf0848f2957b9836fb07da062c9b5ab0f824eb61d1a6c201eb36,1,926733,926733,897328
1781054795977204226,fast_tip,O,0x3ac8e2c113d5d7824ac6ebe82a3c60b1b9d64444,客服小何,110649054612199191,66735659810613503,-43913394801585688,-0.043913,-25.99,-0.396871,6801822,6820265,591.80,103326856,103519228,86691,1,timeout,,0,0,0,0
1781055142851883441,fast_tip,O,0xe4d00b8391db17da150d6c9e0bd4c6a0db4b7777,SPCX,99584149150979272,78703025132586186,-20881124018393086,-0.020881,-12.34,-0.209683,15315,15514,591.00,103327626,103519894,86644,1,timeout,,0,0,0,0
1781150569932423577,fast_tip,D,0x0b26b2576a68bf11152ad45acf57467326e74444,啦啦队小赵,12374011416248687,8211130791174445,-4162880625074242,-0.004163,-2.48,-0.336421,5962,9159,595.26,103539388,103539688,136,1,kol_sell,0xe4c0786bf252818a3e5ba7d81caf0d2451c03d8efc651705a2a2229a444a3db6,1,6948,6948,6076
1781150569932423577,fast_tip,D,0x0b26b2576a68bf11152ad45acf57467326e74444,啦啦队小赵,17522837566549765,13670296551528082,-3852541015021683,-0.003853,-2.29,-0.219858,5962,9159,594.61,103539388,103539990,272,1,kol_sell,0xbed40cebfb4d7897632e27453a368f711dea3f373b5f4a448f85fe12ce487426,1,7847,7847,7136
1781150569932423577,fast_tip,D,0x0b26b2576a68bf11152ad45acf57467326e74444,啦啦队小赵,13149140114714865,12187484991194843,-961655123520022,-0.000962,-0.57,-0.073134,5962,9159,594.77,103539388,103546515,3213,1,kol_sell,0x0fceca6c66134db2e5baf5d061539c1c7d8de059a062346975890f89512bb892,1,9249,9249,8480
1781067819465408040,fast_tip,M,0xd364f9c14a7fcca616f72ec80d9fe79c681a4444,鼠鼠的一战,1202303718238197,1202303718238197,0,0.000000,0.00,0.000000,5444,6832,593.35,103355762,103547860,86568,1,price_unavailable,,0,0,0,0
1781156929881087002,fast_tip,L,0x97ab2c27adb164f734a497d6c9f0ebd2e1934444,足球人偶,30333150059852685,20367011461344524,-9966138598508161,-0.009966,-5.92,-0.328556,9352,10667,594.40,103553506,103554534,464,1,kol_sell,0x1f4bc9193431c2a4c95bdb86c93905c7ee178cdf5e8819bc5d54fadc66156c7c,1,8025,8025,7164
1781161850178020818,fast_tip,O,0xc7d23180faee037dbf6e136807dd935099247777,乌干达红十字会,212175870429505758,994190687224319,-211181679742281439,-0.211182,-125.62,-0.995314,10026,10444,594.83,103564428,103564663,107,1,kol_sell,0xf0ab59321356aa0e12db4e2ca732d89ba188605d52c55c3bb65f70fc8f5f00d9,1,107,107,49
1781169256879972138,fast_tip,O,0x5deda17d55095c991b2809a553c01238f6257777,babyasteroid,95509745457393279,0,-95509745457393279,-0.095510,-57.18,-1.000000,8475,8828,598.66,103580864,103581099,107,1,kol_sell,0xe99bd600b12cd968ef206acde2f9bcf431e0ad20587cd41445135bec5b97440c,1,72,72,0
1781169256879972138,fast_tip,O,0x5deda17d55095c991b2809a553c01238f6257777,babyasteroid,95547956997884335,0,-95547956997884335,-0.095548,-57.25,-1.000000,8475,8828,599.22,103580864,103584178,1495,1,kol_sell,0xa1491ebe41012144a4e2f2f48688e1ffd6ab68fcb2615e189d78422f9571e237,1,48,48,0
1781169231951325063,fast_tip,M,0xebc883e6e16a9851f15b5f734c10364b471a7777,万亿人生,1417687222804184,0,-1417687222804184,-0.001418,-0.85,-1.000000,3897,4942,600.65,103580809,103585908,2299,1,kol_sell,0xede9677e554764988eecb6d5c6589ce3e877245efdadd34241710ad216cc8182,1,205,205,0
1781172818160888994,fast_tip,O,0xb62481f7e1fea51119742ea60db6b8c5cc174444,喵斯拉,130649078092967937,128194597071892048,-2454481021075889,-0.002454,-1.47,-0.018787,4321,4941,599.24,103588766,103588789,11,1,kol_sell,0xe9ce27720a37d239ddecbcba33b56535d1e37b2609d1dc7e2417e62fc3f99743,1,5261,5261,4848
1781172818160888994,fast_tip,O,0xb62481f7e1fea51119742ea60db6b8c5cc174444,喵斯拉,41302854116781915,33037145460572281,-8265708656209634,-0.008266,-4.95,-0.200124,4321,4941,599.22,103588766,103588887,55,1,kol_sell,0x84271ed8b7c8fe58229b052e30de5154a07926a39c7f38355f8d72b6a29d3a73,1,4189,4189,3952
1781174793238971012,fast_tip,O,0xc594a0d4167b72b7a45305008b1128fda6b24444,6999,170879913242021300,118708939895365030,-52170973346656270,-0.052171,-31.26,-0.305308,4007,5216,599.17,103593149,103593231,38,1,kol_sell,0xac3d34908f180c92bdde4b1795146238800e810940748e791210d61d5c404067,1,4118,4118,3624
1781176788124410710,fast_tip,O,0xd834f78cca3b807146b791f88337093d0e977777,Martian,165662815907355673,591379599925546,-165071436307430127,-0.165071,-98.81,-0.996430,12446,13455,598.57,103597574,103597846,124,1,kol_sell,0x00a61acc5833abc06050e8fcaf5f43cea6c9e1960e407a4ef0bf982aee886119,1,139,139,48
1781177226283287881,fast_tip,O,0xd45168477d116069e2efa9b1fed9a8687cc27777,小行星,44746701682983798,0,-44746701682983798,-0.044747,-26.87,-1.000000,9523,10269,600.46,103598547,103599203,297,1,kol_sell,0x5ed8498eb30e37395dee1f877d7aa442629af276c64cb9116568d3efd5345eca,1,64,64,0
1781179192062973898,fast_tip,C,0x0c55c20a1d9bba0c1bdf26356eeca5fcb7d88888,郭璨,9738352328732173,0,-9738352328732173,-0.009738,-5.85,-1.000000,6501,7412,600.24,103602909,103602910,1,1,kol_sell,0xe1bcb88fdb567e9b7a30596727423e3d384c5ddd65df6bc318408b23cf83952f,1,89,89,0
1781177226283287881,fast_tip,O,0xd45168477d116069e2efa9b1fed9a8687cc27777,小行星,47705950220951793,0,-47705950220951793,-0.047706,-28.63,-1.000000,9523,10269,600.13,103598547,103602974,1995,2,kol_sell,0x6a9321715239e71081762623e365661aacf62b0c5996f8ff48c591eecb4440aa,1,116,116,0
1781179161590192350,fast_tip,C,0x2e69f7fe8a2b599c92f9c11e00871a3a25424444,郭璨,10820391476369081,5016735572668687,-5803655903700394,-0.005804,-3.48,-0.536363,7485,9927,599.86,103602842,103603298,207,1,kol_sell,0x1c3cde065a57ee57a2c17ddd49aaffc4f43884d31cb5d0ce0849f5d561f6e367,1,6429,6429,4599
1781179990810132401,fast_tip,O,0xb5e8bb993289c904647dfc7c05a91ec8918f7777,satofishi,74350224582412219,0,-74350224582412219,-0.074350,-44.62,-1.000000,3810,4431,600.09,103604683,103604710,13,1,kol_sell,0x532adae0f2d7a2cef183c9c7014f27a7191917b756963f1730fb4a77ba04c874,1,57,57,0
1781180363821420117,fast_tip,O,0x9cc51d8954c91228ac7494b52d5b3a5fe0b34444,Cherry,32620345526895188,29637194947098397,-2983150579796791,-0.002983,-1.79,-0.091451,4257,5419,600.01,103605511,103605598,40,1,kol_sell,0xf757f8ac72e941c67335d9bd564d2ea87b13e7483e95e7ee9f0ddc43de402d41,1,5276,5276,4921
1781180557400976189,fast_tip,O,0x19df2eb975909d70ef65bfcdee9ed63634334444,石头,100824756075395406,74426421150269809,-26398334925125597,-0.026398,-15.79,-0.261824,4636,5468,598.23,103605940,103605975,16,1,kol_sell,0xbc57311c1cdc21b8d52b089f19200c5d7597133aaba792034855caf43b5b8d5d,1,4632,4632,4036
1781177226283287881,fast_tip,O,0xd45168477d116069e2efa9b1fed9a8687cc27777,小行星,57263843313946376,241332772065669909,184068928751723533,0.184069,110.10,3.214401,9523,10269,598.12,103598547,103607796,4167,2,kol_sell,0x270553c17e0aae6d4483f3b7d22f9c3b4f321132ab8420a87546dd24af912ddc,1,39989,39989,38383
1781177226283287881,fast_tip,O,0xd45168477d116069e2efa9b1fed9a8687cc27777,小行星,40103784632304626,166900924950500314,126797140318195688,0.126797,75.87,3.161725,9523,10269,598.38,103598547,103607815,4176,2,kol_sell,0x59d4e322b3c97e4bd3a194b11b1063c678069cab255d81c2ecb21bcf1c36f09e,1,39734,39734,37919
1781184407311870650,fast_tip,O,0x499ff4f0e3907f674e89596bb9ac440dd7544444,SPCX,62553731528024941,65470705570346071,2916974042321130,0.002917,1.75,0.046631,4946,5152,598.97,103614480,103614536,26,1,kol_sell,0xe01b00ab27a5813bb892389fd245542975d77c2e119878f5ce2b9480fe9dfd88,1,5805,5805,5392
1781184407311870650,fast_tip,O,0x499ff4f0e3907f674e89596bb9ac440dd7544444,SPCX,18766119458407482,28656513331209180,9890393872801698,0.009890,5.93,0.527035,4946,5152,599.07,103614480,103614560,36,1,kol_sell,0x7ce28da1aac2cddd1899898e9c6d9f979bdd0e455eb9c819e94a006478266ed5,1,8483,8483,7868
1781184407311870650,fast_tip,O,0x499ff4f0e3907f674e89596bb9ac440dd7544444,SPCX,8757522413923491,14327042911885325,5569520497961834,0.005570,3.34,0.635970,4946,5152,599.01,103614480,103614708,103,1,kol_sell,0xafea5338ed8922bece33d0d7327d1dff4a20c20c65b5d673784a3c1c09d36550,1,9150,9150,8429
1781184645377614778,fast_tip,O,0x39660827437c23b6c9358800cecd7afcdc404444,GOOOAAAAAALLLLL,61721071465894475,69953271593798454,8232200127903979,0.008232,4.93,0.133377,7445,9152,598.66,103615009,103615072,30,1,kol_sell,0xa66c2208ec8aaa83d0652a7761ac58383ee238a2b5551ab692f193c75ce16825,1,11114,11114,10377
1781184645377614778,fast_tip,O,0x39660827437c23b6c9358800cecd7afcdc404444,GOOOAAAAAALLLLL,12344214293178895,16294395167943508,3950180874764613,0.003950,2.36,0.320003,7445,9152,598.66,103615009,103615135,57,1,kol_sell,0x9c1acf7ef97986b35ba6b38a5089bbbce3ef5ef2b4e9bdf6fdf10344d18fbd77,1,13363,13363,12086
1781184645377614778,fast_tip,O,0x39660827437c23b6c9358800cecd7afcdc404444,GOOOAAAAAALLLLL,14813057151814674,16480717138192226,1667659986377552,0.001668,1.00,0.112580,7445,9152,598.04,103615009,103615204,89,1,kol_sell,0x34f0539021aa40ce2a0b4071b9b490dfae3012d6315dd67c5e7dee2724ef2e84,1,10995,10995,10176
1781184645377614778,fast_tip,O,0x39660827437c23b6c9358800cecd7afcdc404444,GOOOAAAAAALLLLL,34563800020900907,17731077873728946,-16832722147171961,-0.016833,-10.07,-0.487004,7445,9152,598.04,103615009,103615264,115,1,kol_sell,0xb16e3b070fb75959a80c7c959d22431a3fbbb01d99302f2374949b4d3d4202e2,1,5164,5164,4692
1781184857161585820,fast_tip,M,0x250253c840e1d1fdb78cf79b1f683af09aba4444,預言帝,1148326650471389,224945555364821,-923381095106568,-0.000923,-0.55,-0.804110,9061,12766,598.12,103615478,103615510,15,1,kol_sell,0x03a06c1150c6578ace9aa8b34af5cc81578101519e9332cdc06cbd12a20ddbc2,1,15366,15366,2501
1781184868254689454,fast_tip,D,0xf5468d90b23592ca6d3413877b19bb9a59584444,預言帝,49875211435145418,55207994828074115,5332783392928697,0.005333,3.19,0.106923,9823,12207,598.12,103615503,103615530,12,1,kol_sell,0x34007d349f6efdf24b9ce282e4221091c78dfba5694eb87a64e792801ce4bf97,1,14331,14331,13512
1781184868254689454,fast_tip,D,0xf5468d90b23592ca6d3413877b19bb9a59584444,預言帝,9165996937593025,18658511182800798,9492514245207773,0.009493,5.68,1.035623,9823,12207,598.36,103615503,103615637,62,1,kol_sell,0x784068f83af99f78f4b346184cfa80c830b5c291a3ca4fe2ea2cba72e1270034,1,27611,27611,24858
1781184868254689454,fast_tip,D,0xf5468d90b23592ca6d3413877b19bb9a59584444,預言帝,4650576864400039,5196912534856329,546335670456290,0.000546,0.33,0.117477,9823,12207,598.52,103615503,103615687,83,1,kol_sell,0x839d921748067435cd6be8f27e1c9664001257b27f2c91c1cbb43c21f3c493d6,1,16961,16961,13650
1781184857161585820,fast_tip,M,0x250253c840e1d1fdb78cf79b1f683af09aba4444,預言帝,1148326650471389,0,-1148326650471389,-0.001148,-0.69,-1.000000,9061,12766,599.19,103615478,103616746,572,1,kol_sell,0x5fe78080438e87a27732e2ffe45626d8400127e96a54924ad587fc1dcaa878b4,1,4249,4249,0
1781185685077624533,fast_tip,O,0xc7d23180faee037dbf6e136807dd935099247777,乌干达红十字会,61571937407988185,50050740117752319,-11521197290235866,-0.011521,-6.93,-0.187118,9315,9498,601.72,103617314,103617333,9,1,kol_sell,0x60e361ea566c0cb0e938451d1afde6e91dd418ae79541b6778a4b27a43aece0b,1,8656,8656,7721
1781185894756376138,fast_tip,O,0x369a25ac60eebce5175284fd7a557e72ca9d4444,Gamble,57917280673076982,60790577423473007,2873296750396025,0.002873,1.73,0.049610,7531,9007,601.32,103617779,103617805,13,1,kol_sell,0x198c841997452a26180b4ff52750cb22f7590af17c330a64b794019b3d5d5efd,1,10513,10513,9454
1781185894756376138,fast_tip,O,0x369a25ac60eebce5175284fd7a557e72ca9d4444,Gamble,57917280673076982,35815484401670487,-22101796271406495,-0.022102,-13.29,-0.381610,7531,9007,601.32,103617779,103617834,26,1,kol_sell,0xa286453fa66737004614bcf8e6dc4bacaa326e73eefaa0187e871ed5af28efea,1,6588,6588,5570
1781184868254689454,fast_tip,D,0xf5468d90b23592ca6d3413877b19bb9a59584444,預言帝,13959174493743378,5151163550424945,-8808010943318433,-0.008808,-5.29,-0.630984,9823,12207,600.91,103615503,103618784,1481,1,kol_sell,0x158bd8de868166ee1f410da223abbdb6e9a30480825da1f111ccd2d5f5876ea7,1,5442,5442,4526
1781186594714124315,fast_tip,O,0x1309ddc94428c1b7e198e8f95b61ea3eef964444,1,113911711394052917,54070674053618589,-59841037340434328,-0.059841,-35.99,-0.525328,9419,11891,601.42,103619332,103619355,11,1,kol_sell,0x47246f70d9dfdac93cc3427c679aa9cb41b7b182b5cae82c5cf7cd98e8480733,1,6427,6427,5645
1781100116853532541,fast_tip,O,0x237669a690370b196f56ca4d457198e435e04444,GOAT,87703310568835830,87703310568835830,0,0.000000,0.00,0.000000,13940,15007,600.35,103427390,103619761,86670,1,price_unavailable,,0,0,0,0
1781100674334580857,fast_tip,D,0x7fceafbff271771c272e3affc996ddd8e3ae4444,国庆,16864746455966093,11815048848320272,-5049697607645821,-0.005050,-3.02,-0.299423,8614,8973,598.91,103428628,103620425,86413,1,timeout,,0,0,0,0
1781186979804514659,fast_tip,O,0x4a0e6b273743a1c84505d2fb6237a774ea124444,安,23327917949506924,20576483829571088,-2751434119935836,-0.002751,-1.65,-0.117946,72738,73327,599.01,103620186,103620795,274,1,kol_sell,0xa5ddd88c5f602646a87b2da29733aa1e80285a1805d70de08d2b7a208e323ea5,1,69469,69469,64566
1781184407311870650,fast_tip,O,0x499ff4f0e3907f674e89596bb9ac440dd7544444,SPCX,35030089655693968,21953243297009887,-13076846358684081,-0.013077,-7.83,-0.373303,4946,5152,598.68,103614480,103621807,3304,1,kol_sell,0x6a288a468135dd44a4ba37f39e1664f5981fccf005c91c43fa0ab70961216629,1,3463,3463,3227
1781187767483599624,fast_tip,O,0x16d05e006c6e8add5975c688439740cee7214444,A股,54640558778930929,43696339544289577,-10944219234641352,-0.010944,-6.55,-0.200295,4886,4993,598.51,103621933,103621971,17,1,kol_sell,0xa33081fcdf9d16b10f1277fbef6c77b0a6a84b8ec4dbabe52a320b98756c6e7f,1,4498,4498,3993
1781186979804514659,fast_tip,O,0x4a0e6b273743a1c84505d2fb6237a774ea124444,安,46675673381616333,21752922376830272,-24922751004786061,-0.024923,-14.93,-0.533956,72738,73327,598.96,103620186,103622782,1170,1,kol_sell,0xc1b8066a651abce64b030e581295753fa8e040c39c96c8e1b2e4de40ba1162a5,1,37301,37301,34112
1781118300732377898,fast_tip,M,0xba2aa17f49e08647688d90446516685bda1c4444,白毛股神,3275861195824173,93508992853917,-3182352202970256,-0.003182,-1.91,-0.971455,416637,417701,600.25,103467750,103623854,70333,1,kol_sell,0x06f4a09471f8f6cbc18fa50527f11a6d23852dc7e501b0af72dd69674f8c5181,1,146590,146590,12155
1781169231951325063,fast_tip,M,0xebc883e6e16a9851f15b5f734c10364b471a7777,万亿人生,1417687222804184,0,-1417687222804184,-0.001418,-0.85,-1.000000,3897,4942,599.83,103580809,103624386,19642,1,kol_sell,0xc60ef5fbea27dcfb3c1b1a886f68a88483bf7ef62c60c603c53670d02139714e,1,145,145,0
1781186979804514659,fast_tip,O,0x4a0e6b273743a1c84505d2fb6237a774ea124444,安,46694347385769811,12825587258402823,-33868760127366988,-0.033869,-20.26,-0.725329,72738,73327,598.07,103620186,103626840,3000,1,kol_sell,0xf22cda3fea2a081a5c6bec9cb220fb990d230bd877bae4fb6129a980537d3260,1,21398,21398,20074
1781190041798373681,fast_tip,D,0x325f9d55e8dc334fc92327580676527d4c2f7777,SSTR,79488826852241320,0,-79488826852241320,-0.079489,-47.50,-1.000000,5246,7886,597.58,103626979,103627079,46,1,kol_sell,0x6b77e618e857df346311899504a37aa4b8a53e98098c6302fc12644536f174bf,1,50,50,0
1781190061106167252,fast_tip,C,0x325f9d55e8dc334fc92327580676527d4c2f7777,SSTR,9266190653125824,0,-9266190653125824,-0.009266,-5.54,-1.000000,5506,5549,597.58,103627021,103627089,31,1,kol_sell,0x939e12b1705ba18e215f916e21e52c8d188bae45d1711c83a4bdad0af8888153,1,68,68,0
1781195782886316578,fast_tip,N,0x23ea8056762d5e33245f488b9d30ddaa62185961,SHDX,1720749341353614,580899464474009,-1139849876879605,-0.001140,-0.68,-0.662415,158772,159179,599.12,103639722,103639725,1,1,kol_sell,0xa43cfd6a77463668a3494e1f9c758d6e7ce4605a0a65ec94b693eccf04078be3,1,156363,156363,53736
1781200843891678473,fast_tip,M,0x914a30daa640d760bf3edaac32253550d6e24444,拉布布,765024783656851,280421904191958,-484602879464893,-0.000485,-0.29,-0.633447,67789,67963,605.18,103650956,103653254,1034,1,kol_sell,0x33ef8b2fa5eb2abaf0414de475634f43e2ae19cd616df25e2bfffb75883ab642,1,113137,113137,24902
1781201737044717559,fast_tip,M,0x68485afea9a4f50d14893defe476970a6e7f4444,LABUBU,688384600830107,897228533553761,208843932723654,0.000209,0.13,0.303383,46493,46611,604.44,103652940,103655086,967,1,kol_sell,0xfd08ca16486a52fe890d9f288cad3c2495ce3f76d19f868c633feb2145f8d6ea,1,128513,128513,60694
1781201737044717559,fast_tip,M,0x68485afea9a4f50d14893defe476970a6e7f4444,LABUBU,756286672384375,520048561957506,-236238110426869,-0.000236,-0.14,-0.312366,46493,46611,604.72,103652940,103657417,2016,3,kol_sell,0x61225b2eb74b2c9855ebe20c3ffad6505a99e5d3d8df71f58c7dde589bdc2bc4,1,191042,191042,66011
1781117247932152054,fast_tip,M,0x1a014e03450a74f0e959c307b6c30f57d02d4444,富贵小羊,3639845773137969,780861565912011,-2858984207225958,-0.002859,-1.73,-0.785469,43786,43905,604.45,103465411,103657715,86639,1,timeout,,0,0,0,0
1781200239015358491,fast_tip,M,0x4a8f633e27b02c89d746ef02b402acfd807d4444,デブ,1700055074793003,270974252734771,-1429080822058232,-0.001429,-0.86,-0.840609,4067,4672,602.87,103649613,103668775,8629,1,kol_sell,0x7212ffff433bd2ae0c76568a7f376d87a12ec1692f03f0529662ffbea7d607c0,1,3614,3614,742
1781150569932423577,fast_tip,D,0x0b26b2576a68bf11152ad45acf57467326e74444,啦啦队小赵,39447420344144597,39447420344144597,0,0.000000,0.00,0.000000,5962,9159,601.66,103539388,103731619,86617,1,price_unavailable,,0,0,0,0
