d_block,tx,token,d_price,n2_price,ath_block,ath_price,ath_offset,ath_mult_vs_n2,first_sell_offset,net_flip_offset,dump_20_offset,dump_30_offset,buyer_decline_offset,max_sell_bnb_wei,max_sell_offset,n_events,n_blocks_active
96296830,0x974e82bc815de6d9572d91e71f17b36fa86e7b7e8aba78535a1cd33e668d684c,0xe0479f70ba1e2b8d069c106800bca7a8be2d4444,7.347510265365301e-09,9.475339602555958e-09,96297065,4.449740548200931e-08,235,4.6961277746716545,5,236,321,356,54,1153369075512518894,134,1637,913
96344543,0x1e4ccd7c7a580bb92b8d43ca25d690d2fcaa4d779c30c180bc6d6a600b8d81a0,0x22413ea64102480d0650e72844989ee7aab84444,4.765056527796527e-06,6.907697550514422e-06,96344563,1.217864290006131e-05,20,1.763053870121218,5,22,30,31,,571131073339479936723,32,99,70
96349707,0xa6702499ab0c25b68aedb8ab72364825dfb8299ed3ac5311a8a55911180b7227,0x1c61f1df90518869e395db10eb8c22adc59c4444,2.2764086856062943e-08,2.6404821759447755e-08,96349752,8.578965792543257e-08,45,3.249014846871166,1,46,46,46,38,2698830467654916362,45,746,204
96349799,0x321e97f39e010465be35042eccd8492374b902ec45339a1f9053f50ebd8f669b,0x1c61f1df90518869e395db10eb8c22adc59c4444,5.222973234665838e-08,4.475201050917089e-08,96349800,5.4958363504334436e-08,1,1.228064680872203,2,2,3,12,10,1317756278632963293,2,281,114
96463136,0x292a79b6fbe5f676389f6ec0c73c875138d50a7d4e1e1574b13129c143fb9317,0x555e72fa683af9502ac37c33c6d178ecb98a4444,2.2733890967937022e-08,2.5650572484426932e-08,96463174,4.2387595456192426e-08,38,1.6525009522468528,1,39,53,73,14,993549730109451733,52,1254,680
96503036,0x63f126296c6b991c5f0d43058a79a8dd950578ff377e94dd438b2846aca00214,0xf74231c255992ad52a03f5441c5ab1bf37924444,7.614358900092851e-09,1.3315427732542615e-08,96504094,8.830492648044691e-08,1058,6.63177543028765,1,,,,19,1599202062086803779,741,2310,823
96503336,0x678db7d31a5eb342e1464c1022157ff41e3cb1b436d6a28e0b9cfd47cd4d5b83,0x27a1764dd1dee5308ad632eb6f3fb8856ca6ffff,1.0503246234517255e-08,1.503770676341707e-08,96503351,2.917049713032834e-08,15,1.9398235109420254,2,17,22,28,24,912013719394238554,7,379,219
96508274,0x78a42d65f917fe13aadbc1c1a26b3b2156bad8e625c024983e04bc726eebec6c,0x65fc1103f72b8d6c6c8f1a5336cf283bed764444,4.759809444450503e-06,7.021248343281375e-06,96508798,2.658337356185981e-05,524,3.7861320754018637,5,526,680,697,55,520829459287613096156,1442,1071,778
96509681,0x7fac6b97b10db3e0ff3724ad91a34f1860a715845260b9cfd9e490f4989a348b,0x7bece81ab03372f4604a561a66c04a027cc14444,1.0659959414329264e-08,1.6301779612976027e-08,96509700,2.1580887975866143e-08,19,1.3238363226728944,5,21,31,35,23,803649259061840620,35,381,226
96510149,0x8d5a3f59240b1c1d099d02ec0c9c586bc35062810795b9b37ce618bc7a857cd7,0x5e7c1bcfe00a0a3fe6c4c2a85ead2c8e135b4444,8.828336070840503e-09,1.4236737316419313e-08,96510158,2.154176807221282e-08,9,1.5131112974437317,1,11,13,27,26,734050661584802961,65,216,122
96510222,0xb7ffc52951d32c848c2f9bb29f43512574cbd10610766e8d8586a78de73948e1,0x57bfba6261f2cca23c9f0ae4990990b672f84444,2.3210839714944423e-08,2.8944820455559152e-08,96510223,3.781685262087555e-08,1,1.3065153635669704,0,2,2,10,10,1163181046260672926,9,352,142
96511155,0x31ce3b597ad6f0033d979b422add50b7c13660832511b1bad64deef4d340beac,0xa4b79ddc047d301e1cfa21e1d4b524d1260e4444,1.0523920068144512e-08,1.929432220168943e-08,96511168,8.871339591144101e-08,13,4.5979016512781765,3,,,,,999253091962613322,8,201,16
96511158,0xa1260ceb3aa1365f2e807f5f0148cbfb0f44e2504b25173bcd294dd531832e44,0xa4b79ddc047d301e1cfa21e1d4b524d1260e4444,2.0644025428200917e-08,3.372753501659992e-08,96511168,8.871339591144101e-08,10,2.630295865611831,0,,,,,999253091962613322,5,186,13
96511449,0x8cfdc0cf1a23003464d66b7daea3aba306c6ea45e2fc7dab9b08b0edb96db01c,0x460b51e30ac278e695079f1df833c63dd2534444,1.1766193614476734e-08,1.9077868055837336e-08,96511451,1.9077868055837336e-08,2,1.0,5,5,18,109,48,682972264291682350,5,40,22
96511978,0x80b45bab76e95d6676a80e0b04968e21d4358411c27242e74e1849c6647defd5,0xf08a9f2385ea62d0569f322dd1a407fb34cf4444,8.878555015567435e-09,2.9513377616739643e-08,96511991,5.075442514646661e-08,13,1.719709136838316,1,14,15,27,41,1269219697086255489,21,1147,413
96515886,0xc4b582ef42cd11f7a79bb087dbd99ba512c0e76a3aad1e276faff218c073937a,0x7bece81ab03372f4604a561a66c04a027cc14444,1.244608187538069e-08,2.312469230141596e-08,96515887,2.4815834175964916e-08,1,1.073131432518365,0,2,4,26,,906533345898693082,2,181,128
96519764,0xeae2aa48344d99383fcc5992e3c789ccba7487686e03de051d96fcd5571f102c,0x93a9daa25b6c4c121b5161bddb8e9cd578224444,7.347510265365301e-09,1.231246034115919e-08,96519789,1.853453860103577e-08,25,1.5053480853925567,6,27,27,27,13,1280090448849860607,27,193,109
96520980,0x4bab212da346b7969cb16202762cbdf04cefefc9545733246a1bce122f2f063c,0x685b166ec4c3114b898979e80886ac6d9eaeffff,8.547201545468267e-09,1.3573472765719416e-08,96520982,1.3573472765719416e-08,2,1.0,5,5,19,20,,911645765048447957,21,44,29
96521059,0x65a5a6873df9fc4a65d9909a30e50380456ada05001279194550e1c02523fb86,0x2a0175aadbfb2db91aaba8013fbb5ff24492ffff,1.904214699579209e-08,2.3501094371196443e-08,96521064,3.359710366715922e-08,5,1.4295974109331993,1,7,29,38,10,785945853734939129,107,710,334
96539305,0x1e5f5f9a4f10884f625cb59aee8cf45d7105b9e68ff63b924aae61287d8ef1d4,0x89937972592fac6c24bed6d7fcab5ffd92264444,7.85531819510944e-09,1.2402629337136414e-08,96539307,1.2402629337136414e-08,2,1.0,1,7,19,60,16,598721447705471278,19,95,52
96548092,0x59fd730f9b1cd4eb75b27a4310bbe41380a81e1202ee6a870944d832cabe112e,0x61cd06799478689ab7b0ff4fa2db929c04324444,1.1250458251279822e-08,1.785388183338822e-08,96550252,2.5629348454084635e-08,2160,1.4355056616402408,2,2165,2207,2458,29,764985151433964337,3,316,264
96549208,0xe25351f6256b099a51a8047d59a76d65360cef2dfafb7063da4ca852224c6f59,0x22bb43576955726e85418c320caa325b99364444,2.071651063127165e-08,2.8441726563735416e-08,96549822,5.444212222549082e-08,614,1.9141637587820415,3,616,728,735,13,1055485978754682236,1282,1671,1105
96632275,0x716da0322f5777ba412f7b2f9c38948347940a455c3c0ee5495e3545caa8dfd0,0x64fa7f75d769a559a76c37a83255ba3a0b954444,1.854730986983316e-08,2.5634782682983683e-08,96635013,5.280920004224712e-08,2738,2.060060375596699,3,2739,2991,3620,16,1222030154764915019,2134,1465,992
96634756,0xaa3883bfa16c01c9683e102d711983e0215e01d8a35ec90e4a3f9ab04b56f0d1,0x479b19544c8888b1efec169cadd4bfa4a13a4444,1.0967000887417154e-08,1.4826596988792373e-08,96634875,1.9769801033864345e-08,119,1.3334011202171752,1,120,140,141,12,786088238915652852,5,379,214
96659636,0x15d01798e63ca10588c26f4efb726a6f5b90293e13001d370b7f6a315c0e1aa9,0x424d96dcfb58f6d48a9ec581712df9600d684444,7.974127303530567e-09,1.36296341056822e-08,96659692,3.055427224287797e-08,56,2.2417529337885806,3,57,66,75,31,756531813660610644,28,426,203
96660209,0xd33301b68ccd5610432cfaf38940cc54b1ee563d5b85fe251db94b54e8ec46cc,0x827077b2490f8225e219e3be75e66df47de44444,2.4100326453994773e-08,3.194550249446768e-08,96660227,3.7787806092647264e-08,18,1.1828834465568778,2,20,24,42,34,1047255895985123673,44,384,180
96661191,0xd40e6c4aea8dbd6525d23d1117793cc934d4dba46acf6edd8b05c9e61a1f6d7d,0x27b8d57c9e412757af6d7efabcbb637224f14444,1.3210166329356612e-08,2.3043525326185984e-08,96661221,8.738308944043788e-08,30,3.7920885890293143,0,,,,,1815919887197105270,16,251,31
96662838,0xd9020bf724374f7fe0a4210f4ac15998d8836fbe92ae14daacb175c46f5b0ca7,0xa51b6bd9011a5c72a4599a2f17620af849324444,9.973810625431373e-09,1.36717278118466e-08,96662839,1.675395490263624e-08,1,1.2254453228741784,1,2,9,9,12,994826171829285924,8,51,24
96662857,0xbd49f94b70507896efd76a5f108c400b37225f9825bd66535c8382aea9153534,0x06561f40f21954232a80de814e870f360daf4444,7.45283427849493e-09,1.2593210412188182e-08,96662866,1.4129949043730698e-08,9,1.1220291396112307,2,12,30,30,19,968061527852932174,30,198,90
96662870,0xd3c6078a2d20461bebae03df65866124a3d53e32229f8629c2b3424ccdc01ca3,0x06561f40f21954232a80de814e870f360daf4444,1.2925567466450266e-08,1.3353789957258306e-08,96662870,1.3596175061239972e-08,0,1.0181510346319262,1,1,17,17,10,968061527852932174,17,183,83
96667184,0x76e6f13ab195228f4567f7443af2dfb4a6664295c3f1baa782aa75a82cdc57d6,0x13a687f766f8d00fa40301d08f55276f39174444,1.0828639219688103e-08,1.7141760796232353e-08,96667217,1.9138848830047407e-08,33,1.1165042528334663,2,36,50,51,14,691430173070226693,2,234,123
96670884,0x49271ea85aafec677ff626d04431f8545f2e7550ce069f26553943297160615f,0xb6c9318aeae30a348573559a28c222e448824444,2.4400206470823353e-08,5.2896110954034386e-08,96670889,8.258960837958278e-08,5,1.5613550200571724,0,,,,,2867968906369911357,1,77,6
96677785,0x4d812b75aea8f7e3cb7cf5cc3cbeb7793e3338a89df17e9e8df5bcd51cb586af,0xfffed044efa7c973a39475f235d7fbd71ba34444,6.775978527666507e-08,8.670961191866413e-08,96677787,8.670961191866413e-08,2,1.0,1,,,,,1145974305814910102,1,37,3
96680314,0xb1763f5e630efbb3ebb1bf7c4c49a724e7dbe2507a15a923c4a7da5638fba651,0x4ee40f2681463631db040e97478965634b224444,7.45283427849493e-09,1.2965103086572717e-08,96680339,1.4453460696305841e-08,25,1.1147972059917162,2,26,31,46,11,974572146765040903,73,107,59
96680380,0x020b9f593f129bc7514ecf4fd924f0f71515eae95c5876fa6bd0997573d649ba,0xb74cf9a95eda650bb72f5fdd289e01645b2a4444,8.929628006500829e-09,1.6307661600277106e-08,96680402,3.018107885144269e-08,22,1.8507300182712794,2,23,24,29,28,1022166636933598075,23,590,228
96683860,0x0d872af6dcef591ec11ef4cb600732ed236c80650d68e1730180397306841cac,0xfc609c26ab53f813d3c163d833942a372cba4444,1.3137686312482342e-08,1.8695246393032425e-08,96683913,2.16870924697575e-08,53,1.1600324496306245,14,68,702,,22,610733884069208951,702,92,61
96684872,0xfc0d1f22a202f033b163c624620746d35e7b0d0d8ac74944d15c62a35daf9888,0xac6c9a6d237af8fd16e1377fbde13bd9f9d44444,8.295564292909943e-09,2.3851701091673663e-08,96684876,2.7018229430248117e-08,4,1.1327590148142452,5,5,5,6,17,2724606604632315512,5,138,54
96684873,0x54b589f2e86437916537eb2928a4f1adbbeb820a0366d0cf51d24a3355ebc625,0xac6c9a6d237af8fd16e1377fbde13bd9f9d44444,1.7873040779194853e-08,2.5599344745041866e-08,96684876,2.7018229430248117e-08,3,1.0554266017094467,4,4,4,5,16,2724606604632315512,4,136,53
96685993,0x51b7f080c1ee60015e4da6c4273da3dedddf3b5e0afa7b03d908b0a78f561343,0x18ce97d189c0bb4b041380c49bd381842ac44444,2.4680570676375515e-08,3.9213211646476655e-08,96686303,5.569299285801263e-08,310,1.4202609406265427,2,311,383,575,154,941930919098115574,2898,1653,1071
96708031,0x3d0a90ff3064cd13d713d4fbb9b26c55566adb62602b92b131ee2899b66d0c65,0xeba859190bf2b9e94c27d1dcc63a68dc613a4444,1.1073818730315296e-08,2.4675590557728084e-08,96708055,4.929913311751463e-08,24,1.9978907091273146,3,25,30,32,43,2311150540277764590,18,573,122
96708173,0xf073aa289fecd1384f1485906af3dcda7d075d69ab2d1138770eb86fd496fbd1,0x3efef415b6bc411df570d4e624c92807d28d4444,1.7560723891750803e-08,2.983965901243175e-08,96708191,4.6298653004952425e-08,18,1.551581168727952,1,19,20,22,24,1559887757691367581,7,351,94
96708811,0xb8fa58f77274357264d2410503dc959f36ab7b3b09b447347766bbfc866dbd10,0xfb236f587aa1bfcf04822388aee2883a1da14444,1.3928314766030462e-08,2.144028029842129e-08,96708828,3.251715662086095e-08,17,1.516638596523166,2,18,18,18,29,2178779564247657071,17,257,86
96815840,0xd3a5cdc23ce68e7bba55e1fa6ccd73da837c96145dc11d541e3b01b7f0731db8,0xaed6160b2fd8735dee5a8a80a487f6f771404444,2.471830320513057e-08,3.3452631593154614e-08,96816919,3.595910930749506e-08,1079,1.0749261745630003,3,1089,1482,1485,30,787758895559358326,1097,237,188
96821587,0xb08fe2140ea9ae4c3e5cc4ea2170442bdd6fbe89d6b1cc1537a03c9b8a2e3ad6,0x8ed916bd7734a370a76b2da1aef3db38341e4444,7.966682141741963e-09,1.1295479634400275e-08,96822540,1.2475198098458856e-08,953,1.1044416441127263,10,954,,,33,348694475445447452,14,65,42
96837710,0x845065247eef232c527c9fe4d97f826df5fd302498ec0b278ace6c833df6ffd1,0x5b30197a9383dd071247f60ebbf018f4d24e4444,9.962345014061987e-09,1.4155983895570085e-08,96837711,1.764182950607229e-08,1,1.2462453783656149,0,3,4,24,13,1015488803474994051,24,113,58
96837780,0x0b6a29113d698b969c2990a062286d01c74fcf69725ce253027bac89c0b837e0,0x5b30197a9383dd071247f60ebbf018f4d24e4444,7.305698378194493e-09,8.18676897100303e-09,96837798,8.715085123959486e-09,18,1.064532925605659,10,28,78,81,28,538761806277176938,77,63,34
96863370,0xc51487888b492849f2055d3365703c6d44ef2a26b5e627ff40df965bb5be6555,0xaed20c65e299ec3927805bb0de1b07e389a14444,4.6496378289303034e-08,6.73564914770032e-08,96863415,8.891448681944523e-08,45,1.3200581691491806,2,,,,29,1242221950905736333,35,317,46
96867022,0x313bfe8e01b10787251089a5917176801df8ebda5d7a9561dbdf12766d769bcc,0x406c203adbef18c3c5b4a1cf2654099768104444,7.46330203464466e-09,1.1647230769705546e-08,96867051,1.933734975766532e-08,29,1.6602529940388728,1,30,37,49,11,687751589711083922,1,236,131
96871884,0x1d683855c57da756dda00c150712ac692127d847a9c0215218e040c94b4c24c9,0xd25718e0801d872cca1379d57ddc631b56e04444,1.2823548028785018e-08,1.6365146894339173e-08,96871967,1.832097208201127e-08,83,1.11951161821521,2,89,124,3205,,569205259153651780,2,72,54
96881958,0x601d24c84ec00db3736beaf98f8ca2a1dba1bb02c4549b75b8bb113c3541c1d9,0xcdbfbe07c8e2091260c9836d33851e9d89934444,7.526623616565777e-09,1.3880499607918734e-08,96881988,2.7765774029661846e-08,30,2.0003439943776704,4,31,31,37,36,1105246616225063096,26,297,104
96892606,0x0fdf479a392d7b58b50325ef0dd5f67200960f7dece221d5cbb9997a71975de2,0xb1a3e0fd84a203e26c41c96a30ba110f7f874444,1.1607630138417277e-08,1.8289780995674964e-08,96892870,7.666405556688357e-08,264,4.191633327102853,0,265,278,279,28,3432402027161042799,6,1779,566
96892606,0x62d3e1d146290a9746bb5f1c3aae9688c6df14314af65daac202d44866533a0b,0xb1a3e0fd84a203e26c41c96a30ba110f7f874444,1.4488979706670914e-08,1.8289780995674964e-08,96892870,7.666405556688357e-08,264,4.191633327102853,0,265,278,279,28,3432402027161042799,6,1779,566
96892727,0xa0962973381aa8f6e71fc06eed87750bc3b90d8438dd64f88bd5b3441feb4a79,0x3ea823a8bc35894a41a3676165b1b50701b8ffff,7.131865547591642e-09,1.251165316526656e-08,96892729,1.251165316526656e-08,2,1.0,3,3,15,63,17,689639656035110950,3,44,33
96893015,0x56687f9e9da80a6152e0cc7440e0f55db32852d719c76c92247cecd8dbc5e1e7,0xf52def6b67a7e8cfc2fcb8f870f46bbdbfeb4444,1.5805002815060774e-08,2.057597529666978e-08,96893025,3.8399977239625597e-08,10,1.8662530784550773,0,11,11,18,23,1270468608027760435,20,346,85
96893068,0xdbae072d1dc179456454919909ff1bde0c460519e730b261d222c9321f0caef0,0x38d55fa973ba497e6e8c6efa723e197367444444,2.953744795990434e-08,4.1594998638971906e-08,96893093,8.900506243962849e-08,25,2.1398020279350685,0,26,28,29,62,2947075837986649759,27,2224,679
96915791,0x091072dcdff074e6f3c4476d7e09e4b23c78ce502c8b94d04907a8c62ab2966f,0x2320a067491f0785fa0dce9a884310e2456f4444,6.950823441574207e-09,1.209589815136376e-08,96916174,8.734744643783485e-08,383,7.221245197735631,4,385,,,66,1441966791097837064,378,887,313
96917072,0x73ca043f0d6dc8441bf1363f6754c2d27932c531584d4aff28d64f115f217616,0xcffef8f03611f748e1b3d408c9e0e4e81e544444,1.5315763478981068e-08,2.3495101463226912e-08,96917321,8.902299886878655e-08,249,3.7890025292344394,2,,,,15,1935980833906749838,146,1281,240
96917171,0xecb0e4e9459a4495891e4539f790623a1c8e0c8bfe4363fb175579d6a62d9d4f,0xcffef8f03611f748e1b3d408c9e0e4e81e544444,8.15964153207726e-08,7.22784797143858e-08,96917321,8.902299886878655e-08,150,1.231666731516325,0,,,,10,1935980833906749838,47,750,145
96917642,0x7c25be3a179a28686f360f20a7a94abda3477b90cef798f9eff8100f913985b5,0x49478821f26e8515daa7fa8e9eee15f5d57e4444,9.39283280992963e-09,1.7057205365266886e-08,96917651,2.049454243329849e-08,9,1.2015181850967778,3,10,10,11,17,563290773631606859,4,114,47
96920852,0xb3ac17114010b52257512ff707191c927a7b2912fac8c59dd28ce948096cce96,0x789d3335fd1995cbb7100c59c0ce1aa84d6d4444,7.391494125967048e-09,1.624246881130218e-08,96920854,1.624246881130218e-08,2,1.0,3,3,3,23,11,862492608042365098,3,76,41
96921006,0xf180faa499a7adc62226dc2550240ce7e23946ae0fc49f74b0f532846e3d176e,0xe2b296db9c0c0854ed69f47eff434b54a7454444,1.462323030373723e-08,2.3067259344075196e-08,96921896,4.1269144170563296e-08,890,1.7890787784966418,2,893,957,958,11,818121740519796873,81,1227,719
96922183,0x089140e63f637aa7aaed574cdc5fe0e869fd23d563146183ef2e47519d85f47f,0x8cb201a2ecdb6216a9d29d89834c2fdf19334444,1.295599370757414e-08,2.2623561092369942e-08,96922190,2.7974748578751523e-08,7,1.2365316169516005,0,8,15,21,13,790554681844364900,4,593,248
96925908,0x22bfbc65d2190ebce1309fdcf1202c0e03d242576b3317321b87e8935135d145,0x14af377c704afd9ad159e4853eb7456565f94444,2.364694484273013e-08,8.906543545001255e-08,96925910,8.906543545001255e-08,2,1.0,1,,,,,1582862232223002507,1,16,3
96925909,0x57a866a3d06ae3f06559338ca44c1b0ba9e1ecffbdb39bb761fb9c10c2dad145,0x14af377c704afd9ad159e4853eb7456565f94444,3.621424554142423e-08,3.621424554142423e-08,96925910,8.906543545001255e-08,1,2.4594033126586514,0,,,,,1582862232223002507,0,12,2
96928579,0x298a0dcc1f2e07ce06fbc13de876304223e81432524ea962be5c8b32b9bd2c62,0x3a5bb79e187651e9383e4f0b33acef94cb4a4444,1.670849037829013e-08,2.7227226994170957e-08,96928844,4.338067670112654e-08,265,1.593282955712451,2,267,270,276,180,1362055638206063161,297,557,309
97028411,0x5e2940a8054b8305b34af9ae101530e50a2b63d74e9490ad538d7f5a3ea2f1eb,0x61d6624ff5f522ccc3aba4f1ece23471fd1a4444,3.1193267113659985e-08,4.1679693832645714e-08,97028426,4.94368481416919e-08,15,1.1861135146575952,0,16,24,30,17,1187579667498593604,667,1369,716
97032409,0x70c1e73611ed37ccb1973c7b23748597cf3d4306be9156f58fbd6ac7507275cc,0xbf7e97b2ab688bbe7f3ae55e835325dc55024444,7.805808744987054e-09,1.3778577677754977e-08,97032410,1.582314842252886e-08,1,1.1483876487538165,4,4,41,85,21,812981202685424935,4,249,183
97049372,0xa3c83f5fc85aaf526fd43a32abfd8b91b98786b3ba176c746a35b115201800b2,0x3ea4ee6f65632fe587806a2b0835d085ffbb4444,6.2580994891904335e-09,1.2553531561749889e-08,97049401,1.6424168700596e-08,29,1.3083305378894168,3,31,35,37,15,864779716591522492,3,177,103
97049696,0xa6f53a989ae821ca0539778a62d7d20e013c0093f7e87823d2753b0b3f3b0034,0x7e2c8dca5de50d75e27813dfeb09201dbc1e4444,8.337772882624051e-09,1.4770377679411468e-08,97049698,1.61994384312331e-08,2,1.096751808439781,2,4,5,30,22,845372619202532389,5,210,115
97066552,0x0add61793e28dde3e6528b90e5ec0e80a1a5b09ec3ac2d9fa79358f557f7f483,0x01c7e6a3f92be57ec903de40c6836fe58c2f4444,4.791611686447348e-06,7.23904146623301e-06,97067031,1.2500602358153322e-05,479,1.7268311580287545,3,481,525,529,26,528918137352220120773,3,467,315
97068453,0x741f136c0a1462e034de37ffa28e517cfa4aec58bfe86ebc3b2dcc7ce8275a1c,0xb21e86d936066fedc20c696d4583aef021da4444,1.1071155416157926e-08,1.6323367985590545e-08,97068466,1.978045003713133e-08,13,1.2117873011619003,1,17,19,30,19,739442004253140442,3,157,75
97068601,0x3c934ba5f7224626d7151fa0ae5b588a1b17239a569315119e7e08c16c0485f7,0x0c1d90bf3025e9f84b8c9d98042cde9505dd4444,2.0700774492539913e-08,2.278759666415095e-08,97068608,3.271948828444821e-08,7,1.4358463846221194,0,8,8,26,17,1369670654781703507,1061,827,397
97068829,0x4d88b907298137282956842402b57bd9e386528c8368bbfce77fdac4f8252734,0xd45b4e2af8c5f426b475eb0f1d162ad40d884444,6.433243621843495e-09,9.219773017479095e-09,97068857,1.3679346562768438e-08,28,1.4836966741843602,2,30,45,60,16,602149320392640966,2,113,69
97086639,0x1c783250c6aaff900c10be1003e37279ec0170184e2f4218549a318c2f77f79d,0x6d3730b42dfc2b7e189f538f41a79f59bfd04444,7.817992209136724e-06,1.1402588059787818e-05,97089458,4.099650598410168e-05,2819,3.595368504864198,1,2820,3013,3143,14,1048927639178984124213,3100,3016,1862
97095475,0x6e68c8aa1a700ecc83d2318adfbd2d99f455c98028449a01eadbd8f384358456,0x4f4f762bf9da96f8fad5c73d96d95a2e81904444,1.1313184944489161e-08,1.8280287748342043e-08,97095483,2.0549688843481823e-08,8,1.1241447140428962,6,10,16,58,16,831575211510768358,16,114,91
97111316,0xbd6a5ecadd9a4a5cc81a4dfd9419d03f7190410e1474c18afc85ba311537dc19,0x4c9c2832ad0f1b07158292b09c84579c95674444,7.816529213587747e-09,1.1919597018939318e-08,97111317,1.2780367728258358e-08,1,1.0722147492026233,1,5,51,54,33,988109726386550320,51,71,27
97111330,0x794dafcf2e955dd0ca7a3884edaae661dd8b09f953c236000eb6e8a5698aec12,0x4c9c2832ad0f1b07158292b09c84579c95674444,1.0930568209731194e-08,1.1274434745449494e-08,97111333,1.1310142331230994e-08,3,1.0031671286931625,0,8,40,42,40,988109726386550320,37,53,20
97111398,0x0e0c0137b5ae83a780617287a9db0f6f3df5169025a040929e7526315763ee70,0x14dbf5b6f15f4e0236bb19d7f18ff02f7fd64444,2.262725646650561e-08,5.37374436575054e-08,97111402,8.814851348914821e-08,4,1.6403555414909783,0,,,,,1339644598744871560,1,30,5
97111398,0xf833476562cf8db88761b516e225d0713ee149621b44730496520115da854007,0x14dbf5b6f15f4e0236bb19d7f18ff02f7fd64444,3.585519619587165e-08,5.37374436575054e-08,97111402,8.814851348914821e-08,4,1.6403555414909783,0,,,,,1339644598744871560,1,30,5
97114386,0xf5295082511ffb163671abd599551686d65e87b0ccf88c3aff90fcff2ebd4858,0x7bd03856231791c085e66831e9cecb5451d94444,1.0634180399347635e-08,1.4984027350300765e-08,97114387,1.6645663058398614e-08,1,1.1108937983928933,2,2,4,6,,2329635247286917362,121,135,101
97115200,0xeb74d3b0148a633a9f0b815094e88d94bcbada6b3ea58b1f34c4753941843047,0x6fb43d298dd833441ae30a76ee66d0f6e3be4444,1.2785833066443229e-08,2.127360410550185e-08,97115211,3.1708535743549506e-08,11,1.4905107562544582,1,13,13,15,14,2002694525703015418,8,187,56
97115201,0xb2a465efc41752e3ccb7eed8ab93e2305bae90791646e4b697cf056adaca4f9c,0x6fb43d298dd833441ae30a76ee66d0f6e3be4444,1.8527648202012086e-08,1.9213321855336723e-08,97115211,3.1708535743549506e-08,10,1.650341152992349,0,12,12,14,13,2002694525703015418,7,184,55
97115222,0xcb255db13cd479fbfb35c4f0d2298e7809d58a74be9af69b13d472cc006f2218,0x7c10c66015329a3a093447ef8cd208d6dcae4444,5.309571261875137e-06,8.590487752772534e-06,97115246,2.459529104915353e-05,24,2.8630843506197343,1,26,26,27,33,1165705329320678587328,17,483,170
97115223,0x4f1b1c23dd55e407d501bbfe8a00846622a8c6d411a530a630d33774f09885f3,0x7c10c66015329a3a093447ef8cd208d6dcae4444,9.99071240511531e-06,9.587677756193407e-06,97115246,2.459529104915353e-05,23,2.565302221725753,0,25,25,26,32,1165705329320678587328,16,478,169
97124288,0x7840bc615cc5d9deb1f09a59186dcbf8527dc06d2649623612aa16903aacbe8e,0x25651229a3fb237ca349e628d9b2a63838f14444,1.355820703877908e-08,1.744944017919579e-08,97124289,2.0476704246121252e-08,1,1.1734877472192338,0,2,3,4,10,1822529372399126570,2,80,36
97248077,0xd269e0325786a321c7f0ce533f94c82abf2225c10bee1dd8722afe9fce69c777,0x75cdf4747f394d9779ad664ece40d7366e394444,7.773292914503132e-09,9.989765857687565e-09,97248286,8.872976424450272e-08,209,8.882066457665898,0,,,,95,1195745615498963725,140,750,180
97248229,0xcbe78502873b13b8c45a3ffc872590692ee7b2bf75d86f08ebe58fe2cbe966e8,0x75cdf4747f394d9779ad664ece40d7366e394444,5.9143472509022564e-08,6.026874190899961e-08,97248286,8.872976424450272e-08,57,1.4722352157023073,0,,,,14,944000705175576708,6,336,57
97265641,0xfe296d218e076d392a1d90bfc71a7137e912bd28ee6f026a082298f9d97efa0b,0x1c2cc463d5769c09c525a2ee8da797a411414444,2.1688447238059357e-08,3.39711029607267e-08,97266429,4.851072421441104e-08,788,1.427999681685146,3,789,885,1524,17,839638165363041212,278,1226,957
97266313,0x81c84bc744d14c2c8473f19ad8147f41c003e27a0e6f15a582532af47bbaba78,0xa6c483c0948ad0d24f0033b898653c2b0c854444,8.02134243159786e-09,1.5959059531306882e-08,97266353,2.794334314597309e-08,40,1.7509392136270088,1,41,42,49,12,1224237627784623132,5,454,246
97278930,0xc568bbb88d36b700219907b3cec9c4703cc26ece6dd9a8d1c94b4d426e05f392,0x7aa7b61be9099fd0cba6ed02585b4ffbcba44444,9.299865569056347e-09,1.2601146407730129e-08,97280393,8.687956608685508e-08,1463,6.894576356446357,2,,,,11,1857817824497294097,1237,1447,768
97280062,0x68e52bb75e4fe73f322d99317a177913a867ae3f4c8e128ffda6fd070995aaf0,0x7aa7b61be9099fd0cba6ed02585b4ffbcba44444,6.941641511443174e-08,6.99010853653221e-08,97280393,8.687956608685508e-08,331,1.242892948411299,0,,,,15,1857817824497294097,105,463,221
97288298,0x65099544f698d82ff2e62c25f023d5893546a84206182518a8e161e432e3a4c3,0x34cb6826a19c35127372890e0bf4a69c8a534444,1.1650744046779349e-08,1.6875144689737278e-08,97288519,2.2437113696813458e-08,221,1.3295953373637575,1,223,256,289,10,748317337928444031,42,616,351
97419778,0xafb32e0e227f6e1f5b6c0896022fcd9773ed4106407d391ab658226bf48fd626,0x13f702763b36ec18be2811a0c7fc4aa574e54444,1.1527102548748155e-08,1.5506386834989056e-08,97420002,1.640077356215691e-08,224,1.057678602803184,3,225,,,54,558170272756009584,3,38,23
97437554,0xc328b5fbf674c9b953b1a373b4ec04d42c80214adc066f01940d5e8c41b0a4fe,0xc89b35bedf4e02bd5f73f9e3044e653707304444,7.586471973699393e-09,1.2853429981354614e-08,97437605,1.6148028254803626e-08,51,1.2563205524306125,1,52,53,53,13,729309313200474816,5,174,97
97453526,0xc962d49fb5ea5b1d82cd35419ee7f5ab58c154be54ed26810a6e6c3a4a67083d,0xd9f2455561acd6187e574852f1bb16c016b34444,1.2730804663272894e-08,1.914870580081678e-08,97453528,1.914870580081678e-08,2,1.0,1,3,6,9,10,731343923721260049,3,214,117
97479103,0x6516a20e5a174e62751ee42fdb07788c91607861eb6db22d4820fed044fbbfa4,0x0c1d90bf3025e9f84b8c9d98042cde9505dd4444,7.702795787389321e-09,1.0676418097888895e-08,97479119,1.4865008969144948e-08,16,1.3923217349538124,5,18,19,34,19,591046583543776300,5,95,52
97495582,0x529340982773c71bfe6e11603c84714dd8437f7c93246390dbe6d2791996a828,0xb7f98359b287c6d40695b4055d60db692b234444,6.8321066912654406e-09,1.9093012540140633e-08,97495644,7.820302881395624e-08,62,4.095897839565355,3,63,65,78,27,2701849880414005694,169,1425,304
97495582,0xdc81d27fedc26501eb99088ce757911f4928bd4a09207029f2fb24b2d7c30b7a,0xb7f98359b287c6d40695b4055d60db692b234444,9.893539581923967e-09,1.9093012540140633e-08,97495644,7.820302881395624e-08,62,4.095897839565355,3,63,65,78,27,2701849880414005694,169,1425,304
97495640,0xf3ef45dc84f38506492a7adf7fc26fd296eb8a8d3f9d91e133dd1baebbf3803f,0xb7f98359b287c6d40695b4055d60db692b234444,5.915485571271673e-08,7.438991764885398e-08,97495644,7.820302881395624e-08,4,1.0512584404663743,0,5,7,20,10,2701849880414005694,111,947,246
97495916,0x2d69ecf262caff49d28c6adbd9093904a8c835cb85dce6f9e165c546b8be5555,0x305d46a5c2302f1ca066d1e5d61013a5a2894444,7.665725603063845e-09,1.2855057881093755e-08,97496013,2.6968507162611264e-08,97,2.0978907611357007,1,100,103,105,16,2078993023628118964,304,450,256
97623541,0x4b8da1ab62bb8925192074ea8dec98f03ac9a65085f6355af589d49020910cb7,0x5177b93950833dd74569091fad3bfb3a1ab04444,1.7759235257050898e-08,5.137822557103066e-08,97623545,8.620070535076085e-08,4,1.6777672718881258,1,,,,,1574462531786096684,2,85,5
97623541,0x5d6ee13d01aa8a2fb7d6108fc79263275649db7ca3ebae2aeabc7a7d6d971a43,0x5177b93950833dd74569091fad3bfb3a1ab04444,4.788754226258329e-08,5.137822557103066e-08,97623545,8.620070535076085e-08,4,1.6777672718881258,1,,,,,1574462531786096684,2,85,5
97627203,0xf7ff418d722bd36ec99d44debdc961cb5cc03d5a7b380a6bf7d89c5484e433b2,0xf07b42980cbfebb661bbf1d4432f54b053874444,6.2580994891904335e-09,1.254681535038794e-08,97627240,2.0934957177320595e-08,37,1.6685474833797802,1,38,48,56,13,1146294736165879091,29,305,166
97627204,0xcdd30f004c75ed49750d4e127aa07da43d9063b188c002be96254a33d4294f6b,0xf07b42980cbfebb661bbf1d4432f54b053874444,8.842258126633297e-09,1.4884493725004546e-08,97627240,2.0934957177320595e-08,36,1.4064944071394139,0,37,47,55,13,1146294736165879091,28,303,165
97646180,0x09d27cf91c0ce56cc7c45d5ebc73bd780bf7ffd2dac514d251769337b20735fe,0xb99680eb5da239ecba6798f2c3ee3b74b0764444,1.722797611571592e-08,2.2776460321037143e-08,97646191,3.076457948005031e-08,11,1.350718199685974,3,12,20,40,15,949259133913491531,39,338,142
97655040,0xb9391a1ac7240e2edddbdab68a6cd4cee35d7a2b8526d68fd9013e125d16a6bd,0xd94b9bc6a483450a4f3c72a3d2a0d8470a0e4444,2.5617919378940818e-08,3.8719940821294156e-08,97655786,5.066261592254878e-08,746,1.3084373283619977,0,749,1221,1380,16,862642664896938887,140,532,409
97655857,0x01a524975a5b381b00f44d1145e8045300b2c491da3a3ae097d56326ed02c810,0xfa33e56e11294ac0dcc7c8768dd5403089b84444,7.366862257013121e-09,1.1933798973822058e-08,97656106,2.6548279532581985e-08,249,2.224629356571047,1,251,302,361,15,771505334102095235,197,727,455
97656314,0x4faa14387099e284242909e80f5b3d29c5e3203c20cc82fc49d40833d963ebd6,0x0816851d2ff7e24aa7f7bc9b67ce210ec9fb4444,9.813107282513032e-09,1.603687372327427e-08,97656324,2.0022050308272213e-08,10,1.24850083961279,4,11,21,35,10,1075170532008938713,81,467,313
97656361,0x1ebb7c51bf4314c6e194d87c0a08dd91f5dcd7ac7d5ad08f778bd72e01081809,0xf1a8fec3d0dde76d9d0029c261f2e41b16f44444,7.557111101262129e-09,1.0228500014283146e-08,97656368,1.3911872591282208e-08,7,1.3601087717510463,1,9,34,55,12,779127559414174281,137,123,74
97659217,0x95a182a48b9d9be00dfe61380d4c772b4b9f380a73d37625b9464df0d6b47d9b,0x7efbc149b5cc4bcbaef9db1c83d82c8207e54444,7.665725603063845e-09,1.346590179072072e-08,97659232,1.828370854496755e-08,15,1.3577782482838807,3,16,20,42,13,693858863871426896,19,150,90
97664765,0x2c7181cd76cc68127f24a4ed963e1792154e7247a7fb6274bdcaa4fc9fd92a1c,0x3a57ff2d51636f633fc7133e8dabbf5269064444,1.4395437757975334e-08,2.5460676497050764e-08,97664767,2.5460676497050764e-08,2,1.0,1,3,3,5,11,1037285492435710028,7,359,205
97667040,0x6758ef173f4bed63361f5eb9db2e72b86e9f0799c382e0f7785f362aec6b21f5,0x23faf69fc75f2e3f49c9fb470c246efde5894444,7.965688214764979e-09,1.530542175198358e-08,97667074,2.5332626608147295e-08,34,1.6551407088709718,1,35,40,69,25,1202133674200940644,11,406,169
97667067,0x9547aeb5b398ced51cc89e449f22cc75b6a274f6c7fea94599a17bd7e62abf73,0x16f024ae31462d1498cbb7d065fc7b09c45d4444,2.26596921632446e-08,4.0515706809159976e-08,97667343,6.277262494471852e-08,276,1.5493404876384038,0,277,300,313,10,1331349347951614032,407,1629,744
97667330,0x7473358dd38ca9054220b12705358c5c018933d50ce6635e999426c00b30d288,0x16f024ae31462d1498cbb7d065fc7b09c45d4444,4.673061366980155e-08,5.879397591690495e-08,97667343,6.277262494471852e-08,13,1.067671032036287,1,14,37,50,11,1331349347951614032,144,960,522
97672226,0x633a9c7c9132d80e3195ba4b36bb2e9cbbaca0efc45ebff9a9298923b545a6c2,0xfb3d32dde94e97184d5008ec5ce610a60d514444,4.429030478430454e-08,8.723878624515094e-08,97672228,8.723878624515094e-08,2,1.0,1,,,,,1693172172978270208,1,14,3
97672226,0xacbcc9384f93defda18324f45338a0c7ff4e05619e79f27031e69312c0628281,0xfb3d32dde94e97184d5008ec5ce610a60d514444,5.227100333411812e-08,8.723878624515094e-08,97672228,8.723878624515094e-08,2,1.0,1,,,,,1693172172978270208,1,14,3
97673350,0xc72243a7d44bd1b93d4e79bc53ae0f08d6987bdcf3cfba66254744ecbb797efb,0x057cee2a4d3458121bd84179e83d7cea35e04444,7.424259496204229e-09,1.3944936304284129e-08,97673352,1.4495579499264664e-08,2,1.0394869637956947,2,3,9,19,12,720629514223000915,3,118,76
97675259,0x8764ebdeaa883033da2da3a1d67b59c1463633c183fef1dac88cac5cf28e1b03,0x180ebbf447539381d33c306b881828046ff94444,1.5340000455295307e-08,2.8763205549643448e-08,97675270,3.902264597734132e-08,11,1.356686267460375,0,12,12,12,21,1633320929240982151,12,201,64
97675288,0xe861152db05c0a52d3e27cd6ce488bd33a3eeff95286dc862c28fab44a789f01,0x3997eea48106d8995ce214d7581e80d528444444,2.5236231961846664e-08,4.13875827168679e-08,97675290,5.126630731852205e-08,2,1.2386881270460859,0,3,3,3,34,2180050295914899838,1,393,118
97680065,0xcfb9031da2bff0636cb805140a9ced69e0e180e62938efe6bf6e21ac458c6414,0x15e566cbe69035ed452d86821a2db77579714444,7.45283427849493e-09,1.2261997144044888e-08,97680090,1.4912290236583576e-08,25,1.2161387791405431,1,27,28,42,13,804872385936617945,7,156,97
97683890,0x7986b6b5ebfa7ab150987e68b0be5c4270dad2eaaf47dcc4a54246408e978f62,0x52b5ec3ed4428a8c9323e57f3ae4386522c14444,7.493053467756454e-09,1.4514349269206315e-08,97683894,1.5615459606852558e-08,4,1.07586356902561,0,5,14,14,13,816497840973065718,5,84,30
97683923,0x28172def440bb22379b164c5fc72722b21d4a7a1ba907d560960e14f47333229,0x870e4ac6d7ea93b059b61a6dbadba5282def4444,8.987308815093648e-09,1.2704827205972022e-08,97683924,1.6291361382342893e-08,1,1.2822969662023413,1,3,2,3,12,877380882787370126,1,45,19
97683924,0x25b7319d5e0c0a4ec2690778ec6924b5510d2204e2bdd5c8827ce058430e7762,0x2d636f87e73f31532aa4d81049917238ac9b4444,1.096026591038065e-08,1.5193801372686466e-08,97683925,1.7862071635329348e-08,1,1.1756157130920224,3,3,13,20,15,2094562155668673399,23,109,56
97687984,0x70224b36e511e5b48a197b62bddc5425532b635ae0d174a385bf1e7b6c136713,0x7b622113f96109e2121fdd319ece221e52ec4444,1.2924146719633672e-08,5.728850649984514e-08,97687989,8.839678112541451e-08,5,1.5430107455437587,3,,,,,5364825926998266245,3,62,6
97687989,0x774bf856aaaaec8106bdbb61d0660f4801918e8b23addc1582ba4a5df4844953,0xf9271bfe52aed80eed321e3e4253efd721584444,1.1218023201142708e-08,3.223970280737294e-08,97688002,8.807489978174707e-08,13,2.7318769130094185,1,,,,,2089829472178843623,10,77,14
97687989,0xfd0ca87b839158931a3f01ddcc0efdf4c7e27bd20e7e8219c41038dcfab92ee5,0xf9271bfe52aed80eed321e3e4253efd721584444,1.3058764597650876e-08,3.223970280737294e-08,97688002,8.807489978174707e-08,13,2.7318769130094185,1,,,,,2089829472178843623,10,77,14
97687989,0xb704871c09ace04a0ab6ad640050d93340187a386980317542b3b4ae3e02eef3,0xf9271bfe52aed80eed321e3e4253efd721584444,1.5039076719779804e-08,3.223970280737294e-08,97688002,8.807489978174707e-08,13,2.7318769130094185,1,,,,,2089829472178843623,10,77,14
97688000,0x49c23ceed8e4bd6c62dc60bc824bc5bf7af46006fbbf6de1f64f4ea1d6a68909,0xea2a54aedfc18f8b190d954e1550c640ecda4444,1.2855946683059537e-08,2.2071556521695852e-08,97688017,8.89635371486041e-08,17,4.030687054678491,0,,,,,2949308220661048270,3,179,18
97688015,0xef40462fa8580eb4a991e9c7959e0b745e76488f76024a726410f81623b88cd7,0xea2a54aedfc18f8b190d954e1550c640ecda4444,7.26119068644815e-08,8.89635371486041e-08,97688017,8.89635371486041e-08,2,1.0,0,,,,,628723419264655740,0,46,3
97884172,0x2651e6f8dc2cbc74c973b9b998e34ec95aa89400e97ab672429041352df86c08,0xdf790e8f05be6a83abd827d33f994cad3fad4444,6.433243621843495e-09,1.7629137363233108e-08,97884187,3.298779765597581e-08,15,1.8712088388836507,4,16,21,32,16,1658458389843288196,32,240,91
97884174,0xc598611c0cf06938ff7bbf5ee41435e0fca011eef5836a2f8aff8108b4649d8c,0xdf790e8f05be6a83abd827d33f994cad3fad4444,1.3833737961763474e-08,1.7915257972356003e-08,97884187,3.298779765597581e-08,13,1.8413241777973484,2,14,19,30,14,1658458389843288196,30,227,89
97976641,0x63407c03f8d162ba5fc838afb23f1a94fbbdb33dcbe327e0500fd6565e4ee92b,0x446f1ca9ac47f99a514c77c3f796ea374c904444,2.4109793919442626e-08,3.025030200129354e-08,97979585,3.6694761508269014e-08,2944,1.2130378568352773,2,2945,3087,3583,13,768325354469129741,163,1247,920
97977897,0xd42e8a40d25db4767cdd25c788b8e1feda72fabb0709a79e042371cf53b3303a,0x14c0a7b1e7fb41528de0711c811b55ab3bba4444,4.297651408310549e-06,5.865044840129996e-06,97977997,7.630181297195948e-06,100,1.3009587318051654,1,107,124,165,,412347578752485097897,1,106,81
97978409,0xbfc8885ab39eeca1e79d56c12318230b7b7d9b9506154db4f5fcc528c1e0a8d3,0x5f6768d92e965852c82ed8c8b7529d9b09974444,4.178340073435458e-06,5.7562733388901e-06,97978411,5.7562733388901e-06,2,1.0,7,7,31,32,,501331924836540080922,7,18,16
98018679,0x6974bd8a996c921b42cb7c78e7608a725cb9bf7b20c56b9566c77d604ea9d1ab,0x0eeae29384f2ed6c0c6be04e2b2727967bba4444,1.8120278851438715e-08,2.3918386731400344e-08,98018689,2.8987930271497908e-08,10,1.2119517339119785,0,11,16,24,10,1137549357670268908,2,294,137
98031464,0x5d027e8a724b6912c9fecab28b6cd7dd58f1f159d12df31996ae9fea476ffafc,0x4d14f5c56b0e71ae5c4cced6939e448e2a584444,8.950987637549106e-09,2.1049903278877874e-08,98031496,4.5936196591803926e-08,32,2.18225214544799,3,33,33,33,13,1932522846782691752,33,514,119
98031465,0x64d6bf7d75eb256c3d4dcd13c66bfce84578529861c22cc5172eae4d4d62497e,0x2dbc62750a1896fb6bbdd0cf9fcb2f66361c4444,1.5026497822743617e-08,1.784695684673793e-08,98031467,2.488076472651041e-08,2,1.3941180527400738,0,6,3,6,12,2225219850537224288,2,106,41
98031465,0x0cf85ad19a800adc102b49dcd485d4e0aeeeb848accd83008cc4e1b4fc31d505,0x2dbc62750a1896fb6bbdd0cf9fcb2f66361c4444,1.747632535652759e-08,1.784695684673793e-08,98031467,2.488076472651041e-08,2,1.3941180527400738,0,6,3,6,12,2225219850537224288,2,106,41
98031480,0x8f9cba0e03b3b058fab3a0cda5a8d13f7a373e050ce0e5c300779142c986164a,0x4d14f5c56b0e71ae5c4cced6939e448e2a584444,3.5979154536426915e-08,3.663279777501863e-08,98031496,4.5936196591803926e-08,16,1.2539636441071846,0,17,17,17,11,1932522846782691752,17,436,104
98031491,0x6f6a0d510e0461affcb904634dc967b37df5f79c007f6bf0d1fecb8af3a149f9,0xf3ce5038e5a446a38069846ce0f54dcd95524444,9.227904328413845e-09,1.5963175971973657e-08,98031530,8.863904727489737e-08,39,5.552720049601646,2,,,,,1004773466318218595,15,267,38
98031518,0x8ce5cf4bf80d7ded8f4cfae9b2e35821c1707063a4f2b4ae3a4e5508c3a3ec74,0xf3ce5038e5a446a38069846ce0f54dcd95524444,4.506889494176388e-08,5.353707293764464e-08,98031530,8.863904727489737e-08,12,1.6556573307273723,0,,,,,953597769841392942,6,155,13
98036136,0x72101bf62afa7749eda1cc1c2e553a80e152a1cd33dded2f6c98a9b1805a3cb9,0xc36cf61b116d1da19a881559034d28eb62254444,1.1171406145690593e-08,1.4367271491122633e-08,98036137,1.8953470324391343e-08,1,1.3192115382591934,3,3,3,4,,1301284699735450231,4,86,66
98038920,0xa37fd02efff66aecb6f5fe5a17becdda7f45bb0bea51353790f5afefaadd3ad6,0xa655dbba4a937d9e852642e32f5ec211aadf4444,6.2580994891904335e-09,8.5428971782824e-09,98042834,1.8557806265076794e-08,3914,2.172308278771529,3,,,,,552991558845740615,3,100,93
98051896,0xf6d2810874f5e1f0a777ec02af3ebb3df5c0de5bd75c8f4a0e5e396a24054f96,0x4e20c44ec1cec338f5e5bd10666138d755b24444,2.6742093042325762e-08,3.949410306405917e-08,98052065,8.834504494439865e-08,169,2.2369173646279186,2,170,,,46,1216887826276641493,120,456,155
98053385,0xa07bfcdd97b3abce7f3505095ab8f51b02a90440250d943bdaf482053dc7cb67,0xf80898dd382840228f13c3f61e7bd23706a04444,8.012573136352892e-09,1.285343229419741e-08,98053443,1.5536836763192087e-08,58,1.2087694872136279,1,62,71,100,13,718980658429664622,6,132,84
98073249,0x1b5438c490969e0fe81be6116b9d598479148d8176a662f2e95d519db1cc3523,0xac02e1e4802757483409d92d51d9c7cb6b794444,6.2580994891904335e-09,1.0364408120993722e-08,98073347,2.284125261690652e-08,98,2.2038164022738753,3,99,110,131,18,939536475602500899,130,445,283
98075171,0x18df81552d8cdbef1227b629d098c5e0af6f188b8a15405164ba1f14d3cb08d3,0xb4296123fc65d0871c50fcda4ac7d5da3189ffff,3.6656936354268143e-08,5.3128754134573114e-08,98075238,8.87740475925472e-08,67,1.6709228183233116,0,69,69,90,10,2654440340432112632,76,703,133
98075213,0x7032b2223aded23133f0a203109ea083dc1aabb413e66d812bf96c295a7e2ee5,0xb4296123fc65d0871c50fcda4ac7d5da3189ffff,4.642037142404102e-08,6.032443838065223e-08,98075238,8.87740475925472e-08,25,1.4716100137124455,3,27,27,48,10,2654440340432112632,34,491,96
98075236,0xc5d4cedf8d09c988b51efde960b35e16bc85cb45b8e0d5dc3d9dd00823751ba4,0xb4296123fc65d0871c50fcda4ac7d5da3189ffff,8.105057313045656e-08,8.383781751691105e-08,98075238,8.87740475925472e-08,2,1.058878322716839,0,4,4,25,18,2654440340432112632,11,399,73
98075291,0xa1a16c629fcd8234a8b6697e51fef37e50126ec1b3987fb705cec4431cfb1932,0xb4296123fc65d0871c50fcda4ac7d5da3189ffff,8.767529254593072e-08,7.888818331221554e-08,98075291,8.87198777223899e-08,0,1.1246282269077421,0,1,5,,,2029469206263774118,5,111,19
98079924,0xd3bf89bb3ef445eb9d95e800d198a9dafb5d0cbd0604c6d32ce5e4d4e2bc950a,0x7400bf6c09728d066e02749379bef1cb46d94444,1.0935278707449166e-08,1.5163452555681278e-08,98079984,8.833050881617572e-08,60,5.825224070297962,1,,,,41,2592814683789779231,12,446,60
98079944,0xcaf40bd0abb19ac2e6a4cbca968a5cc5c2fb344d28eff258717b9a05f2c83ef3,0xaa61cc4aea506d5cb2d7890dcafd070097a24444,8.819826784587461e-09,1.530273956514463e-08,98079960,2.176576937479968e-08,16,1.4223446254274645,1,17,27,27,13,623320964895745108,1,99,51
98182805,0xb9fb362c8d986a003bda579a120d45b3f00c68cdd577419585b954efb94f8483,0xb0036dabe3e8f535a1534ceffab8a1c707dc4444,2.6297361552657972e-08,4.1196529969743855e-08,98182822,4.656443469678143e-08,17,1.1302999240707883,0,18,41,45,10,884490905261123869,102,766,405
98184391,0xa0451ac6aa1b361c9ca96343774a9fb28646ec4d8a6af22c894ab9afbbaabba0,0xb9855b578baa374e2f1d39a395ec45c83afd4444,7.580210145506734e-09,1.4584570699876437e-08,98184392,1.5976517926414436e-08,1,1.0954397119518775,1,5,7,30,18,826457423885197377,1,109,44
98187024,0x9d344f226c0cccdd68f6a65b0f1bb17c74be6cd254e18e05bab5c93fbb0a30f3,0xce23b5b2a0f8032db2044e6507c8e0dc40af4444,6.446995153192419e-09,1.1314820975364126e-08,98187043,2.161731627666902e-08,19,1.9105310038697583,2,20,24,25,12,1073111238996426030,35,187,69
98187108,0xbcecf82e814592f460db81eb73c03e5786ff914e01590d3abea475e455be0e2e,0x087d087ee63bfb491eae09d68aecfb2b13de4444,2.9929730110432685e-08,4.9699672867689556e-08,98190014,8.839430332473348e-08,2906,1.7785691177496632,0,,,,49,1583249353709367816,17,3186,1343
98187444,0x47d3535a8564d92a9691c5fd3c52a53009da2d3d429dc3095b27d5cc4cc88c38,0xbf5896d404189afac695ead5310d12efe20d4444,7.275442937194598e-09,1.3789959513606636e-08,98187470,1.8704104611085795e-08,26,1.356356745836008,1,27,28,37,11,967648243788311848,2,182,91
98195082,0x69627f48f05cc03dc802244ccad98e8fca0bf4f69b8ac065c6fba64f717fece0,0x517bb4070f67de73c89c45db2dc95b2672be4444,9.833793277300423e-09,1.558367743875243e-08,98195083,1.856855918619882e-08,1,1.19153898424667,2,2,5,12,12,922346809730336690,2,92,54
98195329,0x585d1aa197fa6b0dc7ecd4567d7d54e33d8193debada18dc0582fd431619abf2,0x674ba5b262aeae35bec6794642f312daa07d4444,2.0879733336105228e-08,2.855567040677854e-08,98195331,2.855567040677854e-08,2,1.0,1,3,28,46,15,716116999958051654,3,117,67
98205945,0x385a3b023f8d87942d0d7b5a11a200068ec50f407ca87fc8627913f6ee41f2cf,0xc6fc51d10cf3e174152cc54b316cf844aac14444,9.264863385713112e-09,1.625998856243624e-08,98205957,1.9927550743684327e-08,12,1.2255574883810727,0,15,15,16,15,1211954867568832044,16,226,121
98224331,0x64f7ab31bf1bd3e8c766e0688edbe79a981ebd9ec0692e7ab5d846ccfdbda343,0x81e1c6d290dd3bdb10d48f4bb1573b41627e4444,1.2030246749847697e-08,1.9069021116221755e-08,98224401,5.120225443743703e-08,70,2.6851013549867,3,71,71,85,11,1403386413844929585,65,1145,496
98224346,0xe33b2c9f6b253cc9449caf885dfda9f57ae7fddd44a3e16ef2f67933deb980f4,0x81e1c6d290dd3bdb10d48f4bb1573b41627e4444,1.9857136593312534e-08,2.0298063828813614e-08,98224401,5.120225443743703e-08,55,2.522519136271221,0,56,56,70,19,1403386413844929585,50,1090,482
98224394,0x6e3c544730bc53eb059cf5d302343f3a10936768144eeaa8a94d3f65cf11d4ee,0x81e1c6d290dd3bdb10d48f4bb1573b41627e4444,3.5139635947701055e-08,3.381699587828145e-08,98224401,5.120225443743703e-08,7,1.5140982546684771,0,8,8,22,18,1403386413844929585,2,945,441
98224398,0xb9e2f8b109d3df9a73919bc2eda74d2bf26bb9326496fd4dd464cdd6fa152c50,0x81e1c6d290dd3bdb10d48f4bb1573b41627e4444,3.0338219499877424e-08,4.682958378251737e-08,98224401,5.120225443743703e-08,3,1.0933741088801239,0,4,4,18,14,1366643482959408832,3,915,437
98224403,0x5d56220250a8bb90e4486fe6c6eeacdf46c2c204c42b4f7cfd950efe581fb0d9,0x81e1c6d290dd3bdb10d48f4bb1573b41627e4444,4.081051692815531e-08,4.1067692003685396e-08,98224407,4.88954143956803e-08,4,1.1906053642189691,0,5,10,13,13,1010903497812436244,295,871,432
98224406,0x64667d6f25c7a9fb0268f30ec4135415e4e650de24ab83e708c9660ab76369be,0x81e1c6d290dd3bdb10d48f4bb1573b41627e4444,4.123953851736806e-08,4.423501618233094e-08,98224407,4.88954143956803e-08,1,1.1053554088041884,1,2,7,10,10,1010903497812436244,292,843,429
98224410,0xa2f04f9e69df0579e50351168856194aa998565468798dc04097c68c48b93a35,0x81e1c6d290dd3bdb10d48f4bb1573b41627e4444,4.209740636928501e-08,4.0682281518678594e-08,98224481,4.2729271413219996e-08,71,1.0503164969644478,0,72,79,134,10,1010903497812436244,288,806,425
98224589,0x9283dfada1305634cb067e9c27f78b823207bd70da36f907f9528b33cd70f0e7,0x61fb5d4cd63fee6b64167680ce48d7d01a9c4444,7.45283427849493e-09,9.74523046371664e-09,98224615,1.4409032529950366e-08,26,1.4785727832294941,2,28,34,43,12,812680578828586923,61,128,70
98235192,0xacca4548a05713769a921d4c8d89176145f3e252669bef74a51eef28dccfa07b,0xc70ef0f7d336bdc45cd9dbc356f8edf3ecef4444,1.4342647624261135e-08,2.849309166073464e-08,98235217,3.3152531161887576e-08,25,1.1635287443227493,0,26,26,27,16,1009204515389860783,18,384,109
98235192,0xa03affa1c3b222e9bc2debe7d3330faa009b003db8a5658f85aa0f6f3655d55f,0xc70ef0f7d336bdc45cd9dbc356f8edf3ecef4444,1.641455622737032e-08,2.849309166073464e-08,98235217,3.3152531161887576e-08,25,1.1635287443227493,0,26,26,27,16,1009204515389860783,18,384,109
98235456,0x7d0dab37aa172ffc2601c0133cf3a70998d70d8ec042a2229953ddae647d49d7,0xbb4da9840c6a11a88f5e35f1d0996e64a6494444,4.256929686407629e-08,7.16593762439193e-08,98235462,8.736645313122514e-08,6,1.2191908122928807,1,,,,,1320352725060275628,1,46,7
98235457,0xd53bc6ebd6e8243fdc7d270d7bbec100410dcb891e580835f274ed2447bb1649,0xbb4da9840c6a11a88f5e35f1d0996e64a6494444,6.50733476436914e-08,7.237417671181135e-08,98235462,8.736645313122514e-08,5,1.2071495262614444,0,,,,,1320352725060275628,0,42,6
98235672,0xe29d56cf6634401b7b5763a2492384f3452abf3d3c919bdd03879f769f4dbd4f,0xdd8c4984e122acea612af84f0e78f123de034444,5.524306112126429e-06,7.971537331829322e-06,98235674,7.971537331829322e-06,2,1.0,3,3,12,52,,520762961373054516702,3,43,26
98251274,0x2c4ff1f04d7fcd6c3b28b8ca8ae58597feefd98327e270a5fd404f1daf53bc02,0x0c1d90bf3025e9f84b8c9d98042cde9505dd4444,7.1239456125608615e-09,1.3515900228611611e-08,98251276,1.3515900228611611e-08,2,1.0,3,3,10,22,15,742660082767707160,3,55,34
98373502,0x6a58456ae069756994ececdd81307cccc198b0cdc23d575b2a9316ba12efaf3b,0x9019d0e5dedfaf0323ecf281e43324ca57c84444,6.2580994891904335e-09,9.13425914042254e-09,98373527,1.0106526647485192e-08,25,1.1064418572010948,11,42,62,180,,389379353803182520,25,89,75
98376930,0x754a3fea3a82967ac855e263e88bf69f086bc29f83639660cb54e9968b6012d0,0x5b801afe28a75d686c943128c189685db7424444,9.768632047406032e-09,1.0604084987463865e-08,98376963,3.160880463762366e-08,33,2.980813966975137,2,35,35,65,11,934485171786014607,84,645,288
98380917,0xad734132ddc01c6d13162633221ee884970025279bdb6bca7097bd263ddfb351,0xccb56656918172793e2af5a805ab958e68614444,6.919238268843005e-09,9.835787758847157e-09,98380936,1.6050448034231472e-08,19,1.6318416407261649,3,21,27,27,10,770693853161971889,21,211,147
98387151,0x71b990adc6ed8684ff033613e9b17751fca164bef84473a2eab51a6b9a5ce581,0x18fedb33afa84e871f056db090b7c862c4d9ffff,1.2346116271828825e-08,2.2331533684343277e-08,98387374,2.950379582707309e-08,223,1.3211719465447334,2,224,224,224,11,2478584140379100977,224,762,450
98389431,0x07e32f57186a2009bedc557ae375315f057d5f62de7cc687bd3d3000648c5dab,0x7046338a0f269417b6cf98915799d2eef81d4444,1.096026591038065e-08,1.8409266263898625e-08,98389684,8.861698349709282e-08,253,4.813716213713231,4,254,,,14,1801369537508582918,248,1041,238
98389434,0xbe06531ea00b3a5fb2a32e15d1ffb72413fc9a54b85689d8e0a63c0e1e7c1593,0xe0c8f382bd0b8d42900878a4aebd0ccad92e4444,7.347510265365301e-09,1.2435277880154398e-08,98389455,1.4582237292698367e-08,21,1.1726506985397025,1,27,32,33,,1302211145913075111,57,95,48
98389434,0xed06662394d994f46231b200685f62b2f9d7574b33ca496af7d3c00d0e88d3b1,0xe0c8f382bd0b8d42900878a4aebd0ccad92e4444,1.2368899714008985e-08,1.2435277880154398e-08,98389455,1.4582237292698367e-08,21,1.1726506985397025,1,27,32,33,,1302211145913075111,57,95,48
98389437,0xad71c9af535d32f9595c357b8fecb7d2db6cd34d2f32918de06d9a6610a8d7c6,0xb2dbeb35d5e966701fd6e26bc34e279c075d4444,7.242934018338891e-09,1.1533937819167716e-08,98389439,1.1533937819167716e-08,2,1.0,4,4,36,39,53,699999999999999994,124,26,15
98389556,0xf3faf7ce94352a0ab6998da4c59c641a2245236ff78ef8f03b9fd7d6a8f43a61,0x7046338a0f269417b6cf98915799d2eef81d4444,4.1118132852961517e-08,5.239694066785905e-08,98389684,8.861698349709282e-08,128,1.691262550209379,0,129,,,24,1801369537508582918,123,605,125
98390725,0xf1302d65434a3ddd297468c404729a3ddb1f7bebe8f1fd26d96de21ab7827afd,0x1ed712ce32b53d0e8517fedb6774a2fcb6d44444,2.8720084678564267e-08,5.718201436590632e-08,98390731,6.211154642867371e-08,6,1.0862077371255836,3,7,7,9,10,2324580734144486634,6,411,138
98390726,0xd2b5ee65f5aa9b67c8bafff2ab23a813376d61676f6ab5bed24beb64d1224e48,0x1ed712ce32b53d0e8517fedb6774a2fcb6d44444,3.746901770458042e-08,5.404791864862518e-08,98390731,6.211154642867371e-08,5,1.1491940482014038,2,6,6,8,29,2324580734144486634,5,410,137
98390760,0xd2031bba7dbc173f1a37f8876cc95858ff91fe2d56c94b6f3333ebcda9bbce5a,0x1ed712ce32b53d0e8517fedb6774a2fcb6d44444,2.0917324197857756e-08,3.266800992242694e-08,98390762,3.324405470404084e-08,2,1.0176332988443977,0,3,8,16,10,1528867057111214114,16,237,104
98394766,0x95cbe0f3f42c712325fc1e5c4aa61b239b1bcf793435d6248a7ab14c3d516b90,0x43eeb5545a138aef28d405669ce66abc2ace4444,1.597700485550585e-08,4.5294264357070306e-08,98394779,8.432483330351219e-08,13,1.861711068729375,1,14,14,14,20,4970408650595557181,32,720,169
98394766,0xdf7db4445d5df9174be2de6f203e3b9e084705d096a33c092f48b972e44ef74e,0x43eeb5545a138aef28d405669ce66abc2ace4444,4.410133610922363e-08,4.5294264357070306e-08,98394779,8.432483330351219e-08,13,1.861711068729375,1,14,14,14,20,4970408650595557181,32,720,169
98394790,0xfa68c28489482368cfce3f8d72992c48ac24f60fe52174406c0aff19010c148a,0xf355e904946149a5d2241c143394eb1699594444,1.9862190732209608e-08,2.9617547023282615e-08,98394862,8.884372399911693e-08,72,2.9996989260885143,0,73,74,,31,1849101913439541411,21,654,80
98394793,0xce2105a65773a3233d1ac5a524f867a0cb6f6452fa49b509259c8b2444c4950d,0xf355e904946149a5d2241c143394eb1699594444,3.108756119837476e-08,4.215214371709157e-08,98394862,8.884372399911693e-08,69,2.1076917130336406,0,70,71,,28,1849101913439541411,18,627,77
98394860,0x2f6c6ebf60cbf5ae38f6bc3dd403d1d17b1afcbdd213523fd6dff4dd6bfcef5f,0xf355e904946149a5d2241c143394eb1699594444,8.164113360333081e-08,8.755406668338713e-08,98394862,8.884372399911693e-08,2,1.0147298391106545,0,3,4,,,1047792439374028338,0,144,10
98395607,0x270240ffa2c15fd42ebef3a03b92a8465d268d51b6a38b95643daa3e93b79ace,0x7654f61dcf98e8aa57df9523c14c372ab4374444,1.3304773794577498e-08,1.71032742700492e-08,98395989,7.060382418776203e-08,382,4.1280881703102645,1,383,410,499,10,1450093092863516884,1,2501,1027
98404098,0x6dab85ee1969565fc1d4d79e2eca3229a13c9be53803d2dfb1adedd3d4511b91,0xf8153e6da83253ca9db3f7c90006487ecfab4444,7.772837369892703e-09,1.0945751996461233e-08,98404123,1.433777247653261e-08,25,1.3098937817308505,1,27,63,102,17,587842135071361678,3,153,103
98415427,0x88999222f5366172a73f274a6fdb8e61dce1e9b073569a50010042a910a14942,0x079593df856da2b162d3d690bc0688ad28254444,1.1102634387549393e-08,1.6944271221129303e-08,98416738,3.957914601838531e-08,1311,2.335842332896005,3,1319,1389,1594,481,1551003184577090826,650,1230,887
98418006,0xbb20801d59aabe2129ab48c51664a85126c56b7b618e2019f935d9039b021aed,0xe316aa7a78ed79deb7cf7658fb7bc1eda6874444,5.453025844188582e-06,8.123736630448044e-06,98418046,1.4494578295520708e-05,40,1.7842255300589793,0,41,41,52,38,781439999036226148472,5,289,148
98426966,0x678c968cd5d3538d10f2c92845354a058e11a063090bc176b5e8d5e72e2c7adb,0xa655dbba4a937d9e852642e32f5ec211aadf4444,2.3780186541269775e-08,2.6095770466415364e-08,98427049,3.405996453456872e-08,83,1.3051909917127407,16,84,550,,73,516455374952726695,258,119,79
98427214,0xe0299b00653378ebfde388d7c41461c49ded11a7d25d488ad71aa6c90fd8c07c,0x8d21ce4993d4aab34446c4716575e02af2e94444,6.0276466830679844e-09,1.070668314260748e-08,98427881,1.800894609383227e-08,667,1.682028491360249,3,669,765,783,,804795158287350227,28,479,368
98432611,0xb27543b2bd77eef1fa3afb5abe5dc9b4130091a5a1a7504a2c5cc0d2dfc31f9f,0x404243878aa532db708abfbc22fb7701436e4444,2.131432699010767e-08,3.089911466472156e-08,98432687,3.964562487739057e-08,76,1.2830666932556214,3,77,109,130,13,924994549212775640,84,713,486
98441308,0xea261c51c74a87b6fe8824e1f4338b26afaef63e0ee408b7d9f50a2ab7a0a734,0x079593df856da2b162d3d690bc0688ad28254444,1.624190180154972e-08,2.3448282021072313e-08,98441328,3.246797475937961e-08,20,1.3846632657437996,2,22,24,25,26,1012980436476538647,8,423,256
98458611,0x92a80c34ee0b5393c8f668201c344d02820714c05c5ce3d36b4f4112977e88c6,0x079593df856da2b162d3d690bc0688ad28254444,2.5737438968332917e-08,3.22456373645814e-08,98459666,8.607314521591459e-08,1055,2.669295825749666,2,,,,19,1314121151929779977,166,1147,548
98559373,0x93de6257b92c4de446469ea116062f4329ec190f022c5616a6d8e025b9636448,0x3ed685c9781191ab4a2766581fe7b7b261014444,1.0733874754046241e-08,1.4635520002586224e-08,98559488,2.574491135894586e-08,115,1.7590704911336605,2,116,125,196,18,819952849425730405,10,520,278
98569428,0x6ebbee17245bb33b634dc4533a1de8f68d1dbbe3dd49bfcb7271452659847264,0x632ab66e4b25e5f29c9046d308bd6cac90f44444,1.97579785537136e-08,2.973674660655763e-08,98569430,3.182473078872261e-08,2,1.0702156227710713,2,3,4,49,13,825319521161707387,4,753,480
98570525,0x98215348ccfba42ef65cfa74ff220294c7fd99fc250941d935af6734dd9978cd,0x00ac14c7f2c7a76abb8f313af3a75bb8a79d4444,7.773292914503132e-09,1.6853112776656243e-08,98570531,1.737114882349652e-08,6,1.0307383006157667,3,7,10,10,10,1090605140301011108,10,180,69
98570583,0xa5b06ca9fd956825d58b83fabaca4762cbc798d3bda00c1f621b1844aec58104,0xb36f0b722fef141e2bf5a572f20ac109c0c84444,1.1862532399865474e-08,1.9139732973603878e-08,98570583,1.9515618088293697e-08,0,1.0196389947136781,0,1,6,13,10,777159522038043670,1,93,36
98572061,0x9b7f3f776d56a0a930ed41d6e34814dd926ed776387ac6fe1d6f4f345bcd8e32,0xdadaee1db36afca33f3fd85b3e9f36f6324b4444,8.875095031978611e-09,1.3140105716440103e-08,98572084,1.4782181617412266e-08,23,1.124966719173172,0,24,38,49,12,768955501926697962,2,156,85
98575699,0x7992dd989657a7318f43a3c3aed215223e56612708ef03ec8807a57d334614a0,0x2f30ff5e5c98d292c3b6a5102c15bd87926f4444,1.894591955829979e-08,2.2860621583279415e-08,98577934,3.579028220238177e-08,2235,1.5655865730509837,0,2236,2641,2978,10,981663384534945204,2,1170,817
98578461,0xf72ea354d27c356e8e9b88f33f2a103c33cd9ff2e852f316942b09d0137a2cc5,0x001008026099c3645f1b514432c994f0a5fd4444,1.0586534863646103e-08,1.3764236445476437e-08,98578499,1.5509265409790353e-08,38,1.126779932270592,2,40,188,,31,688685723231256024,2,47,31
98585318,0xaa48d055ca16cb3365a54cc00da4544d8cd5cc827ef7b84e2a32f1d3c5081760,0xaea7d383eac2063bfa2f7f1ed3381e48bca74444,1.6009500287140932e-08,3.0663000719173636e-08,98586459,8.878591455735296e-08,1141,2.895539003846905,1,,,,19,2948315932173625729,3,2402,930
98585331,0x156de9fd0d5c2c86e3869c2815c1807b4a9f56323aa82d48a680045a53b97b36,0xaea7d383eac2063bfa2f7f1ed3381e48bca74444,2.3080057710603075e-08,2.2683767994320894e-08,98586459,8.878591455735296e-08,1128,3.9140725905670255,1,,,,10,2464740651084875965,257,2344,917
98586536,0xc4853c256f066e274acfba688b1af4ce7984af759f27c4171c226f9e699ca4d3,0xd92fa7c3241eb5d1bd9ec2f39bc3f851bcdd4444,7.665725603063845e-09,1.0585556715204561e-08,98586537,1.2100614710595523e-08,1,1.143125017998799,2,2,12,12,17,987666717259239913,7,96,52
98586563,0x1f03da3b77b0ecde89c4612d30c74cd74b28073e5ae0d282c7597f988342425a,0x8f6e27c7f7a36c2cabe4c2fade26ab6276164444,9.457478860118559e-09,1.0979471356625683e-08,98588175,8.892074065805458e-08,1612,8.098818036844222,1,,,,10,1524010296568011445,423,2208,977
98591517,0x1f7b8bc32be613ca141032c72868b144e17b79834d28b2047750a111b06dac12,0xc9e650ddf2b5c71d31bdc4a8258d626b78294444,9.852255293963294e-09,1.504622485947731e-08,98592758,8.79509926371603e-08,1241,5.8453860326141385,3,1242,,,11,1688594304910767947,944,2237,933
98594716,0x427521f840d13fe33e86c2df1348f989e012e00eda8df3a618d6735d9d197b05,0x29c12919470bb4b96f19995f39907f6f22acffff,7.77031719520901e-09,1.6042671150167832e-08,98594719,1.6511863150231694e-08,3,1.0292465011388676,4,4,4,5,10,757652827112116382,10,71,33
98594756,0x73a9345d236c2807959e265478f798c496518c27fa39cb5ea836ac7f988e37f1,0x62ce91bb734fd973ae61d8bde8ea7b551851ffff,7.254309409519425e-09,1.020074574677916e-08,98594765,1.6002989843482997e-08,9,1.5688058736819188,1,10,18,20,11,1352613477145257959,2,121,51
98615945,0x4a813e4c065f7cf858a5b9b02ce25bba462e0d2d878c903e35ce3e9265fdd205,0xa39bd4cc56dae8033d376219549c0ad3be604444,6.54683672363881e-08,7.925097263534994e-08,98616897,8.591277161736409e-08,952,1.0840595233154608,2,954,,,10,1164315735806442170,31,1111,532
98618000,0x52d604cf1877d25fc255115d9cb4c0e2566a9872ee1a6b0328b1e780e9ea1de1,0x3f4e3ef253f652e74f6ce3840193621e39974444,1.1649396649749621e-08,1.7801957991711398e-08,98618035,2.3983603145397034e-08,35,1.3472452387857456,3,36,73,74,17,837812870113674595,58,314,175
98626400,0x8425650182466c41a9db17b472b63ad05074b904cfd5a4ef4545e45c3ab8d631,0x121da6af91cc364601c858046d78d3c914684444,8.649362392232157e-09,1.5898165729240245e-08,98626467,2.2929039547644757e-08,67,1.4422443405199368,3,68,84,95,12,745109912745855318,74,544,283
98663418,0xfedc0e700eb998c55512be725d547aa2fa63dc4f4a3621da467606cf10be6111,0xb7963ca8d6ed29d49c1b6ae5cb6618a08d374444,5.0465315951646096e-08,5.0465315951646096e-08,98663418,8.54409495738085e-08,0,1.6930628088343824,,,,,,0,,7,1
98663418,0x3d4fd549903b790b0dbf3bf7ac4b5d3b66e8719a40d331e4098d80593625e78e,0xb7963ca8d6ed29d49c1b6ae5cb6618a08d374444,8.54409495738085e-08,8.54409495738085e-08,98663418,8.54409495738085e-08,0,1.0,,,,,,0,,7,1
98757416,0x22e0efdf094f6dcf5788c44d2e670cc8ab3d688bc105d636c1845982d263c5b2,0x3c53a6b2a84abec7f8ff963b42e53993ce5d4444,2.5159476494916573e-08,3.1119066173650585e-08,98758500,6.71603726025303e-08,1084,2.1581744203943023,2,1085,1319,1428,10,3092613611555053331,2384,3004,1644
98769625,0x16e6ee0e7a34b985c2a40054fe5a580c55ff8f917493859e14c5407b4bdae049,0xb0eb2a1a2620225cac1ed22887eb607e334b4444,4.0785284177583973e-08,5.325067351563392e-08,98769973,8.689312650214244e-08,348,1.6317751638696438,0,,,,10,980977331494401696,11,569,247
98770080,0x5d4b68a96f0e90d6b9c38d25b6eab085461927cecc030af97ec8524262300eca,0x5568736ded6bbd23c87d7f4f4d513e500bc14444,7.193418403957027e-09,1.0262591095708735e-08,98770087,1.3266935095111951e-08,7,1.292747121207964,2,8,34,94,11,644866095707710510,2,104,61
98776106,0x66c7b23f8d7e8cdf20dea3b0dded7e65215367f6f4b566e535838f89d565cb9f,0x4c9034c1bd155387d8c48fdf04563e7f8d9f4444,9.370388978643157e-09,1.3483958082234698e-08,98776147,2.0981312982514356e-08,41,1.5560203357616134,2,42,59,74,11,689471668933049842,24,281,154
98782916,0x60d96e2b2801231ecfaaf67c93a0c028ce2115f51987b6ef68b8d43b74c551a0,0xe4169458dce0a8476c3d2d69b6de3743e8074444,7.036024822595728e-09,1.1067654708882328e-08,98786833,2.700727291490699e-08,3917,2.440198364088134,2,3924,3925,3925,12,2474632607421270321,3924,465,290
98784876,0x4da4fb38e32117516b8b072115756de3979ce38e486e185f33d9019c1bad7392,0x202ec43a45b82db2dca7b20ead855ef286124444,9.054479740559298e-09,1.2793209020831938e-08,98784883,1.4745129462116136e-08,7,1.1525747322744255,1,10,31,35,12,639850963484265161,2,147,92
98785494,0x6cc897802a2c208599285443d5a38b7d22a1e6099e517d01f55e8006046281c7,0xea61a2b500a0ac4c6e962ce867fd9029b018ffff,9.487223586718041e-09,1.2986622863560872e-08,98785532,1.8729344952128394e-08,38,1.4422028843758148,2,39,47,48,11,814192290795288822,152,298,109
98785565,0x7cbde8f91248f8a3d5e7da4cbe8c9c559729f5883baffaacf55e375668904d03,0xaa1aac60429ac2e152725e1c2ebc995d010bffff,7.0977835195553245e-09,1.0316716637483969e-08,98785570,1.2856836586233175e-08,5,1.2462139882295622,2,6,25,32,12,659078361254265241,2,137,78
98790633,0x76b2c3802cf3b18b73e99742b854df8d306c58f6d7d15e3542611a1dfb86b74f,0xaa4c971e7b92d49f7b045b47921d5c4e64754444,6.2580994891904335e-09,8.716580023974993e-09,98790649,1.1545389668939206e-08,16,1.3245320569745886,2,17,110,266,27,630388607999985734,2,129,80
98791130,0x9aed1014341f717cd4f499889a5bce611bf4f80ed7bf41d559feeebf3d8cd14d,0xa892745c853760335ca6dc8e008c43a4613b4444,8.80390804126408e-09,1.1067842150541438e-08,98791380,3.4465866415729484e-08,250,3.1140547495108084,2,252,286,290,11,687212423951146449,24,578,252
98792465,0xc19c434bbb4787fb6d55168038538a93f751cf9a28a330bb4227e1c1d4839b10,0x1e0ba59f322c1cf14b2d4a643df218491fb34444,1.9177332714431296e-08,2.4084409708587156e-08,98793003,3.1826350857228824e-08,538,1.321450317542195,0,539,592,652,10,709837279507446020,879,868,654
98840466,0x122e4746478367f08964fa1c9c9c0cb6f4daf50ff7062427ad2d87c637aa0983,0x6750ca15f0772fe54d594aef6c6c4ac997fd4444,3.7718145891557714e-08,7.390169589795371e-08,98840469,8.820365307995947e-08,3,1.1935267791655884,0,,,,,405624051592481729,0,73,5
98940060,0x93cab1eca65aca9a5ef73ae662ddea9599f3643bccb75fb3368bbbf709a5d680,0xddef8de018b2a0388f48611efc6c8e8c78f64444,6.2580994891904335e-09,8.707919133675578e-09,98940061,1.0224922123359922e-08,1,1.1742095862854003,4,4,99,228,80,649090830256126675,4,54,26
98945082,0xce4650818f9d1ee876dfa44d5d89934709a18ba18166e37cab03e168b416308a,0xf10692720ddeb0c628e1e822cebe8fff2e254444,7.512554418896484e-09,1.0865892042775736e-08,98945083,1.1800914788128794e-08,1,1.086051172022707,2,2,19,183,15,636598006588485493,2,129,76
98960996,0x68eea1485e59fb82e9d1e982bde53bb17f4c43ecc1696902da5fb9ab9108caba,0x4fad0e11e1d893c45c5cfbd6eeee7ce530af4444,7.036024822595728e-09,9.263886994448516e-09,98961180,2.457318346708039e-08,184,2.652578068126925,2,185,238,252,13,846898328013147913,24,789,453
98963541,0x6f424dab3a7589ef0bb1e5d11dafd5d7a88f949e6e6ebc21cc898fd3f167f26d,0xbd43b228e61a12f96752dde8a74c7a7b54104444,2.1159827091789705e-08,2.9627932178793485e-08,98964076,8.495906254846589e-08,535,2.8675326389897795,0,536,540,545,10,1207237053448953496,544,2365,1418
98963938,0xe486fbb6396675a97c8c1917cc5b4ea82d7b939556e9cf094a88e375e16782ae,0xbd43b228e61a12f96752dde8a74c7a7b54104444,2.67051033921321e-08,3.680987164179192e-08,98964076,8.495906254846589e-08,138,2.308051040634654,3,139,143,148,15,1207237053448953496,147,2176,1338
98966089,0x3d8357e6cc28ffb3f799f9094e2517c016c61768a96ba1ab119a2cb8f55a7914,0x912bf6fb81b8c2865c18cd4fecf116bac84c4444,8.28311165520929e-09,1.1423268885769776e-08,98966223,1.3263379245121802e-08,134,1.161084395172059,2,137,254,260,15,611730677671206801,2,223,146
98980775,0xe101e034af1e85e8451b8b40106e7d26f1ce1069dbe6a2ed63eab7ce1f18d3b9,0xd4ae536d3b8d2061ad232313b615d9fe39204444,1.06673202471525e-08,3.224320308208831e-08,98980809,3.950901659721981e-08,34,1.2253440359704149,2,35,39,45,40,1567616892062278302,6,1790,798
98984479,0x8b2d45e578865d41aedabe178366f16ac4da5dc28a4440ce5d53acd6b338cbcb,0xbbf45f5f975f7c0838c7108304c1e4c52d264444,8.766979574958742e-09,1.163539289361538e-08,98984535,1.325657899440656e-08,56,1.1393323040840988,2,57,78,79,13,824057135369705482,78,120,82
98990110,0x1f05de2cef4126183a11b5a1b0f76ee3e50c0b43868ed2f0871cd28de63b27d4,0x816071a8df53348cfaa54f6eb74a673adf984444,7.91075605617483e-09,1.0348910236908433e-08,98990111,1.1863760395360057e-08,1,1.1463777464267735,2,2,4,32,11,630952483583440189,46,81,44
98994823,0x959d60e65f2a58ece7822f8a7bc08846369c814a44fe83f5a41a6ea661a2c3d9,0xd431b6b8a5f5176775972830d295d280f7a84444,1.1591323963605588e-08,1.5923307367416216e-08,98994959,2.8517484536203155e-08,136,1.7909272161987113,2,139,203,247,11,653410678989983691,103,600,307
98996479,0x90b1b77a0313bfcf982a520f8842e907bac4f95790c7854a01bd52fabdb08dfd,0xa4518cb271e9350efc2fbcd9538ea71578f14444,6.311877253000102e-09,8.775371421523236e-09,98996511,9.4382778457307e-09,32,1.0755416941762217,3,40,355,,21,556876900557719745,3,56,37
99000095,0xa43194a828b964f59c8c4f39ac8da957303e896fb8696aff9d47e4f0574addbb,0x9c51e2e8690e5ce7a1086cc651a442c2e0824444,1.985146745529379e-08,2.7016607843119903e-08,99000097,2.7016607843119903e-08,2,1.0,3,3,10,29,12,1077768718991831832,1108,350,247
99003916,0x8e0de8e1b041003e792cb1dfc5069c23f35adc748084c59f672136675ffa9624,0x985675f0ad4453c8ce53a0dedf0dd44b8e5b4444,5.2637354885768496e-08,6.290058133286287e-08,99003923,6.481167463143892e-08,7,1.0303827605099984,2,8,20,47,10,905680915549202835,20,1262,668
99004087,0x3a981d99fe8f60bb8518a774e16c55188670640608a11cff3a3e36618c222ec1,0x985675f0ad4453c8ce53a0dedf0dd44b8e5b4444,2.4015465037933834e-08,3.088306861130988e-08,99004097,3.342678776325744e-08,10,1.0823661399701714,0,11,29,35,61,809992853029924136,28,813,519
99015137,0x47d18b7ea4840029a891e3686c23d4b96ff7ded2122cf7efe6fbdd259d85bbaa,0x78df06c3c48c63e1fa51e9223efc004f8e844444,2.322990682002234e-08,3.1126830795340714e-08,99015375,4.7902632539117264e-08,238,1.5389498807018822,2,239,257,292,11,880300090497725211,292,1217,635
99018065,0x007dfb05619750c459eebb9b968bff012ec67e72263353e3f7b817f27d1dd375,0x73c1175ce3bb02d906d387800230d5f31bbb4444,8.66804360985055e-09,2.2195005115380832e-08,99018077,2.800630432431031e-08,12,1.2618291448332368,2,13,13,14,17,1265774492777479827,13,145,57
99018066,0xef0111ea5bdfa727802dcc742950d3476d6e9d90840ab43f0b977277ba60e1d9,0x73c1175ce3bb02d906d387800230d5f31bbb4444,1.448459024176199e-08,2.2167638256623392e-08,99018077,2.800630432431031e-08,11,1.2633869246735117,1,12,12,13,16,1265774492777479827,12,143,56
99018066,0x11838f89d5b481a7a93d300c479d9483136a31a0d42394bc1beb5daa621cb465,0x73c1175ce3bb02d906d387800230d5f31bbb4444,1.700579178538287e-08,2.2167638256623392e-08,99018077,2.800630432431031e-08,11,1.2633869246735117,1,12,12,13,16,1265774492777479827,12,143,56
99018100,0x3a7dec642460498a302b537e15e7efdb368efb2ce56301ededa664a6bbdc6647,0xb52c20a74f97b23eb5264000bec4addc13354444,8.133570442755115e-09,1.4906160503845147e-08,99018101,1.6482427361737582e-08,1,1.1057460006207385,2,2,8,13,10,1275009451359015018,20,106,36
99018101,0x283ffada4598d13cbd466dfb1a971c3dafc0c7d1a6471c8e12a2952f597009d7,0xb52c20a74f97b23eb5264000bec4addc13354444,1.3502977986987713e-08,1.5209230214694034e-08,99018101,1.6482427361737582e-08,0,1.0837121359247675,1,1,7,12,10,1275009451359015018,19,104,35
99135610,0x718acf8c2e7f1a5ea7c8192a9c7714e29be5fd3cc48b5f5b33e8baa38145d3ed,0x251c9626c6fdbb6567170fd97d6089cae2204444,3.756725085175048e-05,4.61487594560315e-05,99135642,5.727136942456654e-05,32,1.2410164455045032,0,33,,,10,492337094906609826852,3,142,48
99146815,0xb23529fd3f4b67c3003e734f86fef04d69a67c2c55c9e7c67c3f19f46c894f0d,0x9ee6e652905be8966ff3a9e1d72ba88e0fd14444,9.040769539110271e-09,1.770689253411516e-08,99146826,3.707088657064378e-08,11,2.0935851109516133,0,12,12,12,20,4085862440720661018,12,204,61
99146815,0x39141a73e66d5103fd04ab28c457e05d7e421b82792248859b991c9975d3402a,0x9ee6e652905be8966ff3a9e1d72ba88e0fd14444,1.314632495198247e-08,1.770689253411516e-08,99146826,3.707088657064378e-08,11,2.0935851109516133,0,12,12,12,20,4085862440720661018,12,204,61
99146852,0x5bf59d0ff6e83ae928a8f3fe47f43c006571cbb0381c576d93d13ce2779ecc4d,0x45b5042ff7c984589180900e746ccec0bf224444,7.773292914503132e-09,1.450625566407035e-08,99146866,1.6660711189586855e-08,14,1.1485190648371615,3,15,15,18,10,1326038415293032920,3,123,53
99157992,0x675c24f13ef5d4e808794e80c91874ce9c4818fb9dccd88a0b54411d32a52e66,0xc168c71d20375c5ac8a5e383b9b8a51e9e5a4444,8.705610439893114e-06,1.3069506615614158e-05,99157995,1.331533721919712e-05,3,1.0188094784916568,2,4,5,16,25,419410327839592280031,58,196,98
99163084,0xb335f070597c7c562ac4a7b3472f633b1f4cb3139080e2b0cebce75011735958,0xf7ba156e779b2da20aa4daf75eb1197d884b4444,8.90800875063366e-09,1.3261837170091086e-08,99163181,3.738211433592746e-08,97,2.81877343662716,3,98,104,116,28,941923339209401231,61,1332,686
99168921,0xc471ac0c4b73e18acae7c292889cd53cbd69f0cd99889a4c075886181ede92d8,0x0490a306fe77344d1e6844969c3032f8e0674444,7.050195668971891e-09,1.2122147443215614e-08,99168931,1.4490650306243007e-08,10,1.1953864093901092,5,12,21,37,,638710996695217338,5,131,72
99169588,0x46ea816965fa7eb8a5a26993939813403337bc8afd88417245a41ec4446496c0,0x93826093f437758284aed3980aba370952354444,9.200847048694321e-09,1.598525676239161e-08,99169639,1.7422762476721965e-08,51,1.0899269705640489,2,52,56,59,11,841741910899838955,46,183,93
99185558,0x023958e7a2e7d922bd22c8cf502110d06ddabb14dcbd0e14b298e0858111799d,0xa4ca88ab93eb9467d217e248b47baef4ac504444,7.365260870461448e-09,1.0018480333346903e-08,99185560,1.1201921849520635e-08,2,1.118125851106839,2,22,76,692,,798360416157499702,691,76,64
99202026,0xb8f066a2cc57ad4afc883b467ac738f5e0286e5437322b1e075d80d6bbc76e64,0xb1967fbac43c6e2473ff4e0763fc98d8d5c54444,9.026817711352942e-09,1.3738924628184145e-08,99202033,1.5264251301382112e-08,7,1.1110222753583565,5,8,8,11,13,618797749686641280,47,87,54
99318681,0xb28c6880dabf062d7ebcb5ac0f9b028b55ee8966712da99f5a432ae0ca9d38f6,0x2cd9bf7d96af8bc6f3126cec064b549d9b3e4444,8.114369780548028e-09,9.88293850680429e-09,99318733,4.278861294954412e-08,52,4.329543578570751,2,53,77,102,11,830032278386127950,21,966,419
99322325,0x7afa2d8c2ad7c526c0445a4c3f9869e18cc1b396e05c88c7c018897b0a58efc6,0x3e6ca7a0b74cf139048c74278082cf7470cd4444,1.2861768645235108e-08,1.5688323082693913e-08,99322405,3.371004748157107e-08,80,2.1487349096448214,1,81,94,123,85,1006049250263817401,1657,505,215
99326310,0xd71d1f93b88acef6bdb97c2523993243981b1bca22c780e2fbd38c81a9bbef94,0x6ca6e08a72f6b7822c0ac86e57b201873f544444,8.812088422776588e-09,1.2380886730618958e-08,99326316,1.370236224455582e-08,6,1.106735126706938,2,9,14,43,12,849291014387014897,2,131,87
99331261,0xa1731be854f4c1d229cef0536248ccd1f7a9ca2e131b30570588e06c6cff991e,0x6f111d44224056fb412fa7e1ed73777a7cd14444,8.104889423365209e-09,1.0005642350919563e-08,99331384,1.5801626404253937e-08,123,1.579271559991518,3,124,129,174,57,1176661300120688399,3,218,141
99331294,0xd7b3d4fe38273078afe6efe61adfeb5f11c58ebaf900d97799cf715407d0be63,0x6f111d44224056fb412fa7e1ed73777a7cd14444,6.90227988026615e-09,7.511798612724154e-09,99331384,1.5801626404253937e-08,90,2.103574286122066,11,91,96,141,28,602217210923137601,95,193,126
99333546,0x472a128536120aa2ad57dd327d1441009cc7cd46a2a8a7b708c4ab8f4a9309a4,0xde4bb39f5cae02bce5d820d517264d72893c4444,6.6742949330455905e-09,8.576194797651228e-09,99333597,1.4273435026836607e-08,51,1.6643086314627191,2,54,71,91,17,961692632284180114,2,205,140
99337669,0xfec8fde04ed321eb06bc3c4eb80743e715eaefb93ca3b1817075cefd433fa644,0xea26a9b57b33e6f2b11f07102da89b6127554444,3.273882036556409e-08,4.2401331736491005e-08,99337726,8.854388682337382e-08,57,2.0882336284539873,1,58,59,59,57,3445358968112734486,2,2366,779
99337669,0xbe6f3678fbc41a857bca7fa82a14ed7efd3487cfa7489c62180bb6bcb2fda2b5,0xea26a9b57b33e6f2b11f07102da89b6127554444,3.905990547052701e-08,4.2401331736491005e-08,99337726,8.854388682337382e-08,57,2.0882336284539873,1,58,59,59,57,3445358968112734486,2,2366,779
99337689,0x09f30b018c7f2e3b9c29b30405391b6719d9ebeaee4d0ffd202f09889b9c7e7c,0xea26a9b57b33e6f2b11f07102da89b6127554444,4.464210414628089e-08,4.111510362560651e-08,99337726,8.854388682337382e-08,37,2.153561076475766,0,38,39,39,37,3317876082864489864,22,2217,759
99337705,0x5964e2f430fb20c6481e35d798aa76bd242e70f4d1597467ebfdb7278f8ba776,0xea26a9b57b33e6f2b11f07102da89b6127554444,4.816095318755787e-08,6.021531171917305e-08,99337726,8.854388682337382e-08,21,1.470454678310346,0,22,23,23,21,3317876082864489864,6,2078,743
99337719,0xcf92857866d338220c296cd77dc798c0b291ca8ef9c33ba84e852c0ab61bff3f,0xea26a9b57b33e6f2b11f07102da89b6127554444,8.164937335454476e-08,8.52867317119203e-08,99337726,8.854388682337382e-08,7,1.0381906428593777,0,8,9,9,11,2960260325991590191,8,1949,729
99353581,0x7eb48bf767836bd97dbda89025f57f445720970b3da563e5a06ec330049cf6ba,0xb33ddf4dac889c56f38695e0c9868df3b77c4444,7.036024822595728e-09,1.0503240019496477e-08,99353583,1.0503240019496477e-08,2,1.0,3,3,35,39,15,792585476209181539,5,95,74
99355812,0x46906b110d07ad614d0e675e015acd30f3840d483ac83d7d00d7c5af6b1abee0,0x2c8132611b9430e6d2287eb663129d94660a4444,7.44261978784047e-09,8.845831442921867e-09,99355845,1.4350455690591864e-08,33,1.6222845509988333,2,34,56,56,14,1091768510180191611,2,96,57
99355867,0x125881e0594199fa4220a7d78af0ec57af0f862989105eb3e1259d8554fcc997,0x8c64081aefad814b33ba3edd223017e807ad4444,7.245018215171607e-09,1.102800066447561e-08,99355867,1.1721885343748136e-08,0,1.0629202609234265,1,1,4,15,,814383011835754921,1,26,16
99356867,0x60172a4bcd68e2de4e52d6aed48c9098c5f6ff2b0a2c2376539b9005a0078e10,0xa973d0662abe20224a4ca448c678412ebd904444,7.911591394692295e-09,9.081701457024327e-09,99357082,1.9470424292364798e-08,215,2.1439181176017645,2,217,239,262,14,1055071015143085745,2,366,231
99365521,0x99643b36e60d00ebd490118585dedb3e84eb2e986aa2e8586f724decd32e607e,0xbd1d873241c33fb325635f78c187918c6cb74444,7.223700689897124e-09,9.376502272393731e-09,99365603,1.6111539200925563e-08,82,1.718288838724127,2,83,134,143,,1080952675791132685,15,182,117
99367769,0xb64b8f48fc2f1a0684cf315efeb16417119f22152c701259e2aadd5936fdd89e,0x63af4b584f150a204e2642c1b8ea248caa5d4444,1.0004065123959696e-08,1.314793938123155e-08,99367863,3.0407894728680974e-08,94,2.312749842160643,2,95,113,179,11,1089827868114574312,2,982,584
99368402,0x799978d3ce53a43580f81ad940fac1cb22a267d59443059c1e7fb13357e3a5b5,0x539cd616d4e7ec2de24b7d1df65724fe11404444,3.279317963343148e-08,4.2670278742613856e-08,99368405,4.2754246336444364e-08,3,1.0019678238883087,3,4,10,59,11,1386947499137863056,58,340,234
99370888,0xa7d36ba708ecc804ff939bcf1faceb9407d5b9e74e411fbd411681280a81131b,0x4fb60e7a62745dccb2e155035eb22811b4be4444,1.088531787649716e-08,1.632091149828559e-08,99370940,2.47096548054154e-08,52,1.5139874269896627,4,54,65,66,39,726679767251045864,34,308,169
99372130,0x5bf83f86a733ad0311db21e5db0abbb924529f326286e7ca1dca6e282c1fd01c,0x2723999a5d2a9a757a19d189cc5ce6f24fe54444,6.914780595805362e-09,8.209749552405814e-09,99372131,1.0619654543409854e-08,1,1.2935418401768215,2,2,2,49,17,1072350899683592247,2,57,41
99378149,0xee88bd20007995777c3bfd5ae164a415b55f3a75fd284f88722b02841df6691b,0x708559dfa8fcc534c953d63de933254a10c04444,2.9808358179071824e-08,4.187061569709442e-08,99379542,8.431561860311319e-08,1393,2.0137181457535673,0,,,,12,1612711938621302030,49,2053,890
99378382,0x33c744f19ba6268e2a94580a33db6f7f5a9c1dce6b63db31b364d0b876422315,0x885936a0b5810ce839b102741d77659cbd544444,1.1218023201142708e-08,1.793952293661747e-08,99378384,1.793952293661747e-08,2,1.0,1,3,3,4,,1187201862716488376,3,50,29
99378718,0xb71b873b8955fe65d961c2cc4b2180a591c1dfac6669b790d4194a2db3659e13,0xad2a6109d13a5400545545b4210bebf271224444,6.2580994891904335e-09,8.294827281598e-09,99378719,9.596179412096562e-09,1,1.1568871884030183,1,2,4,135,16,622875421786259955,4,53,33
99401902,0xd59112df060fa59fe8a3c38f863459521df7ac0bfda6314ba094f804624da532,0xa44208b5bfa96d860764cf0cd8556904098e4444,2.0695157103240477e-08,2.7499435753628404e-08,99401968,4.125404215089625e-08,66,1.5001777680275858,2,67,68,76,19,805242043907957654,14,959,454
99414628,0x9d169cfcc1b7ad367de76605717718f821ad9e728bb9078806cb92980033bd40,0x8c604a79a86295eb9073dfb5c83a43cbce1a4444,8.570524776580935e-09,1.2023995824228563e-08,99414771,1.3788515928859423e-08,143,1.1467498933320752,3,149,207,223,160,787403272486974637,40,260,164
99529152,0xe840ea01dfbeb09b8d9f7fab23435424107f9a2fd5de8d7c5e7bdc62355feef5,0xa5df347f5b227ce66b320d0177c5c8f771c64444,3.664589332867561e-08,4.9060781179585945e-08,99529310,8.676932762636674e-08,158,1.768608765293595,1,,,,10,860861594872142780,19,384,135
99534402,0xf365307450aad7887723933b0c129b77c44707be3b0688c4f08d3fce58f65563,0x16a56bba51c740ed360ba0d4761627c974244444,3.0973392286790064e-08,3.552405325175777e-08,99534429,4.950155641755465e-08,27,1.393465888217732,0,28,40,41,60,1291793238524195275,2,1157,685
99545313,0xe428886596547fbf784d13d38e61605e4a18aea867d5765a10b9d2ffe7dcaee8,0xc3126fd8b5f80d04ce98ce140bdbb621480a4444,2.9642840540886356e-08,3.540608715349182e-08,99547294,4.2150112142837475e-08,1981,1.190476427403827,1,1988,2217,2275,17,1079438939021675112,2155,490,336
99551625,0x490bed1bed2bf15d715c854a61c146f3629ad35692bfa313b078ec1d882b16b1,0x00e12c5635b7c0f93ced80e0566ccb5596544444,8.783077000387906e-09,1.3186455891278063e-08,99551738,6.784099024643325e-08,113,5.144747823507711,1,114,126,128,27,2036676866708986466,22,1418,336
99551660,0xfce4cea9796b089284fb4f419ccefcf385f435f56485e834a4f1b7ea5604078f,0x5c7065821f6ced2a36720720c85e5d94b8aa4444,9.301801442175313e-09,1.1591297276027699e-08,99551660,1.5803038654119028e-08,0,1.3633537539237954,1,1,1,1,13,1304742585104879765,1,55,29
99551896,0x2e516b899ae461a0405e70cfe3b3f23d3fe8d72d94ce90f28202034e246ec122,0x44e9f4b7f9dc585cdd464ad00aa7a50b0fea4444,1.5571004414652733e-08,1.558561648766694e-08,99553070,6.83724273415693e-08,1174,4.3868927094204535,0,1175,1194,1318,10,881664453967176473,18,2373,1217
99551935,0x85866dd9eb4bc561d4034ecf9bc746a89246dd953e3b749013264fdd6981705f,0x7981dcdc97cbba350fee82a3403cd498f9a04444,1.820576030603095e-08,1.4207169397089943e-08,99551970,3.628926569699174e-08,35,2.5542924619752108,1,36,36,50,14,1578168043032142780,1,510,142
99556176,0xd8cb9a03616cdb5e669543fcc0454509c8d51a12b58e8b412df92a85bc5c76ce,0xc728f0ea2d860ec3773d6f624fe94fa1bf8c4444,7.665725603063845e-09,1.011878688792883e-08,99556199,1.9802098792271313e-08,23,1.9569637162626832,2,26,28,39,53,1066376573029749514,2,254,111
99556527,0xa949d2b1de66ce4e573fcb8b4d14eecb1f84b42e720a654668324a1fdfe4c4dc,0x036e590c1564cfb1d3a245dcea8ae316ab4b4444,2.2189850611929997e-08,2.4699519851123867e-08,99556532,3.8905766772308286e-08,5,1.5751628779349738,0,6,8,8,10,787149639582548983,1,927,473
99562892,0xdf07f5ccdb1f2f3ce9c49e503d362e6f554f35859822bdc5b06e65c09f3a33a4,0xf3f882d95e59671896dc60472d696b0701d04444,7.242934018338891e-09,1.2050457942913203e-08,99562926,3.763759335025903e-08,34,3.1233330325337105,1,36,39,46,40,1532154645430870027,2,691,286
99564062,0x40fd73ec04202fedfdc2bc68ea1c2a30bf7ccb14417b8b565ebdc1fdef8d8322,0xad6195371dd614f7183af130f7264774f1054444,7.242934018338891e-09,1.1314013407935973e-08,99564196,1.4247184239858025e-08,134,1.2592511362824301,2,139,146,151,94,1239362807464355863,2,130,97
99567001,0x9f788a4ec0b3f15c854d45d2e9c586c5912531b6d6b5ace0b5ab55ef837b1c9e,0xb62207cda56c7bf17e869f2b30cc077b19ad4444,6.783398379883899e-09,8.552385277218157e-09,99567048,1.4461789123601125e-08,47,1.6909655791729166,0,49,51,69,18,565052603515754645,2,183,112
99574858,0xf73059e0c34c0358d3fadebd07662cd063b8064bc4c46e8c707b646d5879d946,0x0d9978ba84c82c42adf2514a9b58dd78474d4444,7.301788496758438e-09,8.83004669249719e-09,99574913,2.099230576252054e-08,55,2.37737199966989,1,56,63,100,13,678511877861874430,2,231,132
99577835,0x710a0d5d2dd095f2e7073c631615a3cd1f8a878b8d93798fd8458a85a96f7e0d,0x0dd20f783314ff233112a0e91c96e401bdfc4444,9.893931286286717e-09,1.1425831657362648e-08,99577850,1.4364139359807759e-08,15,1.2571635737825444,1,16,17,17,,1079758906127323224,17,90,45
99577863,0xa35881d88c1e2875af8da918503b42a5494ee5fa09777b20e9db4530142b32e6,0x42875f8431d4dd1a9b54511b04fa201c04254444,6.4520945297874e-09,9.030250848440927e-09,99577865,9.030250848440927e-09,2,1.0,3,3,36,255,,557080019302970056,3,55,43
99578155,0xe35e71f00f9a3b1ead773772eab67a221b27faa6c4ffab22aafc82d3c28dcc2b,0x33cdff4c0951836d4ce59615ed30770a8eda4444,1.9216877592741973e-08,2.97115020236311e-08,99578167,3.8421986900149345e-08,12,1.2931687825674496,1,13,15,29,14,757505635729531385,178,514,209
99592917,0x2b79d6367f12562bb6df787339f62ffd70a3f0d1e44f869a3c27a0a7db0acb39,0x41f996942138079677cc73acbb8349f702d34444,7.45283427849493e-09,1.1156978658753082e-08,99592917,1.145574869748148e-08,0,1.0267787586466341,1,1,3,3,,1074709253800967847,3,24,17
99594608,0x50b137b30430330aff7a84375deacebf0371c468eefc478a1c8b286662652422,0x9651510c764afc00c1b06e55838d61844c62ffff,7.436565669493471e-09,1.1090817156589644e-08,99596443,2.2806745915980058e-08,1835,2.0563629887658332,10,1846,1927,2479,122,688033227966915969,1096,868,682
99604896,0x0171fab512fa4d7d32a2d9c80c58d3da1878c4dee800803fd4df729a71bea9ad,0x39159fdaf5224eee7d03aa20cbf5ac2b9c464444,6.2580994891904335e-09,7.813551078149411e-09,99604897,8.675411976118353e-09,1,1.1103033549469121,1,9,,,33,602373724627291180,1,54,39
99606008,0x238bb9f606d7fa693e139455c1641be979c2083b910fad19ec5857f7f2d719a9,0x8f8c2fddb2c808da94f0b025542bac651b044444,1.608291818011401e-08,2.2164063753395033e-08,99606370,2.735893869321117e-08,362,1.2343827827611442,3,363,613,629,,842788425869738739,363,115,100
99690768,0x65d7eadec9838a5b16c43e28bc3b80e64c5e677618a611a22419c4e56b3d49b9,0x46679e1703fb65f1d094baa4355b4b6513524444,7.295396641604354e-09,1.0554574987220358e-08,99690796,2.4627655894656418e-08,28,2.3333631078916928,3,29,30,47,40,1052770830118988619,29,219,99
99705312,0x6e4b27ecf40429ce31532e7b074f616c759d5cf56f5b8e4fa116b4e0fc034a1e,0xe8b7b635c33bea2c9ea47ce63759bc16ed4d4444,7.117495039052912e-09,9.983079416949624e-09,99705353,1.2453663316297727e-08,41,1.2474771356775405,2,42,59,83,57,1124256643033077693,2,155,81
99710162,0x16a19a8d1aa06a0ced3ec817228983e5cde1b7da4d699e3a97528771f63b523c,0x076ffbc1be7a63897b3a051341fa9d9643034444,9.929732899792107e-09,9.724417479539342e-09,99711952,3.664388840704467e-08,1790,3.7682348052359163,2,1791,2145,2666,26,1123763271294472816,2,879,588
99710894,0x12c178559a9ea374d952a2116087828021a5727e3cd4c78bb17c139add4dba18,0x1919d01184e0d7a3ff709d465e52c8bf85f54444,8.196781197558668e-09,1.0196684578113568e-08,99710997,1.3807366701037382e-08,103,1.3541035417211864,1,104,120,124,,585409623680569929,1,124,89
99711114,0x495b0fc573b15cc09062bb7407d784aee9102b758a917cf642ea83744efc3679,0x5e7677fd2b5ef86dc37e04fee7152c0531404444,6.899193725002089e-09,8.986824954827404e-09,99711479,1.2487709094288337e-08,365,1.389557397307531,2,381,486,,,565394813700602206,2,117,96
99712609,0x5cc59559b0a8658e3135250eac724d35f224fe6d3e65564ba8fe9fa3ffc024f3,0x4c376378757b519e63b967d8a35472176c9b4444,8.280824424849555e-09,1.171058504758174e-08,99712868,5.511546894795484e-08,259,4.706465878861987,2,260,266,267,43,1204147226279263486,270,1000,474
99713461,0xa6b1e15d0f71c77962f92b1035ec9360cf3e695b102f38c360af001e3ca26cd4,0xb9fc18016b5214da5fa23ac62cd2f128744c4444,8.935116376797287e-09,9.1588797310894e-09,99713466,1.3503518050973692e-08,5,1.474363508141352,0,7,8,12,12,1150434125398341074,1,70,32
99716884,0x0914c2dc036d330ed2ca65e6071ff2f49fa2f44cfdfb1c731baa80ce5094c6cf,0x32d9eef6462f800787f9264eab2de0ff997c4444,7.45283427849493e-09,1.0993084724901108e-08,99716914,1.680814866567699e-08,30,1.5289747224092458,1,32,34,54,88,659649181788552987,46,139,84
99717736,0xa06777e91a514bcbf3ad541da1c52c156da2f0cbe1a4ea3aba87ef11152b878a,0x3ce4fdbc1581d73c8594f724b6c4524df79a4444,9.509608917519447e-09,1.4374365354756924e-08,99717745,3.124817892205931e-08,9,2.1738823350359824,2,10,15,18,15,1459168668471913309,2,164,64
99717736,0xcdccd495c78fdac6be33744fac42205d48b4411f97f57c2409631b5613c92d42,0x3ce4fdbc1581d73c8594f724b6c4524df79a4444,1.3974469209994845e-08,1.4374365354756924e-08,99717745,3.124817892205931e-08,9,2.1738823350359824,2,10,15,18,15,1459168668471913309,2,164,64
99717739,0xcb651e036d50b127e986be886aa7fefe3c91ddda72862835cb7c7c23f9b23b94,0xd0b0d46a3b24d4be5df1d292bb0f76938ab54444,1.4892713083157958e-08,1.2506529132333572e-08,99717740,1.8056935333317027e-08,1,1.4438006854062966,0,2,2,2,10,1183986106281113961,0,116,52
99717743,0xaf094079ccc2a066b990ba46b1bb00893b18abd10e68316c8f7c5ccab633864f,0xd0b0d46a3b24d4be5df1d292bb0f76938ab54444,1.2149338123875017e-08,1.6499730777171442e-08,99717745,1.6499730777171442e-08,2,1.0,3,3,3,4,16,939735370158046687,3,89,48
99717778,0x752e7b6d73ac52610c6c32934f9ef432ac5851d6bf07e14864636122318d2c74,0x7db18ed6d28692fc6023df7343d2fca726924444,7.473988813053242e-09,8.284344668469332e-09,99717803,1.8449298583102055e-08,25,2.227007605480382,1,27,38,45,30,1333881946150048192,1,193,98
99720981,0xd341e179f09599b1832bb2a2a325e309215ed47eba375b1b668173b643f7bee2,0x704470092a035cfe490c8aa008367f94ab354444,1.3311974662551134e-08,2.0496490289733983e-08,99720983,2.6040488989118463e-08,2,1.2704852694786135,2,5,5,7,18,1422432362413548864,25,119,60
99721005,0xc897923032a415037f895d19c160ff2bfe7482c672b09469e809e7a0ee3e59b9,0x95bba677f5c71b6ec3fba5a0512b72738dce4444,8.216462003900978e-09,1.3711737460407827e-08,99721006,1.612213379140444e-08,1,1.1757907295086818,1,2,6,6,,1464513521039859152,1,307,214
99721005,0x53612e9b7cf461b975c22f04eb684c529185cde26e46c81f686e76c583174a13,0x95bba677f5c71b6ec3fba5a0512b72738dce4444,1.4045664232616269e-08,1.3711737460407827e-08,99721006,1.612213379140444e-08,1,1.1757907295086818,1,2,6,6,,1464513521039859152,1,307,214
99725939,0x030f5f15085bc7ce89d30691b7644dcc5e94b0e4f3ca0765955dd24b21b526f1,0x29789b64862da90200a6aba43743f50292444444,9.994862539666459e-09,2.558077059787364e-08,99725949,3.3868802731855995e-08,10,1.323994623315659,1,11,11,11,53,2033237821791120914,2,542,164
99728303,0xef8e0ebec81998d013c9532b376ef7074eb3940028130269a4ef0e02eebbbb96,0x1c084ee1ad62b4e8c0a3821e2e31c1442b784444,1.5494126265658715e-08,2.6823674411815916e-08,99728306,2.7035895411287112e-08,3,1.0079117050189705,3,5,7,7,,1677333169161051487,7,63,26
99728303,0xedf7255eaaef492d0cb36fe7469a83626e815570509e5a38e2797b28f6e57886,0x1c084ee1ad62b4e8c0a3821e2e31c1442b784444,1.7644758304314754e-08,2.6823674411815916e-08,99728306,2.7035895411287112e-08,3,1.0079117050189705,3,5,7,7,,1677333169161051487,7,63,26
99751051,0x7f06fdac906d631b8f5460f8f642decbf250db05846bcb2923b779f025b81cfb,0x0726b51e59e0d6030902ab30ed8ad80cb7b54444,2.256029889345412e-08,3.270516887702009e-08,99751052,3.531452821314204e-08,1,1.0797843101172728,2,2,5,7,15,940254037391515164,20,218,105
99774258,0x0251c126bab3a3f55176a1445ec76cb5db0853c60a666f8afdf06eb214e9ebb1,0x1275198cbb0a43ebebc1921d2fdf853866c84444,1.6330137391239633e-08,2.031062935150961e-08,99774944,7.474899612562053e-08,686,3.6802895091020273,2,688,752,804,16,1848613918546195150,2093,1622,1041
99774794,0x8f14e1db3f5beb3ed1fe75ad6c2d96488119571a8726792a6ca878d4f25e126a,0xc8cf51b188b6abab130abf7aba537abab4914444,7.168132731022865e-09,8.47251678622213e-09,99774807,1.1989753818236925e-08,13,1.4151348555289345,5,14,21,28,15,536597511673556379,5,135,95
99776430,0x561a065e22244515c1ce1507be8025a0d1fbd9e743e6b6559a60f710b55d820a,0x0f220eeeac82bcd9f0abfc6c14c6500d810f4444,6.433243621843495e-09,9.206719809425474e-09,99776648,4.1069264900719696e-08,218,4.4607923072313564,6,219,229,232,161,1081972683374842888,210,497,221
99779644,0x9edf4f5ab46ad4ee2219cf79877edf9a043b34f5070566b88a28e3a32b8fe264,0x5a7b9fe42f587e397bac31ea2de2f44b208d4444,9.476534518478707e-09,1.834972001996921e-08,99779645,2.050146690085683e-08,1,1.1172631995772124,1,2,3,4,,1348416433729755318,2,144,98
99785359,0x2138f16f4c0fed1e0cd9789b72e786034f2e3825ff14e477e644f8408b5c19c7,0x25da1dd150e6976dd4c49d39519d095b27534444,7.157575380282574e-09,8.482153357513152e-09,99785422,1.436604925672495e-08,63,1.693679499911432,1,65,95,103,13,629080458057346195,1,148,106
99786375,0x2cbaa65a6fad5a97c4e9e4864cfcbd3360841e727dbd959f58aa8e3711759242,0x693a01471e0c18fab79dbd728637241ac76d4444,9.052844683255562e-09,1.2887541024465822e-08,99786377,1.2887541024465822e-08,2,1.0,0,3,15,30,12,861136248318152069,3,57,36
99786446,0x23493c3f234a1be68570f57b599e222ee990e390c5fce23acc9008b076f490c2,0x5be7ccadb58ed05aa0e577774b3f32a4336e4444,1.4136355183972352e-08,1.5807083801321528e-08,99786450,2.5262616212870404e-08,4,1.5981832278739714,0,5,5,7,16,1259901924214009685,7,326,148
99788860,0x2752bee7f2de91e3fa8756a2380783537b8a76d891b1fb7fbe29e7469ab43b63,0x70530c9fb4e06b2b9ed3e2a3061b2c06f8f64444,7.053987795047646e-09,9.149672548711148e-09,99788894,1.3471197368607542e-08,34,1.4723146972625962,3,37,45,85,19,590198927071084613,3,164,107
99882524,0x8a5e02203b975a08105ed1fd5b9eff2f35c8074197b84d991f5710902c777ba0,0x8e4d5bbdaa65170692f66a98b4b6a975881d4444,3.833792774404641e-08,4.599766044249479e-08,99882575,5.3370884657063354e-08,51,1.160295635552734,1,53,395,839,14,723017220780467396,3221,872,658
99894170,0xb07e46666b180ef1793f008bdfcd1a9d38399d3fb745c201e919591add5aaceb,0x0563f018368faeaec94bae48eaaad45d772c4444,1.110231865463023e-08,1.4741005632432082e-08,99894607,5.7394971112619356e-08,437,3.893558726166086,0,438,490,519,23,1291462634473612519,490,2723,1393
99896250,0x760eb74e77f68dffd6dbb3973e641319bf20c425ba7d3b5cbaf9a3726f1a2c39,0xd61ee6dbbc96513c6ccab32d06ca83efefc64444,7.660019661862405e-09,8.181001623097786e-09,99896470,1.9970876575318596e-08,220,2.441128543347789,1,221,237,244,13,582517013848340005,1,458,219
99910321,0xc6257342bde6a897e0889c7b3f08237363820ae3c2252225120f44702bb6f969,0x961a4bf4a8ae82545989e5ca169dd72a79224444,8.184874574208144e-09,1.0626414067053469e-08,99910540,1.8036142931821464e-08,219,1.6972934442430014,2,220,246,291,13,675581714658037022,2,355,266
99922118,0x3f098a6a5efe4736b7e52c0f1aeeaf6a26409c75066b69f05b0c2f2350452ae9,0x43733a53b6de88bfe53bd3f8e189b9c7d1544444,7.276547830377172e-09,1.2067652166003894e-08,99922119,1.3309891058421573e-08,1,1.102939567310137,5,5,6,6,,908796106488919514,5,100,78
99929359,0x0e5884d2c47942e8b000506f34aa6e6bfee8e163eceaa676b80c2ebafff535d5,0x484a95e9435372b42f489733d35267880d904444,6.594778370659923e-09,8.4636528291924e-09,99929443,1.282898262041681e-08,84,1.5157737302465593,2,85,134,271,,1040291489912522637,2,126,94
99931246,0x32cb5ca9549c4af431361b4e3d694ad3a8c045635ee852b33712badf06d913db,0x896448475aa4ec7c4ff77a4a3a9cefa3321b4444,9.32682345713555e-09,1.2669130114539229e-08,99931450,1.8505425854289706e-08,204,1.4606705975063499,5,205,258,325,22,788713278869432219,283,230,177
99937719,0xd71464c8a3b3be34c18ac2fa225b934782d96d2a530dd8c530b52e0a28101b08,0x94d62d12af1d985c663842ede1bcc1a6399f4444,1.108001006900058e-08,1.2603788275809641e-08,99940207,1.822002491018099e-08,2488,1.4455990938177334,2,2498,2767,,34,1072050666930209639,2,133,106
99939424,0x592c10a8c5319121bfc7d65272007cbd8c4c9e1ba5e41045489c0f5bece7702e,0xcfa2f07c65b6db7052c127d55cdf817b58b24444,7.50456302375082e-09,9.572913790403004e-09,99939445,1.0534827143521945e-08,21,1.1004828178943045,3,22,,,,637169447697372721,3,25,19
99945522,0xfab8899305183eae29d5658a96b31aec2be9986a4acd02fb1897beda9dd90a26,0x4a712ac5b560ace0e8de0f908394d96b83694444,8.3484269982775e-09,1.0745279512552743e-08,99946709,1.9297588393974025e-08,1187,1.7959131143522502,2,1188,1198,1198,20,1490217205852986565,1197,173,120
99946708,0x1be317ba599fbf2fb04195e02c9166b9605d460176226bf300453734126eead1,0x4a712ac5b560ace0e8de0f908394d96b83694444,1.4852411166259685e-08,1.832592007174038e-08,99946709,1.9297588393974025e-08,1,1.0530215300748809,2,2,12,12,,1490217205852986565,11,88,68
99990861,0xcc2c20209ffad7a98e934e2bc6f91b4bff066c6661de0ef2e2a473487807510e,0x9fd6c2d388109a7f1fbfda3080067c2ef1074444,8.319182692725929e-06,1.0393126876996292e-05,99990880,1.2515054168160208e-05,19,1.2041663992249052,0,20,30,31,10,539758168044273859816,30,433,286
100097379,0x8b62c2d9b2df1a635bda09ec92301b47908d118b5707923253923e2c30541c1c,0x91894133287ce7c82a29abf3165a5f3a6d144444,8.198287374910137e-09,1.0686622668320778e-08,100099686,7.016266211178645e-08,2307,6.565466405001397,2,2311,2382,2780,15,1439650673288983549,3495,2411,1576
100098562,0x6e0669e8c1a73b80f495376ac99b8b6d5fe171135baee3534fb093d15336a077,0x2dd66c99ada7dcdd39b7b1fdc6fbd0f22f834444,6.2580994891904335e-09,7.929101232001056e-09,100098581,1.1932969137476938e-08,19,1.5049586060670628,2,20,115,173,14,1021685978880386774,2,194,142
100100761,0x44426f16be3d9000e4ddf253d22da602d9a9c47aebb4428a24730dd835ee0046,0x91894133287ce7c82a29abf3165a5f3a6d144444,4.672973567549827e-08,5.04892847278516e-08,100100762,5.694865e-08,1,1.1279353689989036,1,2,113,120,13,1439650673288983549,113,824,649
100100886,0xfcde98bbb9c3f0f46b8fa85bdb8ea084c61a706b6329c15000b827fc70ec09e0,0x9b76e66ff5a26dc76abff859aed3f6b4d57a4444,7.1639561765686514e-09,1.0705401922470015e-08,100100888,1.0705401922470015e-08,2,1.0,2,3,17,46,,776311723760329960,3,45,32
100108065,0x0d255460aabe5b3e1b2ffaefd97de7800489395f6bc134fc56948639683591ef,0x9688e35f92e09dfaa4c0a3dc103e074755a54444,9.88977908960837e-09,1.3189720545413223e-08,100109048,1.4967716585851874e-08,983,1.13480164604829,3,985,1227,1249,16,546776509335882228,3,268,222
100108531,0x0a05e272ba27ad8d759251416f24183d0c161ad24d80ea551c2132d9229244a9,0xf55dfed53eff463339e238ed1580a84ad2654444,6.45080709905768e-09,9.075568831498715e-09,100108893,3.718662356499671e-08,362,4.097442733939996,3,363,368,383,251,1029889693759879869,236,689,423
100115632,0x09cbc8ae1ed7652baae67da5814abb22fb5cede39df4025030c88e3a36d7fc88,0xd84fd7cf11cecbe713494ef81f4cf2988d8d4444,7.45283427849493e-09,9.671494659671178e-09,100115691,1.5397241088259986e-08,59,1.5920229116668383,2,60,84,117,131,1037958122857299261,2,255,154
100119792,0xee72c8f8261df37c1240fd38c62f74317687936c2a57f1086108b5c8842d9902,0xf07345eed922bf3129e84455bed4f39b91874444,7.242934018338891e-09,8.546396352641592e-09,100119840,2.0565926561114987e-08,48,2.406385769220532,3,49,57,65,81,750532401327996607,3,338,155
100120695,0x42ef2ae6b118cd3d38ce0ee9e9173560d7b338d082bc1d8795ff3ef0a32b6b83,0x05eebfe46b61fe9fbdca2ca1ccf09226a9054444,5.730467332105209e-08,6.700950193421643e-08,100120697,6.894713665902838e-08,2,1.0289158204266933,2,3,410,513,20,1011227059460038159,1747,683,545
100125029,0xe9990a7339c904091d2333ab6659758926167a4c8a9aad10e86f5ddae722bf07,0x50b1fe308606f632e0bc2b3580c3e2331f7d4444,6.852441401701736e-09,9.457688425813333e-09,100125053,1.0697381469608513e-08,24,1.1310778054827462,6,25,55,68,17,564338817302963385,6,114,78
100146611,0x90eeb6796ffd636b0fac09df291e722b43bfbe3a3b20a24fbccdefae40354beb,0x13f702763b36ec18be2811a0c7fc4aa574e54444,1.7254390499574707e-08,2.0055715795559668e-08,100150521,8.724593315399178e-08,3910,4.3501779763606345,2,,,,238,1419227599004910654,1720,709,534
100151843,0x61daa3eb2318f72eca1a18d4d4c836d6d8de3a0fe87d11f718839e79f15f1fb7,0x79d33d89074e0f716d4d307cf965c6eee6d94444,3.530124975942321e-08,4.424123727109207e-08,100152192,7.538672134573383e-08,349,1.703992157447927,0,351,422,469,15,1222599330688503458,508,1226,664
100152317,0x37d24ac60402cc766b9e9d25f5ad43b7a0bd9af2a43d6c4dc224e3316444ad8e,0xccab825d0bdcf6584bdacb00b4ea93b778a84444,1.1056574379055538e-08,1.1338563083290562e-08,100152339,3.015307803943983e-08,22,2.65933856150396,1,24,25,34,33,1540282029294879816,9,410,114
100152318,0x8ec80d44bf907a5daad2687b8bc0cb31512f3dec630e959a96b46a27937a93ce,0xccab825d0bdcf6584bdacb00b4ea93b778a84444,1.4605277171656578e-08,1.0484206216353358e-08,100152339,3.015307803943983e-08,21,2.8760477824641404,0,23,24,33,32,1540282029294879816,8,408,113
100152425,0x89504c9f29f0be3849a1c9afe75993402f4d6913dce2aa6be85fd95084d59764,0x4ac6daaa85d0bcd9754b653759fb967c16774444,1.2414945431681305e-08,1.713838819991917e-08,100152482,3.562919370489102e-08,57,2.078911580790255,3,58,66,66,15,2334490853795671361,7,380,112
100152441,0x650a2c0cfeb144d99bdf3f544c979173228d04bf645ed83abcca5c2cf3077c0b,0x5b3a794fdaf3a33fdfcc466cbe8575aeb2c64444,7.665725603063845e-09,1.7215374255942145e-08,100152483,8.697806747127562e-08,42,5.052348335747266,3,,,,,1763054870422674858,16,223,43
100152441,0x9b711b9e97f089479af9860c0e43a579b2a2624b9cae44ad2522c86975aab72a,0x5b3a794fdaf3a33fdfcc466cbe8575aeb2c64444,1.1683876852796602e-08,1.7215374255942145e-08,100152483,8.697806747127562e-08,42,5.052348335747266,3,,,,,1763054870422674858,16,223,43
100152468,0x42a65b66a4758844e1c8f74b7b5e073ec455970e15cf3c7fdb0d15e10e1255e5,0x5b3a794fdaf3a33fdfcc466cbe8575aeb2c64444,2.98125029797791e-08,3.9320616762689094e-08,100152483,8.697806747127562e-08,15,2.212021952661947,0,,,,,732550131508622863,14,130,16
100152473,0x9308e1dc3d282291933808e98ca25d2ba7487c18a1b2abc1c8d50e17a3ad51ec,0x5b3a794fdaf3a33fdfcc466cbe8575aeb2c64444,3.568221602548271e-08,4.323092106626962e-08,100152483,8.697806747127562e-08,10,2.0119411135826843,0,,,,,732550131508622863,9,99,11
100152483,0x5ca5ad1376802f02e1ea5d8bef19e216170743ec2b94dff2921da1d627f13f18,0x5b3a794fdaf3a33fdfcc466cbe8575aeb2c64444,8.474741765436228e-08,8.474741765436228e-08,100152483,8.697806747127562e-08,0,1.026321153831624,0,,,,,145828153190235801,0,14,1
100153570,0xa4d6f76271aebba1fabbb9e9f72ba9b788fdfe7bb2b95ea4d5fa140e849e3f66,0x92c1bdbc320b9f476ef691540b112fe31ebb4444,1.4410567756550832e-08,1.8745195381631944e-08,100153572,2.178690130214917e-08,2,1.1622658957984366,0,3,3,4,,4641583631390618501,79,169,104
100176333,0xfc44901fc8a9f5daaaaadbd5fd2176586c541c69fac700aa0a0ff0623870a386,0x3a753bcb831c1b8b0acbb01a9168bd5d497d4444,2.646817624761504e-08,4.097208802101776e-08,100176973,4.1162048715164843e-08,640,1.004636343992272,2,661,1765,3464,15,785456329023095873,3,96,80
100178782,0x2460e802ae1d97f76c59cb7da15d81c9aff2fcb3705d72ad571f38e51d8ae253,0x1c1524b5e748bc3d0ac14695b624a574e0724444,8.763584819721086e-09,1.039774903921236e-08,100178909,3.51507845300743e-08,127,3.380614823219181,2,128,147,164,13,1076494855053192797,239,1636,902
100281549,0xaa8bc7064c03f22c0a1c838d250e5815db8aa379f86a7a38fef42d1e3cdc6d89,0x0750b3cb44e5374e15cd591d0b53b70d7e994444,7.495173258255683e-09,1.1180979449827914e-08,100282485,5.849835754822798e-08,936,5.231952872351297,2,937,1018,1035,22,1193888188627422667,2,3222,1553
100281756,0x0127732f0e58adf446150ce12214cdfdbc96e0d57ab69defae4324d4cfb5a255,0x14b53ebc7aed5518e5983401613a2b65d0dd4444,7.763581235451669e-09,8.56917356276207e-09,100281773,1.3325811478475992e-08,17,1.555087124898977,0,18,28,35,11,1060157824769100720,2,107,58
100293720,0x381bf8966cb42fd82d0c8fa91193e11324d0017bb3155679b3e723eabec27a14,0x63ea32b46277e97d0a8e04c6d3ffbf06c34e4444,1.1388654954605446e-08,1.5078288891428432e-08,100293901,2.057281337569121e-08,181,1.3643997355287611,2,185,219,244,11,650866018396009436,241,337,240
100296098,0x76010f79d5550a73ca8cb9f5cedffa33d9f26bc764ea5e032ff4911eb69e9608,0x302c29cf6caa8bb00f5bd3d68a6fd8b26cb24444,7.552243818203537e-09,1.311105147653872e-08,100296111,4.163669484035053e-08,13,3.1756945592698185,6,14,15,15,24,1585819674810624523,10,559,216
100322495,0x765f829878e5fe2d67fd757c0b442d2832f89ccad33c00f6783c7e0d04e19912,0xfee313e54f52afa6054fdc50ee96aae1f07a4444,9.17449940898375e-09,1.333743642083222e-08,100324860,7.809358074152342e-08,2365,5.855216720624532,3,2366,2366,2369,100,1057266109021093752,3545,2574,1601
100328395,0x9cde8cc2865fa65b2519097f894ffdf16882fd4304a5eddb252382f6a957970b,0xec58ef20733e410d601cab08e5adc769424f4444,1.994529310053179e-08,2.6200365748386753e-08,100329315,8.899171146520451e-08,920,3.3965827927682284,0,,,,49,2934276184987107787,12,1404,519
100328795,0x46541804215ce6865f040a6efadd1738a7ac5a9d211be15cde469038eae623b6,0x2bad0f6c9d10d7835e1b89060fb263e1783b4444,7.827578432152284e-09,1.1028748296040445e-08,100328812,2.165037587628179e-08,17,1.9630855011946131,2,18,22,37,12,642147113122173223,35,165,85
100329569,0x428810f90fdb4f6170dd55684a1e5807c66a5d0d3e70a8ec996f233ecea2a82e,0xff6113ed015fb19c1e3633d07f7a4ee5b13c4444,9.476534518478707e-09,1.3002383950429754e-08,100329587,2.0673726881996322e-08,18,1.5899951086518265,2,19,27,28,12,1628843052500534888,9,136,61
100333107,0x0a654b990bae486400093aeb405c20789cf030709353e5237a079d9dcb7ad7f4,0xd833f9621fd50277d626832378147e82959c4444,7.665725603063845e-09,1.124450348336319e-08,100333115,1.547624512061019e-08,8,1.3763386834739368,2,9,15,25,14,1026598025422926876,2,88,50
100348120,0x610387b375511de67c2155c2426025c354a0d7c89a8ea109313a6f56c93e2b5c,0x0e6c5735501d621a0bd42888eb8724679d614444,7.45283427849493e-09,1.059602141242904e-08,100348147,1.8242990835334354e-08,27,1.7216830851186735,1,28,33,35,19,783961074691515523,28,192,105
100356136,0x20b98aa4d3c723138232cb2c9e7bfc4d48504af1eaca9becf4e3f24b9f5b109e,0x3e385361a06de4dd4115ee071ffccb506df34444,1.1290047238582322e-08,1.643629399404013e-08,100356167,2.1009142035385713e-08,31,1.2782164910778377,3,32,55,56,24,980691185073479144,55,250,99
100356170,0xab8922f6d328a6ebcda0e1448458567d63e78baa09d7229dac1055db3adc1730,0x0b055dedff99068c76e1b54d0a5ca79140b74444,1.3183356284444218e-08,1.7750070790909083e-08,100356218,2.982677387221884e-08,48,1.6803749248986088,0,49,61,66,11,1303927933907455120,2,855,369
100356196,0x732e302f54075907dcd0cf90f58a0592ee902b80f6d322398a56195b91e0a961,0x0b055dedff99068c76e1b54d0a5ca79140b74444,1.4592757379977806e-08,1.8741089531093318e-08,100356218,2.982677387221884e-08,22,1.5915176021507862,2,23,35,40,16,1176341707056516657,2,782,347
100473365,0x60974dc31fdf542ee65423ed94c0320d8e42aed3287db54c3ce8a61fa09b52e1,0x6657adbcaa70f579a46a13dbab7961695e434444,2.9613184230949926e-08,3.843131330134869e-08,100473736,3.9309685106389444e-08,371,1.022855628121611,3,373,561,,13,653576673560094066,511,336,282
100486990,0x35e77817cc2a97e61fbffd07484f534ad7d018ab8c99058ffd9d70fccd9d0a92,0x357b0f7c1d51269789e330ad4e3adebb37a14444,1.2712197265917507e-08,1.8355576840404378e-08,100486992,1.891951142380382e-08,2,1.0307227927677056,2,3,14,30,,704104785540035719,104,37,23
100487734,0xad7333d528b0ba78cda86d0976ea1f71dce053eb2bda6e703811ef827da0ff23,0xeeab7cfed4d5187a6f3020ffa17771857c7b4444,1.0550212187760963e-08,1.5045528824562122e-08,100487735,1.5992324230618318e-08,1,1.06292868912062,3,3,108,235,,621819897111389965,3,209,174
100487889,0x2bc1c5f83f1548d46227925b879b005ed22452eeff4ccd15b3b218d46894c370,0x4e08e9e3e264413adacbda5499dc64d84b684444,7.45283427849493e-09,1.13736842646875e-08,100487937,1.7290395860983198e-08,48,1.5202106422688062,2,50,74,77,41,1220639454889386448,2,214,109
100487917,0x401f0ca26d89c3cce300c444814abae22acdd59962819e55096538353c6deb05,0x4e08e9e3e264413adacbda5499dc64d84b684444,9.46434406565374e-09,1.2177247543926741e-08,100487937,1.7290395860983198e-08,20,1.419893600636096,9,22,46,49,19,1005288795236946185,45,189,94
100488574,0x697c7df86458ac9ff5df7633b47021e30af49b3e1c59f67c3ad99befdc40720a,0xa3f6192745f98f78879b0aae550372ee0f1b4444,2.159219508975551e-08,3.0941519178879563e-08,100488577,3.145175592725223e-08,3,1.0164903586479668,3,4,16,804,,699508275724215422,803,323,237
100492222,0x9b800fffc84fade7f6c182edda6be53f9f8691568089906ad7a72be9e136a447,0x4900cd0a3d18374bb7c776a71b7fb24271074444,6.401118383771499e-06,8.572785444606474e-06,100492223,8.776883117666741e-06,1,1.0238076263985674,7,7,32,42,,323073449269277112112,10,50,34
100496731,0x9e4e583102c690e5550d1fb77c58b9321947dd909a7e09cb33f4c9fe9b11c6d7,0xfb7b26072f286406cf2d0b5065a7d91e67b94444,6.65133636645176e-09,9.316183834066708e-09,100496765,1.222306761941548e-08,34,1.312025163642553,3,36,51,65,41,570078046178633397,3,126,84
100497203,0x18f881a966b4b03f60b70e64ae3ea14a5fb9b9266b0e7e8a12d9acec2b2073ff,0xaa8ba2b3904efd96b63582e98845f8f03a494444,7.773292914503132e-09,1.3055072488193514e-08,100497224,2.356934106551396e-08,21,1.80537803116981,2,22,27,28,17,1291274170074661275,2,209,84
100497203,0x07425626136528e6b54f390b44e1445d947f1b79579999905161077eb647a976,0xaa8ba2b3904efd96b63582e98845f8f03a494444,1.140833616881804e-08,1.3055072488193514e-08,100497224,2.356934106551396e-08,21,1.80537803116981,2,22,27,28,17,1291274170074661275,2,209,84
100497486,0xcc9f3b3b7b85d3355e742051d4aa1557f2eb5fa304f211549e5b6076604e35bd,0x9d601dae218b319899983337a6bd3780bfb84444,9.179510462095667e-09,1.4847351357246608e-08,100497539,4.519676144125839e-08,53,3.0440959032870882,2,54,62,65,19,1260159845237613180,2,1159,341
100501186,0x970763a9690fd4a61c747f866f658ea26cb2e570db83decfc9912cae5d3ef748,0x477d7dcabab243efd65c7851294a412b7e6a4444,9.360576245932002e-09,1.3796181304324608e-08,100501188,1.4028163005530186e-08,2,1.016814921179157,2,3,62,136,28,605453696983496940,3,130,93
100519860,0x7116b1f6fafebbff1c4dfa9f72d0e380961e93c74591b3c43ff15cc33cb8d0bc,0xbd0be2e16948f7af29c7c048ae818cc271e54444,8.451187597659392e-09,1.2396475832667215e-08,100519889,5.489599204763801e-08,29,4.428354702469228,2,30,31,36,33,2795699929872929090,24,959,313
100519974,0x807624d916edad44edcfc7b2f31ff8f930f3f46ad45194de7c0d5a6e1347b97b,0x1c2ee8a2ed2be3bbbb36935fb1049fa849e34444,9.189727786390476e-09,1.581731557021467e-08,100519983,2.025803978095798e-08,9,1.2807508133115562,3,10,14,15,13,777308516227351770,10,93,50
100522043,0xaa3e45adf6103f17739116e7a68f238f1f40d282d4b47efad4628b7f032b1d37,0x6657adbcaa70f579a46a13dbab7961695e434444,4.856046360580924e-08,5.849260418565066e-08,100522044,6.12243745837322e-08,1,1.0467028342491151,2,2,586,,,941118212064917150,2,176,156
100534500,0x1f6effbdafed9dcaf57a77ed10cf52a924266a713df27d47b0963d936cb68767,0x36350bc624d09357f0f38cecc162fac4bca84444,1.2609303019962619e-08,1.6153743184049368e-08,100534526,4.818671263873409e-08,26,2.983005987510989,2,27,27,28,49,1364630550372450451,104,1414,581
100535922,0x10ae17198ae1c5a57be7f1cf84035e04680caf83afe0d429de6ad1c8e408b0a0,0xd5ffda00a91425a947011d60b96a4ed830144444,7.665725603063845e-09,1.0519493720317397e-08,100536624,8.824121258879503e-08,702,8.388351657871667,3,,,,140,1022413544368219446,683,1176,527
100536560,0x67e9864a599569c5b7232b7c08c0458820add259292a3e2491b574a77043dfe4,0xd5ffda00a91425a947011d60b96a4ed830144444,7.459360254740697e-08,7.77258599130461e-08,100536624,8.824121258879503e-08,64,1.1352876981678006,3,,,,10,1022413544368219446,45,139,57
100538865,0xc7985fa2fba1caa1ccf752d6c48fb7904c7db353935436e97299c84d6ae57305,0xca63471f4393e5e9d5ed709c5499407767164444,7.198660108090917e-09,1.0059988822348754e-08,100538891,1.4797671958671487e-08,26,1.4709431809504339,1,27,43,43,,944226367182647570,1,96,59
100539802,0x5374d2fb9f56715f043d0e0ad38f5ba52d1258f6261e6b083023dbdc4e27992d,0x0924a9743909aa6de5b2347191825f8f9c764444,8.535887728577441e-09,1.2614655139296046e-08,100539835,1.686585336981473e-08,33,1.3370047126596218,1,34,42,43,37,956956031328910001,1,276,128
100544080,0x2d350aa108697cb765931afec7266fb1d2796474aa233548a2f6b26416c1d182,0x9063af25aefbba7ac8d33e2c39ae8e6674bf4444,1.3504536933372998e-08,1.6204661129760795e-08,100544104,3.284593277150047e-08,24,2.026943513874352,0,25,25,25,27,1941397500229986598,25,332,105
100544099,0xae83e13c742218ab661fc4c1a61b9936df5ecb8976b9bfcb60fa49a8a4a5fe28,0x6bdfb4ae8b60bea441977d7a0bed55d4966e4444,9.014949174339073e-09,1.456650433425148e-08,100544130,2.438067915625773e-08,31,1.6737494869602538,1,37,32,45,14,1638829992540675787,31,134,72
100544686,0x2d53cba1d995e73ed85e92d78656e068e29a62ae6512a0f31d281afbc7f02bda,0xbef5dd01ef8a7d5fa4b8d09cf1379115909a4444,1.1111583205266048e-08,1.4557853956018028e-08,100544746,2.4634515120313327e-08,60,1.6921803993046474,2,62,122,128,120,1019832106909096365,2,486,294
100548106,0x56b2e7c52ca1b9a8af8b65554e63bb43fa0625d49d25f87c2ff3fb2e52d72af5,0xff7d8d368d049b90ad7d05b8f2d0754f89544444,6.8321066912654406e-09,1.023796258679757e-08,100549826,4.685761135646052e-08,1720,4.576849247025581,2,1721,1851,1889,24,1095526587930992686,2,2467,1472
100552719,0xc08f7e13e67f5ce359eb792b09d5eb7f1471e0410d32519ea517671b32ed353d,0x1fef3213079e6911d415d6c20cc9e63077824444,7.78185175887248e-09,1.1571867758281778e-08,100552736,1.630268744070627e-08,17,1.4088207522972018,1,19,32,32,13,957384277833776484,1,255,158
100565805,0x0fce647478e9f30f850fff7ed53a170abb1b86593a789009e58fe55963dc6680,0x2b6e3d7141efba79b0856e911c7aed001e744444,7.316936949456927e-09,1.812184438058644e-08,100565832,3.008570011693737e-08,27,1.660189740353778,7,29,34,36,19,1382194344307582305,8,213,98
100565854,0x10be3035aaa471ece625a13f52abb20679ab26b006f9a71c255da24c1d3e6037,0x1dd172d6d41722c825d23e04dbf91dc56bcd4444,1.708961480186572e-08,1.7739932343520902e-08,100565878,3.415960731017213e-08,24,1.9255770906391383,1,25,31,32,13,1405611456622674178,35,491,219
100672100,0xd6a442f0283491270ad4fd4f9ce09b624a3f22279ce325ae435e814871a7981b,0xeb42bbb7e5f813b980c8658501905292e6a34444,7.136002235974298e-09,1.0642675590605204e-08,100672189,3.565590804295884e-08,89,3.3502766986935133,11,90,103,104,12,963477218334157237,128,991,506
100680956,0xa225d96687310c476f8f84e04ba736d2eb70eb9a0f4e0f06da87cbd7de44df6f,0x69650136a0be168403f27a21f12d1c529a964444,7.242934018338891e-09,1.2767510168323424e-08,100680957,1.6996825798654975e-08,1,1.3312561004121704,1,2,2,4,19,1416114945851947030,1,118,77
100702911,0x706e664411388d93b8b47e79cc7803d87acaae4d3c1b8bd4bfd4af83ebaf2c0d,0x41ae12f0f0e3eed778839e6c12d039630e5b4444,7.105866107529217e-09,1.4784264317761308e-08,100706292,2.4047213074988074e-08,3381,1.626541068134082,3,3418,,,34,837357676037120482,3,275,215
100710183,0xf6688bafb20eccb81d46d3bec801dff8106914f79970ac398cc42cae9dabdc69,0xf524e6ffaefac2a36d37f854d8b06e1750864444,1.879938395260377e-08,2.8559931802085836e-08,100710219,3.2036401060792906e-08,36,1.1217254047663088,0,37,76,291,12,943451462314510455,3,491,360
100711860,0xff33593fb85bb2eef15fdc370be517421b3e6cb9979974308c7d8e39809a5df8,0xf3795b94eeda4485bb7e735ac46a8b9e7ecd4444,7.242934018338891e-09,1.507738080833067e-08,100711901,3.420594660726648e-08,41,2.26869288785004,1,43,43,43,20,2476823306817782419,43,200,95
100712265,0xf77bd1e262524376e2a789a26c06a4e389b78c555c1940da4e74c52d976475f6,0xb64157874c2648101733e335e9d1af85073f4444,6.120589224806305e-08,7.353089688204147e-08,100712265,8.90221179802256e-08,0,1.2106763517795138,0,1,,,,988912145718209919,1,61,8
100714077,0xf71bc829310ec6af748db3dc959d00b1ba4d13da6b35b4a4db2349e082ffa1bf,0x913ade03297c8d43e11eb86a7b82c333ae534444,1.6006409102252774e-08,2.1618610074590417e-08,100714155,6.200983043032057e-08,78,2.8683541733889846,2,79,93,112,15,1450075726959465161,192,733,373
100725544,0xa619eee7e8f2606abb92818b5f80c839466953a7d97a455371a18b39354824d5,0x6dabc6b5f07c7fdadbfbd4d64258937f07474444,1.0126090833512913e-08,1.3516665936862196e-08,100725567,1.73090410947555e-08,23,1.280570310430686,2,25,73,176,11,939913093151400691,2,261,191
100743489,0x854d4a472e67ae73d11e6bb8e67cc73886d21cfa22dbb71bcd71791ead840545,0xdeb8d1acb2b398012eb797a2b7fa989e78dc4444,6.962876937050315e-09,9.841880710522612e-09,100743518,1.0810155200088401e-08,29,1.098383075150519,8,34,49,258,34,331774926629746024,34,43,30
100747638,0xb30c9bb68dd6fbe4fa13314de25ff3b0b45353e65307d195912765e481314860,0x4c714cc03cca688c529b674b7977727033634444,1.1872338852655895e-08,1.4003612578035357e-08,100749204,3.382853597476786e-08,1566,2.4157006476905725,2,1567,1629,1650,11,965704471359482735,277,1441,1001
100747914,0x82343a165db52bcdb113ab629417277dfc6fd1389c783f58afdef33a51bc9cb8,0x4c714cc03cca688c529b674b7977727033634444,1.0867527465519279e-08,1.2745037336538146e-08,100749204,3.382853597476786e-08,1290,2.654251618218993,1,1291,1353,1374,13,965704471359482735,1,1203,860
100865539,0xa8f599857b7a8c8c154d6366a9de017b797c70627220b3e6a55ebe9eb3df0c5d,0x45d89b2f5ef959a1bff96668b9ccce1e13ff4444,6.434742421793005e-08,6.434742421793005e-08,100865539,8.81700460376265e-08,0,1.3702187322839008,,,,,,0,,6,1
100865543,0x66ab9911761c5a72cc09c0eae912d5981468f343febc580ee9cfdcc95e31fbe6,0x11a6659ce99d6a0d5868af8fccf24fed951a4444,7.693019808717486e-09,2.241719703642911e-08,100865562,8.652923620294064e-08,19,3.859948951794738,1,,,,,2479342668452916327,14,153,20
100865544,0xc61f2ad3c5104f5955f7b3a9712628d7bf4a9f3cd86c403886da1f6287d59272,0x11a6659ce99d6a0d5868af8fccf24fed951a4444,1.698795785829227e-08,2.7087656661468463e-08,100865562,8.652923620294064e-08,18,3.1944157179910797,0,,,,,2479342668452916327,13,149,19
100865545,0xe1174df80ad0b97ca23fe3b4dca8e1d853cc55632e827801f09deba975fec200,0x11a6659ce99d6a0d5868af8fccf24fed951a4444,1.602500693770891e-08,2.8401461169327755e-08,100865562,8.652923620294064e-08,17,3.046647342791932,0,,,,,2479342668452916327,12,140,18
100865552,0xd2d08f1b521fe3186408f2abbdc3d26bc6674c7e2055e1d01bf0fc39a5dbe8f7,0x2cf824a88af3f88bd4198fa10c5d6f5c44494444,1.0471305144125987e-08,1.785777063047305e-08,100865567,3.369719366133459e-08,15,1.8869765077972647,1,16,17,19,28,1322828801520745289,29,220,78
100889971,0xcde514ad5f7c2323b14dd5d216ac8a7304dd16394b00d79a7a6621ef38f747b4,0x5580699aae8db08a9a5a81378242369446c34444,1.0446217474228494e-08,1.5263147911006265e-08,100890319,2.9493885858549775e-08,348,1.932359302977187,2,349,366,532,91,1341066426340486981,2,880,580
100895146,0xbfc40287ade14177f81ce99211c8b20a8a85b0441d895717d28d3a0900c1eddf,0xfa88628a8669221db80bae8e971c33c8428a4444,7.71609485174194e-09,1.1354309316415735e-08,100895171,1.2641688520822393e-08,25,1.1133824320379755,1,26,42,44,16,999999999999999994,1,133,95
100896813,0x6e6ec6940cb3e2b646b641b30b55aa2e3c66b54d87d7189cf38de05eb9552390,0x2ecf5bf265761f7befb3706660cb593aec174444,7.139105537415699e-09,1.11990857326385e-08,100896813,1.278402467920276e-08,0,1.1415239586875499,1,1,9,46,17,1225395438881997369,1,99,78
100919264,0xb7cc7ac390fce9fc6a48681b8a561fb0654d69507c6c920689cfbd87a40e83ec,0x62428e79b491922e06e91e80e6fa25987b794444,9.13742097719026e-09,1.9602339014419113e-08,100919274,3.713026412785635e-08,10,1.8941751849380843,2,11,14,14,15,1991439685731134451,14,282,90
100924545,0x662eeb06cbcb7317789faa5063364129196ccb10b8e7873dafa409d40dd35715,0xf5af1b9eb91cbdfb3250cf3d096f1af874ef4444,7.242934018338891e-09,1.1112349609086327e-08,100924660,1.9997064093704347e-08,115,1.7995351835720848,1,116,117,145,14,942151100571831869,1,424,218
100927122,0x50525238a9ebdbfb2fa47b1706425c6bab09c03802bbca220b07cc3e8e639b50,0x609c94d77e96e3bf175d80131e0f908db8484444,8.547201545468267e-09,1.2458433285885355e-08,100927123,1.501009716143022e-08,1,1.2048141862617465,2,2,13,16,14,1248225167771078199,2,49,26
100927892,0xca98e417e90522b2788fbe135a4df95266ea45493f7f6413c0d726dbb7a6b023,0x6281ba9fec774fa0f107839aacddc65b10314444,1.5196455246723312e-08,1.980563990438795e-08,100927897,2.617600332382658e-08,5,1.321643908007601,0,8,8,9,11,966897023108667095,2,596,348
100929837,0xebb62aad373e5312dfe3c63513f47e636998a80d5222d93189b007c1aa4c228d,0x8717dcc0c0c8506c156188a9569aa880390c4444,1.364383443163427e-08,1.7905232634522223e-08,100929880,3.280891618270269e-08,43,1.832364697649635,2,44,51,53,12,1199699225292476773,150,444,289
100936325,0xa31f4f168440dcbd9529ed15e1b7029af21878555758b39381e5baf7c769d2b8,0xdacfd90679ec2930e1993d6db1d974b2fcc14444,9.17921962896016e-09,1.7920385831275657e-08,100936328,1.8512694654147498e-08,3,1.0330522360650356,3,8,13,20,17,843141088883908862,3,65,42
100938674,0xf505e8ad19f54fc5ec54b9bffe9cd898bea149b0da32e85cd55669c7197e8840,0x58c4d33a068ad982c3642ce9f9dacce4a0f94444,7.365785294044005e-09,1.1457481448228523e-08,100938675,1.2108102984792206e-08,1,1.0567857377298462,3,3,72,78,28,678151986862559932,3,45,33
100943369,0xdc66f904da1b440c675b30ecda187f21833bb1d1efa0d3ad6c5f00c50efda085,0x30161b243358eb63d75171870e3fb53a36764444,6.966459526604401e-09,1.2574727746965245e-08,100943375,1.528448651884252e-08,6,1.2154924405843492,2,7,14,22,12,1433418409460627172,2,105,63
101038816,0x2f6b262e66e6148faa79af51c8a62a983a3188cccb266e8b51f1567fd9682bdd,0x45229ed2b4d93dc1d960ede973bc9ad1828d4444,1.1517716102535548e-08,4.671433994532543e-08,101038826,8.789745505382134e-08,10,1.8815947128161656,1,,,,,2346515516892339816,8,97,11
101038870,0x988a480026fef6ca3b5412d9760de1dfe3eb8399ece987909de26bcd53db4a27,0x1b29d7def95094b3eda7813a48a6348999504444,1.1359599688961834e-08,1.374255832997132e-08,101039526,3.736577132139529e-08,656,2.7189821883385283,3,658,729,797,43,1707941651163951191,113,1060,765
101042507,0x01846578610f2eb496c6c9e004fc53735cab9a20545dd2770b83c47f6ec286da,0xe42fe2c48cd9fbcba20f12c75518a7cf1a734444,6.674765917957715e-09,1.1559761573494293e-08,101042517,1.5543781051061842e-08,10,1.3446454714691194,5,12,15,20,16,726961082513532423,5,126,63
101042849,0x5d0168c9b0149271d6085a4875553ed0aa1b4153fa8e15e0feb849fbdccce426,0xb15c87115ad5ba15add8a0c089fe1fdd38fb4444,3.033741683354988e-08,4.019197681486699e-08,101046739,4.848583251595712e-08,3890,1.2063560033210965,2,3933,,,11,725372308166664579,1458,276,235
101047606,0xc70f807c8190d290ad0223a4efbaa5d93d82ba690fbb736d237afe24f5934804,0x39faef60fbfadd8758b9b90f6a1d9180d4fc4444,8.987308815093648e-09,9.478174327957508e-09,101047639,1.3377061456130166e-08,33,1.41135423271043,1,34,53,57,18,1197679540023827087,1,115,68
101062890,0x1d6ee62841b6a3c73ffde33a4135f57cf8be54fbdf4a65968168eba024061f89,0x010349a351480b31ec8c4e6a8b7fc9facb8a4444,9.212611521826806e-09,1.0625141242283507e-08,101062909,4.183951320194797e-08,19,3.937784190147482,0,20,22,27,44,1617659379243812931,27,658,205
101072762,0xdbdc9e235759306a3f643e5428784d61915dda6895730c2a09194ed9528a92ac,0x0fccf331dad1902238a26d6350ba762fd3064444,8.05488996133861e-09,1.2656506007738439e-08,101072892,2.245317827535308e-08,130,1.7740423985596627,1,132,148,149,10,931060149944743683,3,626,313
101078733,0x41dafd1c79be29198acbae74f941cb519abbc9008aa44dcbbfc6fdf57033eb4e,0xc67e1eae2751ae5dfc0dd71dc7d77842402b4444,8.447786428685813e-09,1.3989378483189235e-08,101079040,1.7265991305410273e-08,307,1.2342214721088918,4,308,394,403,13,662204908637869756,6,463,338
101086733,0x7134e8435ac0989c0c98bf8bdd2469bcaf8964e8b0e4a8c7527ce704203d12ee,0x5ec895c3ad36e883d17fe1c1d8c596d201834444,6.8321066912654406e-09,1.018293514692316e-08,101086734,1.1798010850762604e-08,1,1.1586061072310225,2,2,25,43,14,1001752967841011170,2,83,58
101093231,0x6c911f75503da59711d3655aefa4291c0dcac4a5e34bf5aac75d830b3d794514,0x79b068920124be6beb3c1256a76d25d84b1c4444,9.212879847110683e-09,1.1914932746837705e-08,101093319,3.056261233545776e-08,88,2.5650679684758826,2,89,118,229,11,947791935826506229,2,905,603
101119654,0xf444daf71d6544de0a9a47385e30be148b195ee53e550ffd4ada277cb4e4cb0e,0xf0b1c4adc409ca1a0671d38b268622985e014444,9.005885903147735e-09,1.4386377345155858e-08,101119970,7.391979111639686e-08,316,5.1381796363965755,2,320,328,330,112,1364120677943504330,316,1217,434
101119733,0x2982f7d16fad7f6c4dafc2b70711730a8195627bde3aff1613faed326b566dee,0xd8107cbe3ee55abd6a80614e5ee3530489934444,7.890740502854355e-09,1.145536287773858e-08,101119820,4.230949344137e-08,87,3.693422364086853,0,88,92,95,28,1302376386121713126,2,651,240
101119751,0x2567e1d8248b788f230f7d2382c6c8f14d98f828facd18028ee72fc913252043,0xd8107cbe3ee55abd6a80614e5ee3530489934444,1.4602630934289793e-08,1.8506724203787243e-08,101119820,4.230949344137e-08,69,2.2861686906595673,1,70,74,77,10,1127105452795601104,86,622,227
101120792,0xcf9a7cfc89e9f654967f30c9c9e32efd96bc763a53ff67a883bffa61367eb69c,0xfa7c61eef5432395e2ceebeda5e845b1a7c14444,7.931422350687013e-09,2.0103995580191494e-08,101120793,2.1218646038275542e-08,1,1.0554442251858787,0,3,9,17,11,1830878981864705000,1,92,31
101120792,0xc21c56735c274e83354bcb3e5e8cd74db5d29523a30743e0d231dea9980436dc,0xfa7c61eef5432395e2ceebeda5e845b1a7c14444,1.331797495329107e-08,2.0103995580191494e-08,101120793,2.1218646038275542e-08,1,1.0554442251858787,0,3,9,17,11,1830878981864705000,1,92,31
101126520,0xea59ac92a787f14765cc325ce4db1522916e23a4e9ab6fd035aa19d30d846910,0x2390ac827201388d439327e2c55f754b505c4444,1.12677872012902e-08,1.7860413376810275e-08,101130411,3.1245304064268126e-08,3891,1.7494166235164867,0,3893,,,16,1175309380341442360,2,1251,767
101234686,0xecdf7f97e5543156d095728ade7bd04aa9defcfa87535142ad885e787e729e7e,0x2108911f79096798c1ea576765534c6acf334444,6.933691873878974e-09,1.2250082062107947e-08,101234727,1.7395052894298373e-08,41,1.419994805431132,2,42,42,47,17,1222654298542544820,2,347,190
101234984,0xb333dac31ca8074a0fcd34360a0b128e588b2d0a663fe72ea3b8554c833f5f7f,0x9938c7c81f5d3e16412b01d1c5a37c0be2d14444,1.7944706713214475e-08,2.366551037792441e-08,101235902,8.739193917813347e-08,918,3.6927975683826433,0,,,,11,1453510570116010588,2,999,537
101238734,0x8b7bf8d78b9c71ceea43dd483422c30744d31345166124b6052552b88c8980cb,0xa3bcbffc862e138da0195812c0f3c17857544444,1.179148386539883e-08,1.8824314426308143e-08,101238990,2.967486757787119e-08,256,1.576411597566535,3,257,447,1196,18,568041942476975433,49,291,227
101242327,0x9d23a2ef0e8a9531b7aaa7757e4a90aea158f9db4f299c93ba9620cce6c10712,0x0a9435064ce6622d628b3f091b2b08622c374444,7.851421356178233e-09,1.1010582920748452e-08,101245635,1.9356921694866814e-08,3308,1.758028783234577,2,3315,3328,3332,11,1491937462018036535,2,400,247
101242380,0xd058409d57375cdb4e1ce71bfe025e5b2d869cfc4395c0556029be06a73ef1b5,0x7a6233b57d64e23f6be675eba6e7ba9910984444,4.5524746683883924e-08,5.644112838091648e-08,101242382,6.310943178068176e-08,2,1.1181461744485592,2,3,71,253,12,1199702898576265931,414,1061,808
101243146,0x032a8b8edbfafe491ba6f9a84828f9d7c95b2a48c2691c176c239c249d026644,0x3e7b9db09727c803484c5fe3898b71fcd5484444,1.4021183567486585e-08,2.097691196431319e-08,101243148,2.097691196431319e-08,2,1.0,3,3,81,711,27,628952941549395852,3,78,58
101244102,0x3e247dd6aa7988f31eb2c5cebe97662686b364f835515fabc01bc7160393ea35,0x5ad3c91e09e9272b7fb04c016b4f602380af4444,7.242934018338891e-09,1.0005334866665402e-08,101244127,1.716801290982588e-08,25,1.7158858887396409,2,28,37,60,16,1491562641654262321,2,136,74
101258331,0xb1f0e0672d1c9e893c393eb731a9f93677c1059a0110df5e4b10c1bcb8d8ad85,0x4785f1d74501faa6092c491a468b9e0186f64444,1.2572450622288977e-08,2.080010715533817e-08,101258385,3.0770644102345764e-08,54,1.479350268368629,4,55,61,62,59,1799436722932909329,49,393,168
101258377,0xfee595e9e81f8e04c8356f42ddf580e0b7cae6e7c312c7b316b25abcff25240e,0x4785f1d74501faa6092c491a468b9e0186f64444,1.4534255546415751e-08,2.922964483711596e-08,101258385,3.0770644102345764e-08,8,1.0527204238647825,2,9,15,16,13,1799436722932909329,3,330,140
101292009,0xd3e46de71b569be2fb540341344b61e082b4b21d8c859dda8fd88036e421ff8d,0xdec5b13fbbe7239c96ba18b9160b774ea5374444,2.938512753402277e-08,3.9967605204865494e-08,101293012,4.501085077306056e-08,1003,1.126183331284035,8,1005,1243,,,1868030430982941860,1065,79,64
101298312,0x9712c8270b3b32e825f3af8b80dc7fe6d1269bf51f6cf1a824f94065ea5018bf,0x75888d55564608f3fadaaf0d901f7eeafa204444,7.621275819573404e-09,1.7464207825678707e-08,101298314,1.7464207825678707e-08,2,1.0,3,3,3,4,14,1269136762285870170,3,88,50
101300214,0xb0021d144025dcd58645dcb05a98df9238c61122dde24ccfabadbe4beb85e996,0xdec5b13fbbe7239c96ba18b9160b774ea5374444,8.644469824792274e-08,8.644469824792274e-08,101300214,8.644469824792274e-08,0,1.0,,,,,,0,,1,1
101302560,0x76ad5b77103f49cfdf6f774939b2f8f42c2634cc3e6376af87b18a94a42af7cd,0x0f31284efd9668dcda20067aeac9652e11cf4444,8.881554216647921e-09,1.343252559685065e-08,101303031,2.5302917967989873e-08,471,1.8837051740978867,2,474,501,592,11,1355121641036639085,145,654,354
101317298,0xf557f63fa556d298ba46b8ac71e30d5365ee55640e3e619efcbbfa2a3f2d03fc,0x9bbef9075cb1af7f25c984c4ef6558c09faa4444,8.240796520454976e-09,1.1098008731143677e-08,101317299,1.395571271999361e-08,1,1.2574970031182737,2,2,2,9,12,1201075664055506348,2,49,31
101320845,0x8b5bd9c1e32a0662037fdc6790f95c10094f69252aedfe70a7b1e68d4022ff7a,0x102b2b0cc3e7caf21d1ab55c30ccfab54d8a4444,1.2163290129849424e-08,1.5840244817219085e-08,101320846,1.79359997347282e-08,1,1.132305715075245,1,2,3,12,12,1132429843022949411,1,126,63
101326448,0x279451c6c6c9a882e6c751914b06bf5d10135304f9be716b5998056600317233,0x5a34f859f5026e200177384b3b1efa596fc94444,6.748358880663297e-09,1.2385957387356293e-08,101326449,1.4088226975322929e-08,1,1.137435446831452,2,2,24,32,16,1191533807040122489,2,70,41
101414612,0x19af0d697fe7b3ecf1ea5672fc33e6c9d9d2171441f034b0e600d1db434bd593,0x1d9c4355ae6c5cb675d28a7e00c93d0c3cc84444,9.769977027624456e-09,1.2524590480811795e-08,101414654,1.773613657041225e-08,42,1.416105109191775,2,45,73,110,,1188765353169607560,2,198,143
101417665,0x09bb1488d4a4a18bd06c5f5951049d14744367ea1179518911f4867a24b8e950,0xcb72d3f665e613cdfc01354b02fbcbe8a5804444,4.946821774638496e-06,8.242989798091372e-06,101417755,1.594068145670697e-05,90,1.933847044236057,6,93,121,131,21,652426373899740770820,177,259,141
101418652,0xf173dac82527cf1fe253c6d3240ab975dd18bfca689fb83c990aefc563d365e5,0x55adae909f52b1c7baf9a51352f2545705074444,7.036024822595728e-09,1.1763853921270064e-08,101418730,1.515696668167418e-08,78,1.2884354721771132,6,79,83,83,19,1031733211533497206,182,298,173
101420243,0x27e14d2ae4097acc1f423f0a32a670b45d1bc17812661d146c42b6fb6380378b,0x464ab76243167dbe46ae712337a6b00d47ae4444,1.0295375155175213e-08,1.760517881121037e-08,101420307,2.764663799683939e-08,64,1.5703696221043189,0,68,74,84,10,1039623141468713998,83,408,140
101421036,0xe10dc1344b687901c955539bc76433b388499ba99de13a4ad42e0847d57afc6b,0xa459d6a1e04a2e4df9fd6bd6cd04da9f24ee4444,5.799505360906452e-08,8.065400185789103e-08,101421258,8.880277320259751e-08,222,1.1010336890544412,3,223,,,16,1068151452570255880,29,343,153
101442917,0x5ef48ae0d801979d38a28988a2f3210fbea8d34d047ce617d0b3b14554ed9433,0xc24b4e5abc04c43434a7abd248a32ba508f74444,1.6357368564761663e-08,2.018112147209598e-08,101442930,2.2766871416727293e-08,13,1.1281271681658809,2,14,31,292,,752326381412215063,285,282,212
101446415,0xd9af25b1e500a43968b5d5a5c037ab9969f13368f1f576b6192689c6c097d5a1,0xd2f7a9d119014778bde709437fbf2faad3664444,3.38969507408032e-08,8.304098929330194e-08,101446418,8.869511264645783e-08,3,1.0680883428927546,1,,,,,261001546641280747,1,39,4
101453301,0x1263375de0443e354cfe1f141035cb3d976e0fc74d84e6f9c37e2fd1494cacb8,0xef3817bb6a16caf104f6a3673c773114c3fc4444,8.439176895821704e-09,1.341690765626959e-08,101453345,1.8497324195641196e-08,44,1.3786577853502313,0,45,49,50,11,1413822475074618993,2,246,117
101462891,0xfc1c9b4fb84a5b6837d92d9db188b8fae50c945218a35a6ebb21c69dd1778c9c,0xb9f208732179c139bd671eb4627dbb5f19b94444,9.379787895457278e-09,1.7787632093138282e-08,101463019,2.290905721227398e-08,128,1.2879205670726306,1,130,151,153,11,1256111478865757423,1,338,203
101478654,0xbaefca88782659dfa0ce10f526c8329443b8ed2e65cc7ea71e64e8e1b2672361,0x8acfa2c2ab86954a848a1d555a65ab2df4b24444,7.580210145506734e-09,1.2001594361305107e-08,101478654,1.2421841179114768e-08,0,1.0350159158157017,1,1,21,22,22,1032842204927880066,1,69,39
101488574,0xa982bdd9ec22d0328ec3cf7ebb136ac85c9370e34270f7620105939861702e3b,0x24fa90aebfc85945ad0e605b0f00480736374444,9.61438500288134e-09,1.2451718142888667e-08,101492510,5.72575322087147e-08,3936,4.598363980910955,2,3937,,,93,1223334354352299429,2,1025,645
101502630,0x35eff6068a2009479646ea0539cfab47392a15069ee37cdb8b8d9f1499a3bcc8,0xdd16da76f7030ae615b56c40caa1d8dfc7e24444,7.557841638493238e-09,1.2224965243263631e-08,101502655,2.2692351575946794e-08,25,1.8562303552111157,2,26,28,58,45,1510244554862978691,2,439,216
101524641,0x5700ed757988baa1224492f9537e66209c05b159dda23fb6401c304affd9f314,0xc56df9456cebefb33f9d18a952edbfaad2f94444,6.837646438523782e-09,1.1081424210996803e-08,101525375,3.695731232632898e-08,734,3.335068816303764,12,736,749,753,42,984828836605939212,936,1095,672
101525381,0x7f0d45ed925bf1422e2cbe4d0db5708badad9a9b2192ccbc9e78ef7f2a104fc4,0x6cdfce69ed643771c3bdea8f952d6cc350c74444,1.0207583627065362e-08,2.4108733770306395e-08,101525389,3.7515425480477066e-08,8,1.556092735433624,4,9,12,14,11,1450814975734487688,13,309,97
101525383,0x5df6f2c07cef4701238c87fff27a8cfc72f6db94d2fd144d34b36029210f5d0b,0x6cdfce69ed643771c3bdea8f952d6cc350c74444,2.1036199678715038e-08,2.5028094986857167e-08,101525389,3.7515425480477066e-08,6,1.4989325196415182,2,7,10,12,10,1450814975734487688,11,296,95
101528765,0xd58a86fa72b78a85a2b8ab13b205018bd2efe41c333f13efcf3b6527de3fb9fb,0x79fa6e532e578c36fffa9b7cc2b761e5fd744444,1.74212304334146e-08,1.919794763348618e-08,101530565,5.0083093201541225e-08,1800,2.608773300026268,1,1804,1932,1948,16,989999999999999990,2738,868,566
101532521,0x83c2f3b1b88dbd638567b6c91858cc635f92d701c15cee93b1f84968cb8eed43,0x38b6d3dcd9b9f9acc6b83c8503627557a9ac4444,1.7984207199001657e-08,3.457990776498769e-08,101532527,8.897690132466536e-08,6,2.5730809327014708,2,,,,,541088992840000387,6,53,7
101532522,0x86641f0d779e778952fbdd225b66b519da47a4da02ebc8afac6c33df05080ee5,0x38b6d3dcd9b9f9acc6b83c8503627557a9ac4444,2.581080204599963e-08,4.2142671189609404e-08,101532527,8.897690132466536e-08,5,2.111325618737791,1,,,,,541088992840000387,5,51,6
101532524,0x2062ebb00abe2d4febebe5694f11ad88fc2ebdbeb14be37977da9ad66b9a1f5f,0x38b6d3dcd9b9f9acc6b83c8503627557a9ac4444,3.69877795731131e-08,7.33885873736183e-08,101532527,8.897690132466536e-08,3,1.212407875787111,0,,,,,541088992840000387,3,38,4
101604739,0x0a216ef42fa3b0985bbbdfaf7fc132b712ff4aa626ed16a2db79e4c49ce6258e,0xee0827addfe750afd2cbe7a14a23448cac224444,8.265486397476005e-09,1.3725392494662318e-08,101604761,1.468978431703203e-08,22,1.0702633329243412,2,23,36,77,26,813826659039819390,4,175,102
101605058,0x42a07bbb7a8926ea8571b8fad6959399ba758735d66f20af6b4c32d9ed273d12,0x7f430b376be04a383cc32ad31bd3b5a037824444,9.075459879123003e-09,1.4246952842403783e-08,101605450,1.9949424342069622e-08,392,1.4002590282108145,5,394,602,615,15,616759699317418396,610,303,247
101615646,0xdcfca6006025885dcaf211ab65e368c189702de75badffe5c664bf4b00e98631,0x6432d61911c8daa0d04a3094e7cf0f494f6b4444,7.139105537415699e-09,1.4007354435555718e-08,101615648,1.4007354435555718e-08,2,1.0,4,4,7,23,18,774000103869450426,4,67,45
101622330,0xe85ba0a8ca0d666b21d9e52fc4b4f987aa97aab31006a17afcc76c232f4c89fb,0x9a207604f823902b5b7c7c212c2e4f9da6d54444,8.392122347863007e-09,1.1403443905306943e-08,101622393,3.829606785260546e-08,63,3.3582896685082306,1,66,71,81,13,737627528661994582,25,668,313
101624119,0xc75d6f94f1460ecbdb5bb42ebbd6e0589ae76728e49116cd09ad9b55225ddbe8,0x6443c862b332f3ef2d9279317db4ecdb6ebf4444,2.8573169025761142e-08,3.63955154060201e-08,101624628,3.8503737260331835e-08,509,1.0579253193914935,4,531,2182,2184,20,1022989479453939395,2182,200,147
101636039,0x1ae3111851bf98c68118b12b861a1abb4e71e9e75e6eb5f02d0587d86cf70a79,0xedead7eb50143bb2890dffe9ef0ea5584e374444,2.561944984661606e-08,3.623170864617787e-08,101636245,3.751612125299543e-08,206,1.0354499595743758,3,208,575,617,23,747934876655963012,616,625,468
101637934,0xf7e496907241ef6b1efff15076e6a05529476a4d046d3eb1579c0aab46b85d48,0x241d786b4548163e2bd8ef5be097fb7728e94444,8.206603129149197e-09,1.2832580990303046e-08,101637939,1.4430994537298065e-08,5,1.124559007124355,2,7,19,19,13,941083509755387562,2,56,32
101644332,0xb62a064a8e82ecc9045277ba4b71beddf805b597a266cc9de63a1b74e88cee68,0x24df114c0360a4c4bbed7616530b90c126cc4444,1.1662524926658368e-08,1.865937296226322e-08,101644370,3.356476305929501e-08,38,1.7988151652885924,3,39,46,57,15,811548347040919283,93,884,370
101647740,0x9f6fcc0c9cd9685c863c75cfe0e94f344773547f312fb5268b62b0841b3c40ee,0xa2f9f91809b45c72ad9a92fb077ff7414b734444,1.769676834987294e-08,3.001024132468339e-08,101648970,7.38645286140561e-08,1230,2.461310717728305,0,1231,1292,1319,20,1377957962684497308,1414,3431,1719
101648065,0x44a3b1ddea5e43a67622430258662465dece9062bd97201ab36eed283de02bdc,0xa2f9f91809b45c72ad9a92fb077ff7414b734444,2.9507817031008645e-08,4.480864908072819e-08,101648970,7.38645286140561e-08,905,1.6484435511764757,0,906,967,994,28,1377957962684497308,1089,2668,1468
101658684,0x2e33006d6a762d12de7723ed0ce93bf812e490b19ccfb821766455ae9a73fa62,0x8161f83e27bb01a07b58aca8944961d4aff34444,7.794896107296576e-09,1.800517068409253e-08,101658686,1.800517068409253e-08,2,1.0,3,3,6,21,11,787255265421624170,4,163,87
101661465,0x37940c14726cb5f502c1ba7b94c88cea336166aa00a8188ca9bbde41c6d2fde6,0xe3fb6fc4c0d4c805ebd883d5b7ff5d182842ffff,2.4938629458386117e-08,3.046083475228486e-08,101661468,3.229287745295178e-08,3,1.0601442053563388,0,4,5,6,10,1323660302770754443,37,507,213
101666127,0x1d8c3da2a493663fe10db30d61cdea15026c016bed2a9b9932afa73b7a82caaf,0xa5ed9080fd55a8c1602208bea12ecafa735b4444,7.036024822595728e-09,1.1302190914211839e-08,101666179,8.674738730730906e-08,52,7.67527180931171,2,53,,,,1470304176973213880,20,360,53
101666145,0xdfe5d3d8ba945d0e1355f97c6895e7ceb0a947ced4264a2606fd658813006311,0xa5ed9080fd55a8c1602208bea12ecafa735b4444,1.59290471860813e-08,2.744548535705277e-08,101666179,8.674738730730906e-08,34,3.160716095152504,0,35,,,,1470304176973213880,2,320,37
101666146,0x7017e699b3f92c9b191861d9ab46fc4cef74232e25a43049fc3753222c1f46dd,0xa5ed9080fd55a8c1602208bea12ecafa735b4444,2.160736475978758e-08,2.205499565176536e-08,101666179,8.674738730730906e-08,33,3.9332307599147267,1,34,,,,1470304176973213880,1,315,36
101666166,0x2a7f7eeb9b126a467be0d438ec3303e1c3b1679de5c550af63e6c3fadb26953d,0xf149c6e04425fcb56d29c4839b682b16b6d74444,7.665725603063845e-09,1.1064306141356424e-08,101666169,1.2485804559575681e-08,3,1.128476056253175,0,4,5,7,,615068865703859817,3,40,22
101666226,0x786fa95ee423b6b72ca74bde86066cc8e300223339446c8bc1b9bf6497923a28,0x01208aa8d51b6a35ec2087fd9f2d56e79ed04444,4.918566434565636e-06,1.0171155753855344e-05,101666353,3.5108154358348345e-05,127,3.4517369714882906,5,128,130,143,11,902539677659944498670,88,588,226
101666227,0x11133f4ad8b85b43c77db527bd76fab510ecc3e85ee83e82b147238e5045031b,0x01208aa8d51b6a35ec2087fd9f2d56e79ed04444,7.702678072453282e-06,1.0291578944894572e-05,101666353,3.5108154358348345e-05,126,3.411347718978023,4,127,129,142,19,902539677659944498670,87,586,225
101666259,0x863ac34fd66977efc43156c1dea90fde76bfa6a0b646aa120742a3a057129bd5,0x14c0dafdee285025e9b0dcdd878563f92a9d4444,9.510337715540622e-09,1.0449102165844545e-08,101666260,1.644021940331953e-08,1,1.5733619159221566,2,2,2,2,10,1043858966535170264,2,108,52
101668089,0x05df9889eb4f5f739b5aec2221fe2511de704927768afeeebc1d2acbc31a834d,0x83427d663301e8618a9dbcf00186f891dfdb4444,1.4181832100272386e-08,2.664228682437347e-08,101668113,3.9914600339426724e-08,24,1.4981672032338902,0,25,32,34,26,1541844020471708602,0,606,186
101668145,0xe11212333139c1ba768f21af3e663061ec3d0631ba5efe9daee605cadc5a4c28,0xe56245b14ab347d12dddb143c23f4c118af54444,1.345575469023523e-08,2.0178311391937858e-08,101668151,3.208423186658398e-08,6,1.5900355209803665,2,7,7,16,11,1661426393309757456,2,209,75
101668221,0x5265d70f002215143c42fd1b2b4d7815d8bd3b48b65a1da7a984a6319d0dbbd0,0x3be66d3b7b68b4b4190b4b4f137dce2dc62c4444,8.963910396294434e-09,1.481707611465086e-08,101668229,1.9344097524091037e-08,8,1.30552731013941,0,11,14,16,15,1469335424119054096,2,131,56
101668239,0x8006127fe5d48beab4e44e73defcb5c421bd70aaa0ab081808eb41c92a0426d8,0x3be66d3b7b68b4b4190b4b4f137dce2dc62c4444,1.3583366435909728e-08,1.7355658246916798e-08,101668241,1.7355658246916798e-08,2,1.0,0,3,7,19,,791609212292681134,19,75,38
101668856,0x6af97048d680116f2dedd32d862a844f98939612b9e49cd387c97db3050960d2,0x41551aef9656cba2a428fa4b82723ee8fc714444,1.0583744987035417e-08,2.1851200825689096e-08,101668858,2.1851200825689096e-08,2,1.0,3,3,16,17,,824920011547182013,4,111,79
101670688,0x05ad4bb7ce5f83a7a085bd3f029514cfb4bc323c03316529785f80e295bfb7c5,0xae3f11268c5c54e412147dac4e4808310ccf4444,2.1712762038832958e-08,4.737556134822949e-08,101670704,7.60232599778696e-08,16,1.6046935975928174,0,17,21,21,10,2310262612821379400,8,1377,665
101671297,0xd184f8baa3b903c2eaf67c482e05b83842d142f1a40812ba59f2c578d18f80fd,0xb4a77023d37ef14b4c0fec6c71f749340a834444,8.867468141594825e-09,1.2747317256664623e-08,101671314,7.060420371227097e-08,17,5.538750020154812,1,18,18,18,28,2291889324973403646,16,1481,480
101671304,0x2f686dbfc55e0d7b3ebc04feee58cc3b3811d92b93a36feaae3b0bd1a07457ec,0x27d95043211c0e25e33cb52cc2693c5e205c4444,1.049080346367487e-08,2.2633002560036118e-08,101671307,2.4255781566845323e-08,3,1.0716996784896142,1,5,4,5,10,1495980915094638628,1,139,52
101671305,0xa197bcd25004b4916317edbcc9297801f78d09fdf3703112e580d38563d8018a,0x27d95043211c0e25e33cb52cc2693c5e205c4444,2.1732234257935572e-08,1.7397727643124552e-08,101671307,2.4255781566845323e-08,2,1.3941925097575039,0,4,3,4,10,1495980915094638628,0,132,51
101671460,0x33b35a35bc944f1d5f756e5797ad3a886b35da5cdcb547423dedf3fbc2e1c5a0,0x0e2106d46f2493cb807a2ac6f2373730d5b34444,1.1948974805844981e-08,2.0675442151904444e-08,101671463,2.176881958250721e-08,3,1.0528829043930292,0,4,4,4,,908674889701153715,8,191,91
101672545,0x7712d1f122bad3bb1140729d4410d17369148cbb844538961f5ed8d0b39a1094,0xf8cb0a06c0f6aeb6d9d04bb5bdba38aed95a4444,1.478207926563403e-08,2.65575743686122e-08,101672548,2.7273591704261824e-08,3,1.0269609462713534,3,4,5,10,10,979999999999999979,2228,386,264
101678848,0xd152848960434fd5118e58f98fd56edbe6f917811cb87382d93c08e505a8b203,0xbf119d03e1123f0538354f23a21e31d469454444,8.784132715937777e-09,1.4655361755272236e-08,101678894,4.5965640072002685e-08,46,3.1364384475508866,1,47,49,57,51,1172151657036875496,71,999,395
101679251,0x95da8fead6c0c29199e37ce9745a664d860b70e6d9720e63d0d3966c0ec3c7b3,0xba04557057f6352883312215cebf47012eda4444,1.649838201473894e-08,2.0189787740045886e-08,101679446,4.9549879705096445e-08,195,2.4542050834351086,3,196,201,232,11,980660227298114687,231,1043,642
101684715,0x9f39bac8e8e5f6ab33843a13a64890e61108478680f3d134cac1cdb5de19cf07,0xae3f11268c5c54e412147dac4e4808310ccf4444,7.496349973127681e-08,7.496349973127681e-08,101684716,8.896260954152427e-08,1,1.1867456810371761,,,,,,0,,10,2
101694503,0x136fa8a940c31c7bef6f8614b32d79d1249cefcb707b391f23ed3092254897f4,0x11893d0034b48d4205dd162be957d6cd5d694444,7.242934018338891e-09,1.1713676274453899e-08,101694503,1.5440541616480057e-08,0,1.3181635939652863,1,1,2,5,,1511221543033143141,2,62,45
101697305,0xaf994385274e9b59775423d741c2bece0da5ab71e02b7bbc989842e98ac6a645,0x23d79375de3c3630cec07bfe67d595dea0204444,1.1505010900377841e-08,2.131308969664468e-08,101697315,6.122398010915244e-08,10,2.8725999364977537,0,11,11,12,24,1647730529466239359,10,660,151
101808313,0x9d18144f083f83e6c1e7ab0a39d77726129b94585a342dc12e7bd7a6c73a5946,0xcde107d8a9fa36de697ac643a68e4ff3a6674444,4.774396283716012e-06,7.329202569451863e-06,101808414,1.8101391943421303e-05,101,2.469762811423436,9,105,121,143,13,511086560583085808000,18,526,269
101809699,0x0a500635495ac0b3d0d96fca3db4c677a1446ec54158f4067ead8b810648695f,0xfc7fdfe4f7fee5149ad1526f7807d624dd5a4444,7.394229303342235e-09,1.0839836693035874e-08,101809699,1.2255710974047044e-08,0,1.1306176763641473,1,1,5,50,23,1022401550700553079,1,95,53
101810024,0x55ac75c5d5d0b542c87f612880a8443fecec103ade32dbff0fea7893feaf073b,0x84a0a381b8beeb6e7cda192956f6f30028484444,7.766790186819066e-09,1.1822139188911812e-08,101810040,2.2248418847802727e-08,16,1.881928345816627,1,17,17,30,13,1551664179779130165,2,277,95
101810070,0x860a7d0e4d4ba6564eb25c832ab098d4c9b33f73a6030a37afe7060dcd2869f4,0x6749af73f0e2ff07c117cc43cf7194682bdf4444,7.659230353040813e-09,1.2482071217331386e-08,101810070,1.4686884469360963e-08,0,1.176638413099918,1,1,3,4,,1243280695439988003,1,38,24
101814280,0x6cbfeebaf91685f3bc83118c5b941c37f1fca7b9e207b0736e74549d804d182e,0x0ea371278ec03b388dc9149fa609f072906e4444,1.2095814249449697e-08,1.695529003538816e-08,101814462,3.3653721614370664e-08,182,1.9848508367671942,1,183,197,278,22,918433245542214821,3,1019,539
101816361,0xddfd3eba76a97ed259ca68842c2c21b384a44619e0f741bc243ef901e0585dd1,0xf59e6e63c3a2494b7c5ec51b530a7c463e214444,1.9417780747021228e-08,8.786232787916823e-08,101816363,8.786232787916823e-08,2,1.0,1,,,,,1105624495600208170,1,33,3
101816361,0xe71a6a73e387b9faf3504dc837548c4d529a12f8089949274d5d78cd2b27e07b,0xf59e6e63c3a2494b7c5ec51b530a7c463e214444,2.922043491294349e-08,8.786232787916823e-08,101816363,8.786232787916823e-08,2,1.0,1,,,,,1105624495600208170,1,33,3
101821745,0x9fa3337ad7a230e1a36191d88c1d1c3aacda6832d8fdfbe46224172df0b8dc46,0x41a289d7f99afdb434cc5aee912f9d29c1054444,6.4499868074067404e-09,7.650307575726111e-09,101821745,9.845740136732448e-09,0,1.286973110463204,1,1,1,600,19,1148086392630408913,1,72,53
101824512,0xc9297cc09a0e59ec0f6f695e6ff044f030e80105d31d0f302d7df98c920973ea,0xb9d381338dfd24b4ab078b808a41defd8dc24444,7.820604566357012e-09,1.1154909600521808e-08,101824513,1.2984088175310468e-08,1,1.163979686101902,1,3,24,152,,624285898452166850,3,124,98
101824614,0x736df35076f6dd94c84ea012e5bb057e201ac947def822068c8c77a8cf6f1a7d,0xabc71e4bdf735b3779ac3fc7a925f39a38b64444,7.235256168295175e-09,9.426215174053611e-09,101826500,8.781645476369262e-08,1886,9.316194585225917,1,,,,22,1948502966839121068,1812,2140,1129
101837922,0xf663fa23e44e8cb06e2efd1f848a7a0a516caa38ff5b51f8d55dc1a4fd4d6165,0x2007ea56fb74c13d5b5aee20b5fc1281f4d14444,1.0672113150682872e-08,1.5721030046022743e-08,101838803,2.514187616061898e-08,881,1.5992511996362233,0,882,1007,1021,23,1363157596522289436,1,888,477
101844614,0x41befe4a8937702efbdeb59ad2a88f5547d5bd799368ec7a6294f3c0604ab5fe,0x9f8a691206bab655eec41057a41c1ffe209f4444,8.028707167974288e-09,1.3583557947348914e-08,101844665,1.7928558031241847e-08,51,1.3198720173856173,1,52,54,77,19,904588216353311553,1,204,102
101845744,0x27efc513a587b7b3d3364bde9d7ae858a23d3ca2724b2d8f901d148f79007fbd,0xa84f49e3b8dafa739498e849a60d51f7f58e4444,7.729099874502839e-09,1.0717882888109902e-08,101845745,1.2382654164316563e-08,1,1.1553265037121752,2,2,3,44,11,1305446213356572209,2,58,33
101847537,0xa61fdc7f71b4813be44796e30c64da6c3addc39ba4708d020ac000346fce0ca2,0x915241daf32d3a21e50596502c226cf414f54444,7.406816496422498e-09,1.0320001959704197e-08,101847560,1.7477268489604103e-08,23,1.6935334467809593,2,24,29,32,14,1004853056404391509,2,164,101
101853686,0x41fac98341b5bcf1aeec86f861f1f796dbc7bbe2354ae7fbef829b9831da72c9,0xa7686ad448546482929c13febc5b1281fee24444,9.423985603197858e-09,1.1558400830731405e-08,101853687,1.607083526627577e-08,1,1.3904030065774093,1,2,2,16,10,1345876812511572513,2,226,125
101881549,0xb99fae913bfa16d72d7169b1650a880f8544542080e74af10c0631e285654076,0x2d78a9e326c5fa5a702f6364932556b407d64444,9.78630581944444e-09,1.1284663377828881e-08,101881574,1.71342554708121e-08,25,1.5183665561948425,2,26,36,69,13,1263122454829596115,2,413,303
101886346,0x3977635b0125788c933cba9a9aba257a0ece1b7ebf796bec9a63364ce00c26fa,0x34d0ad4403492557e5a8771376af150898e84444,2.3596387661970535e-08,3.093781769208339e-08,101886350,3.1199983885527424e-08,4,1.008473971760171,4,11,27,767,27,972309280905069115,111,90,72
101886916,0xfe7e87f1dc6020f2271cffdaa4b8075365dd5fa04926879bf13e34002fe22db8,0x89d0a596b2165bf8be7e8fc077b5c8d5ec194444,1.0363143832430477e-08,1.5795421776016026e-08,101886987,2.8513912821423748e-08,71,1.8052011035703803,0,72,86,99,26,1140868980788049618,3,641,276
101888758,0x629c9095d28bbcbcabc2758d370528bf8ce18f117874cb6334e0b53b529ab5a6,0xeecf2608008c635485767fbb6fc0712e948a4444,9.316781785243392e-09,1.082125272199448e-08,101888766,1.9705962752792583e-08,8,1.8210426518123632,2,9,18,19,18,939958175860884835,2,468,320
101902589,0x66c7978fdbda02546f4ec1a76ba618b6dfe62ae92f95b9ce4809273569aaa976,0x498fc808c9d3502eac001f5b1675c4d2f2114444,1.3784225211107156e-08,1.8595442661593097e-08,101902678,3.520050628547421e-08,89,1.892964148585562,3,90,108,116,28,1250010424390496925,1015,1557,941
101990907,0x985fbd0257e8edebbf96b83ce6385bf7eb663110dc622fb8c4ab66fcf28e9284,0x1f5b654a21b9b42b5f41d9db790181227fbb4444,1.2706316078219613e-08,1.7358337669656913e-08,101993903,6.520959560682184e-08,2996,3.7566728362941624,3,2997,3229,3306,210,1131305599122328622,3182,1824,1160
101991108,0x280bbe87e2e56166028b9570e37d2719a73bd970c16dcd50784ae2882aeced66,0x1f5b654a21b9b42b5f41d9db790181227fbb4444,1.1492628390073596e-08,1.1905261737602154e-08,101993903,6.520959560682184e-08,2795,5.477376058088728,0,2796,3028,3105,15,1131305599122328622,2981,1764,1131
101991108,0x937c22cdeaae28c36bff5798ced7b424029021bb4e4dfb80b284f2cb27265989,0x1f5b654a21b9b42b5f41d9db790181227fbb4444,1.1179117161182642e-08,1.1905261737602154e-08,101993903,6.520959560682184e-08,2795,5.477376058088728,0,2796,3028,3105,15,1131305599122328622,2981,1764,1131
101991151,0x36acebc983e2f84daed4b0fbb59dfe5f573bfc277cc68e344057b6bfd28c828a,0x1f5b654a21b9b42b5f41d9db790181227fbb4444,1.3172098337969587e-08,1.4617175901703574e-08,101993903,6.520959560682184e-08,2752,4.461162405469986,6,2753,2985,3062,12,1131305599122328622,2938,1712,1117
101991152,0x56b33389fe9e581887ed84e50d4c6c080376137e7cd0c6f6e94c81d4832f1218,0x1f5b654a21b9b42b5f41d9db790181227fbb4444,1.3451466362080849e-08,1.50421277164878e-08,101993903,6.520959560682184e-08,2751,4.335131095539434,5,2752,2984,3061,11,1131305599122328622,2937,1711,1116
101991152,0x55f911809772895451ec73794e1a9b32fe10989f12f03d588f762f24da545a3b,0x1f5b654a21b9b42b5f41d9db790181227fbb4444,1.3592249702473127e-08,1.50421277164878e-08,101993903,6.520959560682184e-08,2751,4.335131095539434,5,2752,2984,3061,11,1131305599122328622,2937,1711,1116
101991153,0x70bb6f471279818f43e4f2ee5e59ca0752d0af6513b954b20eb2d0e865d04c90,0x1f5b654a21b9b42b5f41d9db790181227fbb4444,1.4371840706727429e-08,1.544169244640169e-08,101993903,6.520959560682184e-08,2750,4.22295650772512,4,2751,2983,3060,10,1131305599122328622,2936,1700,1115
101991153,0xd57191bc8642bb335285c4e7230693d9023dec241271965240700e240d9d649e,0x1f5b654a21b9b42b5f41d9db790181227fbb4444,1.4617175901703574e-08,1.544169244640169e-08,101993903,6.520959560682184e-08,2750,4.22295650772512,4,2751,2983,3060,10,1131305599122328622,2936,1700,1115
101991154,0x0c093f31dbba09985204ac76f1342572376b31ad509d00c469bdd7a106f8e198,0x1f5b654a21b9b42b5f41d9db790181227fbb4444,1.4763917098137751e-08,1.642693131162419e-08,101993903,6.520959560682184e-08,2749,3.96967603807277,3,2750,2982,3059,10,1131305599122328622,2935,1690,1114
101991154,0x83b38ba1aaae938e6aadd8061b55e00755fef8166aa95ce7c28db492495aa4a9,0x1f5b654a21b9b42b5f41d9db790181227fbb4444,1.50421277164878e-08,1.642693131162419e-08,101993903,6.520959560682184e-08,2749,3.96967603807277,3,2750,2982,3059,10,1131305599122328622,2935,1690,1114
101991155,0x36c3fa49a3dcdb4ff563dfa2dce67eb211fdb3057cccace3ed932dc50284279e,0x1f5b654a21b9b42b5f41d9db790181227fbb4444,1.5291612483297476e-08,1.5987663566117384e-08,101993903,6.520959560682184e-08,2748,4.078744548078956,2,2749,2981,3058,10,1131305599122328622,2934,1677,1113
101991155,0xb60e10c2cff1a93ca9302d7614bc90c74af9d22e683b983927e5c5d39798194f,0x1f5b654a21b9b42b5f41d9db790181227fbb4444,1.544169244640169e-08,1.5987663566117384e-08,101993903,6.520959560682184e-08,2748,4.078744548078956,2,2749,2981,3058,10,1131305599122328622,2934,1677,1113
101991156,0x039d655271c9615f45fba17b231fd7505a26b97d934fba2fb28e0b1d72484b1b,0x1f5b654a21b9b42b5f41d9db790181227fbb4444,1.5592505295063676e-08,1.6415558491855662e-08,101993903,6.520959560682184e-08,2747,3.9724262588552577,1,2748,2980,3057,11,1131305599122328622,2933,1667,1112
101991156,0xfce9b3d9f7473a3d94a2cdfb7275085e835e5f944bc3b663466aac388f27e6b7,0x1f5b654a21b9b42b5f41d9db790181227fbb4444,1.5744051029283423e-08,1.6415558491855662e-08,101993903,6.520959560682184e-08,2747,3.9724262588552577,1,2748,2980,3057,11,1131305599122328622,2933,1667,1112
101991156,0x923085d55863b37146db929bbf7efe5837b698a1da714ad085000b04c62a9876,0x1f5b654a21b9b42b5f41d9db790181227fbb4444,1.5896329649060937e-08,1.6415558491855662e-08,101993903,6.520959560682184e-08,2747,3.9724262588552577,1,2748,2980,3057,11,1131305599122328622,2933,1667,1112
101991157,0x6168f29e265a509d9218b0295c9e9c24460900b9af21de60a7a538097c8b5559,0x1f5b654a21b9b42b5f41d9db790181227fbb4444,1.6511448298632396e-08,1.563778094594511e-08,101993903,6.520959560682184e-08,2746,4.170003137416421,0,2747,2979,3056,11,1131305599122328622,2932,1652,1111
101991158,0x63d5ded1f2abbc292d4416dab57f70985cace43e4414410ddee3aaf97abe6672,0x1f5b654a21b9b42b5f41d9db790181227fbb4444,1.607104311344751e-08,1.5643585382570174e-08,101993903,6.520959560682184e-08,2745,4.168455888601938,0,2746,2978,3055,84,1131305599122328622,2931,1634,1110
101991158,0xca1ec811cfef890034f839e9c01fe5870da8670d0a8e623ade483041014e7e7e,0x1f5b654a21b9b42b5f41d9db790181227fbb4444,1.6224891167738775e-08,1.5643585382570174e-08,101993903,6.520959560682184e-08,2745,4.168455888601938,0,2746,2978,3055,84,1131305599122328622,2931,1634,1110
101991158,0x37a74676c5bb999a8c30e25090c41320e1ae460e1d12c2ea8fab4cb98a86d52c,0x1f5b654a21b9b42b5f41d9db790181227fbb4444,1.6415558491855662e-08,1.5643585382570174e-08,101993903,6.520959560682184e-08,2745,4.168455888601938,0,2746,2978,3055,84,1131305599122328622,2931,1634,1110
102000839,0x4d25052e6843e7abb936308ba4d5243706c6223f676c6556ab3c5a7e0cd2353c,0xefb1cf11e92ee910f1ddda510dfdc643b0d64444,9.152881788612045e-09,9.668427905090731e-09,102000845,1.3074581330871651e-08,6,1.3522965118235482,1,7,16,157,11,733001442827716403,2,138,93
102038445,0x190c1bb8e25be71091ac26dd41658d829596ab054827a2b4adc8110e57a68fd9,0xab48ac3bf0580914f9849944cd4d6d4f33ec4444,7.365572044369926e-09,9.686584947611129e-09,102038823,1.7804844069735074e-08,378,1.8380930086331448,1,379,397,407,20,1407763077294672450,2,273,182
102038833,0xf483cfd1b3981b33fe0ec1739107b1e489879ef51323af9ac5512c569c2530d2,0x124f73e7b8a570bcf25ec546815c6fd49e474444,1.1288373068897276e-08,1.5201148343782687e-08,102038835,1.659923613895139e-08,2,1.09197251178333,2,3,3,17,14,826139333068090471,3,160,108
102044905,0xa8af54478cd7f10caf5fc28dbca0ca073f0a5d9b3e0967230e0372da9ce642b6,0x9f54b1dd9b1437c6096ce80855cd6848269f4444,1.4519432078686791e-08,5.3326271840955526e-08,102044928,8.435000066560577e-08,23,1.5817719438024442,2,,,,,3809970313288702212,16,328,25
102045102,0x6eafc22a46bf5c378aee99a19a696ab71e67da0aa85bdfef991970bc2d907712,0xe8d5dad70ca70b9f3ae1b12ae864686236de4444,8.17000177731478e-09,1.2669366822618577e-08,102045239,3.448590306245488e-08,137,2.721991047010125,2,138,153,159,10,1749077774165078633,2,384,170
102045456,0x61a56485db2a52ad33a4e7ad92f4a21a437d0f5b6d4be9512eece3489a9574bd,0x4a0f8ff711bcc2ecc3d2c84c7267300d49dd4444,2.264370945900291e-08,1.6469950385064426e-08,102045803,5.625585488992235e-08,347,3.415666324103641,1,348,368,376,35,7099466322686029494,1,2093,707
102045620,0xcfa539e1956977f9d0c45fc3d58823fffe6144f054aa8c577c27bf2b25db154c,0x1245253543377d3849e48f62fdaf928ada894444,2.2519755291131964e-08,2.5880720824072824e-08,102045674,4.349210395275892e-08,54,1.6804827133062288,0,55,70,71,10,970643352780887701,56,806,206
102073767,0xcdb19cf53c499939ab0ab94a37e298de0b6e0d44d8ab284890b327e58fcab6dd,0x1648d8290dd98142922bf48a310e9f1b19fa4444,1.096026591038065e-08,1.8090101472498898e-08,102073782,2.3165769281019618e-08,15,1.2805770778144556,1,17,17,19,11,1118834447020754000,15,133,54
102073767,0xb239e49df9e0d575d04ac1bf70ca26457cc32b23ecc8254c00849b4431f61f9c,0x1648d8290dd98142922bf48a310e9f1b19fa4444,1.2780575345884462e-08,1.8090101472498898e-08,102073782,2.3165769281019618e-08,15,1.2805770778144556,1,17,17,19,11,1118834447020754000,15,133,54
102073812,0xd358aaedbc9d75464e5ee85041583fcc60fac62511aac48c9948431495b36eeb,0xb72da14c9c15920593ef95f05e3f23a123cf4444,9.68326987250832e-09,1.4606965759100525e-08,102073838,3.8315159103844384e-08,26,2.6230744793779657,0,27,27,30,10,1348682087670718639,26,542,174
102073829,0x72db5fc46f0eece0cf8bd39cca8b1776569e2735d91008124930c8e95e46a0f1,0xb72da14c9c15920593ef95f05e3f23a123cf4444,2.8306847392753267e-08,2.6398099727242508e-08,102073838,3.8315159103844384e-08,9,1.451436258660074,0,10,10,13,21,1348682087670718639,9,470,157
102079214,0xc0b1af05f4b81073b38797ddb2cbcbc1fb8aa57f2f4e4709da414bb1b37746be,0x17671ec47de3cf5c2faae05e9dde39059ea74444,6.2580994891904335e-09,1.0018993430977899e-08,102079215,1.090007456382413e-08,1,1.0879410829956233,3,3,21,101,29,690182062087845753,3,42,32
102079918,0x6e5a7f0326beabbfb63f717deb195e1e7a6c72cccb8bcbb4fe6bc1605363e3d4,0xe5ee5a2668c084de842c8292f53a9c83010a4444,8.486646861907064e-09,1.1182360180088925e-08,102079919,1.2388087613109744e-08,1,1.1078240562459893,3,3,4,51,,1071388621536190978,3,84,55
102100945,0x97cdbbbac8bda1880399d76de4058a927d983e5ca7c63b84d9eadfa16932bb96,0xd2687907db89ee95a45c9db7c6976c3c68834444,8.490707237624455e-09,1.939751467878098e-08,102103015,8.760480046524654e-08,2070,4.516289943117187,3,,,,72,1876346502026651875,280,2886,1351
102100946,0x093091df67a90cd41c75f817e79f530a4cbd02dcb9de4799585b597b6a87ec8a,0xd2687907db89ee95a45c9db7c6976c3c68834444,1.4403382110449582e-08,1.8822238607609507e-08,102103015,8.760480046524654e-08,2069,4.654324190207079,2,,,,71,1876346502026651875,279,2882,1350
102217840,0xde1edd5638e596b44a26bc76e1a2156417174b9a1664fdc4c6bfe0e248679d91,0x98b7f8d322942d7142e7cc60d158fbc4414e4444,2.972188234136755e-08,5.190973970253275e-08,102217845,7.889689290499614e-08,5,1.51988612073789,0,,,,,1393247971868113508,4,50,6
102217843,0x2577435f01bbc61df2aec6a02db4c96a9fed76ca73da428437f2178168e81d97,0x98b7f8d322942d7142e7cc60d158fbc4414e4444,5.3869529887859886e-08,7.889689290499614e-08,102217845,7.889689290499614e-08,2,1.0,1,,,,,1393247971868113508,1,28,3
102217844,0x576d44e59677d889b4dffa6ea69b2065f3cee23ec56a53ac534562cb62f192b9,0x98b7f8d322942d7142e7cc60d158fbc4414e4444,6.018664904525842e-08,6.018664904525842e-08,102217845,7.889689290499614e-08,1,1.3108703368029049,0,,,,,1393247971868113508,0,23,2
102229753,0x7c3acc255ba679f4c2e6500c27af4fadd66731837aae9bb59fb74210a79b9c93,0x42272a2277fcd97f4bc124ecc3ccb97d403d4444,8.945580357879212e-09,1.4728843256332198e-08,102229805,2.445043903498192e-08,52,1.660037968322477,2,53,67,68,22,1574999362198349330,2,452,227
102232781,0xad7452ecb92e888600d76e62c420fe7ee8b74a9c1fc1f5ad5c7875a590b5cd5f,0xdbc955ee9f899d2245e03cc63a77870ed4b44444,2.8116066337216852e-08,4.369155774532484e-08,102232784,4.722938211756495e-08,3,1.0809727223016825,1,4,4,4,10,2886521008747077613,4,164,62
102235061,0x1d4c41a43dc36b699ca0413d8edb8d45f155422bb81ca894968420639b7db016,0x718e8e53cfe1fc0320e7fb460c7bcd3d2f0c4444,6.8321066912654406e-09,1.0352809678229217e-08,102235087,1.2154620661769922e-08,26,1.1740407714950762,3,33,35,37,14,639854623114467388,3,154,118
102238798,0x49db5a99b1bf96499297689c6dc86b1572879da1558c0ad7ef22326ca8be0c0f,0xd0bc8ab397851ecfa58009d03bbc1a41fc764444,1.5605224960351045e-08,2.2629731354567464e-08,102239887,4.2648906390988877e-08,1089,1.8846404194003323,6,1090,1318,1365,12,988393513932057107,1365,644,428
102278697,0xafe73dbdff1f093a8f0f6074b86768bdf1658a9eeb97faa16f9c777dfbed240e,0x6371bc78be157100ff3b196206d18768bfea4444,1.139491342006548e-08,1.4038542598920154e-08,102279592,5.0419974537471994e-08,895,3.5915390919104597,0,903,1043,1208,37,1057322841722406320,2,2334,1210
