block,tx,token,bnb_in,tokens_out,mcap_d_usd,mcap_n2_usd,mcap_low_usd,mcap_ath_usd,ath_offset_blocks,post_buy_points,ath_mult_vs_d,ath_mult_vs_n2,dd_mult_vs_n2
96255646,0x37e5543e3b38b00bfbb0342c49f6c4e43b1717978befd91a998ccfb361b04465,0x7ce55d6604f37057b0af7c2460325f522b5f4444,0.683100,81107467.36,5306,7079,6188,14204,3882,262,2.68,2.01,0.87
96278105,0xb5fa016479f3d0038020ce3967dc2f1880e0bc38925e3699e78b185276ad2b59,0x34c5fc90e8c63b00ef8c803a832b76eca17e4444,0.683100,91656405.40,4695,5304,5304,9295,11,22,1.98,1.75,1.00
96296830,0x974e82bc815de6d9572d91e71f17b36fa86e7b7e8aba78535a1cd33e668d684c,0xe0479f70ba1e2b8d069c106800bca7a8be2d4444,0.683100,92970268.20,4629,5573,5203,28033,235,879,6.06,5.03,0.93
96344543,0x1e4ccd7c7a580bb92b8d43ca25d690d2fcaa4d779c30c180bc6d6a600b8d81a0,0x22413ea64102480d0650e72844989ee7aab84444,426.383668,89481345.28,3001986,4251620,4251620,7672545,20,50,2.56,1.80,1.00
96349707,0xa6702499ab0c25b68aedb8ab72364825dfb8299ed3ac5311a8a55911180b7227,0x1c61f1df90518869e395db10eb8c22adc59c4444,0.990000,43489554.68,14341,16591,16591,54047,45,351,3.77,3.26,1.00
96349799,0x321e97f39e010465be35042eccd8492374b902ec45339a1f9053f50ebd8f669b,0x1c61f1df90518869e395db10eb8c22adc59c4444,0.049500,947736.05,32905,26418,26418,34624,1,104,1.05,1.31,1.00
96463136,0x292a79b6fbe5f676389f6ec0c73c875138d50a7d4e1e1574b13129c143fb9317,0x555e72fa683af9502ac37c33c6d178ecb98a4444,0.990000,43547318.91,14322,15694,15168,26704,38,644,1.86,1.70,0.97
96503036,0x63f126296c6b991c5f0d43058a79a8dd950578ff377e94dd438b2846aca00214,0xf74231c255992ad52a03f5441c5ab1bf37924444,0.683100,89712083.31,4797,8665,8454,55632,1058,1220,11.60,6.42,0.98
96503336,0x678db7d31a5eb342e1464c1022157ff41e3cb1b436d6a28e0b9cfd47cd4d5b83,0x27a1764dd1dee5308ad632eb6f3fb8856ca6ffff,0.683100,65037035.67,6617,10619,8306,18377,15,187,2.78,1.73,0.78
96508274,0x78a42d65f917fe13aadbc1c1a26b3b2156bad8e625c024983e04bc726eebec6c,0x65fc1103f72b8d6c6c8f1a5336cf283bed764444,310.929611,65323961.98,2998680,4256309,4256309,16747525,524,565,5.58,3.93,1.00
96509681,0x7fac6b97b10db3e0ff3724ad91a34f1860a715845260b9cfd9e490f4989a348b,0x7bece81ab03372f4604a561a66c04a027cc14444,0.683100,64080919.40,6716,10109,10091,13596,19,187,2.02,1.34,1.00
96510149,0x8d5a3f59240b1c1d099d02ec0c9c586bc35062810795b9b37ce618bc7a857cd7,0x5e7c1bcfe00a0a3fe6c4c2a85ead2c8e135b4444,0.683100,77375849.14,5562,8500,8500,13571,9,101,2.44,1.60,1.00
96510222,0xb7ffc52951d32c848c2f9bb29f43512574cbd10610766e8d8586a78de73948e1,0x57bfba6261f2cca23c9f0ae4990990b672f84444,0.683100,29430214.86,14623,17080,17080,23825,1,156,1.63,1.39,1.00
96511155,0x31ce3b597ad6f0033d979b422add50b7c13660832511b1bad64deef4d340beac,0xa4b79ddc047d301e1cfa21e1d4b524d1260e4444,0.683100,64909272.93,6630,10853,10853,55889,13,136,8.43,5.15,1.00
96511158,0xa1260ceb3aa1365f2e807f5f0148cbfb0f44e2504b25173bcd294dd531832e44,0xa4b79ddc047d301e1cfa21e1d4b524d1260e4444,0.683100,33089476.78,13006,18567,18567,55889,10,121,4.30,3.01,1.00
96511449,0x8cfdc0cf1a23003464d66b7daea3aba306c6ea45e2fc7dab9b08b0edb96db01c,0x460b51e30ac278e695079f1df833c63dd2534444,0.495000,42069679.98,7413,12019,12019,12019,2,15,1.62,1.00,1.00
96511978,0x80b45bab76e95d6676a80e0b04968e21d4358411c27242e74e1849c6647defd5,0xf08a9f2385ea62d0569f322dd1a407fb34cf4444,0.683100,76938195.33,5593,11461,11461,31725,13,576,5.67,2.77,1.00
96515886,0xc4b582ef42cd11f7a79bb087dbd99ba512c0e76a3aad1e276faff218c073937a,0x7bece81ab03372f4604a561a66c04a027cc14444,0.495000,39771552.60,7841,13858,13858,15634,1,91,1.99,1.13,1.00
96519764,0xeae2aa48344d99383fcc5992e3c789ccba7487686e03de051d96fcd5571f102c,0x93a9daa25b6c4c121b5161bddb8e9cd578224444,0.683100,92970268.20,4629,7623,7623,11677,25,89,2.52,1.53,1.00
96520980,0x4bab212da346b7969cb16202762cbdf04cefefc9545733246a1bce122f2f063c,0x685b166ec4c3114b898979e80886ac6d9eaeffff,0.683100,79920895.32,5385,8551,8551,8551,2,21,1.59,1.00,1.00
96521059,0x65a5a6873df9fc4a65d9909a30e50380456ada05001279194550e1c02523fb86,0x2a0175aadbfb2db91aaba8013fbb5ff24492ffff,0.683100,35873055.71,11997,14806,13797,21166,5,337,1.76,1.43,0.93
96539305,0x1e5f5f9a4f10884f625cb59aee8cf45d7105b9e68ff63b924aae61287d8ef1d4,0x89937972592fac6c24bed6d7fcab5ffd92264444,0.683100,86960194.74,4949,7672,7672,7814,2,39,1.58,1.02,1.00
96548092,0x59fd730f9b1cd4eb75b27a4310bbe41380a81e1202ee6a870944d832cabe112e,0x61cd06799478689ab7b0ff4fa2db929c04324444,0.683100,60717526.77,7088,10040,7017,15753,2155,182,2.22,1.57,0.70
96549208,0xe25351f6256b099a51a8047d59a76d65360cef2dfafb7063da4ca852224c6f59,0x22bb43576955726e85418c320caa325b99364444,0.683100,32973699.68,13051,17918,13850,34299,614,947,2.63,1.91,0.77
96632275,0x716da0322f5777ba412f7b2f9c38948347940a455c3c0ee5495e3545caa8dfd0,0x64fa7f75d769a559a76c37a83255ba3a0b954444,0.683100,36830138.97,11685,15247,14144,33051,2738,819,2.83,2.17,0.93
96634756,0xaa3883bfa16c01c9683e102d711983e0215e01d8a35ec90e4a3f9ab04b56f0d1,0x479b19544c8888b1efec169cadd4bfa4a13a4444,0.683100,62286855.54,6909,9324,6888,12455,119,192,1.80,1.34,0.74
96659636,0x15d01798e63ca10588c26f4efb726a6f5b90293e13001d370b7f6a315c0e1aa9,0x424d96dcfb58f6d48a9ec581712df9600d684444,0.683100,85664546.60,5024,8587,7308,18489,56,191,3.68,2.15,0.85
96660209,0xd33301b68ccd5610432cfaf38940cc54b1ee563d5b85fe251db94b54e8ec46cc,0x827077b2490f8225e219e3be75e66df47de44444,0.990000,41078281.74,15183,19456,18307,23661,18,157,1.56,1.22,0.94
96661191,0xd40e6c4aea8dbd6525d23d1117793cc934d4dba46acf6edd8b05c9e61a1f6d7d,0x27b8d57c9e412757af6d7efabcbb637224f14444,0.990000,74942281.22,8322,12443,10998,55051,30,151,6.61,4.42,0.88
96662838,0xd9020bf724374f7fe0a4210f4ac15998d8836fbe92ae14daacb175c46f5b0ca7,0xa51b6bd9011a5c72a4599a2f17620af849324444,0.683100,68489369.37,6284,8613,8613,10555,1,24,1.68,1.23,1.00
96662857,0xbd49f94b70507896efd76a5f108c400b37225f9825bd66535c8382aea9153534,0x06561f40f21954232a80de814e870f360daf4444,0.683100,91656405.40,4695,7583,7583,8902,9,97,1.90,1.17,1.00
96662870,0xd3c6078a2d20461bebae03df65866124a3d53e32229f8629c2b3424ccdc01ca3,0x06561f40f21954232a80de814e870f360daf4444,0.049500,3829619.10,8143,8061,8061,8566,0,84,1.05,1.06,1.00
96667184,0x76e6f13ab195228f4567f7443af2dfb4a6664295c3f1baa782aa75a82cdc57d6,0x13a687f766f8d00fa40301d08f55276f39174444,0.683100,63082718.53,6822,10387,9166,12057,33,102,1.77,1.16,0.88
96670884,0x49271ea85aafec677ff626d04431f8545f2e7550ce069f26553943297160615f,0xb6c9318aeae30a348573559a28c222e448824444,2.970000,121720281.49,15372,23450,23450,52031,5,61,3.38,2.22,1.00
96677785,0x4d812b75aea8f7e3cb7cf5cc3cbeb7793e3338a89df17e9e8df5bcd51cb586af,0xfffed044efa7c973a39475f235d7fbd71ba34444,1.485000,21915653.86,42689,45648,45648,54627,2,27,1.28,1.20,1.00
96680314,0xb1763f5e630efbb3ebb1bf7c4c49a724e7dbe2507a15a923c4a7da5638fba651,0x4ee40f2681463631db040e97478965634b224444,0.683100,91656405.40,4695,7795,5663,9106,25,47,1.94,1.17,0.73
96680380,0x020b9f593f129bc7514ecf4fd924f0f71515eae95c5876fa6bd0997573d649ba,0xb74cf9a95eda650bb72f5fdd289e01645b2a4444,0.683100,76498147.46,5626,9809,9809,19014,22,295,3.38,1.94,1.00
96683860,0x0d872af6dcef591ec11ef4cb600732ed236c80650d68e1730180397306841cac,0xfc609c26ab53f813d3c163d833942a372cba4444,0.320074,24363045.91,8277,11778,10949,13586,53,52,1.64,1.15,0.93
96684872,0xfc0d1f22a202f033b163c624620746d35e7b0d0d8ac74944d15c62a35daf9888,0xac6c9a6d237af8fd16e1377fbde13bd9f9d44444,0.683100,82345211.96,5226,12705,12705,17021,4,61,3.26,1.34,1.00
96684873,0x54b589f2e86437916537eb2928a4f1adbbeb820a0366d0cf51d24a3355ebc625,0xac6c9a6d237af8fd16e1377fbde13bd9f9d44444,0.683100,38219573.74,11260,15086,15086,17021,3,59,1.51,1.13,1.00
96685993,0x51b7f080c1ee60015e4da6c4273da3dedddf3b5e0afa7b03d908b0a78f561343,0x18ce97d189c0bb4b041380c49bd381842ac44444,0.683100,27677642.02,15549,24345,18707,35039,309,918,2.25,1.44,0.77
96708031,0x3d0a90ff3064cd13d713d4fbb9b26c55566adb62602b92b131ee2899b66d0c65,0xeba859190bf2b9e94c27d1dcc63a68dc613a4444,0.683100,61686037.73,6977,14899,8678,31058,24,268,4.45,2.08,0.58
96708173,0xf073aa289fecd1384f1485906af3dcda7d075d69ab2d1138770eb86fd496fbd1,0x3efef415b6bc411df570d4e624c92807d28d4444,0.990000,56375808.09,11063,19124,17055,29168,18,144,2.64,1.53,0.89
96708811,0xb8fa58f77274357264d2410503dc959f36ab7b3b09b447347766bbfc866dbd10,0xfb236f587aa1bfcf04822388aee2883a1da14444,0.683100,49043980.66,8775,14277,10233,20486,17,114,2.33,1.43,0.72
96815840,0xd3a5cdc23ce68e7bba55e1fa6ccd73da837c96145dc11d541e3b01b7f0731db8,0xaed6160b2fd8735dee5a8a80a487f6f771404444,0.495000,20025646.42,15573,21026,17058,22654,1079,132,1.45,1.08,0.81
96821587,0xb08fe2140ea9ae4c3e5cc4ea2170442bdd6fbe89d6b1cc1537a03c9b8a2e3ad6,0x8ed916bd7734a370a76b2da1aef3db38341e4444,0.360647,45269470.62,5019,7116,6890,7805,815,41,1.56,1.10,0.97
96837710,0x845065247eef232c527c9fe4d97f826df5fd302498ec0b278ace6c833df6ffd1,0x5b30197a9383dd071247f60ebbf018f4d24e4444,0.683100,68568193.44,6276,8380,8380,11114,1,58,1.77,1.33,1.00
96837780,0x0b6a29113d698b969c2990a062286d01c74fcf69725ce253027bac89c0b837e0,0x5b30197a9383dd071247f60ebbf018f4d24e4444,0.049500,6775532.94,4603,5158,5158,5457,17,28,1.19,1.06,1.00
96863370,0xc51487888b492849f2055d3365703c6d44ef2a26b5e627ff40df965bb5be6555,0xaed20c65e299ec3927805bb0de1b07e389a14444,1.485000,31937971.40,29293,41077,31028,56016,45,224,1.91,1.36,0.76
96867022,0x313bfe8e01b10787251089a5917176801df8ebda5d7a9561dbdf12766d769bcc,0x406c203adbef18c3c5b4a1cf2654099768104444,0.683100,91527851.46,4702,7338,5946,11881,29,112,2.53,1.62,0.81
96871884,0x1d683855c57da756dda00c150712ac692127d847a9c0215218e040c94b4c24c9,0xd25718e0801d872cca1379d57ddc631b56e04444,0.495000,38600861.39,8079,9059,8650,11514,79,39,1.43,1.27,0.95
96881958,0x601d24c84ec00db3736beaf98f8ca2a1dba1bb02c4549b75b8bb113c3541c1d9,0xcdbfbe07c8e2091260c9836d33851e9d89934444,0.683100,90757826.46,4742,8230,7519,17492,30,132,3.69,2.13,0.91
96892606,0x0fdf479a392d7b58b50325ef0dd5f67200960f7dece221d5cbb9997a71975de2,0xb1a3e0fd84a203e26c41c96a30ba110f7f874444,0.683100,58849221.75,7313,11523,8836,48298,264,900,6.60,4.19,0.77
96892606,0x62d3e1d146290a9746bb5f1c3aae9688c6df14314af65daac202d44866533a0b,0xb1a3e0fd84a203e26c41c96a30ba110f7f874444,0.683100,47146176.88,9128,11523,8836,48298,264,900,5.29,4.19,0.77
96892727,0xa0962973381aa8f6e71fc06eed87750bc3b90d8438dd64f88bd5b3441feb4a79,0x3ea823a8bc35894a41a3676165b1b50701b8ffff,0.683100,95781390.64,4493,7882,7882,7882,2,22,1.75,1.00,1.00
96893015,0x56687f9e9da80a6152e0cc7440e0f55db32852d719c76c92247cecd8dbc5e1e7,0xf52def6b67a7e8cfc2fcb8f870f46bbdbfeb4444,0.683100,43220492.14,9957,12741,11109,24144,10,159,2.42,1.89,0.87
96893068,0xdbae072d1dc179456454919909ff1bde0c460519e730b261d222c9321f0caef0,0x38d55fa973ba497e6e8c6efa723e197367444444,1.485000,50275162.63,18609,26205,22955,56057,25,1075,3.01,2.14,0.88
96915791,0x091072dcdff074e6f3c4476d7e09e4b23c78ce502c8b94d04907a8c62ab2966f,0x2320a067491f0785fa0dce9a884310e2456f4444,0.495000,71214584.02,4379,7620,6504,55029,383,475,12.57,7.22,0.85
96917072,0x73ca043f0d6dc8441bf1363f6754c2d27932c531584d4aff28d64f115f217616,0xcffef8f03611f748e1b3d408c9e0e4e81e544444,0.683100,44601106.63,9649,17148,12620,56084,249,631,5.81,3.27,0.74
96917171,0xecb0e4e9459a4495891e4539f790623a1c8e0c8bfe4363fb175579d6a62d9d4f,0xcffef8f03611f748e1b3d408c9e0e4e81e544444,0.049500,606644.30,51406,45535,19288,56084,150,364,1.09,1.23,0.42
96917642,0x7c25be3a179a28686f360f20a7a94abda3477b90cef798f9eff8100f913985b5,0x49478821f26e8515daa7fa8e9eee15f5d57e4444,0.683100,72725663.69,5917,10746,8901,12912,9,50,2.18,1.20,0.83
96920852,0xb3ac17114010b52257512ff707191c927a7b2912fac8c59dd28ce948096cce96,0x789d3335fd1995cbb7100c59c0ce1aa84d6d4444,0.683100,92417038.88,4657,10233,10233,10233,2,38,2.20,1.00,1.00
96921006,0xf180faa499a7adc62226dc2550240ce7e23946ae0fc49f74b0f532846e3d176e,0xe2b296db9c0c0854ed69f47eff434b54a7454444,0.683100,46713344.85,9213,14339,5278,25977,893,650,2.82,1.81,0.37
96922183,0x089140e63f637aa7aaed574cdc5fe0e869fd23d563146183ef2e47519d85f47f,0x8cb201a2ecdb6216a9d29d89834c2fdf19334444,0.683100,52724631.97,8162,15768,11569,17624,7,274,2.16,1.12,0.73
96925908,0x22bfbc65d2190ebce1309fdcf1202c0e03d242576b3317321b87e8935135d145,0x14af377c704afd9ad159e4853eb7456565f94444,2.970000,125597620.32,14898,51618,51618,56111,2,15,3.77,1.09,1.00
96925909,0x57a866a3d06ae3f06559338ca44c1b0ba9e1ecffbdb39bb761fb9c10c2dad145,0x14af377c704afd9ad159e4853eb7456565f94444,2.970000,82011925.30,22815,22815,22815,56111,1,11,2.46,2.46,1.00
96928579,0x298a0dcc1f2e07ce06fbc13de876304223e81432524ea962be5c8b32b9bd2c62,0x3a5bb79e187651e9383e4f0b33acef94cb4a4444,0.683100,40883406.25,10526,16669,6522,27330,265,272,2.60,1.64,0.39
97028411,0x5e2940a8054b8305b34af9ae101530e50a2b63d74e9490ad538d7f5a3ea2f1eb,0x61d6624ff5f522ccc3aba4f1ece23471fd1a4444,0.683100,21898956.51,19652,25998,23501,30961,8,739,1.58,1.19,0.90
97032409,0x70c1e73611ed37ccb1973c7b23748597cf3d4306be9156f58fbd6ac7507275cc,0xbf7e97b2ab688bbe7f3ae55e835325dc55024444,0.683100,87511752.12,4918,8681,8681,9969,1,122,2.03,1.15,1.00
97049372,0xa3c83f5fc85aaf526fd43a32abfd8b91b98786b3ba176c746a35b115201800b2,0x3ea4ee6f65632fe587806a2b0835d085ffbb4444,0.495000,79097496.11,3943,7201,6031,10285,29,84,2.61,1.43,0.84
97049696,0xa6f53a989ae821ca0539778a62d7d20e013c0093f7e87823d2753b0b3f3b0034,0x7e2c8dca5de50d75e27813dfeb09201dbc1e4444,0.683100,81928353.00,5253,9991,9991,10206,2,89,1.94,1.02,1.00
97066552,0x0add61793e28dde3e6528b90e5ec0e80a1a5b09ec3ac2d9fa79358f557f7f483,0x01c7e6a3f92be57ec903de40c6836fe58c2f4444,315.766101,65899768.48,3018715,4494523,2743162,7875379,479,235,2.61,1.75,0.61
97068453,0x741f136c0a1462e034de37ffa28e517cfa4aec58bfe86ebc3b2dcc7ce8275a1c,0xb21e86d936066fedc20c696d4583aef021da4444,0.683100,61700877.13,6975,10257,9119,12462,13,74,1.79,1.21,0.89
97068601,0x3c934ba5f7224626d7151fa0ae5b588a1b17239a569315119e7e08c16c0485f7,0x0c1d90bf3025e9f84b8c9d98042cde9505dd4444,0.990000,47824297.61,13041,12639,12639,20613,7,423,1.58,1.63,1.00
97068829,0x4d88b907298137282956842402b57bd9e386528c8368bbfce77fdac4f8252734,0xd45b4e2af8c5f426b475eb0f1d162ad40d884444,0.683100,106182827.85,4053,5866,5866,8618,28,52,2.13,1.47,1.00
97086639,0x1c783250c6aaff900c10be1003e37279ec0170184e2f4218549a318c2f77f79d,0x6d3730b42dfc2b7e189f538f41a79f59bfd04444,437.185852,55920476.84,4925335,7183630,5673263,25827799,2819,1578,5.24,3.60,0.79
97095475,0x6e68c8aa1a700ecc83d2318adfbd2d99f455c98028449a01eadbd8f384358456,0x4f4f762bf9da96f8fad5c73d96d95a2e81904444,0.495000,43754256.86,7127,11262,11262,12870,9,60,1.81,1.14,1.00
97111316,0xbd6a5ecadd9a4a5cc81a4dfd9419d03f7190410e1474c18afc85ba311537dc19,0x4c9c2832ad0f1b07158292b09c84579c95674444,0.683100,87391728.65,4924,7509,7509,8052,1,37,1.64,1.07,1.00
97111330,0x794dafcf2e955dd0ca7a3884edaae661dd8b09f953c236000eb6e8a5698aec12,0x4c9c2832ad0f1b07158292b09c84579c95674444,0.049500,4528584.34,6886,6801,6801,7103,2,22,1.03,1.04,1.00
97111398,0x0e0c0137b5ae83a780617287a9db0f6f3df5169025a040929e7526315763ee70,0x14dbf5b6f15f4e0236bb19d7f18ff02f7fd64444,1.287000,56878305.24,14255,34687,30225,55534,4,18,3.90,1.60,0.87
97111398,0xf833476562cf8db88761b516e225d0713ee149621b44730496520115da854007,0x14dbf5b6f15f4e0236bb19d7f18ff02f7fd64444,1.287000,35894378.96,22589,34687,30225,55534,4,18,2.46,1.60,0.87
97114386,0xf5295082511ffb163671abd599551686d65e87b0ccf88c3aff90fcff2ebd4858,0x7bd03856231791c085e66831e9cecb5451d94444,0.683100,64236262.16,6700,9440,9440,10487,1,72,1.57,1.11,1.00
97115200,0xeb74d3b0148a633a9f0b815094e88d94bcbada6b3ea58b1f34c4753941843047,0x6fb43d298dd833441ae30a76ee66d0f6e3be4444,0.683100,53426319.31,8055,13402,10803,19788,10,85,2.46,1.48,0.81
97115201,0xb2a465efc41752e3ccb7eed8ab93e2305bae90791646e4b697cf056adaca4f9c,0x6fb43d298dd833441ae30a76ee66d0f6e3be4444,0.683100,36869223.37,11672,10803,10803,19788,9,82,1.70,1.83,1.00
97115222,0xcb255db13cd479fbfb35c4f0d2298e7809d58a74be9af69b13d472cc006f2218,0x7c10c66015329a3a093447ef8cd208d6dcae4444,439.027935,82686136.68,3345030,5301293,5251867,15415567,24,236,4.61,2.91,0.99
97115223,0x4f1b1c23dd55e407d501bbfe8a00846622a8c6d411a530a630d33774f09885f3,0x7c10c66015329a3a093447ef8cd208d6dcae4444,438.998075,43940617.72,6294149,5502340,5251867,15415567,23,231,2.45,2.80,0.95
97124288,0x7840bc615cc5d9deb1f09a59186dcbf8527dc06d2649623612aa16903aacbe8e,0x25651229a3fb237ca349e628d9b2a63838f14444,0.683100,50382768.02,8542,9312,9312,12900,1,35,1.51,1.39,1.00
97248077,0xd269e0325786a321c7f0ce533f94c82abf2225c10bee1dd8722afe9fce69c777,0x75cdf4747f394d9779ad664ece40d7366e394444,0.683100,87877815.43,4897,6125,4710,55900,209,392,11.41,9.13,0.77
97248229,0xcbe78502873b13b8c45a3ffc872590692ee7b2bf75d86f08ebe58fe2cbe966e8,0x75cdf4747f394d9779ad664ece40d7366e394444,0.049500,836947.81,37260,37969,29000,55900,57,168,1.50,1.47,0.76
97265641,0xfe296d218e076d392a1d90bfc71a7137e912bd28ee6f026a082298f9d97efa0b,0x1c2cc463d5769c09c525a2ee8da797a411414444,0.683100,31496030.70,13664,20984,14551,30562,788,770,2.24,1.46,0.69
97266313,0x81c84bc744d14c2c8473f19ad8147f41c003e27a0e6f15a582532af47bbaba78,0xa6c483c0948ad0d24f0033b898653c2b0c854444,0.683100,85160308.99,5053,8388,8388,17604,40,223,3.48,2.10,1.00
97278930,0xc568bbb88d36b700219907b3cec9c4703cc26ece6dd9a8d1c94b4d426e05f392,0x7aa7b61be9099fd0cba6ed02585b4ffbcba44444,0.495000,53226575.84,5859,7939,7439,54734,1463,855,9.34,6.89,0.94
97280062,0x68e52bb75e4fe73f322d99317a177913a867ae3f4c8e128ffda6fd070995aaf0,0x7aa7b61be9099fd0cba6ed02585b4ffbcba44444,0.049500,713087.82,43732,43942,35340,54734,331,276,1.25,1.25,0.80
97288298,0x65099544f698d82ff2e62c25f023d5893546a84206182518a8e161e432e3a4c3,0x34cb6826a19c35127372890e0bf4a69c8a534444,0.683100,58631448.54,7340,10427,5570,14135,221,301,1.93,1.36,0.53
97419778,0xafb32e0e227f6e1f5b6c0896022fcd9773ed4106407d391ab658226bf48fd626,0x13f702763b36ec18be2811a0c7fc4aa574e54444,0.683100,59260338.59,7262,9736,8742,9876,174,27,1.36,1.01,0.90
97437554,0xc328b5fbf674c9b953b1a373b4ec04d42c80214adc066f01940d5e8c41b0a4fe,0xc89b35bedf4e02bd5f73f9e3044e653707304444,0.683100,90041853.76,4779,7196,6266,10173,51,85,2.13,1.41,0.87
97453526,0xc962d49fb5ea5b1d82cd35419ee7f5ab58c154be54ed26810a6e6c3a4a67083d,0xd9f2455561acd6187e574852f1bb16c016b34444,0.683100,53657252.47,8020,10892,10892,12064,2,115,1.50,1.11,1.00
97479103,0x6516a20e5a174e62751ee42fdb07788c91607861eb6db22d4820fed044fbbfa4,0x0c1d90bf3025e9f84b8c9d98042cde9505dd4444,0.683100,88682086.20,4853,6640,6200,9319,16,46,1.92,1.40,0.93
97495582,0x529340982773c71bfe6e11603c84714dd8437f7c93246390dbe6d2791996a828,0xb7f98359b287c6d40695b4055d60db692b234444,0.683100,99983801.61,4304,9243,9243,49268,62,647,11.45,5.33,1.00
97495582,0xdc81d27fedc26501eb99088ce757911f4928bd4a09207029f2fb24b2d7c30b7a,0xb7f98359b287c6d40695b4055d60db692b234444,0.683100,69045056.56,6233,9243,9243,49268,62,647,7.90,5.33,1.00
97495640,0xf3ef45dc84f38506492a7adf7fc26fd296eb8a8d3f9d91e133dd1baebbf3803f,0xb7f98359b287c6d40695b4055d60db692b234444,0.495000,8367867.59,37268,44087,44087,49268,4,381,1.32,1.12,1.00
97495916,0x2d69ecf262caff49d28c6adbd9093904a8c835cb85dce6f9e165c546b8be5555,0x305d46a5c2302f1ca066d1e5d61013a5a2894444,0.683100,89110938.14,4829,8099,5889,16990,97,224,3.52,2.10,0.73
97623541,0x4b8da1ab62bb8925192074ea8dec98f03ac9a65085f6355af589d49020910cb7,0x5177b93950833dd74569091fad3bfb3a1ab04444,0.683100,38464494.11,11188,30085,30085,54306,4,70,4.85,1.81,1.00
97623541,0x5d6ee13d01aa8a2fb7d6108fc79263275649db7ca3ebae2aeabc7a7d6d971a43,0x5177b93950833dd74569091fad3bfb3a1ab04444,0.683100,14264670.26,30169,30085,30085,54306,4,70,1.80,1.81,1.00
97627203,0xf7ff418d722bd36ec99d44debdc961cb5cc03d5a7b380a6bf7d89c5484e433b2,0xf07b42980cbfebb661bbf1d4432f54b053874444,0.495000,79097496.11,3943,7164,7164,13189,37,152,3.35,1.84,1.00
97627204,0xcdd30f004c75ed49750d4e127aa07da43d9063b188c002be96254a33d4294f6b,0xf07b42980cbfebb661bbf1d4432f54b053874444,0.495000,55981175.05,5571,8205,7876,13189,36,150,2.37,1.61,0.96
97646180,0x09d27cf91c0ce56cc7c45d5ebc73bd780bf7ffd2dac514d251769337b20735fe,0xb99680eb5da239ecba6798f2c3ee3b74b0764444,0.683100,39650623.81,10854,14349,13749,18983,10,150,1.75,1.32,0.96
97655040,0xb9391a1ac7240e2edddbdab68a6cd4cee35d7a2b8526d68fd9013e125d16a6bd,0xd94b9bc6a483450a4f3c72a3d2a0d8470a0e4444,0.683100,26664928.95,16139,24122,17495,31917,746,295,1.98,1.32,0.73
97655857,0x01a524975a5b381b00f44d1145e8045300b2c491da3a3ae097d56326ed02c810,0xfa33e56e11294ac0dcc7c8768dd5403089b84444,0.495000,67192786.12,4641,7316,7316,16725,249,385,3.60,2.29,1.00
97656314,0x4faa14387099e284242909e80f5b3d29c5e3203c20cc82fc49d40833d963ebd6,0x0816851d2ff7e24aa7f7bc9b67ce210ec9fb4444,0.683100,69610978.49,6182,10006,9017,12614,10,239,2.04,1.26,0.90
97656361,0x1ebb7c51bf4314c6e194d87c0a08dd91f5dcd7ac7d5ad08f778bd72e01081809,0xf1a8fec3d0dde76d9d0029c261f2e41b16f44444,0.683100,90391684.18,4761,6444,6444,8279,7,62,1.74,1.28,1.00
97659217,0x95a182a48b9d9be00dfe61380d4c772b4b9f380a73d37625b9464df0d6b47d9b,0x7efbc149b5cc4bcbaef9db1c83d82c8207e54444,0.683100,89110938.14,4829,8243,6935,11519,15,76,2.39,1.40,0.84
97664765,0x2c7181cd76cc68127f24a4ed963e1792154e7247a7fb6274bdcaa4fc9fd92a1c,0x3a57ff2d51636f633fc7133e8dabbf5269064444,0.683100,47452534.02,9069,15626,15626,16040,2,176,1.77,1.03,1.00
97667040,0x6758ef173f4bed63361f5eb9db2e72b86e9f0799c382e0f7785f362aec6b21f5,0x23faf69fc75f2e3f49c9fb470c246efde5894444,0.683100,85755302.19,5018,9604,7651,15960,34,217,3.18,1.66,0.80
97667067,0x9547aeb5b398ced51cc89e449f22cc75b6a274f6c7fea94599a17bd7e62abf73,0x16f024ae31462d1498cbb7d065fc7b09c45d4444,0.683100,30146040.60,14276,22590,12215,39180,292,788,2.74,1.73,0.54
97667330,0x7473358dd38ca9054220b12705358c5c018933d50ce6635e999426c00b30d288,0x16f024ae31462d1498cbb7d065fc7b09c45d4444,0.990000,21185255.71,29440,35395,35395,39180,29,468,1.33,1.11,1.00
97672226,0x633a9c7c9132d80e3195ba4b36bb2e9cbbaca0efc45ebff9a9298923b545a6c2,0xfb3d32dde94e97184d5008ec5ce610a60d514444,1.485000,33528782.59,27903,52151,52151,54960,2,10,1.97,1.05,1.00
97672226,0xacbcc9384f93defda18324f45338a0c7ff4e05619e79f27031e69312c0628281,0xfb3d32dde94e97184d5008ec5ce610a60d514444,1.485000,28409632.59,32931,52151,52151,54960,2,10,1.67,1.05,1.00
97673350,0xc72243a7d44bd1b93d4e79bc53ae0f08d6987bdcf3cfba66254744ecbb797efb,0x057cee2a4d3458121bd84179e83d7cea35e04444,0.495000,66673316.07,4677,8895,8895,9132,2,57,1.95,1.03,1.00
97675259,0x8764ebdeaa883033da2da3a1d67b59c1463633c183fef1dac88cac5cf28e1b03,0x180ebbf447539381d33c306b881828046ff94444,1.485000,96805733.76,9664,17112,16101,23836,11,83,2.47,1.39,0.94
97675288,0xe861152db05c0a52d3e27cd6ce488bd33a3eeff95286dc862c28fab44a789f01,0x3997eea48106d8995ce214d7581e80d528444444,1.980000,78458622.63,15899,24200,24200,31570,2,186,1.99,1.30,1.00
97680065,0xcfb9031da2bff0636cb805140a9ced69e0e180e62938efe6bf6e21ac458c6414,0x15e566cbe69035ed452d86821a2db77579714444,0.683100,91656405.40,4695,7656,7656,9186,6,77,1.96,1.20,1.00
97683890,0x7986b6b5ebfa7ab150987e68b0be5c4270dad2eaaf47dcc4a54246408e978f62,0x52b5ec3ed4428a8c9323e57f3ae4386522c14444,0.683100,91164436.89,4721,9144,9144,9838,4,34,2.08,1.08,1.00
97683923,0x28172def440bb22379b164c5fc72722b21d4a7a1ba907d560960e14f47333229,0x870e4ac6d7ea93b059b61a6dbadba5282def4444,0.683100,76007180.13,5662,7982,7982,10264,1,20,1.81,1.29,1.00
97683924,0x25b7319d5e0c0a4ec2690778ec6924b5510d2204e2bdd5c8827ce058430e7762,0x2d636f87e73f31532aa4d81049917238ac9b4444,0.683100,62325130.21,6905,9572,9572,11253,1,52,1.63,1.18,1.00
97687984,0x70224b36e511e5b48a197b62bddc5425532b635ae0d174a385bf1e7b6c136713,0x7b622113f96109e2121fdd319ece221e52ec4444,0.683100,52854553.17,8142,30527,23950,55690,5,58,6.84,1.82,0.78
97687989,0x774bf856aaaaec8106bdbb61d0660f4801918e8b23addc1582ba4a5df4844953,0xf9271bfe52aed80eed321e3e4253efd721584444,0.683100,60893081.41,7067,20311,20311,55487,13,62,7.85,2.73,1.00
97687989,0xfd0ca87b839158931a3f01ddcc0efdf4c7e27bd20e7e8219c41038dcfab92ee5,0xf9271bfe52aed80eed321e3e4253efd721584444,0.683100,52309695.52,8227,20311,20311,55487,13,62,6.74,2.73,1.00
97687989,0xb704871c09ace04a0ab6ad640050d93340187a386980317542b3b4ae3e02eef3,0xf9271bfe52aed80eed321e3e4253efd721584444,0.683100,45421671.34,9475,20311,20311,55487,13,62,5.86,2.73,1.00
97688000,0x49c23ceed8e4bd6c62dc60bc824bc5bf7af46006fbbf6de1f64f4ea1d6a68909,0xea2a54aedfc18f8b190d954e1550c640ecda4444,0.683100,53134943.45,8099,12964,7892,56047,17,136,6.92,4.32,0.61
97688015,0xef40462fa8580eb4a991e9c7959e0b745e76488f76024a726410f81623b88cd7,0xea2a54aedfc18f8b190d954e1550c640ecda4444,1.485000,20451191.33,45746,52122,52122,56047,2,31,1.23,1.08,1.00
97884172,0x2651e6f8dc2cbc74c973b9b998e34ec95aa89400e97ab672429041352df86c08,0xdf790e8f05be6a83abd827d33f994cad3fad4444,0.683100,106182827.85,4053,8715,8715,20775,15,115,5.13,2.38,1.00
97884174,0xc598611c0cf06938ff7bbf5ee41435e0fca011eef5836a2f8aff8108b4649d8c,0xdf790e8f05be6a83abd827d33f994cad3fad4444,0.683100,49379278.54,8715,11133,10812,20775,13,102,2.38,1.87,0.97
97976641,0x63407c03f8d162ba5fc838afb23f1a94fbbdb33dcbe327e0500fd6565e4ee92b,0x446f1ca9ac47f99a514c77c3f796ea374c904444,0.683100,28332884.23,15189,19029,8879,21788,2944,650,1.43,1.14,0.47
97977897,0xd42e8a40d25db4767cdd25c788b8e1feda72fabb0709a79e042371cf53b3303a,0x14c0a7b1e7fb41528de0711c811b55ab3bba4444,464.874937,108169530.98,2707520,3633933,3201493,4807014,100,50,1.78,1.32,0.88
97978409,0xbfc8885ab39eeca1e79d56c12318230b7b7d9b9506154db4f5fcc528c1e0a8d3,0x5f6768d92e965852c82ed8c8b7529d9b09974444,336.737832,80591293.76,2632354,3626452,3626452,3626452,2,9,1.38,1.00,1.00
98018679,0x6974bd8a996c921b42cb7c78e7608a725cb9bf7b20c56b9566c77d604ea9d1ab,0x0eeae29384f2ed6c0c6be04e2b2727967bba4444,0.990000,54634920.80,11416,13940,13940,18262,10,123,1.60,1.31,1.00
98031464,0x5d027e8a724b6912c9fecab28b6cd7dd58f1f159d12df31996ae9fea476ffafc,0x4d14f5c56b0e71ae5c4cced6939e448e2a584444,0.683100,76315600.88,5639,9987,9987,28940,32,255,5.13,2.90,1.00
98031465,0x64d6bf7d75eb256c3d4dcd13c66bfce84578529861c22cc5172eae4d4d62497e,0x2dbc62750a1896fb6bbdd0cf9fcb2f66361c4444,0.683100,45459694.47,9467,11244,11244,15675,2,51,1.66,1.39,1.00
98031465,0x0cf85ad19a800adc102b49dcd485d4e0aeeeb848accd83008cc4e1b4fc31d505,0x2dbc62750a1896fb6bbdd0cf9fcb2f66361c4444,0.683100,39087164.27,11010,11244,11244,15675,2,51,1.42,1.39,1.00
98031480,0x8f9cba0e03b3b058fab3a0cda5a8d13f7a373e050ce0e5c300779142c986164a,0x4d14f5c56b0e71ae5c4cced6939e448e2a584444,0.683100,18985993.66,22667,21066,21066,28940,16,193,1.28,1.37,1.00
98031491,0x6f6a0d510e0461affcb904634dc967b37df5f79c007f6bf0d1fecb8af3a149f9,0xf3ce5038e5a446a38069846ce0f54dcd95524444,0.683100,74025474.87,5814,9915,9915,55531,39,164,9.55,5.60,1.00
98031518,0x8ce5cf4bf80d7ded8f4cfae9b2e35821c1707063a4f2b4ae3a4e5508c3a3ec74,0xf3ce5038e5a446a38069846ce0f54dcd95524444,0.683100,15156794.97,28393,33728,28693,55531,12,84,1.96,1.65,0.85
98036136,0x72101bf62afa7749eda1cc1c2e553a80e152a1cd33dded2f6c98a9b1805a3cb9,0xc36cf61b116d1da19a881559034d28eb62254444,0.683100,61147181.57,7038,4278,4278,11941,1,46,1.70,2.79,1.00
98038920,0xa37fd02efff66aecb6f5fe5a17becdda7f45bb0bea51353790f5afefaadd3ad6,0xa655dbba4a937d9e852642e32f5ec211aadf4444,0.495000,79097496.11,3943,5382,4706,11691,3914,75,2.97,2.17,0.87
98051896,0xf6d2810874f5e1f0a777ec02af3ebb3df5c0de5bd75c8f4a0e5e396a24054f96,0x4e20c44ec1cec338f5e5bd10666138d755b24444,0.683100,25543999.08,16848,23703,23359,55592,169,242,3.30,2.35,0.99
98053385,0xa07bfcdd97b3abce7f3505095ab8f51b02a90440250d943bdaf482053dc7cb67,0xf80898dd382840228f13c3f61e7bd23706a04444,0.683100,85253512.00,5048,8264,5241,9788,58,64,1.94,1.18,0.63
98073249,0x1b5438c490969e0fe81be6116b9d598479148d8176a662f2e95d519db1cc3523,0xac02e1e4802757483409d92d51d9c7cb6b794444,0.495000,79097496.11,3943,5559,5559,13981,96,228,3.55,2.51,1.00
98075171,0x18df81552d8cdbef1227b629d098c5e0af6f188b8a15405164ba1f14d3cb08d3,0xb4296123fc65d0871c50fcda4ac7d5da3189ffff,1.485000,40510750.43,23094,30006,18054,55894,120,362,2.42,1.86,0.60
98075213,0x7032b2223aded23133f0a203109ea083dc1aabb413e66d812bf96c295a7e2ee5,0xb4296123fc65d0871c50fcda4ac7d5da3189ffff,0.495000,10663421.79,29245,36721,35129,55894,78,249,1.91,1.52,0.96
98075236,0xc5d4cedf8d09c988b51efde960b35e16bc85cb45b8e0d5dc3d9dd00823751ba4,0xb4296123fc65d0871c50fcda4ac7d5da3189ffff,0.495000,6107297.96,51062,55761,35129,55894,55,203,1.09,1.00,0.63
98075291,0xa1a16c629fcd8234a8b6697e51fef37e50126ec1b3987fb705cec4431cfb1932,0xb4296123fc65d0871c50fcda4ac7d5da3189ffff,0.049500,564583.23,55235,49143,49143,55894,0,65,1.01,1.14,1.00
98079924,0xd3bf89bb3ef445eb9d95e800d198a9dafb5d0cbd0604c6d32ce5e4d4e2bc950a,0x7400bf6c09728d066e02749379bef1cb46d94444,1.287000,117692473.55,6889,9553,8353,55648,60,290,8.08,5.83,0.87
98079944,0xcaf40bd0abb19ac2e6a4cbca968a5cc5c2fb344d28eff258717b9a05f2c83ef3,0xaa61cc4aea506d5cb2d7890dcafd070097a24444,0.683100,77450500.64,5556,10262,9238,13712,16,40,2.47,1.34,0.90
98182805,0xb9fb362c8d986a003bda579a120d45b3f00c68cdd577419585b954efb94f8483,0xb0036dabe3e8f535a1534ceffab8a1c707dc4444,0.683100,25975989.97,16567,25402,23544,29336,17,368,1.77,1.15,0.93
98184391,0xa0451ac6aa1b361c9ca96343774a9fb28646ec4d8a6af22c894ab9afbbaabba0,0xb9855b578baa374e2f1d39a395ec45c83afd4444,0.683100,90116235.16,4776,9188,9188,10065,1,48,2.11,1.10,1.00
98187024,0x9d344f226c0cccdd68f6a65b0f1bb17c74be6cd254e18e05bab5c93fbb0a30f3,0xce23b5b2a0f8032db2044e6507c8e0dc40af4444,0.683100,105956338.38,4062,7030,6547,13402,19,84,3.30,1.91,0.93
98187108,0xbcecf82e814592f460db81eb73c03e5786ff914e01590d3abea475e455be0e2e,0x087d087ee63bfb491eae09d68aecfb2b13de4444,1.485000,49616217.54,18856,30309,11922,55688,2906,1725,2.95,1.84,0.39
98187444,0x47d3535a8564d92a9691c5fd3c52a53009da2d3d429dc3095b27d5cc4cc88c38,0xbf5896d404189afac695ead5310d12efe20d4444,0.683100,93891190.67,4584,7124,6988,11784,26,85,2.57,1.65,0.98
98195082,0x69627f48f05cc03dc802244ccad98e8fca0bf4f69b8ac065c6fba64f717fece0,0x517bb4070f67de73c89c45db2dc95b2672be4444,0.683100,69464547.48,6195,9828,9828,11698,1,42,1.89,1.19,1.00
98195329,0x585d1aa197fa6b0dc7ecd4567d7d54e33d8193debada18dc0582fd431619abf2,0x674ba5b262aeae35bec6794642f312daa07d4444,0.683100,32715935.07,13154,16754,16754,17990,2,56,1.37,1.07,1.00
98205945,0x385a3b023f8d87942d0d7b5a11a200068ec50f407ca87fc8627913f6ee41f2cf,0xc6fc51d10cf3e174152cc54b316cf844aac14444,0.683100,73730175.13,5837,9847,8515,12554,12,110,2.15,1.27,0.86
98224331,0x64f7ab31bf1bd3e8c766e0688edbe79a981ebd9ec0692e7ab5d846ccfdbda343,0x81e1c6d290dd3bdb10d48f4bb1573b41627e4444,0.683100,56781877.73,7579,11840,10799,32052,70,578,4.23,2.71,0.91
98224346,0xe33b2c9f6b253cc9449caf885dfda9f57ae7fddd44a3e16ef2f67933deb980f4,0x81e1c6d290dd3bdb10d48f4bb1573b41627e4444,0.049500,2492806.54,12510,12396,11954,32052,55,538,2.56,2.59,0.96
98224394,0x6e3c544730bc53eb059cf5d302343f3a10936768144eeaa8a94d3f65cf11d4ee,0x81e1c6d290dd3bdb10d48f4bb1573b41627e4444,0.049500,1408665.70,22138,23696,19113,32052,7,456,1.45,1.35,0.81
98224398,0xb9e2f8b109d3df9a73919bc2eda74d2bf26bb9326496fd4dd464cdd6fa152c50,0x81e1c6d290dd3bdb10d48f4bb1573b41627e4444,0.049500,1631605.31,19113,29076,29076,32052,3,436,1.68,1.10,1.00
98224403,0x5d56220250a8bb90e4486fe6c6eeacdf46c2c204c42b4f7cfd950efe581fb0d9,0x81e1c6d290dd3bdb10d48f4bb1573b41627e4444,0.049500,1212922.64,25711,23989,23989,30804,4,415,1.20,1.28,1.00
98224406,0x64667d6f25c7a9fb0268f30ec4135415e4e650de24ab83e708c9660ab76369be,0x81e1c6d290dd3bdb10d48f4bb1573b41627e4444,0.049500,1200304.41,25981,26424,26424,30804,1,395,1.19,1.17,1.00
98224410,0xa2f04f9e69df0579e50351168856194aa998565468798dc04097c68c48b93a35,0x81e1c6d290dd3bdb10d48f4bb1573b41627e4444,0.049500,1175844.41,26521,24883,18398,26919,71,371,1.02,1.08,0.74
98224589,0x9283dfada1305634cb067e9c27f78b823207bd70da36f907f9528b33cd70f0e7,0x61fb5d4cd63fee6b64167680ce48d7d01a9c4444,0.683100,91656405.40,4695,6139,6017,9078,26,66,1.93,1.48,0.98
98235192,0xacca4548a05713769a921d4c8d89176145f3e252669bef74a51eef28dccfa07b,0xc70ef0f7d336bdc45cd9dbc356f8edf3ecef4444,0.683100,47627189.76,9036,16909,11268,20886,25,181,2.31,1.24,0.67
98235192,0xa03affa1c3b222e9bc2debe7d3330faa009b003db8a5658f85aa0f6f3655d55f,0xc70ef0f7d336bdc45cd9dbc356f8edf3ecef4444,0.683100,41615502.15,10341,16909,11268,20886,25,181,2.02,1.24,0.67
98235456,0x7d0dab37aa172ffc2601c0133cf3a70998d70d8ec042a2229953ddae647d49d7,0xbb4da9840c6a11a88f5e35f1d0996e64a6494444,1.485000,34884297.12,26819,40922,40922,55041,6,42,2.05,1.35,1.00
98235457,0xd53bc6ebd6e8243fdc7d270d7bbec100410dcb891e580835f274ed2447bb1649,0xbb4da9840c6a11a88f5e35f1d0996e64a6494444,1.485000,22820402.73,40996,45596,42352,55041,5,38,1.34,1.21,0.93
98235672,0xe29d56cf6634401b7b5763a2492384f3452abf3d3c919bdd03879f769f4dbd4f,0xdd8c4984e122acea612af84f0e78f123de034444,458.596638,83014342.26,3480313,4762667,4762667,5022069,2,20,1.44,1.05,1.00
98251274,0x2c4ff1f04d7fcd6c3b28b8ca8ae58597feefd98327e270a5fd404f1daf53bc02,0x0c1d90bf3025e9f84b8c9d98042cde9505dd4444,0.683100,95887874.10,4488,8515,8515,8515,2,27,1.90,1.00,1.00
98373502,0x6a58456ae069756994ececdd81307cccc198b0cdc23d575b2a9316ba12efaf3b,0x9019d0e5dedfaf0323ecf281e43324ca57c84444,0.495000,79097496.11,3943,5755,5755,6367,25,50,1.61,1.11,1.00
98376930,0x754a3fea3a82967ac855e263e88bf69f086bc29f83639660cb54e9968b6012d0,0x5b801afe28a75d686c943128c189685db7424444,0.683100,69927907.68,6154,6681,6681,19873,33,299,3.23,2.97,1.00
98380917,0xad734132ddc01c6d13162633221ee884970025279bdb6bca7097bd263ddfb351,0xccb56656918172793e2af5a805ab958e68614444,0.683100,98724740.13,4359,6197,5440,10112,19,114,2.32,1.63,0.88
98387151,0x71b990adc6ed8684ff033613e9b17751fca164bef84473a2eab51a6b9a5ce581,0x18fedb33afa84e871f056db090b7c862c4d9ffff,0.683100,55329140.35,7778,13997,6691,18587,223,367,2.39,1.33,0.48
98389431,0x07e32f57186a2009bedc557ae375315f057d5f62de7cc687bd3d3000648c5dab,0x7046338a0f269417b6cf98915799d2eef81d4444,0.683100,62325130.21,6905,10905,9323,55829,253,528,8.09,5.12,0.85
98389434,0xbe06531ea00b3a5fb2a32e15d1ffb72413fc9a54b85689d8e0a63c0e1e7c1593,0xe0c8f382bd0b8d42900878a4aebd0ccad92e4444,0.683100,92970268.20,4629,7577,6092,9068,20,49,1.96,1.20,0.80
98389434,0xed06662394d994f46231b200685f62b2f9d7574b33ca496af7d3c00d0e88d3b1,0xe0c8f382bd0b8d42900878a4aebd0ccad92e4444,0.683100,55227224.39,7792,7577,6092,9068,20,49,1.16,1.20,0.80
98389437,0xad71c9af535d32f9595c357b8fecb7d2db6cd34d2f32918de06d9a6610a8d7c6,0xb2dbeb35d5e966701fd6e26bc34e279c075d4444,0.683100,94312608.44,4563,7229,7229,7266,2,15,1.59,1.01,1.00
98389556,0xf3faf7ce94352a0ab6998da4c59c641a2245236ff78ef8f03b9fd7d6a8f43a61,0x7046338a0f269417b6cf98915799d2eef81d4444,1.485000,36115453.13,25904,31096,14220,55829,128,283,2.16,1.80,0.46
98390725,0xf1302d65434a3ddd297468c404729a3ddb1f7bebe8f1fd26d96de21ab7827afd,0x1ed712ce32b53d0e8517fedb6774a2fcb6d44444,0.683100,23784748.81,18094,33888,33888,39130,6,203,2.16,1.15,1.00
98390726,0xd2b5ee65f5aa9b67c8bafff2ab23a813376d61676f6ab5bed24beb64d1224e48,0x1ed712ce32b53d0e8517fedb6774a2fcb6d44444,0.683100,18231062.40,23605,33944,33944,39130,5,202,1.66,1.15,1.00
98390760,0xd2031bba7dbc173f1a37f8876cc95858ff91fe2d56c94b6f3333ebcda9bbce5a,0x1ed712ce32b53d0e8517fedb6774a2fcb6d44444,0.683100,32657140.73,13178,18367,18367,20944,2,94,1.59,1.14,1.00
98394766,0x95cbe0f3f42c712325fc1e5c4aa61b239b1bcf793435d6248a7ab14c3d516b90,0x43eeb5545a138aef28d405669ce66abc2ace4444,0.683100,42755197.62,10066,25092,24105,53125,13,378,5.28,2.12,0.96
98394766,0xdf7db4445d5df9174be2de6f203e3b9e084705d096a33c092f48b972e44ef74e,0x43eeb5545a138aef28d405669ce66abc2ace4444,0.683100,15489326.63,27784,25092,24105,53125,13,378,1.91,2.12,0.96
98394790,0xfa68c28489482368cfce3f8d72992c48ac24f60fe52174406c0aff19010c148a,0xf355e904946149a5d2241c143394eb1699594444,0.683100,34391976.66,12513,17046,14973,55972,72,395,4.47,3.28,0.88
98394793,0xce2105a65773a3233d1ac5a524f867a0cb6f6452fa49b509259c8b2444c4950d,0xf355e904946149a5d2241c143394eb1699594444,0.683100,21973418.75,19585,26384,14973,55972,69,372,2.86,2.12,0.57
98394860,0x2f6c6ebf60cbf5ae38f6bc3dd403d1d17b1afcbdd213523fd6dff4dd6bfcef5f,0xf355e904946149a5d2241c143394eb1699594444,0.495000,6063120.12,51434,50477,50477,55972,2,85,1.09,1.11,1.00
98395607,0x270240ffa2c15fd42ebef3a03b92a8465d268d51b6a38b95643daa3e93b79ace,0x7654f61dcf98e8aa57df9523c14c372ab4374444,0.683100,51342473.80,8382,9094,9094,44401,382,1247,5.30,4.88,1.00
98404098,0x6dab85ee1969565fc1d4d79e2eca3229a13c9be53803d2dfb1adedd3d4511b91,0xf8153e6da83253ca9db3f7c90006487ecfab4444,0.495000,63683308.48,4897,6717,6284,9033,25,69,1.84,1.34,0.94
98415427,0x88999222f5366172a73f274a6fdb8e61dce1e9b073569a50010042a910a14942,0x079593df856da2b162d3d690bc0688ad28254444,0.683100,61525938.45,6995,10515,9092,24935,1311,699,3.56,2.37,0.86
98418006,0xbb20801d59aabe2129ab48c51664a85126c56b7b618e2019f935d9039b021aed,0xe316aa7a78ed79deb7cf7658fb7bc1eda6874444,470.829381,86342774.62,3435406,4961802,4599703,9131584,40,135,2.66,1.84,0.93
98426966,0x678c968cd5d3538d10f2c92845354a058e11a063090bc176b5e8d5e72e2c7adb,0xa655dbba4a937d9e852642e32f5ec211aadf4444,0.049500,2081564.83,14982,16391,16391,21458,83,76,1.43,1.31,1.00
98427214,0xe0299b00653378ebfde388d7c41461c49ded11a7d25d488ad71aa6c90fd8c07c,0x8d21ce4993d4aab34446c4716575e02af2e94444,0.247500,41060800.84,3797,6598,6095,11346,667,236,2.99,1.72,0.92
98432611,0xb27543b2bd77eef1fa3afb5abe5dc9b4130091a5a1a7504a2c5cc0d2dfc31f9f,0x404243878aa532db708abfbc22fb7701436e4444,0.683100,32048865.55,13428,18400,14959,24977,76,378,1.86,1.36,0.81
98441308,0xea261c51c74a87b6fe8824e1f4338b26afaef63e0ee408b7d9f50a2ab7a0a734,0x079593df856da2b162d3d690bc0688ad28254444,0.683100,42057882.65,10232,14772,13568,20264,20,233,1.98,1.37,0.92
98458611,0x92a80c34ee0b5393c8f668201c344d02820714c05c5ce3d36b4f4112977e88c6,0x079593df856da2b162d3d690bc0688ad28254444,0.495000,19232682.81,16215,20315,18057,54226,1055,665,3.34,2.67,0.89
98559373,0x93de6257b92c4de446469ea116062f4329ec190f022c5616a6d8e025b9636448,0x3ed685c9781191ab4a2766581fe7b7b261014444,0.683100,63639646.97,6762,8968,7468,16085,134,245,2.38,1.79,0.83
98569428,0x6ebbee17245bb33b634dc4533a1de8f68d1dbbe3dd49bfcb7271452659847264,0x632ab66e4b25e5f29c9046d308bd6cac90f44444,0.683100,34573374.91,12448,18734,18734,20050,2,408,1.61,1.07,1.00
98570525,0x98215348ccfba42ef65cfa74ff220294c7fd99fc250941d935af6734dd9978cd,0x00ac14c7f2c7a76abb8f313af3a75bb8a79d4444,0.683100,87877815.43,4897,10258,10258,10944,6,80,2.23,1.07,1.00
98570583,0xa5b06ca9fd956825d58b83fabaca4762cbc798d3bda00c1f621b1844aec58104,0xb36f0b722fef141e2bf5a572f20ac109c0c84444,0.683100,57584668.85,7473,11699,11699,12198,3,40,1.63,1.04,1.00
98572061,0x9b7f3f776d56a0a930ed41d6e34814dd926ed776387ac6fe1d6f4f345bcd8e32,0xdadaee1db36afca33f3fd85b3e9f36f6324b4444,0.683100,76968189.92,5591,7711,6873,9287,23,72,1.66,1.20,0.89
98575699,0x7992dd989657a7318f43a3c3aed215223e56612708ef03ec8807a57d334614a0,0x2f30ff5e5c98d292c3b6a5102c15bd87926f4444,0.990000,52253995.75,11936,15172,9795,22548,2235,632,1.89,1.49,0.65
98578461,0xf72ea354d27c356e8e9b88f33f2a103c33cd9ff2e852f316942b09d0137a2cc5,0x001008026099c3645f1b514432c994f0a5fd4444,0.495000,46757509.08,6670,8421,8421,9674,2,29,1.45,1.15,1.00
98585318,0xaa48d055ca16cb3365a54cc00da4544d8cd5cc827ef7b84e2a32f1d3c5081760,0xaea7d383eac2063bfa2f7f1ed3381e48bca74444,0.683100,42668414.86,10086,19295,8170,55935,1141,1245,5.55,2.90,0.42
98585331,0x156de9fd0d5c2c86e3869c2815c1807b4a9f56323aa82d48a680045a53b97b36,0xaea7d383eac2063bfa2f7f1ed3381e48bca74444,0.049500,2144708.68,14540,16726,12127,55935,1128,1199,3.85,3.34,0.73
98586536,0xc4853c256f066e274acfba688b1af4ce7984af759f27c4171c226f9e699ca4d3,0xd92fa7c3241eb5d1bd9ec2f39bc3f851bcdd4444,0.683100,89110938.14,4829,6493,6493,7623,1,48,1.58,1.17,1.00
98586563,0x1f03da3b77b0ecde89c4612d30c74cd74b28073e5ae0d282c7597f988342425a,0x8f6e27c7f7a36c2cabe4c2fade26ab6276164444,0.683100,72228551.62,5958,6780,6776,56020,1612,1208,9.40,8.26,1.00
98591517,0x1f7b8bc32be613ca141032c72868b144e17b79834d28b2047750a111b06dac12,0xc9e650ddf2b5c71d31bdc4a8258d626b78294444,0.683100,69334378.74,6207,9456,8240,55279,1240,1122,8.91,5.85,0.87
98594716,0x427521f840d13fe33e86c2df1348f989e012e00eda8df3a618d6735d9d197b05,0x29c12919470bb4b96f19995f39907f6f22acffff,0.683100,87911469.10,4895,9795,9795,10402,3,34,2.12,1.06,1.00
98594756,0x73a9345d236c2807959e265478f798c496518c27fa39cb5ea836ac7f988e37f1,0x62ce91bb734fd973ae61d8bde8ea7b551851ffff,0.683100,94164718.02,4570,6694,5555,10082,9,54,2.21,1.51,0.83
98615945,0x4a813e4c065f7cf858a5b9b02ce25bba462e0d2d878c903e35ce3e9265fdd205,0xa39bd4cc56dae8033d376219549c0ad3be604444,0.990000,15121806.79,41245,49928,24936,54125,952,586,1.31,1.08,0.50
98618000,0x52d604cf1877d25fc255115d9cb4c0e2566a9872ee1a6b0328b1e780e9ea1de1,0x3f4e3ef253f652e74f6ce3840193621e39974444,0.683100,58638229.99,7339,11128,10038,15110,35,157,2.06,1.36,0.90
98626400,0x8425650182466c41a9db17b472b63ad05074b904cfd5a4ef4545e45c3ab8d631,0x121da6af91cc364601c858046d78d3c914684444,0.683100,78976919.80,5449,10016,7631,14434,73,264,2.65,1.44,0.76
98663418,0xfedc0e700eb998c55512be725d547aa2fa63dc4f4a3621da467606cf10be6111,0xb7963ca8d6ed29d49c1b6ae5cb6618a08d374444,2.970000,58852301.70,31793,31793,31793,53828,0,7,1.69,1.69,1.00
98663418,0x3d4fd549903b790b0dbf3bf7ac4b5d3b66e8719a40d331e4098d80593625e78e,0xb7963ca8d6ed29d49c1b6ae5cb6618a08d374444,0.997548,11675292.29,53828,53828,53828,53828,0,7,1.00,1.00,1.00
98757416,0x22e0efdf094f6dcf5788c44d2e670cc8ab3d688bc105d636c1845982d263c5b2,0x3c53a6b2a84abec7f8ff963b42e53993ce5d4444,0.990000,39348990.44,15850,18008,7728,41408,1083,1595,2.61,2.30,0.43
98769625,0x16e6ee0e7a34b985c2a40054fe5a580c55ff8f917493859e14c5407b4bdae049,0xb0eb2a1a2620225cac1ed22887eb607e334b4444,0.990000,24273460.88,25695,31408,29076,54743,348,286,2.13,1.74,0.93
98770080,0x5d4b68a96f0e90d6b9c38d25b6eab085461927cecc030af97ec8524262300eca,0x5568736ded6bbd23c87d7f4f4d513e500bc14444,0.683100,94961805.59,4532,6358,6358,8358,7,53,1.84,1.31,1.00
98776106,0x66c7b23f8d7e8cdf20dea3b0dded7e65215367f6f4b566e535838f89d565cb9f,0x4c9034c1bd155387d8c48fdf04563e7f8d9f4444,0.683100,72899855.23,5903,7951,7951,13218,41,118,2.24,1.66,1.00
98782916,0x60d96e2b2801231ecfaaf67c93a0c028ce2115f51987b6ef68b8d43b74c551a0,0xe4169458dce0a8476c3d2d69b6de3743e8074444,0.683100,97086070.22,4433,6841,3707,17015,3917,235,3.84,2.49,0.54
98784876,0x4da4fb38e32117516b8b072115756de3979ce38e486e185f33d9019c1bad7392,0x202ec43a45b82db2dca7b20ead855ef286124444,0.683100,75443318.62,5704,7850,7850,9289,7,67,1.63,1.18,1.00
98785494,0x6cc897802a2c208599285443d5a38b7d22a1e6099e517d01f55e8006046281c7,0xea61a2b500a0ac4c6e962ce867fd9029b018ffff,0.683100,72002097.74,5977,8182,6696,11799,38,145,1.97,1.44,0.82
98785565,0x7cbde8f91248f8a3d5e7da4cbe8c9c559729f5883baffaacf55e375668904d03,0xaa1aac60429ac2e152725e1c2ebc995d010bffff,0.683100,96241312.25,4472,6448,6448,8100,5,65,1.81,1.26,1.00
98790633,0x76b2c3802cf3b18b73e99742b854df8d306c58f6d7d15e3542611a1dfb86b74f,0xaa4c971e7b92d49f7b045b47921d5c4e64754444,0.495000,79097496.11,3943,5349,5349,7274,16,64,1.84,1.36,1.00
98791130,0x9aed1014341f717cd4f499889a5bce611bf4f80ed7bf41d559feeebf3d8cd14d,0xa892745c853760335ca6dc8e008c43a4613b4444,0.683100,77590542.38,5546,6886,5598,21713,250,271,3.91,3.15,0.81
98792465,0xc19c434bbb4787fb6d55168038538a93f751cf9a28a330bb4227e1c1d4839b10,0x1e0ba59f322c1cf14b2d4a643df218491fb34444,0.683100,35620177.75,12082,15274,9605,20051,538,428,1.66,1.31,0.63
98840466,0x122e4746478367f08964fa1c9c9c0cb6f4daf50ff7062427ad2d87c637aa0983,0x6750ca15f0772fe54d594aef6c6c4ac997fd4444,2.970000,78741940.51,23762,43834,43834,55568,3,48,2.34,1.27,1.00
98940060,0x93cab1eca65aca9a5ef73ae662ddea9599f3643bccb75fb3368bbbf709a5d680,0xddef8de018b2a0388f48611efc6c8e8c78f64444,0.495000,79097496.11,3943,5477,5477,6442,1,25,1.63,1.18,1.00
98945082,0xce4650818f9d1ee876dfa44d5d89934709a18ba18166e37cab03e168b416308a,0xf10692720ddeb0c628e1e822cebe8fff2e254444,0.495000,65889705.74,4733,6415,6415,7435,1,55,1.57,1.16,1.00
98960996,0x68eea1485e59fb82e9d1e982bde53bb17f4c43ecc1696902da5fb9ab9108caba,0x4fad0e11e1d893c45c5cfbd6eeee7ce530af4444,0.683100,97086070.22,4433,5836,5836,15481,184,397,3.49,2.65,1.00
98963541,0x6f424dab3a7589ef0bb1e5d11dafd5d7a88f949e6e6ebc21cc898fd3f167f26d,0xbd43b228e61a12f96752dde8a74c7a7b54104444,0.683100,32282872.49,13331,17912,11582,53524,535,1295,4.02,2.99,0.65
98963938,0xe486fbb6396675a97c8c1917cc5b4ea82d7b939556e9cf094a88e375e16782ae,0xbd43b228e61a12f96752dde8a74c7a7b54104444,0.683100,25579380.46,16824,23190,20459,53524,138,1201,3.18,2.31,0.88
98966089,0x3d8357e6cc28ffb3f799f9094e2517c016c61768a96ba1ab119a2cb8f55a7914,0x912bf6fb81b8c2865c18cd4fecf116bac84c4444,0.683100,82469007.84,5218,7033,5814,8356,134,111,1.60,1.19,0.83
98980775,0xe101e034af1e85e8451b8b40106e7d26f1ce1069dbe6a2ed63eab7ce1f18d3b9,0xd4ae536d3b8d2061ad232313b615d9fe39204444,0.683100,64036701.27,6720,20313,11575,24891,34,978,3.70,1.23,0.57
98984479,0x8b2d45e578865d41aedabe178366f16ac4da5dc28a4440ce5d53acd6b338cbcb,0xbbf45f5f975f7c0838c7108304c1e4c52d264444,0.683100,77917370.99,5523,6995,6642,8352,56,59,1.51,1.19,0.95
98990110,0x1f05de2cef4126183a11b5a1b0f76ee3e50c0b43868ed2f0871cd28de63b27d4,0x816071a8df53348cfaa54f6eb74a673adf984444,0.683100,86350785.58,4984,6512,6512,7474,1,39,1.50,1.15,1.00
98994823,0x959d60e65f2a58ece7822f8a7bc08846369c814a44fe83f5a41a6ea661a2c3d9,0xd431b6b8a5f5176775972830d295d280f7a84444,0.683100,58932008.30,7303,9686,7890,17961,132,274,2.46,1.85,0.81
98996479,0x90b1b77a0313bfcf982a520f8842e907bac4f95790c7854a01bd52fabdb08dfd,0xa4518cb271e9350efc2fbcd9538ea71578f14444,0.495000,78423578.30,3976,5449,4762,5787,30,39,1.46,1.06,0.87
99000095,0xa43194a828b964f59c8c4f39ac8da957303e896fb8696aff9d47e4f0574addbb,0x9c51e2e8690e5ce7a1086cc651a442c2e0824444,0.683100,34410554.36,12506,15726,15726,17020,2,189,1.36,1.08,1.00
99003916,0x8e0de8e1b041003e792cb1dfc5069c23f35adc748084c59f672136675ffa9624,0x985675f0ad4453c8ce53a0dedf0dd44b8e5b4444,0.990000,18807935.96,33162,35908,35908,40705,6,695,1.23,1.13,1.00
99004087,0x3a981d99fe8f60bb8518a774e16c55188670640608a11cff3a3e36618c222ec1,0x985675f0ad4453c8ce53a0dedf0dd44b8e5b4444,0.683100,28444171.24,15130,19854,17502,21059,10,465,1.39,1.06,0.88
99015137,0x47d18b7ea4840029a891e3686c23d4b96ff7ded2122cf7efe6fbdd259d85bbaa,0x78df06c3c48c63e1fa51e9223efc004f8e844444,0.683100,29406058.55,14635,19437,15843,30002,239,565,2.05,1.54,0.82
99018065,0x007dfb05619750c459eebb9b968bff012ec67e72263353e3f7b817f27d1dd375,0x73c1175ce3bb02d906d387800230d5f31bbb4444,0.683100,78806710.11,5461,13360,11308,17644,12,67,3.23,1.32,0.85
99018066,0xef0111ea5bdfa727802dcc742950d3476d6e9d90840ab43f0b977277ba60e1d9,0x73c1175ce3bb02d906d387800230d5f31bbb4444,0.683100,47160464.23,9125,14385,11308,17644,11,65,1.93,1.23,0.79
99018066,0x11838f89d5b481a7a93d300c479d9483136a31a0d42394bc1beb5daa621cb465,0x73c1175ce3bb02d906d387800230d5f31bbb4444,0.683100,40168667.75,10714,14385,11308,17644,11,65,1.65,1.23,0.79
99018100,0x3a7dec642460498a302b537e15e7efdb368efb2ce56301ededa664a6bbdc6647,0xb52c20a74f97b23eb5264000bec4addc13354444,0.683100,83985256.51,5124,8463,8463,10384,1,50,2.03,1.23,1.00
99018101,0x283ffada4598d13cbd466dfb1a971c3dafc0c7d1a6471c8e12a2952f597009d7,0xb52c20a74f97b23eb5264000bec4addc13354444,0.683100,50588840.53,8507,9505,9505,10384,0,48,1.22,1.09,1.00
99135610,0x718acf8c2e7f1a5ea7c8192a9c7714e29be5fd3cc48b5f5b33e8baa38145d3ed,0x251c9626c6fdbb6567170fd97d6089cae2204444,954.220361,25400324.46,23667368,28886627,26598735,36078105,33,79,1.52,1.25,0.92
99146815,0xb23529fd3f4b67c3003e734f86fef04d69a67c2c55c9e7c67c3f19f46c894f0d,0x9ee6e652905be8966ff3a9e1d72ba88e0fd14444,0.683100,75557727.36,5696,11127,8094,23355,11,99,4.10,2.10,0.73
99146815,0x39141a73e66d5103fd04ab28c457e05d7e421b82792248859b991c9975d3402a,0x9ee6e652905be8966ff3a9e1d72ba88e0fd14444,0.683100,51961289.75,8282,11127,8094,23355,11,99,2.82,2.10,0.73
99146852,0x5bf59d0ff6e83ae928a8f3fe47f43c006571cbb0381c576d93d13ce2779ecc4d,0x45b5042ff7c984589180900e746ccec0bf224444,0.683100,87877815.43,4897,7144,5465,10496,14,59,2.14,1.47,0.77
99157992,0x675c24f13ef5d4e808794e80c91874ce9c4818fb9dccd88a0b54411d32a52e66,0xc168c71d20375c5ac8a5e383b9b8a51e9e5a4444,439.637247,50500450.24,5484535,8017859,7368493,8388662,3,98,1.53,1.05,0.92
99163084,0xb335f070597c7c562ac4a7b3472f633b1f4cb3139080e2b0cebce75011735958,0xf7ba156e779b2da20aa4daf75eb1197d884b4444,0.683100,76683804.33,5612,8355,6769,23551,97,709,4.20,2.82,0.81
99168921,0xc471ac0c4b73e18acae7c292889cd53cbd69f0cd99889a4c075886181ede92d8,0x0490a306fe77344d1e6844969c3032f8e0674444,0.683100,96890927.87,4442,7637,6091,9103,11,63,2.05,1.19,0.80
99169588,0x46ea816965fa7eb8a5a26993939813403337bc8afd88417245a41ec4446496c0,0x93826093f437758284aed3980aba370952354444,0.683100,74243164.39,5797,10511,6944,10976,51,72,1.89,1.04,0.66
99185558,0x023958e7a2e7d922bd22c8cf502110d06ddabb14dcbd0e14b298e0858111799d,0xa4ca88ab93eb9467d217e248b47baef4ac504444,0.683100,92746205.74,4640,6193,6193,7057,2,42,1.52,1.14,1.00
99202026,0xb8f066a2cc57ad4afc883b467ac738f5e0286e5437322b1e075d80d6bbc76e64,0xb1967fbac43c6e2473ff4e0763fc98d8d5c54444,0.683100,75674509.21,5687,8223,8223,9613,6,42,1.69,1.17,1.00
99318681,0xb28c6880dabf062d7ebcb5ac0f9b028b55ee8966712da99f5a432ae0ca9d38f6,0x2cd9bf7d96af8bc6f3126cec064b549d9b3e4444,0.683100,84183986.99,5112,6226,6226,26957,52,500,5.27,4.33,1.00
99322325,0x7afa2d8c2ad7c526c0445a4c3f9869e18cc1b396e05c88c7c018897b0a58efc6,0x3e6ca7a0b74cf139048c74278082cf7470cd4444,0.683100,53110891.58,8103,9816,9625,21237,80,223,2.62,2.16,0.98
99326310,0xd71d1f93b88acef6bdb97c2523993243981b1bca22c780e2fbd38c81a9bbef94,0x6ca6e08a72f6b7822c0ac86e57b201873f544444,0.683100,77518514.03,5552,8455,7551,8632,6,61,1.55,1.02,0.89
99331261,0xa1731be854f4c1d229cef0536248ccd1f7a9ca2e131b30570588e06c6cff991e,0x6f111d44224056fb412fa7e1ed73777a7cd14444,0.683100,84282457.70,5106,4947,4348,9810,121,119,1.92,1.98,0.88
99331294,0xd7b3d4fe38273078afe6efe61adfeb5f11c58ebaf900d97799cf715407d0be63,0x6f111d44224056fb412fa7e1ed73777a7cd14444,0.049500,7171543.44,4348,4404,4404,9810,88,107,2.26,2.23,1.00
99333546,0x472a128536120aa2ad57dd327d1441009cc7cd46a2a8a7b708c4ab8f4a9309a4,0xde4bb39f5cae02bce5d820d517264d72893c4444,0.495000,74165137.29,4205,6119,4789,8992,51,110,2.14,1.47,0.78
99337669,0xfec8fde04ed321eb06bc3c4eb80743e715eaefb93ca3b1817075cefd433fa644,0xea26a9b57b33e6f2b11f07102da89b6127554444,0.683100,20865137.85,20625,24366,15215,55625,57,1367,2.70,2.28,0.62
99337669,0xbe6f3678fbc41a857bca7fa82a14ed7efd3487cfa7489c62180bb6bcb2fda2b5,0xea26a9b57b33e6f2b11f07102da89b6127554444,0.683100,17488521.59,24608,24366,15215,55625,57,1367,2.26,2.28,0.62
99337689,0x09f30b018c7f2e3b9c29b30405391b6719d9ebeaee4d0ffd202f09889b9c7e7c,0xea26a9b57b33e6f2b11f07102da89b6127554444,0.049500,1108818.70,28125,23519,23519,55625,37,1259,1.98,2.37,1.00
99337705,0x5964e2f430fb20c6481e35d798aa76bd242e70f4d1597467ebfdb7278f8ba776,0xea26a9b57b33e6f2b11f07102da89b6127554444,0.495000,10278035.78,30341,34767,34767,55625,21,1165,1.83,1.60,1.00
99337719,0xcf92857866d338220c296cd77dc798c0b291ca8ef9c33ba84e852c0ab61bff3f,0xea26a9b57b33e6f2b11f07102da89b6127554444,0.049500,606250.83,51439,52467,49855,55625,7,1070,1.08,1.06,0.95
99353581,0x7eb48bf767836bd97dbda89025f57f445720970b3da563e5a06ec330049cf6ba,0xb33ddf4dac889c56f38695e0c9868df3b77c4444,0.683100,97086070.22,4433,6375,6375,6617,2,50,1.49,1.04,1.00
99355812,0x46906b110d07ad614d0e675e015acd30f3840d483ac83d7d00d7c5af6b1abee0,0x2c8132611b9430e6d2287eb663129d94660a4444,0.683100,91782197.60,4689,5573,5573,9041,33,47,1.93,1.62,1.00
99355867,0x125881e0594199fa4220a7d78af0ec57af0f862989105eb3e1259d8554fcc997,0x8c64081aefad814b33ba3edd223017e807ad4444,0.683100,94285477.24,4564,6859,6859,7385,0,11,1.62,1.08,1.00
99356867,0x60172a4bcd68e2de4e52d6aed48c9098c5f6ff2b0a2c2376539b9005a0078e10,0xa973d0662abe20224a4ca448c678412ebd904444,0.683100,86341668.31,4984,5721,5439,12050,216,181,2.42,2.11,0.95
99365521,0x99643b36e60d00ebd490118585dedb3e84eb2e986aa2e8586f724decd32e607e,0xbd1d873241c33fb325635f78c187918c6cb74444,1.485000,205573301.52,4551,5825,5825,9898,84,89,2.17,1.70,1.00
99367769,0xb64b8f48fc2f1a0684cf315efeb16417119f22152c701259e2aadd5936fdd89e,0x63af4b584f150a204e2642c1b8ea248caa5d4444,0.683100,68282242.42,6303,9108,6673,19078,95,535,3.03,2.09,0.73
99368402,0x799978d3ce53a43580f81ad940fac1cb22a267d59443059c1e7fb13357e3a5b5,0x539cd616d4e7ec2de24b7d1df65724fe11404444,1.485000,45283806.47,20660,26882,25335,26935,3,186,1.30,1.00,0.94
99370888,0xa7d36ba708ecc804ff939bcf1faceb9407d5b9e74e411fbd411681280a81131b,0x4fb60e7a62745dccb2e155035eb22811b4be4444,0.683100,62754253.73,6858,10282,7729,15313,52,156,2.23,1.49,0.75
99372130,0x5bf83f86a733ad0311db21e5db0abbb924529f326286e7ca1dca6e282c1fd01c,0x2723999a5d2a9a757a19d189cc5ce6f24fe54444,0.683100,98788383.89,4356,5172,5172,6690,1,28,1.54,1.29,1.00
99378149,0xee88bd20007995777c3bfd5ae164a415b55f3a75fd284f88722b02841df6691b,0x708559dfa8fcc534c953d63de933254a10c04444,1.485000,49818241.95,18779,25866,10418,53119,1393,1139,2.83,2.05,0.40
99378382,0x33c744f19ba6268e2a94580a33db6f7f5a9c1dce6b63db31b364d0b876422315,0x885936a0b5810ce839b102741d77659cbd544444,0.683100,60893081.41,7067,11302,11302,11302,2,23,1.60,1.00,1.00
99378718,0xb71b873b8955fe65d961c2cc4b2180a591c1dfac6669b790d4194a2db3659e13,0xad2a6109d13a5400545545b4210bebf271224444,0.495000,79097496.11,3943,5226,5226,6046,1,26,1.53,1.16,1.00
99401902,0xd59112df060fa59fe8a3c38f863459521df7ac0bfda6314ba094f804624da532,0xa44208b5bfa96d860764cf0cd8556904098e4444,0.683100,33007722.37,13038,17509,16382,25391,14,455,1.95,1.45,0.94
99414628,0x9d169cfcc1b7ad367de76605717718f821ad9e728bb9078806cb92980033bd40,0x8c604a79a86295eb9073dfb5c83a43cbce1a4444,0.683100,79703404.14,5399,7575,5862,8687,143,129,1.61,1.15,0.77
99529152,0xe840ea01dfbeb09b8d9f7fab23435424107f9a2fd5de8d7c5e7bdc62355feef5,0xa5df347f5b227ce66b320d0177c5c8f771c64444,0.990000,27015305.40,23087,32073,25969,54665,158,199,2.37,1.70,0.81
99534402,0xf365307450aad7887723933b0c129b77c44707be3b0688c4f08d3fce58f65563,0x16a56bba51c740ed360ba0d4761627c974244444,1.485000,47944377.10,19513,21200,19916,31186,27,599,1.60,1.47,0.94
99545313,0xe428886596547fbf784d13d38e61605e4a18aea867d5765a10b9d2ffe7dcaee8,0xc3126fd8b5f80d04ce98ce140bdbb621480a4444,0.683100,23044350.26,18675,21063,11593,26555,1981,196,1.42,1.26,0.55
99551625,0x490bed1bed2bf15d715c854a61c146f3629ad35692bfa313b078ec1d882b16b1,0x00e12c5635b7c0f93ced80e0566ccb5596544444,0.683100,77774565.79,5533,8488,8488,41606,110,685,7.52,4.90,1.00
99551660,0xfce4cea9796b089284fb4f419ccefcf385f435f56485e834a4f1b7ea5604078f,0x5c7065821f6ced2a36720720c85e5d94b8aa4444,0.683100,73437387.83,5860,6652,6652,9956,0,23,1.70,1.50,1.00
99551896,0x2e516b899ae461a0405e70cfe3b3f23d3fe8d72d94ce90f28202034e246ec122,0x44e9f4b7f9dc585cdd464ad00aa7a50b0fea4444,0.683100,43870002.33,9810,9755,4292,42139,1174,1243,4.30,4.32,0.44
99551935,0x85866dd9eb4bc561d4034ecf9bc746a89246dd953e3b749013264fdd6981705f,0x7981dcdc97cbba350fee82a3403cd498f9a04444,0.683100,37521091.60,11470,8951,8341,22862,35,231,1.99,2.55,0.93
99556176,0xd8cb9a03616cdb5e669543fcc0454509c8d51a12b58e8b412df92a85bc5c76ce,0xc728f0ea2d860ec3773d6f624fe94fa1bf8c4444,0.683100,89110938.14,4829,5640,5640,12475,23,128,2.58,2.21,1.00
99556527,0xa949d2b1de66ce4e573fcb8b4d14eecb1f84b42e720a654668324a1fdfe4c4dc,0x036e590c1564cfb1d3a245dcea8ae316ab4b4444,0.683100,30784344.25,13980,14897,14897,24511,5,446,1.75,1.65,1.00
99562892,0xdf07f5ccdb1f2f3ce9c49e503d362e6f554f35859822bdc5b06e65c09f3a33a4,0xf3f882d95e59671896dc60472d696b0701d04444,0.683100,94312608.44,4563,7592,7262,23712,34,349,5.20,3.12,0.96
99564062,0x40fd73ec04202fedfdc2bc68ea1c2a30bf7ccb14417b8b565ebdc1fdef8d8322,0xad6195371dd614f7183af130f7264774f1054444,0.683100,94312608.44,4563,6330,5213,8976,134,68,1.97,1.42,0.82
99567001,0x9f788a4ec0b3f15c854d45d2e9c586c5912531b6d6b5ace0b5ab55ef837b1c9e,0xb62207cda56c7bf17e869f2b30cc077b19ad4444,0.683100,100701737.06,4274,5059,5059,9111,47,87,2.13,1.80,1.00
99574858,0xf73059e0c34c0358d3fadebd07662cd063b8064bc4c46e8c707b646d5879d946,0x0d9978ba84c82c42adf2514a9b58dd78474d4444,0.495000,67791610.26,4600,5563,5563,13168,55,113,2.86,2.37,1.00
99577835,0x710a0d5d2dd095f2e7073c631615a3cd1f8a878b8d93798fd8458a85a96f7e0d,0x0dd20f783314ff233112a0e91c96e401bdfc4444,0.683100,69042323.04,6233,7095,7095,8951,14,40,1.44,1.26,1.00
99577863,0xa35881d88c1e2875af8da918503b42a5494ee5fa09777b20e9db4530142b32e6,0x42875f8431d4dd1a9b54511b04fa201c04254444,0.683100,105872596.39,4065,5689,5689,5689,2,29,1.40,1.00,1.00
99578155,0xe35e71f00f9a3b1ead773772eab67a221b27faa6c4ffab22aafc82d3c28dcc2b,0x33cdff4c0951836d4ce59615ed30770a8eda4444,0.990000,51517214.24,12107,18667,15795,22850,12,243,1.89,1.22,0.85
99592917,0x2b79d6367f12562bb6df787339f62ffd70a3f0d1e44f869a3c27a0a7db0acb39,0x41f996942138079677cc73acbb8349f702d34444,0.683100,91656405.40,4695,7029,7029,7217,0,12,1.54,1.03,1.00
99594608,0x50b137b30430330aff7a84375deacebf0371c468eefc478a1c8b286662652422,0x9651510c764afc00c1b06e55838d61844c62ffff,0.683100,91856917.61,4685,6987,5655,14140,1833,480,3.02,2.02,0.81
99604896,0x0171fab512fa4d7d32a2d9c80c58d3da1878c4dee800803fd4df729a71bea9ad,0x39159fdaf5224eee7d03aa20cbf5ac2b9c464444,0.495000,79097496.11,3943,4421,4421,5426,6,24,1.38,1.23,1.00
99606008,0x238bb9f606d7fa693e139455c1641be979c2083b910fad19ec5857f7f2d719a9,0x8f8c2fddb2c808da94f0b025542bac651b044444,0.683100,42473635.22,10132,13963,12251,17236,362,65,1.70,1.23,0.88
99690768,0x65d7eadec9838a5b16c43e28bc3b80e64c5e677618a611a22419c4e56b3d49b9,0x46679e1703fb65f1d094baa4355b4b6513524444,0.683100,93634388.03,4596,6649,5964,15499,28,98,3.37,2.33,0.90
99705312,0x6e4b27ecf40429ce31532e7b074f616c759d5cf56f5b8e4fa116b4e0fc034a1e,0xe8b7b635c33bea2c9ea47ce63759bc16ed4d4444,0.683100,95974777.12,4484,5520,5360,7809,55,69,1.74,1.41,0.97
99710162,0x16a19a8d1aa06a0ced3ec817228983e5cde1b7da4d699e3a97528771f63b523c,0x076ffbc1be7a63897b3a051341fa9d9643034444,0.683100,68793391.21,6256,6256,5393,22657,1794,471,3.62,3.62,0.86
99710894,0x12c178559a9ea374d952a2116087828021a5727e3cd4c78bb17c139add4dba18,0x1919d01184e0d7a3ff709d465e52c8bf85f54444,0.683100,83337591.13,5164,5986,5986,8699,103,53,1.68,1.45,1.00
99711114,0x495b0fc573b15cc09062bb7407d784aee9102b758a917cf642ea83744efc3679,0x5e7677fd2b5ef86dc37e04fee7152c0531404444,0.495000,71747514.24,4346,5291,4752,7730,359,59,1.78,1.46,0.90
99712609,0x5cc59559b0a8658e3135250eac724d35f224fe6d3e65564ba8fe9fa3ffc024f3,0x4c376378757b519e63b967d8a35472176c9b4444,0.683100,82491786.44,5217,6797,6797,34723,259,499,6.66,5.11,1.00
99713461,0xa6b1e15d0f71c77962f92b1035ec9360cf3e695b102f38c360af001e3ca26cd4,0xb9fc18016b5214da5fa23ac62cd2f128744c4444,0.683100,76451158.69,5629,5770,5770,8507,5,31,1.51,1.47,1.00
99716884,0x0914c2dc036d330ed2ca65e6071ff2f49fa2f44cfdfb1c731baa80ce5094c6cf,0x32d9eef6462f800787f9264eab2de0ff997c4444,0.683100,91656405.40,4695,6298,5910,10220,29,67,2.18,1.62,0.94
99717736,0xa06777e91a514bcbf3ad541da1c52c156da2f0cbe1a4ea3aba87ef11152b878a,0x3ce4fdbc1581d73c8594f724b6c4524df79a4444,0.683100,71832606.99,5991,9518,9518,19686,9,70,3.29,2.07,1.00
99717736,0xcdccd495c78fdac6be33744fac42205d48b4411f97f57c2409631b5613c92d42,0x3ce4fdbc1581d73c8594f724b6c4524df79a4444,0.683100,48881999.72,8804,9518,9518,19686,9,70,2.24,2.07,1.00
99717739,0xcb651e036d50b127e986be886aa7fefe3c91ddda72862835cb7c7c23f9b23b94,0xd0b0d46a3b24d4be5df1d292bb0f76938ab54444,0.683100,45868069.58,9382,7010,7010,11376,1,54,1.21,1.62,1.00
99717743,0xaf094079ccc2a066b990ba46b1bb00893b18abd10e68316c8f7c5ccab633864f,0xd0b0d46a3b24d4be5df1d292bb0f76938ab54444,0.683100,56225285.12,7654,10395,10395,10395,2,36,1.36,1.00,1.00
99717778,0x752e7b6d73ac52610c6c32934f9ef432ac5851d6bf07e14864636122318d2c74,0x7db18ed6d28692fc6023df7343d2fca726924444,0.683100,91396979.19,4709,5248,5140,11623,25,87,2.47,2.21,0.98
99720981,0xd341e179f09599b1832bb2a2a325e309215ed47eba375b1b668173b643f7bee2,0x704470092a035cfe490c8aa008367f94ab354444,0.683100,51314701.04,8387,12913,12913,16406,2,60,1.96,1.27,1.00
99721005,0xc897923032a415037f895d19c160ff2bfe7482c672b09469e809e7a0ee3e59b9,0x95bba677f5c71b6ec3fba5a0512b72738dce4444,0.683100,83137973.46,5176,8638,8638,10157,1,149,1.96,1.18,1.00
99721005,0x53612e9b7cf461b975c22f04eb684c529185cde26e46c81f686e76c583174a13,0x95bba677f5c71b6ec3fba5a0512b72738dce4444,0.683100,48634225.39,8849,8638,8638,10157,1,149,1.15,1.18,1.00
99725939,0x030f5f15085bc7ce89d30691b7644dcc5e94b0e4f3ca0765955dd24b21b526f1,0x29789b64862da90200a6aba43743f50292444444,0.683100,68345112.03,6297,14396,10888,20646,10,271,3.28,1.43,0.76
99728303,0xef8e0ebec81998d013c9532b376ef7074eb3940028130269a4ef0e02eebbbb96,0x1c084ee1ad62b4e8c0a3821e2e31c1442b784444,0.683100,44087674.79,9761,16516,16516,17033,3,22,1.74,1.03,1.00
99728303,0xedf7255eaaef492d0cb36fe7469a83626e815570509e5a38e2797b28f6e57886,0x1c084ee1ad62b4e8c0a3821e2e31c1442b784444,0.683100,38714046.87,11116,16516,16516,17033,3,22,1.53,1.03,1.00
99751051,0x7f06fdac906d631b8f5460f8f642decbf250db05846bcb2923b779f025b81cfb,0x0726b51e59e0d6030902ab30ed8ad80cb7b54444,1.287000,57047116.53,14213,20080,20080,22248,1,95,1.57,1.11,1.00
99774258,0x0251c126bab3a3f55176a1445ec76cb5db0853c60a666f8afdf06eb214e9ebb1,0x1275198cbb0a43ebebc1921d2fdf853866c84444,0.683100,41830633.98,10288,12550,11446,47092,686,804,4.58,3.75,0.91
99774794,0x8f14e1db3f5beb3ed1fe75ad6c2d96488119571a8726792a6ca878d4f25e126a,0xc8cf51b188b6abab130abf7aba537abab4914444,0.683100,95296784.48,4516,5338,5338,7325,13,72,1.62,1.37,1.00
99776430,0x561a065e22244515c1ce1507be8025a0d1fbd9e743e6b6559a60f710b55d820a,0x0f220eeeac82bcd9f0abfc6c14c6500d810f4444,0.683100,106182827.85,4053,5801,5003,25691,218,257,6.34,4.43,0.86
99779644,0x9edf4f5ab46ad4ee2219cf79877edf9a043b34f5070566b88a28e3a32b8fe264,0x5a7b9fe42f587e397bac31ea2de2f44b208d4444,0.683100,72083312.59,5970,7756,7756,12916,1,68,2.16,1.67,1.00
99785359,0x2138f16f4c0fed1e0cd9789b72e786034f2e3825ff14e477e644f8408b5c19c7,0x25da1dd150e6976dd4c49d39519d095b27534444,0.495000,69157497.29,4509,5344,5344,9046,60,72,2.01,1.69,1.00
99786375,0x2cbaa65a6fad5a97c4e9e4864cfcbd3360841e727dbd959f58aa8e3711759242,0x693a01471e0c18fab79dbd728637241ac76d4444,0.683100,75456944.63,5703,8119,8119,8119,2,26,1.42,1.00,1.00
99786446,0x23493c3f234a1be68570f57b599e222ee990e390c5fce23acc9008b076f490c2,0x5be7ccadb58ed05aa0e577774b3f32a4336e4444,0.683100,48322215.39,8906,9741,9741,15915,4,166,1.79,1.63,1.00
99788860,0x2752bee7f2de91e3fa8756a2380783537b8a76d891b1fb7fbe29e7469ab43b63,0x70530c9fb4e06b2b9ed3e2a3061b2c06f8f64444,0.683100,96838840.65,4444,5764,5239,8487,34,81,1.91,1.47,0.91
99882524,0x8a5e02203b975a08105ed1fd5b9eff2f35c8074197b84d991f5710902c777ba0,0x8e4d5bbdaa65170692f66a98b4b6a975881d4444,0.683100,17817864.45,24153,27458,26935,33624,51,467,1.39,1.22,0.98
99894170,0xb07e46666b180ef1793f008bdfcd1a9d38399d3fb745c201e919591add5aaceb,0x0563f018368faeaec94bae48eaaad45d772c4444,0.683100,61527688.16,6994,6713,6713,36159,437,1474,5.17,5.39,1.00
99896250,0x760eb74e77f68dffd6dbb3973e641319bf20c425ba7d3b5cbaf9a3726f1a2c39,0xd61ee6dbbc96513c6ccab32d06ca83efefc64444,0.495000,64621244.05,4826,5154,5154,12560,220,189,2.60,2.44,1.00
99910321,0xc6257342bde6a897e0889c7b3f08237363820ae3c2252225120f44702bb6f969,0x961a4bf4a8ae82545989e5ca169dd72a79224444,0.495000,60477408.12,5156,6213,6213,11249,219,173,2.18,1.81,1.00
99922118,0x3f098a6a5efe4736b7e52c0f1aeeaf6a26409c75066b69f05b0c2f2350452ae9,0x43733a53b6de88bfe53bd3f8e189b9c7d1544444,0.495000,68026763.73,4584,5787,5787,8385,1,48,1.83,1.45,1.00
99929359,0x0e5884d2c47942e8b000506f34aa6e6bfee8e163eceaa676b80c2ebafff535d5,0x484a95e9435372b42f489733d35267880d904444,0.495000,75059383.68,4155,4647,4647,8082,84,60,1.95,1.74,1.00
99931246,0x32cb5ca9549c4af431361b4e3d694ad3a8c045635ee852b33712badf06d913db,0x896448475aa4ec7c4ff77a4a3a9cefa3321b4444,0.495000,53072731.81,5876,7982,7186,11658,204,114,1.98,1.46,0.90
99937719,0xd71464c8a3b3be34c18ac2fa225b934782d96d2a530dd8c530b52e0a28101b08,0x94d62d12af1d985c663842ede1bcc1a6399f4444,0.495000,44675049.65,6980,7918,7918,11322,2482,74,1.62,1.43,1.00
99939424,0x592c10a8c5319121bfc7d65272007cbd8c4c9e1ba5e41045489c0f5bece7702e,0xcfa2f07c65b6db7052c127d55cdf817b58b24444,0.683100,91024620.33,4728,5677,5677,6637,21,19,1.40,1.17,1.00
99945522,0xfab8899305183eae29d5658a96b31aec2be9986a4acd02fb1897beda9dd90a26,0x4a712ac5b560ace0e8de0f908394d96b83694444,1.485000,177877820.61,5260,6770,5149,12157,1187,88,2.31,1.80,0.76
99946708,0x1be317ba599fbf2fb04195e02c9166b9605d460176226bf300453734126eead1,0x4a712ac5b560ace0e8de0f908394d96b83694444,1.485000,99983765.83,9357,11256,11256,12157,1,43,1.30,1.08,1.00
99990861,0xcc2c20209ffad7a98e934e2bc6f91b4bff066c6661de0ef2e2a473487807510e,0x9fd6c2d388109a7f1fbfda3080067c2ef1074444,441.747247,53099837.19,5241085,5627461,5627461,7884484,19,232,1.50,1.40,1.00
100097379,0x8b62c2d9b2df1a635bda09ec92301b47908d118b5707923253923e2c30541c1c,0x91894133287ce7c82a29abf3165a5f3a6d144444,0.495000,60378464.11,5165,7516,4465,44114,2307,1310,8.54,5.87,0.59
100098562,0x6e0669e8c1a73b80f495376ac99b8b6d5fe171135baee3534fb093d15336a077,0x2dd66c99ada7dcdd39b7b1fdc6fbd0f22f834444,0.495000,79097496.11,3943,4406,4406,7431,20,95,1.88,1.69,1.00
100100761,0x44426f16be3d9000e4ddf253d22da602d9a9c47aebb4428a24730dd835ee0046,0x91894133287ce7c82a29abf3165a5f3a6d144444,1.485000,31778480.63,29440,31808,31808,35878,1,469,1.22,1.13,1.00
100100886,0xfcde98bbb9c3f0f46b8fa85bdb8ea084c61a706b6329c15000b827fc70ec09e0,0x9b76e66ff5a26dc76abff859aed3f6b4d57a4444,0.683100,95352342.08,4513,6620,6620,6620,2,21,1.47,1.00,1.00
100108065,0x0d255460aabe5b3e1b2ffaefd97de7800489395f6bc134fc56948639683591ef,0x9688e35f92e09dfaa4c0a3dc103e074755a54444,0.683100,69071310.27,6231,8310,4947,9430,983,151,1.51,1.13,0.60
100108531,0x0a05e272ba27ad8d759251416f24183d0c161ad24d80ea551c2132d9229244a9,0xf55dfed53eff463339e238ed1580a84ad2654444,0.683100,105893726.09,4064,5405,5405,23114,360,342,5.69,4.28,1.00
100115632,0x09cbc8ae1ed7652baae67da5814abb22fb5cede39df4025030c88e3a36d7fc88,0xd84fd7cf11cecbe713494ef81f4cf2988d8d4444,0.683100,91656405.40,4695,5399,5399,9666,53,120,2.06,1.79,1.00
100119792,0xee72c8f8261df37c1240fd38c62f74317687936c2a57f1086108b5c8842d9902,0xf07345eed922bf3129e84455bed4f39b91874444,0.683100,94312608.44,4563,5384,5170,12957,48,159,2.84,2.41,0.96
100120695,0x42ef2ae6b118cd3d38ce0ee9e9173560d7b338d082bc1d8795ff3ef0a32b6b83,0x05eebfe46b61fe9fbdca2ca1ccf09226a9054444,0.693000,12093254.53,36102,43437,43437,43437,2,359,1.20,1.00,1.00
100125029,0xe9990a7339c904091d2333ab6659758926167a4c8a9aad10e86f5ddae722bf07,0x50b1fe308606f632e0bc2b3580c3e2331f7d4444,0.495000,72237027.80,4317,5809,5122,6739,24,54,1.56,1.16,0.88
100146611,0x90eeb6796ffd636b0fac09df291e722b43bfbe3a3b20a24fbccdefae40354beb,0x13f702763b36ec18be2811a0c7fc4aa574e54444,0.683100,39589923.50,10870,12185,11735,54965,3910,413,5.06,4.51,0.96
100151843,0x61daa3eb2318f72eca1a18d4d4c836d6d8de3a0fe87d11f718839e79f15f1fb7,0x79d33d89074e0f716d4d307cf965c6eee6d94444,0.683100,19350589.70,22240,27563,25741,46368,350,549,2.08,1.68,0.93
100152317,0x37d24ac60402cc766b9e9d25f5ad43b7a0bd9af2a43d6c4dc224e3316444ad8e,0xccab825d0bdcf6584bdacb00b4ea93b778a84444,0.683100,61782246.16,6966,6738,6409,18996,22,187,2.73,2.82,0.95
100152318,0x8ec80d44bf907a5daad2687b8bc0cb31512f3dec630e959a96b46a27937a93ce,0xccab825d0bdcf6584bdacb00b4ea93b778a84444,0.683100,46770765.93,9201,6428,6409,18996,21,185,2.06,2.96,1.00
100152425,0x89504c9f29f0be3849a1c9afe75993402f4d6913dce2aa6be85fd95084d59764,0x4ac6daaa85d0bcd9754b653759fb967c16774444,0.683100,55022392.47,7821,10797,7364,22446,57,177,2.87,2.08,0.68
100152441,0x650a2c0cfeb144d99bdf3f544c979173228d04bf645ed83abcca5c2cf3077c0b,0x5b3a794fdaf3a33fdfcc466cbe8575aeb2c64444,0.683100,89110938.14,4829,10846,6506,54796,42,163,11.35,5.05,0.60
100152441,0x9b711b9e97f089479af9860c0e43a579b2a2624b9cae44ad2522c86975aab72a,0x5b3a794fdaf3a33fdfcc466cbe8575aeb2c64444,0.683100,58465183.14,7361,10846,6506,54796,42,163,7.44,5.05,0.60
100152468,0x42a65b66a4758844e1c8f74b7b5e073ec455970e15cf3c7fdb0d15e10e1255e5,0x5b3a794fdaf3a33fdfcc466cbe8575aeb2c64444,0.049500,1660377.19,18782,21856,21856,54796,15,104,2.92,2.51,1.00
100152473,0x9308e1dc3d282291933808e98ca25d2ba7487c18a1b2abc1c8d50e17a3ad51ec,0x5b3a794fdaf3a33fdfcc466cbe8575aeb2c64444,0.049500,1387245.68,22480,25711,25711,54796,10,79,2.44,2.13,1.00
100152483,0x5ca5ad1376802f02e1ea5d8bef19e216170743ec2b94dff2921da1d627f13f18,0x5b3a794fdaf3a33fdfcc466cbe8575aeb2c64444,0.049500,584088.59,53391,53391,53391,54796,0,9,1.03,1.03,1.00
100153570,0xa4d6f76271aebba1fabbb9e9f72ba9b788fdfe7bb2b95ea4d5fa140e849e3f66,0x92c1bdbc320b9f476ef691540b112fe31ebb4444,0.683100,47402712.48,9079,13041,13041,13726,2,85,1.51,1.05,1.00
100176333,0xfc44901fc8a9f5daaaaadbd5fd2176586c541c69fac700aa0a0ff0623870a386,0x3a753bcb831c1b8b0acbb01a9168bd5d497d4444,0.683100,25808351.64,16675,25761,17995,25879,638,50,1.55,1.00,0.70
100178782,0x2460e802ae1d97f76c59cb7da15d81c9aff2fcb3705d72ad571f38e51d8ae253,0x1c1524b5e748bc3d0ac14695b624a574e0724444,0.683100,77947553.89,5521,6551,5636,21957,127,827,3.98,3.35,0.86
100281549,0xaa8bc7064c03f22c0a1c838d250e5815db8aa379f86a7a38fef42d1e3cdc6d89,0x0750b3cb44e5374e15cd591d0b53b70d7e994444,0.683100,91138653.70,4722,7828,5688,36851,937,1719,7.80,4.71,0.73
100281756,0x0127732f0e58adf446150ce12214cdfdbc96e0d57ab69defae4324d4cfb5a255,0x14b53ebc7aed5518e5983401613a2b65d0dd4444,0.683100,87987744.22,4891,5399,5399,8395,17,46,1.72,1.56,1.00
100293720,0x381bf8966cb42fd82d0c8fa91193e11324d0017bb3155679b3e723eabec27a14,0x63ea32b46277e97d0a8e04c6d3ffbf06c34e4444,0.683100,59980744.23,7175,9499,4875,12961,181,186,1.81,1.36,0.51
100296098,0x76010f79d5550a73ca8cb9f5cedffa33d9f26bc764ea5e032ff4911eb69e9608,0x302c29cf6caa8bb00f5bd3d68a6fd8b26cb24444,1.287000,170412930.38,4758,8260,8260,26231,13,285,5.51,3.18,1.00
100322495,0x765f829878e5fe2d67fd757c0b442d2832f89ccad33c00f6783c7e0d04e19912,0xfee313e54f52afa6054fdc50ee96aae1f07a4444,0.495000,53953897.42,5780,7817,7202,49023,2364,1434,8.48,6.27,0.92
100328395,0x9cde8cc2865fa65b2519097f894ffdf16882fd4304a5eddb252382f6a957970b,0xec58ef20733e410d601cab08e5adc769424f4444,0.683100,34248681.96,12566,16871,6972,56065,920,755,4.46,3.32,0.41
100328795,0x46541804215ce6865f040a6efadd1738a7ac5a9d211be15cde469038eae623b6,0x2bad0f6c9d10d7835e1b89060fb263e1783b4444,0.683100,87268368.62,4931,6199,6199,13293,21,74,2.70,2.14,1.00
100329569,0x428810f90fdb4f6170dd55684a1e5807c66a5d0d3e70a8ec996f233ecea2a82e,0xff6113ed015fb19c1e3633d07f7a4ee5b13c4444,0.683100,72083312.59,5970,8192,8063,12927,13,61,2.17,1.58,0.98
100333107,0x0a654b990bae486400093aeb405c20789cf030709353e5237a079d9dcb7ad7f4,0xd833f9621fd50277d626832378147e82959c4444,0.683100,89110938.14,4829,6613,6613,9750,8,40,2.02,1.47,1.00
100348120,0x610387b375511de67c2155c2426025c354a0d7c89a8ea109313a6f56c93e2b5c,0x0e6c5735501d621a0bd42888eb8724679d614444,0.683100,91656405.40,4695,6675,6089,11493,27,88,2.45,1.72,0.91
100356136,0x20b98aa4d3c723138232cb2c9e7bfc4d48504af1eaca9becf4e3f24b9f5b109e,0x3e385361a06de4dd4115ee071ffccb506df34444,0.683100,60504618.41,7113,10355,8017,13236,31,108,1.86,1.28,0.77
100356170,0xab8922f6d328a6ebcda0e1448458567d63e78baa09d7229dac1055db3adc1730,0x0b055dedff99068c76e1b54d0a5ca79140b74444,0.683100,51815333.31,8306,10876,8403,18791,48,421,2.26,1.73,0.77
100356196,0x732e302f54075907dcd0cf90f58a0592ee902b80f6d322398a56195b91e0a961,0x0b055dedff99068c76e1b54d0a5ca79140b74444,0.683100,46810892.71,9193,11807,10439,18791,22,385,2.04,1.59,0.88
100473365,0x60974dc31fdf542ee65423ed94c0320d8e42aed3287db54c3ce8a61fa09b52e1,0x6657adbcaa70f579a46a13dbab7961695e434444,0.683100,23067428.17,18656,23680,20080,24765,371,189,1.33,1.05,0.85
100486990,0x35e77817cc2a97e61fbffd07484f534ad7d018ab8c99058ffd9d70fccd9d0a92,0x357b0f7c1d51269789e330ad4e3adebb37a14444,0.495000,38938980.39,8009,11919,11919,11919,2,16,1.49,1.00,1.00
100487734,0xad7333d528b0ba78cda86d0976ea1f71dce053eb2bda6e703811ef827da0ff23,0xeeab7cfed4d5187a6f3020ffa17771857c7b4444,0.683100,64747512.93,6647,8921,8921,10075,1,124,1.52,1.13,1.00
100487889,0x2bc1c5f83f1548d46227925b879b005ed22452eeff4ccd15b3b218d46894c370,0x4e08e9e3e264413adacbda5499dc64d84b684444,0.683100,91656405.40,4695,6458,5563,10893,48,101,2.32,1.69,0.86
100487917,0x401f0ca26d89c3cce300c444814abae22acdd59962819e55096538353c6deb05,0x4e08e9e3e264413adacbda5499dc64d84b684444,0.049500,5230156.43,5963,7004,7004,10893,20,84,1.83,1.56,1.00
100488574,0x697c7df86458ac9ff5df7633b47021e30af49b3e1c59f67c3ad99befdc40720a,0xa3f6192745f98f78879b0aae550372ee0f1b4444,0.683100,31636431.46,13603,18926,18926,19493,2,162,1.43,1.03,1.00
100492222,0x9b800fffc84fade7f6c182edda6be53f9f8691568089906ad7a72be9e136a447,0x4900cd0a3d18374bb7c776a71b7fb24271074444,449.444931,70213500.81,4032705,4847378,4847378,5529436,1,17,1.37,1.14,1.00
100496731,0x9e4e583102c690e5550d1fb77c58b9321947dd909a7e09cb33f4c9fe9b11c6d7,0xfb7b26072f286406cf2d0b5065a7d91e67b94444,0.495000,74421134.75,4190,5721,5125,7701,34,62,1.84,1.35,0.90
100497203,0x18f881a966b4b03f60b70e64ae3ea14a5fb9b9266b0e7e8a12d9acec2b2073ff,0xaa8ba2b3904efd96b63582e98845f8f03a494444,0.683100,87877815.43,4897,8225,8225,14849,21,105,3.03,1.81,1.00
100497203,0x07425626136528e6b54f390b44e1445d947f1b79579999905161077eb647a976,0xaa8ba2b3904efd96b63582e98845f8f03a494444,0.683100,59877267.81,7187,8225,8225,14849,21,105,2.07,1.81,1.00
100497486,0xcc9f3b3b7b85d3355e742051d4aa1557f2eb5fa304f211549e5b6076604e35bd,0x9d601dae218b319899983337a6bd3780bfb84444,0.683100,74415733.04,5783,9354,9241,28474,53,566,4.92,3.04,0.99
100501186,0x970763a9690fd4a61c747f866f658ea26cb2e570db83decfc9912cae5d3ef748,0x477d7dcabab243efd65c7851294a412b7e6a4444,0.574200,61342377.32,5897,8692,8692,8838,2,59,1.50,1.02,1.00
100519860,0x7116b1f6fafebbff1c4dfa9f72d0e380961e93c74591b3c43ff15cc33cb8d0bc,0xbd0be2e16948f7af29c7c048ae818cc271e54444,0.683100,80828876.66,5324,8098,7614,34584,29,498,6.50,4.27,0.94
100519974,0x807624d916edad44edcfc7b2f31ff8f930f3f46ad45194de7c0d5a6e1347b97b,0x1c2ee8a2ed2be3bbbb36935fb1049fa849e34444,1.485000,161593469.85,5790,9473,9473,12763,9,37,2.20,1.35,1.00
100522043,0xaa3e45adf6103f17739116e7a68f238f1f40d282d4b47efad4628b7f032b1d37,0x6657adbcaa70f579a46a13dbab7961695e434444,0.495000,10193477.64,30593,35115,35115,38571,1,97,1.26,1.10,1.00
100534500,0x1f6effbdafed9dcaf57a77ed10cf52a924266a713df27d47b0963d936cb68767,0x36350bc624d09357f0f38cecc162fac4bca84444,0.683100,54174286.95,7944,9541,9541,30358,26,780,3.82,3.18,1.00
100535922,0x10ae17198ae1c5a57be7f1cf84035e04680caf83afe0d429de6ad1c8e408b0a0,0xd5ffda00a91425a947011d60b96a4ed830144444,0.683100,89110938.14,4829,6627,6149,55592,702,623,11.51,8.39,0.93
100536560,0x67e9864a599569c5b7232b7c08c0458820add259292a3e2491b574a77043dfe4,0xd5ffda00a91425a947011d60b96a4ed830144444,0.049500,663595.78,46994,48967,44902,55592,64,66,1.18,1.14,0.92
100538865,0xc7985fa2fba1caa1ccf752d6c48fb7904c7db353935436e97299c84d6ae57305,0xca63471f4393e5e9d5ed709c5499407767164444,0.495000,68762796.49,4535,6338,6338,9165,26,48,2.02,1.45,1.00
100539802,0x5374d2fb9f56715f043d0e0ad38f5ba52d1258f6261e6b083023dbdc4e27992d,0x0924a9743909aa6de5b2347191825f8f9c764444,0.683100,80026825.76,5378,7567,6891,10509,33,130,1.95,1.39,0.91
100544080,0x2d350aa108697cb765931afec7266fb1d2796474aa233548a2f6b26416c1d182,0x9063af25aefbba7ac8d33e2c39ae8e6674bf4444,0.683100,50583000.61,8508,10401,9422,20693,24,150,2.43,1.99,0.91
100544099,0xae83e13c742218ab661fc4c1a61b9936df5ecb8976b9bfcb60fa49a8a4a5fe28,0x6bdfb4ae8b60bea441977d7a0bed55d4966e4444,0.683100,75774137.69,5679,8061,8061,15360,31,60,2.70,1.91,1.00
100544686,0x2d53cba1d995e73ed85e92d78656e068e29a62ae6512a0f31d281afbc7f02bda,0xbef5dd01ef8a7d5fa4b8d09cf1379115909a4444,0.683100,61476387.96,7000,9121,9004,15317,59,237,2.19,1.68,0.99
100548106,0x56b2e7c52ca1b9a8af8b65554e63bb43fa0625d49d25f87c2ff3fb2e52d72af5,0xff7d8d368d049b90ad7d05b8f2d0754f89544444,0.683100,99983801.61,4304,6408,6408,29520,1720,1343,6.86,4.61,1.00
100552719,0xc08f7e13e67f5ce359eb792b09d5eb7f1471e0410d32519ea517671b32ed353d,0x1fef3213079e6911d415d6c20cc9e63077824444,0.683100,87781163.30,4903,6939,6939,10271,17,123,2.09,1.48,1.00
100565805,0x0fce647478e9f30f850fff7ed53a170abb1b86593a789009e58fe55963dc6680,0x2b6e3d7141efba79b0856e911c7aed001e744444,0.683100,93358738.05,4610,8664,8664,18885,17,92,4.10,2.18,1.00
100565854,0x10be3035aaa471ece625a13f52abb20679ab26b006f9a71c255da24c1d3e6037,0x1dd172d6d41722c825d23e04dbf91dc56bcd4444,0.683100,39971644.06,10766,10902,10902,21521,24,223,2.00,1.97,1.00
100672100,0xd6a442f0283491270ad4fd4f9ce09b624a3f22279ce325ae435e814871a7981b,0xeb42bbb7e5f813b980c8658501905292e6a34444,0.683100,95725866.87,4496,6705,6705,22463,89,498,5.00,3.35,1.00
100680956,0xa225d96687310c476f8f84e04ba736d2eb70eb9a0f4e0f06da87cbd7de44df6f,0x69650136a0be168403f27a21f12d1c529a964444,0.683100,94312608.44,4563,7080,7080,10708,1,58,2.35,1.51,1.00
100702911,0x706e664411388d93b8b47e79cc7803d87acaae4d3c1b8bd4bfd4af83ebaf2c0d,0x41ae12f0f0e3eed778839e6c12d039630e5b4444,0.495000,69660755.28,4477,9314,4892,15054,3374,152,3.36,1.62,0.53
100710183,0xf6688bafb20eccb81d46d3bec801dff8106914f79970ac398cc42cae9dabdc69,0xf524e6ffaefac2a36d37f854d8b06e1750864444,0.683100,36336297.07,11844,16370,16370,20183,36,241,1.70,1.23,1.00
100711860,0xff33593fb85bb2eef15fdc370be517421b3e6cb9979974308c7d8e39809a5df8,0xf3795b94eeda4485bb7e735ac46a8b9e7ecd4444,0.683100,94312608.44,4563,9499,9171,21550,41,94,4.72,2.27,0.97
100712265,0xf77bd1e262524376e2a789a26c06a4e389b78c555c1940da4e74c52d976475f6,0xb64157874c2648101733e335e9d1af85073f4444,1.485000,24262369.94,38560,46190,46190,55731,0,34,1.45,1.21,1.00
100714077,0xf71bc829310ec6af748db3dc959d00b1ba4d13da6b35b4a4db2349e082ffa1bf,0x913ade03297c8d43e11eb86a7b82c333ae534444,0.683100,42676655.06,10084,13300,13300,38974,78,349,3.86,2.93,1.00
100725544,0xa619eee7e8f2606abb92818b5f80c839466953a7d97a455371a18b39354824d5,0x6dabc6b5f07c7fdadbfbd4d64258937f07474444,0.683100,67459398.82,6379,7740,7740,10905,23,135,1.71,1.41,1.00
100743489,0x854d4a472e67ae73d11e6bb8e67cc73886d21cfa22dbb71bcd71791ead840545,0xdeb8d1acb2b398012eb797a2b7fa989e78dc4444,0.683100,98105999.31,4387,5689,5689,6742,29,23,1.54,1.19,1.00
100747638,0xb30c9bb68dd6fbe4fa13314de25ff3b0b45353e65307d195912765e481314860,0x4c714cc03cca688c529b674b7977727033634444,0.683100,57537104.40,7480,8822,5969,21163,1565,768,2.83,2.40,0.68
100747914,0x82343a165db52bcdb113ab629417277dfc6fd1389c783f58afdef33a51bc9cb8,0x4c714cc03cca688c529b674b7977727033634444,0.683100,62856984.00,6847,7714,7714,21163,1289,641,3.09,2.74,1.00
100865539,0xa8f599857b7a8c8c154d6366a9de017b797c70627220b3e6a55ebe9eb3df0c5d,0x45d89b2f5ef959a1bff96668b9ccce1e13ff4444,0.683100,10615809.54,40539,40539,40539,55547,0,6,1.37,1.37,1.00
100865543,0x66ab9911761c5a72cc09c0eae912d5981468f343febc580ee9cfdcc95e31fbe6,0x11a6659ce99d6a0d5868af8fccf24fed951a4444,0.683100,88794779.81,4847,10096,10096,54513,19,109,11.25,5.40,1.00
100865544,0xc61f2ad3c5104f5955f7b3a9712628d7bf4a9f3cd86c403886da1f6287d59272,0x11a6659ce99d6a0d5868af8fccf24fed951a4444,0.683100,40210836.74,10702,14805,14805,54513,18,105,5.09,3.68,1.00
100865545,0xe1174df80ad0b97ca23fe3b4dca8e1d853cc55632e827801f09deba975fec200,0x11a6659ce99d6a0d5868af8fccf24fed951a4444,0.683100,42627126.63,10096,17342,17342,54513,17,99,5.40,3.14,1.00
100865552,0xd2d08f1b521fe3186408f2abbdc3d26bc6674c7e2055e1d01bf0fc39a5dbe8f7,0x2cf824a88af3f88bd4198fa10c5d6f5c44494444,0.683100,65235421.05,6597,9658,9658,21229,15,99,3.22,2.20,1.00
100889971,0xcde514ad5f7c2323b14dd5d216ac8a7304dd16394b00d79a7a6621ef38f747b4,0x5580699aae8db08a9a5a81378242369446c34444,0.683100,65392090.65,6581,9419,4886,18581,348,424,2.82,1.97,0.52
100895146,0xbfc40287ade14177f81ce99211c8b20a8a85b0441d895717d28d3a0900c1eddf,0xfa88628a8669221db80bae8e971c33c8428a4444,0.683100,88529238.32,4861,7060,5856,7964,25,69,1.64,1.13,0.83
100896813,0x6e6ec6940cb3e2b646b641b30b55aa2e3c66b54d87d7189cf38de05eb9552390,0x2ecf5bf265761f7befb3706660cb593aec174444,0.683100,95684255.74,4498,6697,6697,8054,0,54,1.79,1.20,1.00
100919264,0xb7cc7ac390fce9fc6a48681b8a561fb0654d69507c6c920689cfbd87a40e83ec,0x62428e79b491922e06e91e80e6fa25987b794444,0.683100,74758512.46,5757,11334,11334,23392,10,146,4.06,2.06,1.00
100924545,0x662eeb06cbcb7317789faa5063364129196ccb10b8e7873dafa409d40dd35715,0xf5af1b9eb91cbdfb3250cf3d096f1af874ef4444,0.683100,94312608.44,4563,6664,6664,12485,116,202,2.74,1.87,1.00
100927122,0x50525238a9ebdbfb2fa47b1706425c6bab09c03802bbca220b07cc3e8e639b50,0x609c94d77e96e3bf175d80131e0f908db8484444,0.683100,79920895.32,5385,7337,7337,9456,1,24,1.76,1.29,1.00
100927892,0xca98e417e90522b2788fbe135a4df95266ea45493f7f6413c0d726dbb7a6b023,0x6281ba9fec774fa0f107839aacddc65b10314444,0.683100,44951272.45,9574,12314,12059,16491,5,288,1.72,1.34,0.98
100929837,0xebb62aad373e5312dfe3c63513f47e636998a80d5222d93189b007c1aa4c228d,0x8717dcc0c0c8506c156188a9569aa880390c4444,0.683100,50066570.61,8596,11280,8204,20411,43,217,2.37,1.81,0.73
100936325,0xa31f4f168440dcbd9529ed15e1b7029af21878555758b39381e5baf7c769d2b8,0xdacfd90679ec2930e1993d6db1d974b2fcc14444,0.683100,74418090.82,5783,11663,11663,11663,3,35,2.02,1.00,1.00
100938674,0xf505e8ad19f54fc5ec54b9bffe9cd898bea149b0da32e85cd55669c7197e8840,0x58c4d33a068ad982c3642ce9f9dacce4a0f94444,0.495000,67202610.48,4640,6994,6994,7628,1,24,1.64,1.09,1.00
100943369,0xdc66f904da1b440c675b30ecda187f21833bb1d1efa0d3ad6c5f00c50efda085,0x30161b243358eb63d75171870e3fb53a36764444,0.683100,98055547.07,4389,9074,6857,9629,6,50,2.19,1.06,0.76
101038816,0x2f6b262e66e6148faa79af51c8a62a983a3188cccb266e8b51f1567fd9682bdd,0x45229ed2b4d93dc1d960ede973bc9ad1828d4444,2.970000,257863622.75,7256,21919,21919,55375,10,80,7.63,2.53,1.00
101038870,0x988a480026fef6ca3b5412d9760de1dfe3eb8399ece987909de26bcd53db4a27,0x1b29d7def95094b3eda7813a48a6348999504444,0.683100,60134161.30,7157,8528,8124,23540,656,527,3.29,2.76,0.95
101042507,0x01846578610f2eb496c6c9e004fc53735cab9a20545dd2770b83c47f6ec286da,0xe42fe2c48cd9fbcba20f12c75518a7cf1a734444,0.683100,102340667.58,4205,6415,6415,9793,10,66,2.33,1.53,1.00
101042849,0x5d0168c9b0149271d6085a4875553ed0aa1b4153fa8e15e0feb849fbdccce426,0xb15c87115ad5ba15add8a0c089fe1fdd38fb4444,0.683100,22516749.00,19113,25253,20251,30546,3890,170,1.60,1.21,0.80
101047606,0xc70f807c8190d290ad0223a4efbaa5d93d82ba690fbb736d237afe24f5934804,0x39faef60fbfadd8758b9b90f6a1d9180d4fc4444,0.683100,76007180.13,5662,5581,5581,8259,33,54,1.46,1.48,1.00
101062890,0x1d6ee62841b6a3c73ffde33a4135f57cf8be54fbdf4a65968168eba024061f89,0x010349a351480b31ec8c4e6a8b7fc9facb8a4444,0.683100,74148356.13,5804,6320,5761,26359,19,313,4.54,4.17,0.91
101072762,0xdbdc9e235759306a3f643e5428784d61915dda6895730c2a09194ed9528a92ac,0x0fccf331dad1902238a26d6350ba762fd3064444,0.683100,84805627.80,5075,7671,6470,14146,130,307,2.79,1.84,0.84
101078733,0x41dafd1c79be29198acbae74f941cb519abbc9008aa44dcbbfc6fdf57033eb4e,0xc67e1eae2751ae5dfc0dd71dc7d77842402b4444,0.683100,80861419.23,5322,8324,6085,10788,306,268,2.03,1.30,0.73
101086733,0x7134e8435ac0989c0c98bf8bdd2469bcaf8964e8b0e4a8c7527ce704203d12ee,0x5ec895c3ad36e883d17fe1c1d8c596d201834444,0.683100,99983801.61,4304,5999,5999,7433,1,43,1.73,1.24,1.00
101093231,0x6c911f75503da59711d3655aefa4291c0dcac4a5e34bf5aac75d830b3d794514,0x79b068920124be6beb3c1256a76d25d84b1c4444,0.683100,74146196.56,5804,7506,7506,19254,88,501,3.32,2.57,1.00
101119654,0xf444daf71d6544de0a9a47385e30be148b195ee53e550ffd4ada277cb4e4cb0e,0xf0b1c4adc409ca1a0671d38b268622985e014444,0.683100,75850394.66,5674,8895,5347,46569,316,597,8.21,5.24,0.60
101119733,0x2982f7d16fad7f6c4dafc2b70711730a8195627bde3aff1613faed326b566dee,0xd8107cbe3ee55abd6a80614e5ee3530489934444,0.683100,86569821.90,4971,7070,7070,26655,87,299,5.36,3.77,1.00
101119751,0x2567e1d8248b788f230f7d2382c6c8f14d98f828facd18028ee72fc913252043,0xd8107cbe3ee55abd6a80614e5ee3530489934444,0.049500,3389800.11,9200,11509,11509,26655,69,278,2.90,2.32,1.00
101120792,0xcf9a7cfc89e9f654967f30c9c9e32efd96bc763a53ff67a883bffa61367eb69c,0xfa7c61eef5432395e2ceebeda5e845b1a7c14444,0.683100,86125788.01,4997,11156,11156,13368,1,40,2.68,1.20,1.00
101120792,0xc21c56735c274e83354bcb3e5e8cd74db5d29523a30743e0d231dea9980436dc,0xfa7c61eef5432395e2ceebeda5e845b1a7c14444,0.683100,51291581.67,8390,11156,11156,13368,1,40,1.59,1.20,1.00
101126520,0xea59ac92a787f14765cc325ce4db1522916e23a4e9ab6fd035aa19d30d846910,0x2390ac827201388d439327e2c55f754b505c4444,0.683100,60624148.10,7099,10735,7229,19685,3891,699,2.77,1.83,0.67
101234686,0xecdf7f97e5543156d095728ade7bd04aa9defcfa87535142ad885e787e729e7e,0x2108911f79096798c1ea576765534c6acf334444,0.683100,98518943.79,4368,7445,7186,10959,41,166,2.51,1.47,0.97
101234984,0xb333dac31ca8074a0fcd34360a0b128e588b2d0a663fe72ea3b8554c833f5f7f,0x9938c7c81f5d3e16412b01d1c5a37c0be2d14444,0.683100,38066935.89,11305,14543,14056,55057,918,537,4.87,3.79,0.97
101238734,0x8b7bf8d78b9c71ceea43dd483422c30744d31345166124b6052552b88c8980cb,0xa3bcbffc862e138da0195812c0f3c17857544444,0.683100,57931640.14,7429,11859,8785,18695,256,154,2.52,1.58,0.74
101242327,0x9d23a2ef0e8a9531b7aaa7757e4a90aea158f9db4f299c93ba9620cce6c10712,0x0a9435064ce6622d628b3f091b2b08622c374444,0.683100,87003355.06,4946,6723,3735,12195,3308,215,2.47,1.81,0.56
101242380,0xd058409d57375cdb4e1ce71bfe025e5b2d869cfc4395c0556029be06a73ef1b5,0x7a6233b57d64e23f6be675eba6e7ba9910984444,0.990000,21746414.25,28681,35558,35558,39759,2,636,1.39,1.12,1.00
101243146,0x032a8b8edbfafe491ba6f9a84828f9d7c95b2a48c2691c176c239c249d026644,0x3e7b9db09727c803484c5fe3898b71fcd5484444,0.683100,48719139.63,8833,12947,12947,13215,2,46,1.50,1.02,1.00
101244102,0x3e247dd6aa7988f31eb2c5cebe97662686b364f835515fabc01bc7160393ea35,0x5ad3c91e09e9272b7fb04c016b4f602380af4444,0.683100,94312608.44,4563,6224,6224,10816,25,69,2.37,1.74,1.00
101258331,0xb1f0e0672d1c9e893c393eb731a9f93677c1059a0110df5e4b10c1bcb8d8ad85,0x4785f1d74501faa6092c491a468b9e0186f64444,0.683100,54333082.75,7921,13104,6457,19386,54,191,2.45,1.48,0.49
101258377,0xfee595e9e81f8e04c8356f42ddf580e0b7cae6e7c312c7b316b25abcff25240e,0x4785f1d74501faa6092c491a468b9e0186f64444,0.792000,54491955.06,9157,17240,12628,19386,8,158,2.12,1.12,0.73
101292009,0xd3e46de71b569be2fb540341344b61e082b4b21d8c859dda8fd88036e421ff8d,0xdec5b13fbbe7239c96ba18b9160b774ea5374444,0.683100,23246453.47,18513,24947,22537,27213,1051,48,1.47,1.09,0.90
101298312,0x9712c8270b3b32e825f3af8b80dc7fe6d1269bf51f6cf1a824f94065ea5018bf,0x75888d55564608f3fadaaf0d901f7eeafa204444,0.683100,89630662.39,4801,10505,10505,11002,2,42,2.29,1.05,1.00
101300214,0xb0021d144025dcd58645dcb05a98df9238c61122dde24ccfabadbe4beb85e996,0xdec5b13fbbe7239c96ba18b9160b774ea5374444,0.722548,8358504.77,54460,54460,54460,54460,0,1,1.00,1.00,1.00
101302560,0x76ad5b77103f49cfdf6f774939b2f8f42c2634cc3e6376af87b18a94a42af7cd,0x0f31284efd9668dcda20067aeac9652e11cf4444,0.683100,76912214.16,5595,7818,4279,15941,471,308,2.85,2.04,0.55
101317298,0xf557f63fa556d298ba46b8ac71e30d5365ee55640e3e619efcbbfa2a3f2d03fc,0x9bbef9075cb1af7f25c984c4ef6558c09faa4444,0.683100,82892472.63,5192,6837,6837,8792,1,23,1.69,1.29,1.00
101320845,0x8b5bd9c1e32a0662037fdc6790f95c10094f69252aedfe70a7b1e68d4022ff7a,0x102b2b0cc3e7caf21d1ab55c30ccfab54d8a4444,0.683100,56160791.42,7663,9730,9730,11300,1,58,1.47,1.16,1.00
101326448,0x279451c6c6c9a882e6c751914b06bf5d10135304f9be716b5998056600317233,0x5a34f859f5026e200177384b3b1efa596fc94444,0.683100,101224610.62,4251,6847,6847,8876,1,34,2.09,1.30,1.00
101414612,0x19af0d697fe7b3ecf1ea5672fc33e6c9d9d2171441f034b0e600d1db434bd593,0x1d9c4355ae6c5cb675d28a7e00c93d0c3cc84444,0.683100,69918281.08,6155,7890,7890,11174,42,95,1.82,1.42,1.00
101417665,0x09bb1488d4a4a18bd06c5f5951049d14744367ea1179518911f4867a24b8e950,0xcb72d3f665e613cdfc01354b02fbcbe8a5804444,504.161825,101916310.62,3116498,5193084,3512436,10036700,92,121,3.22,1.93,0.68
101418652,0xf173dac82527cf1fe253c6d3240ab975dd18bfca689fb83c990aefc563d365e5,0x55adae909f52b1c7baf9a51352f2545705074444,0.683100,97086070.22,4433,7411,5009,9549,78,140,2.15,1.29,0.68
101420243,0x27e14d2ae4097acc1f423f0a32a670b45d1bc17812661d146c42b6fb6380378b,0x464ab76243167dbe46ae712337a6b00d47ae4444,0.683100,66350180.51,6486,10868,8079,17365,68,183,2.68,1.60,0.74
101421036,0xe10dc1344b687901c955539bc76433b388499ba99de13a4ad42e0847d57afc6b,0xa459d6a1e04a2e4df9fd6bd6cd04da9f24ee4444,0.990000,17070421.33,36537,48399,30649,55873,221,188,1.53,1.15,0.63
101442917,0x5ef48ae0d801979d38a28988a2f3210fbea8d34d047ce617d0b3b14554ed9433,0xc24b4e5abc04c43434a7abd248a32ba508f74444,0.683100,41760995.80,10305,11815,11748,14343,13,131,1.39,1.21,0.99
101446415,0xd9af25b1e500a43968b5d5a5c037ab9969f13368f1f576b6192689c6c097d5a1,0xd2f7a9d119014778bde709437fbf2faad3664444,1.485000,43809250.32,21355,42253,42253,55878,3,29,2.62,1.32,1.00
101453301,0x1263375de0443e354cfe1f141035cb3d976e0fc74d84e6f9c37e2fd1494cacb8,0xef3817bb6a16caf104f6a3673c773114c3fc4444,0.683100,80943912.95,5317,8221,7412,11653,44,116,2.19,1.42,0.90
101462891,0xfc1c9b4fb84a5b6837d92d9db188b8fae50c945218a35a6ebb21c69dd1778c9c,0xb9f208732179c139bd671eb4627dbb5f19b94444,0.683100,72826806.71,5909,11073,7881,14433,128,165,2.44,1.30,0.71
101478654,0xbaefca88782659dfa0ce10f526c8329443b8ed2e65cc7ea71e64e8e1b2672361,0x8acfa2c2ab86954a848a1d555a65ab2df4b24444,0.683100,90116235.16,4776,7552,7552,7826,0,31,1.64,1.04,1.00
101488574,0xa982bdd9ec22d0328ec3cf7ebb136ac85c9370e34270f7620105939861702e3b,0x24fa90aebfc85945ad0e605b0f00480736374444,0.683100,71049786.31,6057,7835,4269,35646,3959,537,5.89,4.55,0.54
101502630,0x35eff6068a2009479646ea0539cfab47392a15069ee37cdb8b8d9f1499a3bcc8,0xdd16da76f7030ae615b56c40caa1d8dfc7e24444,0.683100,90382946.97,4761,7692,5889,14296,25,227,3.00,1.86,0.77
101524641,0x5700ed757988baa1224492f9537e66209c05b159dda23fb6401c304affd9f314,0xc56df9456cebefb33f9d18a952edbfaad2f94444,0.291723,42664254.40,4308,6671,5085,23181,741,589,5.38,3.47,0.76
101525381,0x7f0d45ed925bf1422e2cbe4d0db5708badad9a9b2192ccbc9e78ef7f2a104fc4,0x6cdfce69ed643771c3bdea8f952d6cc350c74444,0.683100,66920833.07,6431,13253,13253,23398,9,135,3.64,1.77,1.00
101525383,0x5df6f2c07cef4701238c87fff27a8cfc72f6db94d2fd144d34b36029210f5d0b,0x6cdfce69ed643771c3bdea8f952d6cc350c74444,0.683100,32472595.36,13253,14604,14604,23398,7,122,1.77,1.60,1.00
101528765,0xd58a86fa72b78a85a2b8ab13b205018bd2efe41c333f13efcf3b6527de3fb9fb,0x79fa6e532e578c36fffa9b7cc2b761e5fd744444,0.683100,39210778.06,10975,12095,9886,31370,1798,449,2.86,2.59,0.82
101532521,0x83c2f3b1b88dbd638567b6c91858cc635f92d701c15cee93b1f84968cb8eed43,0x38b6d3dcd9b9f9acc6b83c8503627557a9ac4444,1.287000,71562787.60,11330,22068,22068,56055,6,45,4.95,2.54,1.00
101532522,0x86641f0d779e778952fbdd225b66b519da47a4da02ebc8afac6c33df05080ee5,0x38b6d3dcd9b9f9acc6b83c8503627557a9ac4444,1.287000,49862844.16,16261,23302,23302,56055,5,43,3.45,2.41,1.00
101532524,0x2062ebb00abe2d4febebe5694f11ad88fc2ebdbeb14be37977da9ad66b9a1f5f,0x38b6d3dcd9b9f9acc6b83c8503627557a9ac4444,1.287000,34795276.03,23302,38400,38400,56055,3,31,2.41,1.46,1.00
101604739,0x0a216ef42fa3b0985bbbdfaf7fc132b712ff4aa626ed16a2db79e4c49ce6258e,0xee0827addfe750afd2cbe7a14a23448cac224444,0.683100,82644864.10,5207,8771,5501,9255,22,82,1.78,1.06,0.63
101605058,0x42a07bbb7a8926ea8571b8fad6959399ba758735d66f20af6b4c32d9ed273d12,0x7f430b376be04a383cc32ad31bd3b5a037824444,0.683100,75268912.99,5718,8583,6500,12453,399,154,2.18,1.45,0.76
101615646,0xdcfca6006025885dcaf211ab65e368c189702de75badffe5c664bf4b00e98631,0x6432d61911c8daa0d04a3094e7cf0f494f6b4444,0.683100,95684255.74,4498,8825,8825,8825,2,33,1.96,1.00,1.00
101622330,0xe85ba0a8ca0d666b21d9e52fc4b4f987aa97aab31006a17afcc76c232f4c89fb,0x9a207604f823902b5b7c7c212c2e4f9da6d54444,0.683100,81397764.68,5287,6770,5775,24127,63,316,4.56,3.56,0.85
101624119,0xc75d6f94f1460ecbdb5bb42ebbd6e0589ae76728e49116cd09ad9b55225ddbe8,0x6443c862b332f3ef2d9279317db4ecdb6ebf4444,0.990000,34647889.39,18001,22929,18160,24257,509,98,1.35,1.06,0.79
101636039,0x1ae3111851bf98c68118b12b861a1abb4e71e9e75e6eb5f02d0587d86cf70a79,0xedead7eb50143bb2890dffe9ef0ea5584e374444,0.683100,26663336.02,16140,22076,16120,23599,400,300,1.46,1.07,0.73
101637934,0xf7e496907241ef6b1efff15076e6a05529476a4d046d3eb1579c0aab46b85d48,0x241d786b4548163e2bd8ef5be097fb7728e94444,0.683100,83237849.97,5170,6273,6273,9092,5,24,1.76,1.45,1.00
101644332,0xb62a064a8e82ecc9045277ba4b71beddf805b597a266cc9de63a1b74e88cee68,0x24df114c0360a4c4bbed7616530b90c126cc4444,0.683100,58572222.08,7347,11196,9636,21031,39,416,2.86,1.88,0.86
101647740,0x9f6fcc0c9cd9685c863c75cfe0e94f344773547f312fb5268b62b0841b3c40ee,0xa2f9f91809b45c72ad9a92fb077ff7414b734444,0.683100,38600267.94,11149,19158,11539,46535,1230,1816,4.17,2.43,0.60
101648065,0x44a3b1ddea5e43a67622430258662465dece9062bd97201ab36eed283de02bdc,0xa2f9f91809b45c72ad9a92fb077ff7414b734444,0.683100,23149797.87,18590,28165,11889,46535,905,1397,2.50,1.65,0.42
101658684,0x2e33006d6a762d12de7723ed0ce93bf812e490b19ccfb821766455ae9a73fa62,0x8161f83e27bb01a07b58aca8944961d4aff34444,0.683100,87634266.14,4911,11138,11138,11343,2,87,2.31,1.02,1.00
101661465,0x37940c14726cb5f502c1ba7b94c88cea336166aa00a8188ca9bbde41c6d2fde6,0xe3fb6fc4c0d4c805ebd883d5b7ff5d182842ffff,0.683100,27391240.61,15711,18052,18052,20108,3,185,1.28,1.11,1.00
101666127,0x1d8c3da2a493663fe10db30d61cdea15026c016bed2a9b9932afa73b7a82caaf,0xa5ed9080fd55a8c1602208bea12ecafa735b4444,0.683100,97086070.22,4433,6390,6040,54651,52,223,12.33,8.55,0.95
101666145,0xdfe5d3d8ba945d0e1355f97c6895e7ceb0a947ced4264a2606fd658813006311,0xa5ed9080fd55a8c1602208bea12ecafa735b4444,0.683100,42883920.93,10035,18193,13667,54651,34,194,5.45,3.00,0.75
101666146,0x7017e699b3f92c9b191861d9ab46fc4cef74232e25a43049fc3753222c1f46dd,0xa5ed9080fd55a8c1602208bea12ecafa735b4444,0.683100,31614220.78,13613,14040,13667,54651,33,191,4.01,3.89,0.97
101666166,0x2a7f7eeb9b126a467be0d438ec3303e1c3b1679de5c550af63e6c3fadb26953d,0xf149c6e04425fcb56d29c4839b682b16b6d74444,0.683100,89110938.14,4829,7866,7866,7866,3,17,1.63,1.00,1.00
101666226,0x786fa95ee423b6b72ca74bde86066cc8e300223339446c8bc1b9bf6497923a28,0x01208aa8d51b6a35ec2087fd9f2d56e79ed04444,475.850168,96745703.01,3098697,6407828,6331892,21206753,126,262,6.84,3.31,0.99
101666227,0x11133f4ad8b85b43c77db527bd76fab510ecc3e85ee83e82b147238e5045031b,0x01208aa8d51b6a35ec2087fd9f2d56e79ed04444,475.919770,61786272.94,4852687,6483695,6331892,21206753,125,260,4.37,3.27,0.98
101666259,0x863ac34fd66977efc43156c1dea90fde76bfa6a0b646aa120742a3a057129bd5,0x14c0dafdee285025e9b0dcdd878563f92a9d4444,0.683100,71827102.30,5992,6583,6583,10357,1,45,1.73,1.57,1.00
101668089,0x05df9889eb4f5f739b5aec2221fe2511de704927768afeeebc1d2acbc31a834d,0x83427d663301e8618a9dbcf00186f891dfdb4444,0.683100,48167260.42,8935,16785,14282,25078,21,286,2.81,1.49,0.85
101668145,0xe11212333139c1ba768f21af3e663061ec3d0631ba5efe9daee605cadc5a4c28,0xe56245b14ab347d12dddb143c23f4c118af54444,0.683100,50766383.29,8477,15443,12008,20213,6,90,2.38,1.31,0.78
101668221,0x5265d70f002215143c42fd1b2b4d7815d8bd3b48b65a1da7a984a6319d0dbbd0,0x3be66d3b7b68b4b4190b4b4f137dce2dc62c4444,0.683100,76205581.02,5647,8529,8529,12187,8,64,2.16,1.43,1.00
101668239,0x8006127fe5d48beab4e44e73defcb5c421bd70aaa0ab081808eb41c92a0426d8,0x3be66d3b7b68b4b4190b4b4f137dce2dc62c4444,0.049500,3644162.90,8558,10899,10899,10934,2,31,1.28,1.00,1.00
101668856,0x6af97048d680116f2dedd32d862a844f98939612b9e49cd387c97db3050960d2,0x41551aef9656cba2a428fa4b82723ee8fc714444,0.683100,64542371.42,6668,13766,13766,13766,2,40,2.06,1.00,1.00
101670688,0x05ad4bb7ce5f83a7a085bd3f029514cfb4bc323c03316529785f80e295bfb7c5,0xae3f11268c5c54e412147dac4e4808310ccf4444,1.485000,68392956.98,13679,22526,19311,47760,16,684,3.49,2.12,0.86
101671297,0xd184f8baa3b903c2eaf67c482e05b83842d142f1a40812ba59f2c578d18f80fd,0xb4a77023d37ef14b4c0fec6c71f749340a834444,0.683100,77034390.10,5587,8031,8031,44305,17,756,7.93,5.52,1.00
101671304,0x2f686dbfc55e0d7b3ebc04feee58cc3b3811d92b93a36feaae3b0bd1a07457ec,0x27d95043211c0e25e33cb52cc2693c5e205c4444,0.683100,65114173.80,6609,12302,10809,15012,3,63,2.27,1.22,0.88
101671305,0xa197bcd25004b4916317edbcc9297801f78d09fdf3703112e580d38563d8018a,0x27d95043211c0e25e33cb52cc2693c5e205c4444,0.683100,31432571.17,13691,10809,10809,15012,2,56,1.10,1.39,1.00
101671460,0x33b35a35bc944f1d5f756e5797ad3a886b35da5cdcb547423dedf3fbc2e1c5a0,0x0e2106d46f2493cb807a2ac6f2373730d5b34444,0.683100,57168084.38,7528,13064,13064,13714,3,86,1.82,1.05,1.00
101672545,0x7712d1f122bad3bb1140729d4410d17369148cbb844538961f5ed8d0b39a1094,0xf8cb0a06c0f6aeb6d9d04bb5bdba38aed95a4444,0.683100,46211360.91,9313,16543,16543,17155,3,204,1.84,1.04,1.00
101678848,0xd152848960434fd5118e58f98fd56edbe6f917811cb87382d93c08e505a8b203,0xbf119d03e1123f0538354f23a21e31d469454444,0.683100,77765218.50,5534,9233,8283,28389,46,495,5.13,3.07,0.90
101679251,0x95da8fead6c0c29199e37ce9745a664d860b70e6d9720e63d0d3966c0ec3c7b3,0xba04557057f6352883312215cebf47012eda4444,0.683100,41404060.07,10394,15862,11462,30716,194,531,2.96,1.94,0.72
101684715,0x9f39bac8e8e5f6ab33843a13a64890e61108478680f3d134cac1cdb5de19cf07,0xae3f11268c5c54e412147dac4e4808310ccf4444,1.485000,19809640.76,47227,47227,47227,56046,1,10,1.19,1.19,1.00
101694503,0x136fa8a940c31c7bef6f8614b32d79d1249cefcb707b391f23ed3092254897f4,0x11893d0034b48d4205dd162be957d6cd5d694444,0.683100,94312608.44,4563,8697,8697,9728,0,31,2.13,1.12,1.00
101697305,0xaf994385274e9b59775423d741c2bece0da5ab71e02b7bbc989842e98ac6a645,0x23d79375de3c3630cec07bfe67d595dea0204444,0.683100,59374128.88,7248,12788,11848,38571,10,304,5.32,3.02,0.93
101808313,0x9d18144f083f83e6c1e7ab0a39d77726129b94585a342dc12e7bd7a6c73a5946,0xcde107d8a9fa36de697ac643a68e4ff3a6674444,541.444816,113405922.68,3007870,4617398,4617398,11403877,101,243,3.79,2.47,1.00
101809699,0x0a500635495ac0b3d0d96fca3db4c677a1446ec54158f4067ead8b810648695f,0xfc7fdfe4f7fee5149ad1526f7807d624dd5a4444,0.683100,92382853.17,4658,6829,6829,7721,0,44,1.66,1.13,1.00
101810024,0x55ac75c5d5d0b542c87f612880a8443fecec103ade32dbff0fea7893feaf073b,0x84a0a381b8beeb6e7cda192956f6f30028484444,0.782100,100697969.33,4893,6920,6920,14017,16,128,2.86,2.03,1.00
101810070,0x860a7d0e4d4ba6564eb25c832ab098d4c9b33f73a6030a37afe7060dcd2869f4,0x6749af73f0e2ff07c117cc43cf7194682bdf4444,0.782100,102112087.50,4825,7789,7789,9253,0,18,1.92,1.19,1.00
101814280,0x6cbfeebaf91685f3bc83118c5b941c37f1fca7b9e207b0736e74549d804d182e,0x0ea371278ec03b388dc9149fa609f072906e4444,0.683100,56474081.52,7620,10682,9011,21202,182,490,2.78,1.98,0.84
101816361,0xddfd3eba76a97ed259ca68842c2c21b384a44619e0f741bc243ef901e0585dd1,0xf59e6e63c3a2494b7c5ec51b530a7c463e214444,0.782100,40277517.30,12233,28887,28887,55353,2,31,4.52,1.92,1.00
101816361,0xe71a6a73e387b9faf3504dc837548c4d529a12f8089949274d5d78cd2b27e07b,0xf59e6e63c3a2494b7c5ec51b530a7c463e214444,0.782100,26765515.38,18409,28887,28887,55353,2,31,3.01,1.92,1.00
101821745,0x9fa3337ad7a230e1a36191d88c1d1c3aacda6832d8fdfbe46224172df0b8dc46,0x41a289d7f99afdb434cc5aee912f9d29c1054444,0.495000,76744343.02,4063,4595,4595,6203,0,38,1.53,1.35,1.00
101824512,0xc9297cc09a0e59ec0f6f695e6ff044f030e80105d31d0f302d7df98c920973ea,0xb9d381338dfd24b4ab078b808a41defd8dc24444,0.495000,63294339.43,4927,6926,6926,8180,1,56,1.66,1.18,1.00
101824614,0x736df35076f6dd94c84ea012e5bb057e201ac947def822068c8c77a8cf6f1a7d,0xabc71e4bdf735b3779ac3fc7a925f39a38b64444,0.683100,94412690.32,4558,5230,5230,55324,1886,1077,12.14,10.58,1.00
101837922,0xf663fa23e44e8cb06e2efd1f848a7a0a516caa38ff5b51f8d55dc1a4fd4d6165,0x2007ea56fb74c13d5b5aee20b5fc1281f4d14444,0.683100,64007942.04,6723,9017,7645,15839,881,456,2.36,1.76,0.85
101844614,0x41befe4a8937702efbdeb59ad2a88f5547d5bd799368ec7a6294f3c0604ab5fe,0x9f8a691206bab655eec41057a41c1ffe209f4444,0.683100,85082191.40,5058,8390,6605,11295,51,98,2.23,1.35,0.79
101845744,0x27efc513a587b7b3d3364bde9d7ae858a23d3ca2724b2d8f901d148f79007fbd,0xa84f49e3b8dafa739498e849a60d51f7f58e4444,0.683100,88380278.57,4869,5862,5862,7801,1,27,1.60,1.33,1.00
101847537,0xa61fdc7f71b4813be44796e30c64da6c3addc39ba4708d020ac000346fce0ca2,0x915241daf32d3a21e50596502c226cf414f54444,0.742500,100245496.88,4666,6502,6502,10773,23,70,2.31,1.66,1.00
101853686,0x41fac98341b5bcf1aeec86f861f1f796dbc7bbe2354ae7fbef829b9831da72c9,0xa7686ad448546482929c13febc5b1281fee24444,0.683100,72485255.05,5937,7282,7282,10125,1,111,1.71,1.39,1.00
101881549,0xb99fae913bfa16d72d7169b1650a880f8544542080e74af10c0631e285654076,0x2d78a9e326c5fa5a702f6364932556b407d64444,0.683100,69801620.00,6165,7109,7109,10714,26,224,1.74,1.51,1.00
101886346,0x3977635b0125788c933cba9a9aba257a0ece1b7ebf796bec9a63364ce00c26fa,0x34d0ad4403492557e5a8771376af150898e84444,0.683100,28949346.39,14866,16949,16949,19491,2,47,1.31,1.15,1.00
101886916,0xfe7e87f1dc6020f2271cffdaa4b8075365dd5fa04926879bf13e34002fe22db8,0x89d0a596b2165bf8be7e8fc077b5c8d5ec194444,0.683100,65916290.56,6529,9560,7601,17964,71,302,2.75,1.88,0.80
101888758,0x629c9095d28bbcbcabc2758d370528bf8ce18f117874cb6334e0b53b529ab5a6,0xeecf2608008c635485767fbb6fc0712e948a4444,0.683100,73319308.72,5870,6817,6296,12415,8,250,2.12,1.82,0.92
101902589,0x66c7978fdbda02546f4ec1a76ba618b6dfe62ae92f95b9ce4809273569aaa976,0x498fc808c9d3502eac001f5b1675c4d2f2114444,0.683100,49556648.24,8684,11505,9723,22176,89,775,2.55,1.93,0.85
101990907,0x985fbd0257e8edebbf96b83ce6385bf7eb663110dc622fb8c4ab66fcf28e9284,0x1f5b654a21b9b42b5f41d9db790181227fbb4444,0.683100,53760664.84,8005,10489,7043,41082,2996,1045,5.13,3.92,0.67
101991108,0x280bbe87e2e56166028b9570e37d2719a73bd970c16dcd50784ae2882aeced66,0x1f5b654a21b9b42b5f41d9db790181227fbb4444,0.049500,4307108.72,7240,7500,7450,41082,2795,1013,5.67,5.48,0.99
101991108,0x937c22cdeaae28c36bff5798ced7b424029021bb4e4dfb80b284f2cb27265989,0x1f5b654a21b9b42b5f41d9db790181227fbb4444,0.049500,4427898.85,7043,7500,7450,41082,2795,1013,5.83,5.48,0.99
101991151,0x36acebc983e2f84daed4b0fbb59dfe5f573bfc277cc68e344057b6bfd28c828a,0x1f5b654a21b9b42b5f41d9db790181227fbb4444,0.049500,3757943.40,8298,9054,9054,41082,2752,983,4.95,4.54,1.00
101991152,0x56b33389fe9e581887ed84e50d4c6c080376137e7cd0c6f6e94c81d4832f1218,0x1f5b654a21b9b42b5f41d9db790181227fbb4444,0.049500,3679896.20,8474,9301,9301,41082,2751,982,4.85,4.42,1.00
101991152,0x55f911809772895451ec73794e1a9b32fe10989f12f03d588f762f24da545a3b,0x1f5b654a21b9b42b5f41d9db790181227fbb4444,0.049500,3641781.24,8563,9301,9301,41082,2751,982,4.80,4.42,1.00
101991153,0x70bb6f471279818f43e4f2ee5e59ca0752d0af6513b954b20eb2d0e865d04c90,0x1f5b654a21b9b42b5f41d9db790181227fbb4444,0.049500,3444235.22,9054,9528,9528,41082,2750,971,4.54,4.31,1.00
101991153,0xd57191bc8642bb335285c4e7230693d9023dec241271965240700e240d9d649e,0x1f5b654a21b9b42b5f41d9db790181227fbb4444,0.049500,3386427.06,9209,9528,9528,41082,2750,971,4.46,4.31,1.00
101991154,0x0c093f31dbba09985204ac76f1342572376b31ad509d00c469bdd7a106f8e198,0x1f5b654a21b9b42b5f41d9db790181227fbb4444,0.049500,3352768.76,9301,9823,9823,41082,2749,961,4.42,4.18,1.00
101991154,0x83b38ba1aaae938e6aadd8061b55e00755fef8166aa95ce7c28db492495aa4a9,0x1f5b654a21b9b42b5f41d9db790181227fbb4444,0.049500,3290757.86,9477,9823,9823,41082,2749,961,4.34,4.18,1.00
101991155,0x36c3fa49a3dcdb4ff563dfa2dce67eb211fdb3057cccace3ed932dc50284279e,0x1f5b654a21b9b42b5f41d9db790181227fbb4444,0.049500,3237068.69,9634,10017,9852,41082,2748,948,4.26,4.10,0.98
101991155,0xb60e10c2cff1a93ca9302d7614bc90c74af9d22e683b983927e5c5d39798194f,0x1f5b654a21b9b42b5f41d9db790181227fbb4444,0.049500,3205607.17,9728,10017,9852,41082,2748,948,4.22,4.10,0.98
101991156,0x039d655271c9615f45fba17b231fd7505a26b97d934fba2fb28e0b1d72484b1b,0x1f5b654a21b9b42b5f41d9db790181227fbb4444,0.049500,3174602.10,9823,10125,9852,41082,2747,938,4.18,4.06,0.97
101991156,0xfce9b3d9f7473a3d94a2cdfb7275085e835e5f944bc3b663466aac388f27e6b7,0x1f5b654a21b9b42b5f41d9db790181227fbb4444,0.049500,3144044.69,9919,10125,9852,41082,2747,938,4.14,4.06,0.97
101991156,0x923085d55863b37146db929bbf7efe5837b698a1da714ad085000b04c62a9876,0x1f5b654a21b9b42b5f41d9db790181227fbb4444,0.049500,3113926.36,10015,10125,9852,41082,2747,938,4.10,4.06,0.97
101991157,0x6168f29e265a509d9218b0295c9e9c24460900b9af21de60a7a538097c8b5559,0x1f5b654a21b9b42b5f41d9db790181227fbb4444,0.049500,2997919.93,10402,9852,9852,41082,2746,923,3.95,4.17,1.00
101991158,0x63d5ded1f2abbc292d4416dab57f70985cace43e4414410ddee3aaf97abe6672,0x1f5b654a21b9b42b5f41d9db790181227fbb4444,0.049500,3080073.87,10125,9866,9866,41082,2745,910,4.06,4.16,1.00
101991158,0xca1ec811cfef890034f839e9c01fe5870da8670d0a8e623ade483041014e7e7e,0x1f5b654a21b9b42b5f41d9db790181227fbb4444,0.049500,3050867.92,10222,9866,9866,41082,2745,910,4.02,4.16,1.00
101991158,0x37a74676c5bb999a8c30e25090c41320e1ae460e1d12c2ea8fab4cb98a86d52c,0x1f5b654a21b9b42b5f41d9db790181227fbb4444,0.049500,3015431.98,10342,9866,9866,41082,2745,910,3.97,4.16,1.00
102000839,0x4d25052e6843e7abb936308ba4d5243706c6223f676c6556ab3c5a7e0cd2353c,0xefb1cf11e92ee910f1ddda510dfdc643b0d64444,0.683100,74632232.32,5766,5883,5883,8237,6,67,1.43,1.40,1.00
102038445,0x190c1bb8e25be71091ac26dd41658d829596ab054827a2b4adc8110e57a68fd9,0xab48ac3bf0580914f9849944cd4d6d4f33ec4444,0.683100,92742287.48,4640,6000,4899,11217,378,133,2.42,1.87,0.82
102038833,0xf483cfd1b3981b33fe0ec1739107b1e489879ef51323af9ac5512c569c2530d2,0x124f73e7b8a570bcf25ec546815c6fd49e474444,0.683100,60513591.80,7112,10233,10233,10458,2,69,1.47,1.02,1.00
102044905,0xa8af54478cd7f10caf5fc28dbca0ca073f0a5d9b3e0967230e0372da9ce642b6,0x9f54b1dd9b1437c6096ce80855cd6848269f4444,2.970000,204553455.25,9147,32857,11795,53141,23,229,5.81,1.62,0.36
102045102,0x6eafc22a46bf5c378aee99a19a696ab71e67da0aa85bdfef991970bc2d907712,0xe8d5dad70ca70b9f3ae1b12ae864686236de4444,0.683100,83610752.93,5147,8139,8139,21726,137,185,4.22,2.67,1.00
102045456,0x61a56485db2a52ad33a4e7ad92f4a21a437d0f5b6d4be9512eece3489a9574bd,0x4a0f8ff711bcc2ecc3d2c84c7267300d49dd4444,0.683100,30167318.71,14266,9460,9221,35418,346,1064,2.48,3.74,0.97
102045620,0xcfa539e1956977f9d0c45fc3d58823fffe6144f054aa8c577c27bf2b25db154c,0x1245253543377d3849e48f62fdaf928ada894444,0.683100,30333366.91,14187,15663,12673,27400,54,368,1.93,1.75,0.81
102073767,0xcdb19cf53c499939ab0ab94a37e298de0b6e0d44d8ab284890b327e58fcab6dd,0x1648d8290dd98142922bf48a310e9f1b19fa4444,0.683100,62325130.21,6905,11208,11208,14594,15,63,2.11,1.30,1.00
102073767,0xb239e49df9e0d575d04ac1bf70ca26457cc32b23ecc8254c00849b4431f61f9c,0x1648d8290dd98142922bf48a310e9f1b19fa4444,0.683100,53448298.02,8052,11208,11208,14594,15,63,1.81,1.30,1.00
102073812,0xd358aaedbc9d75464e5ee85041583fcc60fac62511aac48c9948431495b36eeb,0xb72da14c9c15920593ef95f05e3f23a123cf4444,0.683100,70544352.17,6100,9296,8370,22720,26,230,3.72,2.44,0.90
102073829,0x72db5fc46f0eece0cf8bd39cca8b1776569e2735d91008124930c8e95e46a0f1,0xb72da14c9c15920593ef95f05e3f23a123cf4444,0.049500,1748693.50,17833,17066,13814,22720,9,182,1.27,1.33,0.81
102079214,0xc0b1af05f4b81073b38797ddb2cbcbc1fb8aa57f2f4e4709da414bb1b37746be,0x17671ec47de3cf5c2faae05e9dde39059ea74444,0.495000,79097496.11,3943,5805,5805,6867,1,19,1.74,1.18,1.00
102079918,0x6e5a7f0326beabbfb63f717deb195e1e7a6c72cccb8bcbb4fe6bc1605363e3d4,0xe5ee5a2668c084de842c8292f53a9c83010a4444,0.683100,80491154.06,5347,6066,6066,7804,1,39,1.46,1.29,1.00
102100945,0x97cdbbbac8bda1880399d76de4058a927d983e5ca7c63b84d9eadfa16932bb96,0xd2687907db89ee95a45c9db7c6976c3c68834444,0.683100,80452662.06,5349,11644,8548,55191,2070,1541,10.32,4.74,0.73
102100946,0x093091df67a90cd41c75f817e79f530a4cbd02dcb9de4799585b597b6a87ec8a,0xd2687907db89ee95a45c9db7c6976c3c68834444,0.683100,47426361.03,9074,11858,8548,55191,2069,1537,6.08,4.65,0.72
