ts_unix_ns,portfolio,kol_name,token_address,token_symbol,bnb_in_wei,bnb_out_wei,pnl_wei,pnl_bnb,pnl_usd,pnl_pct,d_mcap_usd,our_entry_mcap_usd,bnb_usd_close,opened_at_block,closed_at_block,held_secs,buy_tx_count,close_reason,trigger_sell_tx,kol_exit_count,kol_exit_mcap_first_usd,kol_exit_mcap_last_usd,our_avg_exit_mcap_usd
1779213628609666940,fast_tip,D,0x1ea3ffc43ee291a4373418286e9b001aebe14444,🔶,75000000000000000,95127933561011568,20127933561011572,0.020128,12.88,0.268372,56954,69738,639.89,99241582,99241607,11,1,kol_sell,0x8bc50756acddc018d9cf79a11e3d3ad771bcda2602c5cb7f6d55ac94d92037cc,3,88780,81326,88454
1779213628609668640,normal_tip,D,0x1ea3ffc43ee291a4373418286e9b001aebe14444,🔶,75000000000000000,95127933561011568,20127933561011572,0.020128,12.88,0.268372,56954,69738,639.89,99241582,99241607,11,1,kol_sell,0x8bc50756acddc018d9cf79a11e3d3ad771bcda2602c5cb7f6d55ac94d92037cc,3,88780,81326,88454
1779244726148326513,fast_tip,A,0x806412f0ab7c0839f51eeccbd71072764e554444,棉花糖,32500000000000000,41038580302111664,8538580302111666,0.008539,5.45,0.262726,4121,4949,637.79,99310623,99314762,1864,1,kol_sell,0x1508cbc52dc838e208e316655a3823de8cae1930ce2f0c5ec993b261b0a94b25,1,6250,6250,6250
1779244726148328723,normal_tip,A,0x806412f0ab7c0839f51eeccbd71072764e554444,棉花糖,32500000000000000,41038580302111664,8538580302111666,0.008539,5.45,0.262726,4121,4949,637.79,99310623,99314762,1864,1,kol_sell,0x1508cbc52dc838e208e316655a3823de8cae1930ce2f0c5ec993b261b0a94b25,1,6250,6250,6250
1779246637970598422,normal_tip,O,0x849772f16ce0c1830ad47014534b6d817a054444,关中咪,35000000000000000,30395298755381328,-4604701244618675,-0.004605,-2.94,-0.131563,4528,5017,637.82,99314868,99314910,19,1,kol_sell,0x2974f214ce434887e2060db64ecd23510d0b99aa3bf32f54c4ff982f2c3bdf57,2,4877,4017,4357
1779246637970597282,fast_tip,O,0x849772f16ce0c1830ad47014534b6d817a054444,关中咪,35000000000000000,30395298755381328,-4604701244618675,-0.004605,-2.94,-0.131563,4528,5017,637.82,99314868,99314910,19,1,kol_sell,0x2974f214ce434887e2060db64ecd23510d0b99aa3bf32f54c4ff982f2c3bdf57,2,4877,4017,4357
1779247524870252261,normal_tip,A,0x9264bda05c5bfe29306b92bc3fe85916b49b4444,表白,32500000000000000,19378828869643512,-13121171130356490,-0.013121,-8.38,-0.403728,4504,6415,638.65,99316836,99316974,62,1,kol_sell,0x508674e64d71d6775b28649e60568fa9d981a8717f68994eabe09846eb4073bb,1,4248,4248,3825
1779247524870250661,fast_tip,A,0x9264bda05c5bfe29306b92bc3fe85916b49b4444,表白,32500000000000000,19378828869643512,-13121171130356490,-0.013121,-8.38,-0.403728,4504,6415,638.65,99316836,99316974,62,1,kol_sell,0x508674e64d71d6775b28649e60568fa9d981a8717f68994eabe09846eb4073bb,1,4248,4248,3825
1779247607793293403,normal_tip,A,0xe41bcaa975bd38bcf81351ba991afde691ed4444,币爱,32500000000000000,25342028250700316,-7157971749299684,-0.007158,-4.57,-0.220245,4585,5271,638.81,99317020,99317059,17,1,kol_sell,0xa491759f004b0195c44f99bc61c2564fa0c28fde67540b8f3938faeba3226793,2,4693,3766,4110
1779247607793291703,fast_tip,A,0xe41bcaa975bd38bcf81351ba991afde691ed4444,币爱,32500000000000000,25342028250700316,-7157971749299684,-0.007158,-4.57,-0.220245,4585,5271,638.81,99317020,99317059,17,1,kol_sell,0xa491759f004b0195c44f99bc61c2564fa0c28fde67540b8f3938faeba3226793,2,4693,3766,4110
1779247729051361908,fast_tip,A,0x2d3ae40466dabbe9cd5751608058b6592f514444,企鹅聊天室,32500000000000000,28889815940444376,-3610184059555626,-0.003610,-2.31,-0.111083,4133,4924,639.65,99317289,99317334,20,1,kol_sell,0x663270a41e904d64393d4b844974626cf9e74e7855f8fd2b71d6085b9768afea,2,5223,3773,4377
1779247729051363728,normal_tip,A,0x2d3ae40466dabbe9cd5751608058b6592f514444,企鹅聊天室,32500000000000000,28889815940444376,-3610184059555626,-0.003610,-2.31,-0.111083,4133,4924,639.65,99317289,99317334,20,1,kol_sell,0x663270a41e904d64393d4b844974626cf9e74e7855f8fd2b71d6085b9768afea,2,5223,3773,4377
1779248023509998364,fast_tip,A,0xcd7baf541f64821f1b41c934e9427173d6814444,币安表白室,32500000000000000,33438472738322912,938472738322912,0.000938,0.60,0.028876,6589,7501,639.37,99317943,99317993,22,1,kol_sell,0x1c44ca6c3c80f6b3bf81775cd7069a12988ce387894ae56d2c3681511f2a6daa,2,8030,7763,7718
1779248023510000604,normal_tip,A,0xcd7baf541f64821f1b41c934e9427173d6814444,币安表白室,32500000000000000,33438472738322912,938472738322912,0.000938,0.60,0.028876,6589,7501,639.37,99317943,99317993,22,1,kol_sell,0x1c44ca6c3c80f6b3bf81775cd7069a12988ce387894ae56d2c3681511f2a6daa,2,8030,7763,7718
1779248269270306770,normal_tip,O,0x6fa31b5adf3ef7f38496ef5d4c88c6480f5f4444,米米,35000000000000000,31350202576854704,-3649797423145300,-0.003650,-2.34,-0.104280,4620,5195,639.79,99318488,99318629,63,1,kol_sell,0xdc12778554947947e48cc6be8093d5de88dfb3acdadffc09e635ce416313d893,1,4653,4653,4653
1779248269270305760,fast_tip,O,0x6fa31b5adf3ef7f38496ef5d4c88c6480f5f4444,米米,35000000000000000,31350202576854704,-3649797423145300,-0.003650,-2.34,-0.104280,4620,5195,639.79,99318488,99318629,63,1,kol_sell,0xdc12778554947947e48cc6be8093d5de88dfb3acdadffc09e635ce416313d893,1,4653,4653,4653
1779248356210996013,normal_tip,D,0x2cd9bf7d96af8bc6f3126cec064b549d9b3e4444,RoseYi,34500000000000000,74040488843342688,39540488843342688,0.039540,25.29,1.146101,5243,6983,639.72,99318681,99318702,9,1,kol_sell,0x1a17b9508061ced8cb1a070e24ad5834fb0011c451103d40aecfb77f34a7100a,4,12239,12270,14986
1779248356210994703,fast_tip,D,0x2cd9bf7d96af8bc6f3126cec064b549d9b3e4444,RoseYi,34500000000000000,74040488843342688,39540488843342688,0.039540,25.29,1.146101,5243,6983,639.72,99318681,99318702,9,1,kol_sell,0x1a17b9508061ced8cb1a070e24ad5834fb0011c451103d40aecfb77f34a7100a,4,12239,12270,14986
1779248361683997497,fast_tip,O,0x67fcba4a2ce844de8e75751631beb1342aa78888,FDiamond ,75000000000000000,69181010685971672,-5818989314028328,-0.005819,-3.72,-0.077587,118571,126282,639.59,99318693,99318972,125,1,kol_sell,0x3c97c933dd82bde52f1d68d6ae473aff0d5dd9a5044f2f72de014134aaec1222,1,120417,116485,116485
1779248361683998927,normal_tip,O,0x67fcba4a2ce844de8e75751631beb1342aa78888,FDiamond ,75000000000000000,69181010685971672,-5818989314028328,-0.005819,-3.72,-0.077587,118571,126282,639.59,99318693,99318972,125,1,kol_sell,0x3c97c933dd82bde52f1d68d6ae473aff0d5dd9a5044f2f72de014134aaec1222,1,120417,116485,116485
1779248881318192118,normal_tip,A,0x187b1f49f1486e1ae922c05c5c98ed969e774444,米米,32500000000000000,32705875118815680,205875118815680,0.000206,0.13,0.006335,17404,19173,639.14,99319847,99320089,109,1,kol_sell,0x8ae700fa252d130a6be0ee817440f69bceaf1f3b8cd861db9a3855a440a8b965,4,22840,8222,19294
1779248881318190518,fast_tip,A,0x187b1f49f1486e1ae922c05c5c98ed969e774444,米米,32500000000000000,32705875118815680,205875118815680,0.000206,0.13,0.006335,17404,19173,639.14,99319847,99320089,109,1,kol_sell,0x8ae700fa252d130a6be0ee817440f69bceaf1f3b8cd861db9a3855a440a8b965,4,22840,8222,19294
1779247901466195915,normal_tip,A,0x2f313fb0403930e1498fe68b1df3af3dd47e4444,玻璃,32500000000000000,27483629308135060,-5016370691864943,-0.005016,-3.21,-0.154350,18078,19708,639.29,99317672,99321012,1504,1,kol_sell,0x64a7de06d92ffca9a4b16bb2e1d3626906d73341f340eb61bf4cb53c88722eac,1,17300,17300,16666
1779247901466194155,fast_tip,A,0x2f313fb0403930e1498fe68b1df3af3dd47e4444,玻璃,32500000000000000,27483629308135060,-5016370691864943,-0.005016,-3.21,-0.154350,18078,19708,639.29,99317672,99321012,1504,1,kol_sell,0x64a7de06d92ffca9a4b16bb2e1d3626906d73341f340eb61bf4cb53c88722eac,1,17300,17300,16666
1779249525920377622,fast_tip,A,0xa73dcecbf7ce521f257f43932757de48ae174444,GROKCLAW,32500000000000000,33432330692012588,932330692012588,0.000932,0.60,0.028687,6050,7386,639.35,99321279,99321298,8,1,kol_sell,0x4bd7aee980883c3408b56ae5d46668e2cb9607be93a5eafa40cc6be18e0e098e,5,7780,5984,7598
1779249525920379212,normal_tip,A,0xa73dcecbf7ce521f257f43932757de48ae174444,GROKCLAW,32500000000000000,33432330692012588,932330692012588,0.000932,0.60,0.028687,6050,7386,639.35,99321279,99321298,8,1,kol_sell,0x4bd7aee980883c3408b56ae5d46668e2cb9607be93a5eafa40cc6be18e0e098e,5,7780,5984,7598
1779249807594140152,normal_tip,A,0xcd151859db6cbd2b32a9c84c0d094d7a2b304444,啾咪,32500000000000000,31290465207609892,-1209534792390110,-0.001210,-0.77,-0.037216,13322,12984,640.03,99321904,99321937,14,1,kol_sell,0x2e22310952896367300edf7bea2b141ab469528e88a5fb83facfa7850fbe16e1,1,13722,13722,12501
1779249807594138422,fast_tip,A,0xcd151859db6cbd2b32a9c84c0d094d7a2b304444,啾咪,32500000000000000,31290465207609892,-1209534792390110,-0.001210,-0.77,-0.037216,13322,12984,640.03,99321904,99321937,14,1,kol_sell,0x2e22310952896367300edf7bea2b141ab469528e88a5fb83facfa7850fbe16e1,1,13722,13722,12501
1779249830537177283,fast_tip,G,0xcd151859db6cbd2b32a9c84c0d094d7a2b304444,啾咪,50000000000000000,23009919559305524,-26990080440694476,-0.026990,-17.27,-0.539802,15438,17973,639.88,99321955,99322184,103,1,kol_sell,0x3780951645fe1f6a342bc131aa62a2bdf24fe4ac2075d8023541c9b0e5aa366b,1,8527,8527,8271
1779249830537178913,normal_tip,G,0xcd151859db6cbd2b32a9c84c0d094d7a2b304444,啾咪,50000000000000000,23009919559305524,-26990080440694476,-0.026990,-17.27,-0.539802,15438,17973,639.88,99321955,99322184,103,1,kol_sell,0x3780951645fe1f6a342bc131aa62a2bdf24fe4ac2075d8023541c9b0e5aa366b,1,8527,8527,8271
1779249962548871870,fast_tip,A,0x2204c59e9d933a2e9e0b54f2a6e409cf6e8c4444,Miro,32500000000000000,23113727732017996,-9386272267982006,-0.009386,-6.01,-0.288808,4392,5261,640.00,99322248,99322312,28,1,kol_sell,0x467cd47e5ae84903afed766b7cf7cd1d6d60e4a7bf2c796cdcc6851384a1ed63,1,3980,3980,3742
1779249962548875710,normal_tip,A,0x2204c59e9d933a2e9e0b54f2a6e409cf6e8c4444,Miro,32500000000000000,23113727732017996,-9386272267982006,-0.009386,-6.01,-0.288808,4392,5261,640.00,99322248,99322312,29,1,kol_sell,0x467cd47e5ae84903afed766b7cf7cd1d6d60e4a7bf2c796cdcc6851384a1ed63,1,3980,3980,3742
1779250029387440837,fast_tip,O,0x3e6ca7a0b74cf139048c74278082cf7470cd4444,一日不见如隔三秋,35000000000000000,23502131814179684,-11497868185820318,-0.011498,-7.36,-0.328511,15794,19281,639.93,99322396,99322448,23,1,kol_sell,0xb16e3f61e45668feed8384f42a706b726fa0da5c0c4b08dfebcf4d05278a6d2f,1,14457,14457,12947
1779250029387442347,normal_tip,O,0x3e6ca7a0b74cf139048c74278082cf7470cd4444,一日不见如隔三秋,35000000000000000,23502131814179684,-11497868185820318,-0.011498,-7.36,-0.328511,15794,19281,639.93,99322396,99322448,23,1,kol_sell,0xb16e3f61e45668feed8384f42a706b726fa0da5c0c4b08dfebcf4d05278a6d2f,1,14457,14457,12947
1779250054669758750,normal_tip,A,0x4889611f1a02dfa53bb070ccfb3d954525284444,一日不见如隔三秋,32500000000000000,20279202298505432,-12220797701494570,-0.012221,-7.82,-0.376025,4724,5916,639.93,99322452,99322485,14,1,kol_sell,0x9656b3f36609e5bd146cf9263fcebd82a63c6bd9d64ff31353efa760de4d504d,1,3986,3986,3691
1779250054669757240,fast_tip,A,0x4889611f1a02dfa53bb070ccfb3d954525284444,一日不见如隔三秋,32500000000000000,20279202298505432,-12220797701494570,-0.012221,-7.82,-0.376025,4724,5916,639.93,99322452,99322485,15,1,kol_sell,0x9656b3f36609e5bd146cf9263fcebd82a63c6bd9d64ff31353efa760de4d504d,1,3986,3986,3691
1779250548639237488,fast_tip,A,0x539cd616d4e7ec2de24b7d1df65724fe11404444,丫够燥的,32500000000000000,58726832409636248,26226832409636248,0.026227,16.77,0.806979,9464,10715,639.59,99323549,99323749,90,1,kol_sell,0x99fd2fc430db61a7fc3dd2165245bb3e2436cec90badef460d4ea41110b916ff,3,12324,29896,19361
1779250548639238558,normal_tip,A,0x539cd616d4e7ec2de24b7d1df65724fe11404444,丫够燥的,32500000000000000,58726832409636248,26226832409636248,0.026227,16.77,0.806979,9464,10715,639.59,99323549,99323749,90,1,kol_sell,0x99fd2fc430db61a7fc3dd2165245bb3e2436cec90badef460d4ea41110b916ff,3,12324,29896,19361
1779250778089037014,normal_tip,A,0x057e7581a7a57b0c4a98a4867dd6496f05814444,萨摩耶,32500000000000000,21810802639997656,-10689197360002344,-0.010689,-6.83,-0.328898,5406,6366,638.97,99324057,99324204,66,1,kol_sell,0x063fd7dd2c296b2bf6cd83dae47868bfc16c69dfbe16cb420aa814992a661767,1,4709,4709,4272
1779250778089035894,fast_tip,A,0x057e7581a7a57b0c4a98a4867dd6496f05814444,萨摩耶,32500000000000000,21810802639997656,-10689197360002344,-0.010689,-6.83,-0.328898,5406,6366,638.97,99324057,99324204,66,1,kol_sell,0x063fd7dd2c296b2bf6cd83dae47868bfc16c69dfbe16cb420aa814992a661767,1,4709,4709,4272
1779251403433159350,normal_tip,A,0x187b1f49f1486e1ae922c05c5c98ed969e774444,米米,32500000000000000,28865013729924760,-3634986270075239,-0.003635,-2.32,-0.111846,7560,8856,638.72,99325445,99325630,83,1,kol_sell,0xa2d56179ad5c2a5b5c7cfbffdd7eb0327844b1ba68292ff0861745c7ed1bdb12,1,8216,7866,7866
1779251403433150640,fast_tip,A,0x187b1f49f1486e1ae922c05c5c98ed969e774444,米米,32500000000000000,28865013729924760,-3634986270075239,-0.003635,-2.32,-0.111846,7560,8856,638.72,99325445,99325630,83,1,kol_sell,0xa2d56179ad5c2a5b5c7cfbffdd7eb0327844b1ba68292ff0861745c7ed1bdb12,1,8216,7866,7866
1779245951609981520,normal_tip,O,0x2f313fb0403930e1498fe68b1df3af3dd47e4444,玻璃,35000000000000000,35000000000000004,0,0.000000,0.00,0.000000,18027,18986,637.90,99313343,99326305,5839,1,kol_sell,0x71bfb0738ef360729da773b664242473efc7cc9faabb790f035647fe4af19c1e,0,18986,18986,18986
1779245951609979980,fast_tip,O,0x2f313fb0403930e1498fe68b1df3af3dd47e4444,玻璃,35000000000000000,35000000000000004,0,0.000000,0.00,0.000000,18027,18986,637.90,99313343,99326305,5839,1,kol_sell,0x71bfb0738ef360729da773b664242473efc7cc9faabb790f035647fe4af19c1e,0,18986,18986,18986
1779247930303747390,normal_tip,A,0xf3eb5cedc613899bd793687fb006ffdfb6224444,沙哥,35000000000000000,35000000000000004,0,0.000000,0.00,0.000000,18889,20761,637.90,99317736,99326347,3879,1,kol_sell,0xe70875f770a30eed781c4805a709e10165849f94374c4dcbdbfbd4bdff21feb2,0,20761,20761,20761
1779247930303745850,fast_tip,A,0xf3eb5cedc613899bd793687fb006ffdfb6224444,沙哥,35000000000000000,35000000000000004,0,0.000000,0.00,0.000000,18889,20761,637.90,99317736,99326347,3879,1,kol_sell,0xe70875f770a30eed781c4805a709e10165849f94374c4dcbdbfbd4bdff21feb2,0,20761,20761,20761
1779251793277738319,fast_tip,D,0x6ca6e08a72f6b7822c0ac86e57b201873f544444,啪啪,34500000000000000,24518453628950892,-9981546371049108,-0.009982,-6.37,-0.289320,5678,8133,637.90,99326310,99326352,18,1,kol_sell,0x04b4d1dc2df764ddb66da347ce9e568a0436ce98d2e52a1375af625535bc74ea,2,6280,5866,5780
1779251793277739399,normal_tip,D,0x6ca6e08a72f6b7822c0ac86e57b201873f544444,啪啪,34500000000000000,24518453628950892,-9981546371049108,-0.009982,-6.37,-0.289320,5678,8133,637.90,99326310,99326352,19,1,kol_sell,0x04b4d1dc2df764ddb66da347ce9e568a0436ce98d2e52a1375af625535bc74ea,2,6280,5866,5780
1779252583442294661,fast_tip,A,0xc295dc0fb41fd56392fb2a50ce405554012a4444,舔狗,32500000000000000,30952715716909820,-1547284283090179,-0.001547,-0.99,-0.047609,15110,17012,638.94,99328064,99329152,490,1,kol_sell,0x62a907ed3a431cdbad8992176b48b4efa0d02e5f2316f31a2620c8559634889c,1,19080,15071,16202
1779252583442296041,normal_tip,A,0xc295dc0fb41fd56392fb2a50ce405554012a4444,舔狗,32500000000000000,30952715716909820,-1547284283090179,-0.001547,-0.99,-0.047609,15110,17012,638.94,99328064,99329152,490,1,kol_sell,0x62a907ed3a431cdbad8992176b48b4efa0d02e5f2316f31a2620c8559634889c,1,19080,15071,16202
1779254022407009543,fast_tip,C,0x9738d043b7e07377e82093b04f46f4f464d54444,马子兵法,33055500000000000,37338190967145992,4282690967145987,0.004283,2.75,0.129561,8089,9977,641.35,99331256,99331270,6,1,kol_sell,0x7c660231c8141c3ce079f90667a8f24764e1c97196b174462b65a7278747f34d,4,12018,9280,11269
1779254022407010703,normal_tip,C,0x9738d043b7e07377e82093b04f46f4f464d54444,马子兵法,33055500000000000,37338190967145992,4282690967145987,0.004283,2.75,0.129561,8089,9977,641.35,99331256,99331270,6,1,kol_sell,0x7c660231c8141c3ce079f90667a8f24764e1c97196b174462b65a7278747f34d,4,12018,9280,11269
1779254063877565120,normal_tip,A,0x9738d043b7e07377e82093b04f46f4f464d54444,马子兵法,37500000000000000,38745836965189352,1245836965189352,0.001246,0.80,0.033222,12782,14143,640.99,99331348,99331365,7,1,kol_sell,0x1e44209c88a25308633eb8c13c22840ff7fa740f934e22efe6a97af86c5dfad2,4,17579,8540,14613
1779254063877562960,fast_tip,A,0x9738d043b7e07377e82093b04f46f4f464d54444,马子兵法,37500000000000000,38745836965189352,1245836965189352,0.001246,0.80,0.033222,12782,14143,640.99,99331348,99331365,7,1,kol_sell,0x1e44209c88a25308633eb8c13c22840ff7fa740f934e22efe6a97af86c5dfad2,4,17579,8540,14613
1779254024645945710,normal_tip,D,0x6f111d44224056fb412fa7e1ed73777a7cd14444,马子兵法,34500000000000000,25629248638088936,-8870751361911067,-0.008871,-5.69,-0.257123,5248,8676,640.99,99331261,99331389,57,1,kol_sell,0x59b0dbb1f5db0fbb62c647d6421427426f8690a462a3aab84fd86bea032c9632,2,8191,5243,6446
1779254024645944330,fast_tip,D,0x6f111d44224056fb412fa7e1ed73777a7cd14444,马子兵法,34500000000000000,25629248638088936,-8870751361911067,-0.008871,-5.69,-0.257123,5248,8676,640.99,99331261,99331389,57,1,kol_sell,0x59b0dbb1f5db0fbb62c647d6421427426f8690a462a3aab84fd86bea032c9632,2,8191,5243,6446
1779254076489771494,fast_tip,O,0x9738d043b7e07377e82093b04f46f4f464d54444,马子兵法,35000000000000000,26051568422538012,-8948431577461991,-0.008948,-5.74,-0.255669,17825,19955,641.08,99331376,99331428,23,1,kol_sell,0xf437049ca044047b9038d9e8683e54f5cfc4327f97129b25d413cf8160e35433,1,15627,15627,14853
1779254076489773124,normal_tip,O,0x9738d043b7e07377e82093b04f46f4f464d54444,马子兵法,35000000000000000,26051568422538012,-8948431577461991,-0.008948,-5.74,-0.255669,17825,19955,641.08,99331376,99331428,23,1,kol_sell,0xf437049ca044047b9038d9e8683e54f5cfc4327f97129b25d413cf8160e35433,1,15627,15627,14853
1779255163747113648,normal_tip,O,0xf3eb5cedc613899bd793687fb006ffdfb6224444,沙哥,75000000000000000,75395335362662464,395335362662466,0.000395,0.25,0.005271,37643,40767,642.45,99333789,99333940,68,1,kol_sell,0xcfe9aa2bfefc9ee2244fd546e1a708bfba7040bd2eea32fda589e44225cc4335,2,43285,38678,40982
1779255163747112208,fast_tip,O,0xf3eb5cedc613899bd793687fb006ffdfb6224444,沙哥,75000000000000000,75395335362662464,395335362662466,0.000395,0.25,0.005271,37643,40767,642.45,99333789,99333940,68,1,kol_sell,0xcfe9aa2bfefc9ee2244fd546e1a708bfba7040bd2eea32fda589e44225cc4335,2,43285,38678,40982
1779255098904282205,fast_tip,C,0x5407ff700b298e91a0b8c435de67b997a0c44444,U17,35000000000000000,32219381544765924,-2780618455234078,-0.002781,-1.78,-0.079446,21461,22909,641.82,99333645,99336050,1083,1,kol_sell,0x3c26c97a3e5ee42b1297ffcab9ab5aeb31f38632df6db04f0bfe0bc10bcfb9a0,2,22653,20581,21089
1779255098904284115,normal_tip,C,0x5407ff700b298e91a0b8c435de67b997a0c44444,U17,35000000000000000,32219381544765924,-2780618455234078,-0.002781,-1.78,-0.079446,21461,22909,641.82,99333645,99336050,1083,1,kol_sell,0x3c26c97a3e5ee42b1297ffcab9ab5aeb31f38632df6db04f0bfe0bc10bcfb9a0,2,22653,20581,21089
1779256912623639336,fast_tip,C,0xea26a9b57b33e6f2b11f07102da89b6127554444,BUNANCE,95000000000000000,58605617311076264,-36394382688923744,-0.036394,-23.36,-0.383099,32323,34813,641.88,99337671,99337675,1,1,kol_sell,0xacbbbae42abe175f87d0bd6c01bc6154411ff60ee3e28ca27c49d7e27d379db1,1,19367,19367,21476
1779256912623640826,normal_tip,C,0xea26a9b57b33e6f2b11f07102da89b6127554444,BUNANCE,95000000000000000,58605617311076264,-36394382688923744,-0.036394,-23.36,-0.383099,32323,34813,641.88,99337671,99337675,2,1,kol_sell,0xacbbbae42abe175f87d0bd6c01bc6154411ff60ee3e28ca27c49d7e27d379db1,1,19367,19367,21476
1779256911728951624,fast_tip,D,0xea26a9b57b33e6f2b11f07102da89b6127554444,BUNANCE,69000000000000000,73527140172053920,4527140172053912,0.004527,2.91,0.065611,21228,29277,641.93,99337669,99337737,30,2,kol_sell,0x3ab00a2b7e8a627f6df0a461b0f9e7ddd9006be4b5b4a8b22e2820968fdf0a8b,3,50408,13308,31198
1779256911728953624,normal_tip,D,0xea26a9b57b33e6f2b11f07102da89b6127554444,BUNANCE,69000000000000000,73527140172053920,4527140172053912,0.004527,2.91,0.065611,21228,29277,641.93,99337669,99337737,30,2,kol_sell,0x3ab00a2b7e8a627f6df0a461b0f9e7ddd9006be4b5b4a8b22e2820968fdf0a8b,3,50408,13308,31198
1779256949198873487,normal_tip,A,0xea26a9b57b33e6f2b11f07102da89b6127554444,BUNANCE,50000000000000000,22269589417591960,-27730410582408044,-0.027730,-17.80,-0.554608,34981,31704,641.93,99337752,99337796,19,1,kol_sell,0x3e11f5ceb2d305476af85ee5fd41214fbe8a97dcfd81863f2897c146f15d2f17,1,14170,14170,14121
1779256949198872197,fast_tip,A,0xea26a9b57b33e6f2b11f07102da89b6127554444,BUNANCE,50000000000000000,22269589417591960,-27730410582408044,-0.027730,-17.80,-0.554608,34981,31704,641.93,99337752,99337796,20,1,kol_sell,0x3e11f5ceb2d305476af85ee5fd41214fbe8a97dcfd81863f2897c146f15d2f17,1,14170,14170,14121
1779256980766920447,fast_tip,C,0x767a1e17b85347eac11f979d24c98cdd085a4444,𝕭𝖎𝖓𝖆𝖓𝖈𝖊,33055500000000000,22469884479941332,-10585615520058670,-0.010586,-6.80,-0.320238,6714,9041,642.25,99337822,99337850,12,1,kol_sell,0x57adfb317ae46a3d309f1c594e2b440326208c1a07ab52ff610148fd0df0fd10,1,6512,6512,6146
1779256980766922367,normal_tip,C,0x767a1e17b85347eac11f979d24c98cdd085a4444,𝕭𝖎𝖓𝖆𝖓𝖈𝖊,33055500000000000,22469884479941332,-10585615520058670,-0.010586,-6.80,-0.320238,6714,9041,642.25,99337822,99337850,12,1,kol_sell,0x57adfb317ae46a3d309f1c594e2b440326208c1a07ab52ff610148fd0df0fd10,1,6512,6512,6146
1779256975834342385,fast_tip,O,0xea26a9b57b33e6f2b11f07102da89b6127554444,BUNANCE,35000000000000000,56311928630671224,21311928630671224,0.021312,13.69,0.608912,20212,20252,642.25,99337811,99337864,23,1,kol_sell,0x3566630031bb2d82851bf80cec4f3170e3daf1a94eff054dbca7f86577be150b,5,26859,35908,32583
1779256975834344055,normal_tip,O,0xea26a9b57b33e6f2b11f07102da89b6127554444,BUNANCE,35000000000000000,56311928630671224,21311928630671224,0.021312,13.69,0.608912,20212,20252,642.25,99337811,99337864,24,1,kol_sell,0x3566630031bb2d82851bf80cec4f3170e3daf1a94eff054dbca7f86577be150b,5,26859,35908,32583
1779256991235469713,fast_tip,A,0xea26a9b57b33e6f2b11f07102da89b6127554444,BUNANCE,50000000000000000,74200955667495440,24200955667495444,0.024201,15.54,0.484019,22427,22041,642.03,99337845,99337898,23,1,kol_sell,0x6928916875eeac68cead9bbb5a9fee1fea4beb633d93875b0d7e0c5fe434a7f8,3,41827,21511,32710
1779256991235471263,normal_tip,A,0xea26a9b57b33e6f2b11f07102da89b6127554444,BUNANCE,50000000000000000,74200955667495440,24200955667495444,0.024201,15.54,0.484019,22427,22041,642.03,99337845,99337898,24,1,kol_sell,0x6928916875eeac68cead9bbb5a9fee1fea4beb633d93875b0d7e0c5fe434a7f8,3,41827,21511,32710
1779257042479796235,fast_tip,A,0x1b4466cfcd321d34adc1fa71c21792db00e04444,bunance,32500000000000000,23896739804483536,-8603260195516466,-0.008603,-5.52,-0.264716,4378,5118,641.95,99337959,99338011,23,1,kol_sell,0x28c655b10e305e094dec3ca45802238c5a97d9a0bff04097326f0af75395efb4,1,4256,4256,3763
1779257042479797705,normal_tip,A,0x1b4466cfcd321d34adc1fa71c21792db00e04444,bunance,32500000000000000,23896739804483536,-8603260195516466,-0.008603,-5.52,-0.264716,4378,5118,641.95,99337959,99338011,23,1,kol_sell,0x28c655b10e305e094dec3ca45802238c5a97d9a0bff04097326f0af75395efb4,1,4256,4256,3763
1779257103761349093,normal_tip,A,0xe0bda90897b9d5c96ce5d9948590444fdc6c4444,Graffitify,32500000000000000,27795830350732476,-4704169649267526,-0.004704,-3.02,-0.144744,5222,6816,641.61,99338095,99338129,15,1,kol_sell,0xa610de586558fd54de86e39046d2eaa70d8215345bb72de5fe5c84d85d854919,2,7166,4804,5829
1779257103761347753,fast_tip,A,0xe0bda90897b9d5c96ce5d9948590444fdc6c4444,Graffitify,32500000000000000,27795830350732476,-4704169649267526,-0.004704,-3.02,-0.144744,5222,6816,641.61,99338095,99338129,15,1,kol_sell,0xa610de586558fd54de86e39046d2eaa70d8215345bb72de5fe5c84d85d854919,2,7166,4804,5829
1779257130845596992,normal_tip,A,0xea26a9b57b33e6f2b11f07102da89b6127554444,BUNANCE,32500000000000000,30579761035103616,-1920238964896386,-0.001920,-1.23,-0.059084,21412,24045,641.77,99338155,99338387,104,1,kol_sell,0xbba6434479aa056238fc519f630f98e946d86587d2544d77fb0dda8b2fc34be2,2,21502,25022,22625
1779257130845595742,fast_tip,A,0xea26a9b57b33e6f2b11f07102da89b6127554444,BUNANCE,32500000000000000,30579761035103616,-1920238964896386,-0.001920,-1.23,-0.059084,21412,24045,641.77,99338155,99338387,104,1,kol_sell,0xbba6434479aa056238fc519f630f98e946d86587d2544d77fb0dda8b2fc34be2,2,21502,25022,22625
1779257384045495826,normal_tip,A,0xea26a9b57b33e6f2b11f07102da89b6127554444,BUNANCE,65000000000000000,38181262362531928,-26818737637468072,-0.026819,-17.20,-0.412596,42053,47547,641.49,99338717,99338908,86,2,kol_sell,0x1f929ea711ecb1688186b44d7ef12e38ab42fddb8b2e479e4ba01f21b44b1876,1,29574,29574,27929
1779257384045494186,fast_tip,A,0xea26a9b57b33e6f2b11f07102da89b6127554444,BUNANCE,65000000000000000,38181262362531928,-26818737637468072,-0.026819,-17.20,-0.412596,42053,47547,641.49,99338717,99338908,86,2,kol_sell,0x1f929ea711ecb1688186b44d7ef12e38ab42fddb8b2e479e4ba01f21b44b1876,1,29574,29574,27929
1779257777458658462,normal_tip,C,0xaf60c4d2bc783b50098fe91fd6760943ff454444,饼小龙,75000000000000000,60294953577710352,-14705046422289648,-0.014705,-9.44,-0.196067,15006,18465,641.90,99339590,99339594,1,1,kol_sell,0xb9b6f81ad4714dfd0dad33722322e7af1101a1b609692c7898227eef92ab4f1e,4,15760,16079,14844
1779257777458656882,fast_tip,C,0xaf60c4d2bc783b50098fe91fd6760943ff454444,饼小龙,75000000000000000,60294953577710352,-14705046422289648,-0.014705,-9.44,-0.196067,15006,18465,641.90,99339590,99339594,1,1,kol_sell,0xb9b6f81ad4714dfd0dad33722322e7af1101a1b609692c7898227eef92ab4f1e,4,15760,16079,14844
1779257576002112329,normal_tip,A,0xea26a9b57b33e6f2b11f07102da89b6127554444,BUNANCE,32500000000000000,18217979215547600,-14282020784452402,-0.014282,-9.17,-0.439447,22164,23127,641.90,99339143,99339637,222,1,kol_sell,0x59b7bcc90b1c7488694cfffd79d03d81ba3f273512116f7a234daf615934de1a,1,13899,13899,12964
1779257576002110719,fast_tip,A,0xea26a9b57b33e6f2b11f07102da89b6127554444,BUNANCE,32500000000000000,18217979215547600,-14282020784452402,-0.014282,-9.17,-0.439447,22164,23127,641.90,99339143,99339637,222,1,kol_sell,0x59b7bcc90b1c7488694cfffd79d03d81ba3f273512116f7a234daf615934de1a,1,13899,13899,12964
1779257849059460864,normal_tip,A,0xea26a9b57b33e6f2b11f07102da89b6127554444,BUNANCE,32500000000000000,21303285830649988,-11196714169350014,-0.011197,-7.19,-0.344514,11920,12827,641.78,99339749,99341436,760,1,kol_sell,0xc4a338e9bed818c9f431c9aee992290db5e0d32e349b6cabdb0241575f53dbb9,1,9248,9248,8408
1779257849059459474,fast_tip,A,0xea26a9b57b33e6f2b11f07102da89b6127554444,BUNANCE,32500000000000000,21303285830649988,-11196714169350014,-0.011197,-7.19,-0.344514,11920,12827,641.78,99339749,99341436,761,1,kol_sell,0xc4a338e9bed818c9f431c9aee992290db5e0d32e349b6cabdb0241575f53dbb9,1,9248,9248,8408
1779260419109189693,fast_tip,A,0x9cb1e8ad0aa99a19f618baf326899b2967d94444,一二,32500000000000000,38253329496982928,5753329496982929,0.005753,3.70,0.177026,13266,15230,643.19,99345451,99345523,32,1,kol_sell,0x85466989211237db9721701ebbb1cc2a3a5959c0f7f309b50f46ce005d31b643,2,17945,18719,17926
1779260419109195483,normal_tip,A,0x9cb1e8ad0aa99a19f618baf326899b2967d94444,一二,32500000000000000,38253329496982928,5753329496982929,0.005753,3.70,0.177026,13266,15230,643.19,99345451,99345523,32,1,kol_sell,0x85466989211237db9721701ebbb1cc2a3a5959c0f7f309b50f46ce005d31b643,2,17945,18719,17926
1779261398264700894,fast_tip,A,0x7ca2e782e525e52d5990e9668688fd8da8064444,labububot,32500000000000000,27002616885159064,-5497383114840937,-0.005497,-3.54,-0.169150,5955,7422,643.12,99347623,99347690,30,1,kol_sell,0x57d1a98ac404d56d48cd38d4a5cccff915cd972d58f08264e338338b46e8ad9a,1,6729,6729,6167
1779261398264702693,normal_tip,A,0x7ca2e782e525e52d5990e9668688fd8da8064444,labububot,32500000000000000,27002616885159064,-5497383114840937,-0.005497,-3.54,-0.169150,5955,7422,643.12,99347623,99347690,30,1,kol_sell,0x57d1a98ac404d56d48cd38d4a5cccff915cd972d58f08264e338338b46e8ad9a,1,6729,6729,6167
1779263699437864963,fast_tip,A,0x6673e3f7c5a8e3b7913b93924b1030d9230a4444,"Substance
",32500000000000000,29242577173901448,-3257422826098553,-0.003257,-2.09,-0.100228,12077,12817,642.98,99352729,99352800,32,1,kol_sell,0xaf96fae6ad4820e89441f19a81c424044f2f3d1332bcb97b501a6bac280677da,1,12663,12663,11532
1779263699437866143,normal_tip,A,0x6673e3f7c5a8e3b7913b93924b1030d9230a4444,"Substance
",32500000000000000,29242577173901448,-3257422826098553,-0.003257,-2.09,-0.100228,12077,12817,642.98,99352729,99352800,32,1,kol_sell,0xaf96fae6ad4820e89441f19a81c424044f2f3d1332bcb97b501a6bac280677da,1,12663,12663,11532
1779264082999448694,normal_tip,D,0xb33ddf4dac889c56f38695e0c9868df3b77c4444,模因复兴,34500000000000000,25425368691421416,-9074631308578586,-0.009075,-5.83,-0.263033,4568,6472,642.72,99353581,99353615,15,1,kol_sell,0x4d3b323373c30871baa59be43fa14cff6f8507f414636f7c72f5fc1a5bdfbc3d,2,5352,5127,4769
1779264082999447474,fast_tip,D,0xb33ddf4dac889c56f38695e0c9868df3b77c4444,模因复兴,34500000000000000,25425368691421416,-9074631308578586,-0.009075,-5.83,-0.263033,4568,6472,642.72,99353581,99353616,15,1,kol_sell,0x4d3b323373c30871baa59be43fa14cff6f8507f414636f7c72f5fc1a5bdfbc3d,2,5352,5127,4769
1779265175673992979,normal_tip,A,0xdd3afacf4816bdad59edf8e467afdeeab0394444,Cindy,32500000000000000,26126520297353060,-6373479702646942,-0.006373,-4.10,-0.196107,8160,9380,643.55,99356007,99356060,23,1,kol_sell,0x2dc27556cb182ff143a3c7f02a7cb28c9dcac4909590cf304d69e1d5f39f68f8,1,8208,8208,7541
1779265175673990930,fast_tip,A,0xdd3afacf4816bdad59edf8e467afdeeab0394444,Cindy,32500000000000000,26126520297353060,-6373479702646942,-0.006373,-4.10,-0.196107,8160,9380,643.55,99356007,99356060,24,1,kol_sell,0x2dc27556cb182ff143a3c7f02a7cb28c9dcac4909590cf304d69e1d5f39f68f8,1,8208,8208,7541
1779265301374442056,fast_tip,A,0x7a76bf24edc1623c8b25aafc451c3970dcdf4444,道生币安,32500000000000000,27710267784203596,-4789732215796406,-0.004790,-3.08,-0.147376,7902,9061,643.34,99356286,99356304,8,1,kol_sell,0x5190460108d2290c3ef6e978d2de7da18eb1ed3710bcff9547405e3ecf1863b5,4,9542,3812,7726
1779265301374443926,normal_tip,A,0x7a76bf24edc1623c8b25aafc451c3970dcdf4444,道生币安,32500000000000000,27710267784203596,-4789732215796406,-0.004790,-3.08,-0.147376,7902,9061,643.34,99356286,99356304,8,1,kol_sell,0x5190460108d2290c3ef6e978d2de7da18eb1ed3710bcff9547405e3ecf1863b5,4,9542,3812,7726
1779265371553498139,fast_tip,A,0x39c4641a943581092b68ceb01ccd6bffdbd64444,道生币安,32500000000000000,28739110765131348,-3760889234868652,-0.003761,-2.42,-0.115720,4462,5339,643.25,99356442,99356485,19,1,kol_sell,0x622a24eb559d893c0b143ea3cf7e93be3efab20a49994f39ac7e29a34ffa75cd,2,5547,4386,4721
1779265371553499959,normal_tip,A,0x39c4641a943581092b68ceb01ccd6bffdbd64444,道生币安,32500000000000000,28739110765131348,-3760889234868652,-0.003761,-2.42,-0.115720,4462,5339,643.25,99356442,99356485,19,1,kol_sell,0x622a24eb559d893c0b143ea3cf7e93be3efab20a49994f39ac7e29a34ffa75cd,2,5547,4386,4721
1779267722162967005,normal_tip,A,0xa1acbe82390624292ef373ce8d5b60262fe94444,ONE,32500000000000000,20633306821029116,-11866693178970884,-0.011867,-7.64,-0.365129,4697,5881,643.84,99361658,99361745,39,1,kol_sell,0x45ea94f6a25b0bc25bdc17b87a50cf484cd8b9567ed0667182ab1e4bbf93d925,1,4067,4067,3733
1779267722162965486,fast_tip,A,0xa1acbe82390624292ef373ce8d5b60262fe94444,ONE,32500000000000000,20633306821029116,-11866693178970884,-0.011867,-7.64,-0.365129,4697,5881,643.84,99361658,99361745,39,1,kol_sell,0x45ea94f6a25b0bc25bdc17b87a50cf484cd8b9567ed0667182ab1e4bbf93d925,1,4067,4067,3733
1779268227909327442,normal_tip,A,0x4206004daafca35276908527715e4d46bc094444,MELODI,32500000000000000,21662779066726332,-10837220933273668,-0.010837,-6.97,-0.333453,4865,6068,643.55,99362781,99362881,45,1,kol_sell,0x47163ec0dfb7f2578b0427376bf57b504cd7f972ef17ab5ce705935eaf6718cd,1,4377,4377,4044
1779268227909318662,fast_tip,A,0x4206004daafca35276908527715e4d46bc094444,MELODI,32500000000000000,21662779066726332,-10837220933273668,-0.010837,-6.97,-0.333453,4865,6068,643.55,99362781,99362881,45,1,kol_sell,0x47163ec0dfb7f2578b0427376bf57b504cd7f972ef17ab5ce705935eaf6718cd,1,4377,4377,4044
1779261151294904465,normal_tip,M,0x5f6fd60ad6cd8751b4c521bc00fa02abfeca4444,背手负鼠,100000000000000000,125629460504234784,25629460504234784,0.025629,16.50,0.256295,275150,279119,643.84,99347075,99364706,7943,2,kol_sell,0xe7821d76da12a24d17346445c61d16595dbeef01c3e7140c4f254f7d1821f9ac,0,350656,350656,350656
1779261151294902495,fast_tip,M,0x5f6fd60ad6cd8751b4c521bc00fa02abfeca4444,背手负鼠,100000000000000000,125629460504234784,25629460504234784,0.025629,16.50,0.256295,275150,279119,643.84,99347075,99364706,7944,2,kol_sell,0xe7821d76da12a24d17346445c61d16595dbeef01c3e7140c4f254f7d1821f9ac,0,350656,350656,350656
1779269064847621249,fast_tip,A,0x9cb1e8ad0aa99a19f618baf326899b2967d94444,一二,32500000000000000,60061257787451456,27561257787451456,0.027561,17.75,0.848039,6855,7430,644.20,99364639,99365491,384,1,kol_sell,0x195cddfaf83e15bc459f159f1a00a7d5559a348ab9e1eb6dc93b8281b0dbc279,3,8842,21236,13731
1779269064847622629,normal_tip,A,0x9cb1e8ad0aa99a19f618baf326899b2967d94444,一二,32500000000000000,60061257787451456,27561257787451456,0.027561,17.75,0.848039,6855,7430,644.20,99364639,99365491,384,1,kol_sell,0x195cddfaf83e15bc459f159f1a00a7d5559a348ab9e1eb6dc93b8281b0dbc279,3,8842,21236,13731
1779269459651178757,normal_tip,A,0x5f6fd60ad6cd8751b4c521bc00fa02abfeca4444,背手负鼠,32500000000000000,32368142064517656,-131857935482343,-0.000132,-0.08,-0.004057,1025668,1008509,644.19,99365515,99365541,11,1,kol_sell,0xbbfbea680243f1d4f532f2b9dfc0a094d82de599d43fed62b94775cbde92a1f5,1,983766,1012767,1004417
1779269459651176817,fast_tip,A,0x5f6fd60ad6cd8751b4c521bc00fa02abfeca4444,背手负鼠,32500000000000000,32368142064517656,-131857935482343,-0.000132,-0.08,-0.004057,1025668,1008509,644.19,99365515,99365541,11,1,kol_sell,0xbbfbea680243f1d4f532f2b9dfc0a094d82de599d43fed62b94775cbde92a1f5,1,983766,1012767,1004417
1779260769213451831,normal_tip,G,0xfc4411996e47f07fee0bcc83290ac3f88fe14444,幸运刮刮乐,50000000000000000,50000000000000000,0,0.000000,0.00,0.000000,15280,15929,644.24,99346227,99366094,8952,1,kol_sell,0xad8a38dfc92717a91efaeea80b6308ff68de93531c9fbb80a6aa1c42ac37a802,0,15929,15929,15929
1779260769213450211,fast_tip,G,0xfc4411996e47f07fee0bcc83290ac3f88fe14444,幸运刮刮乐,50000000000000000,50000000000000000,0,0.000000,0.00,0.000000,15280,15929,644.24,99346227,99366094,8952,1,kol_sell,0xad8a38dfc92717a91efaeea80b6308ff68de93531c9fbb80a6aa1c42ac37a802,0,15929,15929,15929
1779269868108759224,fast_tip,A,0xfc4411996e47f07fee0bcc83290ac3f88fe14444,幸运刮刮乐,50000000000000000,45234107488465192,-4765892511534808,-0.004766,-3.07,-0.095318,29160,32313,644.14,99366420,99366483,28,1,kol_sell,0xc7cd441eca77d540b1c39a70655e9a696e2ed30da03e2ab8f536e4bca57ace4b,2,33465,26879,29233
1779269868108760574,normal_tip,A,0xfc4411996e47f07fee0bcc83290ac3f88fe14444,幸运刮刮乐,50000000000000000,45234107488465192,-4765892511534808,-0.004766,-3.07,-0.095318,29160,32313,644.14,99366420,99366483,28,1,kol_sell,0xc7cd441eca77d540b1c39a70655e9a696e2ed30da03e2ab8f536e4bca57ace4b,2,33465,26879,29233
1779258498216885692,normal_tip,M,0x67fcba4a2ce844de8e75751631beb1342aa78888,FDiamond ,100000000000000000,100000000000000000,0,0.000000,0.00,0.000000,160473,176224,643.31,99341188,99367489,11851,1,kol_sell,0x030dd1eff82312338f7b000184f4571f18c07a9c277b55e4c4603e9c21dcec58,0,176224,176224,176224
1779258498216884472,fast_tip,M,0x67fcba4a2ce844de8e75751631beb1342aa78888,FDiamond ,100000000000000000,100000000000000000,0,0.000000,0.00,0.000000,160473,176224,643.31,99341188,99367489,11851,1,kol_sell,0x030dd1eff82312338f7b000184f4571f18c07a9c277b55e4c4603e9c21dcec58,0,176224,176224,176224
1779271594619642029,fast_tip,O,0xa4f65e801a4bef0a625330e0a30408fc23db4444,爆缸笑脸,35000000000000000,30304061654382824,-4695938345617177,-0.004696,-3.02,-0.134170,4821,5494,643.27,99370252,99370783,239,1,kol_sell,0xf587c6d6e894b3c25ca2ac887b160fc2eba193bce3340dff847110ce7e36b89e,1,5044,4757,4757
1779271594619643729,normal_tip,O,0xa4f65e801a4bef0a625330e0a30408fc23db4444,爆缸笑脸,35000000000000000,30304061654382824,-4695938345617177,-0.004696,-3.02,-0.134170,4821,5494,643.27,99370252,99370783,239,1,kol_sell,0xf587c6d6e894b3c25ca2ac887b160fc2eba193bce3340dff847110ce7e36b89e,1,5044,4757,4757
1779272050086717538,fast_tip,A,0x8f8c2fddb2c808da94f0b025542bac651b044444,HELLGRIND,32500000000000000,20516162459390132,-11983837540609870,-0.011984,-7.71,-0.368733,15778,17425,643.50,99371262,99371551,130,1,kol_sell,0xbf766ed6bd32e87f2a22a327b6fb651a41341c49cc1dbf5d25983d873c06872b,1,11680,11680,11000
1779272050086719338,normal_tip,A,0x8f8c2fddb2c808da94f0b025542bac651b044444,HELLGRIND,32500000000000000,20516162459390132,-11983837540609870,-0.011984,-7.71,-0.368733,15778,17425,643.50,99371262,99371551,130,1,kol_sell,0xbf766ed6bd32e87f2a22a327b6fb651a41341c49cc1dbf5d25983d873c06872b,1,11680,11680,11000
1779272507658184102,normal_tip,N,0xcf33272240dcb2b4a4171931fd1c59fdaf324444,HS,35000000000000000,25788445752541276,-9211554247458728,-0.009212,-5.93,-0.263187,7127,7954,643.95,99372277,99372375,44,1,kol_sell,0x2fdd0b4542d6785677180d79315e86159d1dce7b71c9fa86594d29bc6869a492,1,6424,6424,5861
1779272507658182803,fast_tip,N,0xcf33272240dcb2b4a4171931fd1c59fdaf324444,HS,35000000000000000,25788445752541276,-9211554247458728,-0.009212,-5.93,-0.263187,7127,7954,643.95,99372277,99372375,44,1,kol_sell,0x2fdd0b4542d6785677180d79315e86159d1dce7b71c9fa86594d29bc6869a492,1,6424,6424,5861
1779275102345651036,fast_tip,A,0x4c5def508c0b6d4c5b7d68326697decc723f4444,大金狗,60000000000000000,56873805939091960,-3126194060908034,-0.003126,-2.01,-0.052103,42015,44936,643.09,99378035,99378134,44,1,kol_sell,0x88f95254e7487005529ebcf08baaec6e9f8ec45603e76e44f1a3405a9755e71a,1,42970,42970,42594
1779275102345652166,normal_tip,A,0x4c5def508c0b6d4c5b7d68326697decc723f4444,大金狗,60000000000000000,56873805939091960,-3126194060908034,-0.003126,-2.01,-0.052103,42015,44936,643.09,99378035,99378134,44,1,kol_sell,0x88f95254e7487005529ebcf08baaec6e9f8ec45603e76e44f1a3405a9755e71a,1,42970,42970,42594
1779275188834497592,normal_tip,A,0x708559dfa8fcc534c953d63de933254a10c04444,4GUY,50000000000000000,82142086710584288,32142086710584288,0.032142,20.67,0.642842,13588,16378,643.23,99378227,99378276,22,1,kol_sell,0x7b1f0be29cda06f278dfd2fd88e334752651406efa36b87780298dd4f8b77e40,7,16044,89013,26906
1779275188834496322,fast_tip,A,0x708559dfa8fcc534c953d63de933254a10c04444,4GUY,50000000000000000,82142086710584288,32142086710584288,0.032142,20.67,0.642842,13588,16378,643.23,99378227,99378276,22,1,kol_sell,0x7b1f0be29cda06f278dfd2fd88e334752651406efa36b87780298dd4f8b77e40,7,16044,89013,26906
1779275205466377691,normal_tip,N,0x386626a8c76d32f8e688af00965941ae07864444,FOURLOK,35000000000000000,26443680212229556,-8556319787770449,-0.008556,-5.50,-0.244466,6939,7191,643.23,99378264,99378287,10,1,kol_sell,0x16e84e9f8afa56bd16816253356b4283e67956d2a4740683ae2d50b153e6a70f,1,5952,5952,5433
1779275205466376131,fast_tip,N,0x386626a8c76d32f8e688af00965941ae07864444,FOURLOK,35000000000000000,26443680212229556,-8556319787770449,-0.008556,-5.50,-0.244466,6939,7191,643.23,99378264,99378287,10,1,kol_sell,0x16e84e9f8afa56bd16816253356b4283e67956d2a4740683ae2d50b153e6a70f,1,5952,5952,5433
1779275759534267488,normal_tip,A,0x708559dfa8fcc534c953d63de933254a10c04444,4GUY,32500000000000000,54484496371811528,21984496371811524,0.021984,14.14,0.676446,41896,45929,643.06,99379492,99379638,65,1,kol_sell,0x789053e053cbe92c9a0d19612ee1b21f575c9a1c1bf2a9269f1077d91581c3e2,6,50262,116188,76997
1779275759534265958,fast_tip,A,0x708559dfa8fcc534c953d63de933254a10c04444,4GUY,32500000000000000,54484496371811528,21984496371811524,0.021984,14.14,0.676446,41896,45929,643.06,99379492,99379638,65,1,kol_sell,0x789053e053cbe92c9a0d19612ee1b21f575c9a1c1bf2a9269f1077d91581c3e2,6,50262,116188,76997
1779275949631354471,normal_tip,N,0x009c48d2dc847c297bab91b7cf98ac079b794444,FourGuy,35000000000000000,25329987024389480,-9670012975610522,-0.009670,-6.22,-0.276286,8609,9360,643.22,99379914,99379918,1,1,kol_sell,0x36e4cb5064554c8e3863e8e378e08e5af08fc88d5af9d58cbf07cfcce63a0c3a,2,7251,6632,6774
1779275949631352931,fast_tip,N,0x009c48d2dc847c297bab91b7cf98ac079b794444,FourGuy,35000000000000000,25329987024389480,-9670012975610522,-0.009670,-6.22,-0.276286,8609,9360,643.22,99379914,99379918,2,1,kol_sell,0x36e4cb5064554c8e3863e8e378e08e5af08fc88d5af9d58cbf07cfcce63a0c3a,2,7251,6632,6774
1779275952267088070,fast_tip,A,0x4c5def508c0b6d4c5b7d68326697decc723f4444,大金狗,50000000000000000,80849412150779840,30849412150779840,0.030849,19.83,0.616988,27740,30645,642.90,99379920,99380244,145,1,kol_sell,0x65a96391d80efb55b3a4988c624505c8cff26b0c93c1e00240fe6a0d2426050c,6,45755,66060,49553
1779275952267089450,normal_tip,A,0x4c5def508c0b6d4c5b7d68326697decc723f4444,大金狗,50000000000000000,80849412150779840,30849412150779840,0.030849,19.83,0.616988,27740,30645,642.90,99379920,99380244,146,1,kol_sell,0x65a96391d80efb55b3a4988c624505c8cff26b0c93c1e00240fe6a0d2426050c,6,45755,66060,49553
1779276377023649761,fast_tip,A,0x4c5def508c0b6d4c5b7d68326697decc723f4444,大金狗,32500000000000000,26701791742300280,-5798208257699722,-0.005798,-3.73,-0.178406,50219,56321,642.79,99380863,99381148,128,1,kol_sell,0x6e5e7f7f48b9c7a1ec0828f02642f66379bfe456583160cf78a66437dbb0b96c,2,71624,33753,46273
1779276377023651271,normal_tip,A,0x4c5def508c0b6d4c5b7d68326697decc723f4444,大金狗,32500000000000000,26701791742300280,-5798208257699722,-0.005798,-3.73,-0.178406,50219,56321,642.79,99380863,99381148,128,1,kol_sell,0x6e5e7f7f48b9c7a1ec0828f02642f66379bfe456583160cf78a66437dbb0b96c,2,71624,33753,46273
1779278212304684878,normal_tip,O,0x134ca42eac4d52bf60d189b4b4bc2c05d1457777,MiniVirus,35000000000000000,36491205244338184,1491205244338184,0.001491,0.96,0.042606,7913,331,642.39,99384937,99385036,44,1,kol_sell,0x35e492d98369da2486dd122b88bc264d0800a1da317a9fdef729978b75752172,2,361,329,345
1779278212304682819,fast_tip,O,0x134ca42eac4d52bf60d189b4b4bc2c05d1457777,MiniVirus,35000000000000000,36491205244338184,1491205244338184,0.001491,0.96,0.042606,7913,331,642.39,99384937,99385036,44,1,kol_sell,0x35e492d98369da2486dd122b88bc264d0800a1da317a9fdef729978b75752172,2,361,329,345
1779278687226808276,fast_tip,O,0xa3121c5375b60f5344537e8e4d88ab7873354444,TIMTOM,35000000000000000,24294772999502608,-10705227000497394,-0.010705,-6.89,-0.305864,9145,9967,643.42,99385991,99386058,30,1,kol_sell,0x23cf55c4ba5acc8de78b7058d3b930ff056c7797b9444dc348ccbfe99af9cb6e,1,7573,7573,6918
1779278687226810236,normal_tip,O,0xa3121c5375b60f5344537e8e4d88ab7873354444,TIMTOM,35000000000000000,24294772999502608,-10705227000497394,-0.010705,-6.89,-0.305864,9145,9967,643.42,99385991,99386058,30,1,kol_sell,0x23cf55c4ba5acc8de78b7058d3b930ff056c7797b9444dc348ccbfe99af9cb6e,1,7573,7573,6918
1779278884750475141,normal_tip,C,0x525ff913318e71dc23065265f5d392db20b04444,背手小咪,33055500000000000,73812536748973408,40757036748973408,0.040757,26.21,1.232988,5115,5378,643.15,99386429,99386441,5,1,kol_sell,0x66205565bbfc0750aaffd6ba030eed835b56fe7bdb9b3f9aa40f3cb158c1462a,5,7606,14666,12009
1779278884750472751,fast_tip,C,0x525ff913318e71dc23065265f5d392db20b04444,背手小咪,33055500000000000,73812536748973408,40757036748973408,0.040757,26.21,1.232988,5115,5378,643.15,99386429,99386441,5,1,kol_sell,0x66205565bbfc0750aaffd6ba030eed835b56fe7bdb9b3f9aa40f3cb158c1462a,5,7606,14666,12009
1779278936991260310,fast_tip,A,0x525ff913318e71dc23065265f5d392db20b04444,背手小咪,32500000000000000,31472150067910528,-1027849932089472,-0.001028,-0.66,-0.031626,13066,15150,643.18,99386545,99386567,9,1,kol_sell,0xf7b59fc79322946f13dd4f1695452f241a9402039fc8a9f5e479c6c15a58a29f,3,18212,11166,14671
1779278936991262480,normal_tip,A,0x525ff913318e71dc23065265f5d392db20b04444,背手小咪,32500000000000000,31472150067910528,-1027849932089472,-0.001028,-0.66,-0.031626,13066,15150,643.18,99386545,99386567,10,1,kol_sell,0xf7b59fc79322946f13dd4f1695452f241a9402039fc8a9f5e479c6c15a58a29f,3,18212,11166,14671
1779277897949108078,fast_tip,A,0x3fa61eb8351dd16a53bc5995780b13d3ae6d4444,小火種,32500000000000000,32550965363516012,50965363516009,0.000051,0.03,0.001568,83890,87769,644.54,99335763,99392037,3513,1,kol_sell,0x929cac576a9fb1d5c641dddf67f873c6b923c725a48c9cb90487a2a8431cebda,0,87906,87906,87906
1779277897949116898,normal_tip,A,0x3fa61eb8351dd16a53bc5995780b13d3ae6d4444,小火種,32500000000000000,32550965363516012,50965363516009,0.000051,0.03,0.001568,83890,87769,644.54,99335763,99392037,3513,1,kol_sell,0x929cac576a9fb1d5c641dddf67f873c6b923c725a48c9cb90487a2a8431cebda,0,87906,87906,87906
1779282824121713371,fast_tip,A,0x692df9fb01126bbc8f750539533a3013594dffff,GCC,32500000000000000,35171145562312240,2671145562312238,0.002671,1.72,0.082189,11783,15045,643.57,99395174,99395196,9,1,kol_sell,0x2d5ccd6c59c1ffa11e497e03c443a54a0aa80ede7ff5a0c1fbaf7478b81f71f7,3,15028,19178,16282
1779282824121715041,normal_tip,A,0x692df9fb01126bbc8f750539533a3013594dffff,GCC,32500000000000000,35171145562312240,2671145562312238,0.002671,1.72,0.082189,11783,15045,643.57,99395174,99395196,10,1,kol_sell,0x2d5ccd6c59c1ffa11e497e03c443a54a0aa80ede7ff5a0c1fbaf7478b81f71f7,3,15028,19178,16282
1779285187769395148,fast_tip,A,0xae29ea5203e0ae05dc691f0ad9582a83b0c84444,乌托邦,32500000000000000,29197663002861252,-3302336997138749,-0.003302,-2.12,-0.101610,6277,7850,642.65,99400418,99400436,9,1,kol_sell,0x5d068c8584ecab9097d5281597f402e43347f4e73c8324aa3a4a538f75bbe425,4,7233,4296,7053
1779285187769396488,normal_tip,A,0xae29ea5203e0ae05dc691f0ad9582a83b0c84444,乌托邦,32500000000000000,29197663002861252,-3302336997138749,-0.003302,-2.12,-0.101610,6277,7850,642.65,99400418,99400440,10,1,kol_sell,0x5d068c8584ecab9097d5281597f402e43347f4e73c8324aa3a4a538f75bbe425,4,7233,4296,7053
1779285234724550038,fast_tip,A,0x5bbcf64a9cddd53b444bd55e440562ea4c3b4444,乌托邦,32500000000000000,63435531137470096,30935531137470092,0.030936,19.89,0.951862,5228,6373,643.04,99400522,99400544,10,1,kol_sell,0x9b8ccab3c9a00b22e8c815c6c84003e506f0c300a819a76dd6d266956c9d4653,5,7411,23605,12438
1779285234724551598,normal_tip,A,0x5bbcf64a9cddd53b444bd55e440562ea4c3b4444,乌托邦,32500000000000000,63435531137470096,30935531137470092,0.030936,19.89,0.951862,5228,6373,643.04,99400522,99400547,11,1,kol_sell,0x9b8ccab3c9a00b22e8c815c6c84003e506f0c300a819a76dd6d266956c9d4653,5,7411,23605,12438
1779285840927875033,fast_tip,O,0xa44208b5bfa96d860764cf0cd8556904098e4444,HERMEW,35000000000000000,53000531669404216,18000531669404212,0.018001,11.56,0.514301,4772,5229,642.11,99401866,99401886,10,1,kol_sell,0xbb26c25822e004c05bfe168c75cba46360e409fea3898c2b534529799b71bda2,2,8357,9930,7919
1779285840927876723,normal_tip,O,0xa44208b5bfa96d860764cf0cd8556904098e4444,HERMEW,35000000000000000,53000531669404216,18000531669404212,0.018001,11.56,0.514301,4772,5229,642.11,99401866,99401890,11,1,kol_sell,0xbb26c25822e004c05bfe168c75cba46360e409fea3898c2b534529799b71bda2,2,8357,9930,7919
1779286259894437897,normal_tip,A,0xa44208b5bfa96d860764cf0cd8556904098e4444,HERMEW,32500000000000000,24554468320740072,-7945531679259928,-0.007946,-5.09,-0.244478,5353,6296,640.92,99402795,99403132,153,1,kol_sell,0xb4230d449b04e5b5dfe4b8a6efae148ee1df6f944f33ea1c1e91fce4f28f14ed,1,5229,5229,4757
1779286259894436617,fast_tip,A,0xa44208b5bfa96d860764cf0cd8556904098e4444,HERMEW,32500000000000000,24554468320740072,-7945531679259928,-0.007946,-5.09,-0.244478,5353,6296,640.92,99402795,99403136,154,1,kol_sell,0xb4230d449b04e5b5dfe4b8a6efae148ee1df6f944f33ea1c1e91fce4f28f14ed,1,5229,5229,4757
1779286906847858728,normal_tip,O,0x525ff913318e71dc23065265f5d392db20b04444,背手小咪,35000000000000000,29841365203164632,-5158634796835371,-0.005159,-3.32,-0.147390,31880,33040,644.47,99404227,99404753,238,1,kol_sell,0xb426e2e69df8b88f61fe814340d128004723ec667fbf78ff2b3ecc9cb8eee294,1,28170,28170,28170
1779286906847857128,fast_tip,O,0x525ff913318e71dc23065265f5d392db20b04444,背手小咪,35000000000000000,29841365203164632,-5158634796835371,-0.005159,-3.32,-0.147390,31880,33040,644.47,99404227,99404757,239,1,kol_sell,0xb426e2e69df8b88f61fe814340d128004723ec667fbf78ff2b3ecc9cb8eee294,1,28170,28170,28170
1779287722438904692,normal_tip,A,0x16f646b88918295d9c6bbf2350d1416554704444,Blien,32500000000000000,49188656655727672,16688656655727670,0.016689,10.77,0.513497,6142,7515,645.17,99406034,99406056,11,1,kol_sell,0xb4facf5c34048e82e21c9736f9bfe1687c8cbbdff46831235364234689fd988b,7,9959,11053,11374
1779287722438903682,fast_tip,A,0x16f646b88918295d9c6bbf2350d1416554704444,Blien,32500000000000000,49188656655727672,16688656655727670,0.016689,10.77,0.513497,6142,7515,645.17,99406034,99406059,11,1,kol_sell,0xb4facf5c34048e82e21c9736f9bfe1687c8cbbdff46831235364234689fd988b,7,9959,11053,11374
1779283060842928660,normal_tip,A,0x54e5a38fc4861d381da26a0e658c3605b5687777,区块碰撞,32500000000000000,32500000000000000,0,0.000000,0.00,0.000000,12331,13915,644.97,99393126,99406381,4820,1,kol_sell,0x9e9fb375f879a1d3577afc933df63fd332c8c06221e4ed0fec8a6eef2f3ca7cc,0,13915,13915,13915
1779283060842928320,fast_tip,A,0x54e5a38fc4861d381da26a0e658c3605b5687777,区块碰撞,32500000000000000,32500000000000000,0,0.000000,0.00,0.000000,12331,13915,644.97,99393126,99406385,4820,1,kol_sell,0x9e9fb375f879a1d3577afc933df63fd332c8c06221e4ed0fec8a6eef2f3ca7cc,0,13915,13915,13915
1779288049263611633,fast_tip,C,0x05c7d1c070f3916c14d840b196d51c837eb74444,MEMELON,35000000000000000,25875060211050676,-9124939788949328,-0.009125,-5.88,-0.260713,5203,5906,644.42,99406756,99406772,8,1,kol_sell,0x5d667b2d48b5acf55801ec9a90d25827b01fb73dfda019830375e0896cc27b5f,1,4728,4728,4366
1779288049263613013,normal_tip,C,0x05c7d1c070f3916c14d840b196d51c837eb74444,MEMELON,35000000000000000,25875060211050676,-9124939788949328,-0.009125,-5.88,-0.260713,5203,5906,644.42,99406756,99406775,8,1,kol_sell,0x5d667b2d48b5acf55801ec9a90d25827b01fb73dfda019830375e0896cc27b5f,1,4728,4728,4366
1779288198629963137,normal_tip,C,0x25b95e6ee505a415efaed7fd641e6b362b254444,卧龙,33055500000000000,25510146956879900,-7545353043120102,-0.007545,-4.86,-0.228263,13964,16672,644.71,99407087,99407098,6,1,kol_sell,0x505ab009a2dc72a8d8d624d5f0fa2e5f9838a371b8678cd660000253eb364fe5,4,27440,19957,12866
1779288198629961458,fast_tip,C,0x25b95e6ee505a415efaed7fd641e6b362b254444,卧龙,33055500000000000,25510146956879900,-7545353043120102,-0.007545,-4.86,-0.228263,13964,16672,644.71,99407087,99407102,6,1,kol_sell,0x505ab009a2dc72a8d8d624d5f0fa2e5f9838a371b8678cd660000253eb364fe5,4,27440,19957,12866
1779291298023868317,normal_tip,A,0xa753160d4581b4185af7b426731e748df61a4444,父与子,32500000000000000,26189750769755984,-6310249230244019,-0.006310,-4.09,-0.194162,9337,11722,648.66,99413941,99414034,43,1,kol_sell,0xed9932fcab4028ac4efcb40b9ad94f6fdbf67f763d90885f2400ff8117b4fa6c,2,12084,6984,9446
1779291298023867157,fast_tip,A,0xa753160d4581b4185af7b426731e748df61a4444,父与子,32500000000000000,26189750769755984,-6310249230244019,-0.006310,-4.09,-0.194162,9337,11722,648.66,99413941,99414038,43,1,kol_sell,0xed9932fcab4028ac4efcb40b9ad94f6fdbf67f763d90885f2400ff8117b4fa6c,2,12084,6984,9446
1779291451550968088,normal_tip,N,0xf5e6920294541326646b0a4ca0baef8ed4054444,父与子,35000000000000000,31366558137583760,-3633441862416243,-0.003633,-2.35,-0.103813,7980,7964,648.07,99414281,99414359,36,1,kol_sell,0x3560ef5e7d4ccbc9b31bcdaf19defb79c630ddea409807110f2a90554ac6096f,2,7444,6830,7137
1779291451550966638,fast_tip,N,0xf5e6920294541326646b0a4ca0baef8ed4054444,父与子,35000000000000000,31366558137583760,-3633441862416243,-0.003633,-2.35,-0.103813,7980,7964,648.07,99414281,99414363,37,1,kol_sell,0x3560ef5e7d4ccbc9b31bcdaf19defb79c630ddea409807110f2a90554ac6096f,2,7444,6830,7137
1779291822327230299,normal_tip,A,0x3db58e8b477af36c6256fa7976aa39e1c46f4444,披萨狗,32500000000000000,26711968223738964,-5788031776261037,-0.005788,-3.75,-0.178093,4194,5642,647.19,99415104,99415125,11,1,kol_sell,0xe76c2a08ae9f6ef17b65eae6e4814c04902d53d6c236fd92d0e27bf91d9d2679,2,5454,4162,4637
1779291822327228969,fast_tip,A,0x3db58e8b477af36c6256fa7976aa39e1c46f4444,披萨狗,32500000000000000,26711968223738964,-5788031776261037,-0.005788,-3.75,-0.178093,4194,5642,647.19,99415104,99415129,11,1,kol_sell,0xe76c2a08ae9f6ef17b65eae6e4814c04902d53d6c236fd92d0e27bf91d9d2679,2,5454,4162,4637
1779292321660420450,normal_tip,C,0x80cad91ddb7c4b1a1b5d18aa9df95e2a3f734444,COMPUTA,33055500000000000,19538231549283288,-13517268450716712,-0.013517,-8.77,-0.408926,7945,9726,648.71,99416212,99416220,5,1,kol_sell,0x96ca7caeead04817d16aaa2d63d89ab6c2ea7e6b19836a3347105f5f26c9468c,2,6280,5877,5749
1779292321660419000,fast_tip,C,0x80cad91ddb7c4b1a1b5d18aa9df95e2a3f734444,COMPUTA,33055500000000000,19538231549283288,-13517268450716712,-0.013517,-8.77,-0.408926,7945,9726,648.71,99416212,99416223,5,1,kol_sell,0x96ca7caeead04817d16aaa2d63d89ab6c2ea7e6b19836a3347105f5f26c9468c,2,6280,5877,5749
1779292583887539153,fast_tip,A,0x6bb419542f4074e495e47b7ae9f90cf615dc4444,行业领军者,32500000000000000,34345322883974164,1845322883974161,0.001845,1.20,0.056779,6196,7861,648.64,99416794,99416813,9,1,kol_sell,0x765b37362acd9e0c2b6aaa2c30739f1933efe20b0c88a1a7adb750f47e08df7b,3,10254,4255,8307
1779292583887540763,normal_tip,A,0x6bb419542f4074e495e47b7ae9f90cf615dc4444,行业领军者,32500000000000000,34345322883974164,1845322883974161,0.001845,1.20,0.056779,6196,7861,648.64,99416794,99416816,10,1,kol_sell,0x765b37362acd9e0c2b6aaa2c30739f1933efe20b0c88a1a7adb750f47e08df7b,3,10254,4255,8307
1779292604950514919,normal_tip,A,0x64e6bd65568a23e0fa8a4958983c1d17f16d4444,行业领军者,60000000000000000,28289705394889828,-31710294605110172,-0.031710,-20.57,-0.528505,12416,13330,648.69,99416841,99416863,10,1,kol_sell,0xb40273e17524c1f077e38442baffa29e8ae2cbc58cc01613e49e598b579c09c5,1,6592,6592,6285
1779292604950513469,fast_tip,A,0x64e6bd65568a23e0fa8a4958983c1d17f16d4444,行业领军者,60000000000000000,28289705394889828,-31710294605110172,-0.031710,-20.57,-0.528505,12416,13330,648.69,99416841,99416865,11,1,kol_sell,0xb40273e17524c1f077e38442baffa29e8ae2cbc58cc01613e49e598b579c09c5,1,6592,6592,6285
1779292624795481791,normal_tip,A,0x64e6bd65568a23e0fa8a4958983c1d17f16d4444,行业领军者,32500000000000000,39445307689236360,6945307689236360,0.006945,4.51,0.213702,6818,8572,648.69,99416885,99416911,12,1,kol_sell,0x0945358cd9f7ca190802d2a88258f1f6e67aee5af1f0179a6f90ae4fbfcc1a0f,2,10029,11516,10403
1779292624795480101,fast_tip,A,0x64e6bd65568a23e0fa8a4958983c1d17f16d4444,行业领军者,32500000000000000,39445307689236360,6945307689236360,0.006945,4.51,0.213702,6818,8572,648.69,99416885,99416912,12,1,kol_sell,0x0945358cd9f7ca190802d2a88258f1f6e67aee5af1f0179a6f90ae4fbfcc1a0f,2,10029,11516,10403
1779292984261029625,normal_tip,A,0x6f82ffa491c283dd74b09c94071392afc76b4444,EX677,32500000000000000,49749250846035224,17249250846035222,0.017249,11.19,0.530746,11008,12144,648.51,99417682,99417761,37,1,kol_sell,0xcd56c7f07bc24f51fbd8c49edf3ebb2504d6a3d790044f1dd33286915f350803,3,14033,25661,18589
1779292984261028505,fast_tip,A,0x6f82ffa491c283dd74b09c94071392afc76b4444,EX677,32500000000000000,49749250846035224,17249250846035222,0.017249,11.19,0.530746,11008,12144,648.51,99417682,99417764,37,1,kol_sell,0xcd56c7f07bc24f51fbd8c49edf3ebb2504d6a3d790044f1dd33286915f350803,3,14033,25661,18589
1779293102440246560,fast_tip,C,0x205f39c39f5fe15d4ef000aeb835de8deb264444,14,50000000000000000,63769939091036840,13769939091036840,0.013770,8.93,0.275399,131532,143662,648.64,99417944,99418059,52,1,kol_sell,0x3024a2c398cb717318dd4abc35e472aa5450546b9da292676e04d50949248b0f,3,207335,161032,183227
1779293102440247700,normal_tip,C,0x205f39c39f5fe15d4ef000aeb835de8deb264444,14,50000000000000000,63769939091036840,13769939091036840,0.013770,8.93,0.275399,131532,143662,648.64,99417944,99418060,52,1,kol_sell,0x3024a2c398cb717318dd4abc35e472aa5450546b9da292676e04d50949248b0f,3,207335,161032,183227
1779293197340772458,normal_tip,N,0x6f82ffa491c283dd74b09c94071392afc76b4444,EX677,35000000000000000,28561827234608540,-6438172765391464,-0.006438,-4.18,-0.183948,41549,41979,648.64,99418155,99418172,8,1,kol_sell,0xff1937123f93c0120f13040dff5e8dfbe1833f970ccf8aebdc70319e033a8eae,1,37199,37199,34257
1779293197340771068,fast_tip,N,0x6f82ffa491c283dd74b09c94071392afc76b4444,EX677,35000000000000000,28561827234608540,-6438172765391464,-0.006438,-4.18,-0.183948,41549,41979,648.64,99418155,99418175,9,1,kol_sell,0xff1937123f93c0120f13040dff5e8dfbe1833f970ccf8aebdc70319e033a8eae,1,37199,37199,34257
1779293322421638872,normal_tip,O,0x525ff913318e71dc23065265f5d392db20b04444,背手小咪,35000000000000000,33399913928277680,-1600086071722323,-0.001600,-1.04,-0.045717,17686,18040,648.57,99418433,99418481,23,1,kol_sell,0xf49f0a2fb58d733f707febbec94f72b5b7e895a3984d7cb4b34efa393685f1fb,1,17215,17215,17215
1779293322421637602,fast_tip,O,0x525ff913318e71dc23065265f5d392db20b04444,背手小咪,35000000000000000,33399913928277680,-1600086071722323,-0.001600,-1.04,-0.045717,17686,18040,648.57,99418433,99418485,23,1,kol_sell,0xf49f0a2fb58d733f707febbec94f72b5b7e895a3984d7cb4b34efa393685f1fb,1,17215,17215,17215
1779294153950082114,fast_tip,A,0x47dbf9797f0a9b68e8d328e1f059c3f60052f3e0,AYLA,32500000000000000,28970576279258056,-3529423720741945,-0.003529,-2.28,-0.108598,6798,7920,646.53,99420276,99420315,19,1,kol_sell,0xb4303bfb4a122d38d48766da865a975c657b889d0773dfd44093b382ab213cf9,1,7634,7634,7060
1779294153950083484,normal_tip,A,0x47dbf9797f0a9b68e8d328e1f059c3f60052f3e0,AYLA,32500000000000000,28970576279258056,-3529423720741945,-0.003529,-2.28,-0.108598,6798,7920,646.53,99420276,99420319,19,1,kol_sell,0xb4303bfb4a122d38d48766da865a975c657b889d0773dfd44093b382ab213cf9,1,7634,7634,7060
1779294567116956406,normal_tip,C,0x06a96044e8b835812359ad9e7c4c0a8847c84444,OPAI,35000000000000000,40307224425708912,5307224425708912,0.005307,3.43,0.151635,9653,11467,646.02,99421188,99421305,54,1,kol_sell,0x42c35e31eee92c2466151374ea4cb07296c77f6caf0a18df01f6f81ab4b1c0e1,2,13733,13134,13206
1779294567116955206,fast_tip,C,0x06a96044e8b835812359ad9e7c4c0a8847c84444,OPAI,35000000000000000,40307224425708912,5307224425708912,0.005307,3.43,0.151635,9653,11467,646.02,99421188,99421308,54,1,kol_sell,0x42c35e31eee92c2466151374ea4cb07296c77f6caf0a18df01f6f81ab4b1c0e1,2,13733,13134,13206
1779294522642402989,fast_tip,N,0x86f9568b62d20dd1a5e6ddab526be988d9e04444,Froge,40000000000000000,29494377800702840,-10505622199297162,-0.010506,-6.79,-0.262641,43218,44374,646.15,99421090,99421465,170,1,kol_sell,0x90c5bb097f2635cc8d813251924bac9b1716b14049c14470233587463af7588c,1,34320,34320,32719
1779294522642404119,normal_tip,N,0x86f9568b62d20dd1a5e6ddab526be988d9e04444,Froge,40000000000000000,29494377800702840,-10505622199297162,-0.010506,-6.79,-0.262641,43218,44374,646.15,99421090,99421466,170,1,kol_sell,0x90c5bb097f2635cc8d813251924bac9b1716b14049c14470233587463af7588c,1,34320,34320,32719
1779294910808946169,fast_tip,A,0x06a96044e8b835812359ad9e7c4c0a8847c84444,OPAI,32500000000000000,29464050402037028,-3035949597962974,-0.003036,-1.96,-0.093414,13708,15332,646.23,99421947,99422072,58,1,kol_sell,0xae722a58e77f89fb22c4ad33e00248c8057ec724a8d560d6094e939afb83fe03,1,14802,14802,13900
1779294910808947839,normal_tip,A,0x06a96044e8b835812359ad9e7c4c0a8847c84444,OPAI,32500000000000000,29464050402037028,-3035949597962974,-0.003036,-1.96,-0.093414,13708,15332,646.23,99421947,99422076,58,1,kol_sell,0xae722a58e77f89fb22c4ad33e00248c8057ec724a8d560d6094e939afb83fe03,1,14802,14802,13900
1779293784669885353,fast_tip,C,0x0660b88b7c2b8cc484d2d18a3252d29a529b4444,方师傅,35000000000000000,35000000000000004,0,0.000000,0.00,0.000000,13944,16233,648.74,99419458,99428262,3994,1,timeout,0x508d91ccde989341149e9030aec35dd58ce7ab5e8d849b687b0a02ddb4f00cee,0,16233,16233,16233
1779293784669886563,normal_tip,C,0x0660b88b7c2b8cc484d2d18a3252d29a529b4444,方师傅,35000000000000000,35000000000000004,0,0.000000,0.00,0.000000,13944,16233,648.74,99419458,99428265,3994,1,timeout,0x508d91ccde989341149e9030aec35dd58ce7ab5e8d849b687b0a02ddb4f00cee,0,16233,16233,16233
1779298430902968695,normal_tip,C,0x5ceaec9266a7d646a186e3f50cdef1906ee34444,CMC,33055500000000000,25156734527038988,-7898765472961013,-0.007899,-5.13,-0.238955,7720,9219,649.49,99429703,99429742,18,1,kol_sell,0xff1fd4f6b73443a985b193871680ad993b057ed3e978a4543078819a1e0fa27a,1,7589,7589,7016
1779298430902967685,fast_tip,C,0x5ceaec9266a7d646a186e3f50cdef1906ee34444,CMC,33055500000000000,25156734527038988,-7898765472961013,-0.007899,-5.13,-0.238955,7720,9219,649.49,99429703,99429745,19,1,kol_sell,0xff1fd4f6b73443a985b193871680ad993b057ed3e978a4543078819a1e0fa27a,1,7589,7589,7016
1779298768262330401,normal_tip,C,0x5ceaec9266a7d646a186e3f50cdef1906ee34444,CMC,50000000000000000,69798426763540072,19798426763540072,0.019798,12.87,0.395969,25384,27415,649.91,99430448,99430511,29,1,kol_sell,0x87a6ba3237e2d7a17a51333c14cc52edaa6183253502863f5fa3e4791efc4b5d,2,36597,55730,38270
1779298768262328931,fast_tip,C,0x5ceaec9266a7d646a186e3f50cdef1906ee34444,CMC,50000000000000000,69798426763540072,19798426763540072,0.019798,12.87,0.395969,25395,27426,650.18,99430448,99430514,30,1,kol_sell,0x87a6ba3237e2d7a17a51333c14cc52edaa6183253502863f5fa3e4791efc4b5d,2,36612,55753,38286
1779298942242293623,normal_tip,C,0x5ceaec9266a7d646a186e3f50cdef1906ee34444,CMC,50000000000000000,117494864216134432,67494864216134432,0.067495,43.88,1.349897,42390,48654,650.05,99430833,99431017,83,1,kol_sell,0x15f65879f4bf12e369ac128231478f69906c7769e485bb35083b26456673d612,5,55742,400764,114331
1779298942242292333,fast_tip,C,0x5ceaec9266a7d646a186e3f50cdef1906ee34444,CMC,50000000000000000,117494864216134432,67494864216134432,0.067495,43.88,1.349897,42390,48654,650.05,99430833,99431018,84,1,kol_sell,0x15f65879f4bf12e369ac128231478f69906c7769e485bb35083b26456673d612,5,55742,400764,114331
1779298951383133975,fast_tip,N,0x5ceaec9266a7d646a186e3f50cdef1906ee34444,CMC,100000000000000000,493553593710764416,393553593710764352,0.393554,255.81,3.935536,49356,52651,650.00,99430853,99431434,263,1,kol_sell,0x35d486617fe36e3cabb5ee5eb505e6c71941531f6a9c1bbcabc46ae845232312,9,86144,584381,259859
1779298951383135584,normal_tip,N,0x5ceaec9266a7d646a186e3f50cdef1906ee34444,CMC,100000000000000000,493553593710764416,393553593710764352,0.393554,255.81,3.935536,49356,52651,650.00,99430853,99431435,264,1,kol_sell,0x35d486617fe36e3cabb5ee5eb505e6c71941531f6a9c1bbcabc46ae845232312,9,86144,584381,259859
1779299871168025673,normal_tip,N,0x2cebd55df463c33a3586ed56cc9ca0c664454444,CQC,40000000000000000,51047218294485760,11047218294485760,0.011047,7.17,0.276180,4547,4547,648.97,99432886,99432897,6,1,kol_sell,0xacc4c22c3bc0130f76a0702dd594bae3cd399bd4dc100bdeaa27825b7a1a51a1,5,4758,4919,5803
1779299871168024003,fast_tip,N,0x2cebd55df463c33a3586ed56cc9ca0c664454444,CQC,40000000000000000,51047218294485760,11047218294485760,0.011047,7.17,0.276180,4547,4547,648.97,99432886,99432900,6,1,kol_sell,0xacc4c22c3bc0130f76a0702dd594bae3cd399bd4dc100bdeaa27825b7a1a51a1,5,4758,4919,5803
1779300194889729458,fast_tip,N,0x8851d5b9d6f6ee0240c100de184d3c2f97c84444,CMC,40000000000000000,35926793489613544,-4073206510386458,-0.004073,-2.64,-0.101830,4960,4960,649.36,99433600,99433614,7,1,kol_sell,0x2a879bebf3b9dbe7fdb16462c737a1eeeccabf6fb2810b2e451af9518c4930a7,3,4737,4374,4455
1779300194889730858,normal_tip,N,0x8851d5b9d6f6ee0240c100de184d3c2f97c84444,CMC,40000000000000000,35926793489613544,-4073206510386458,-0.004073,-2.64,-0.101830,4960,4960,649.36,99433600,99433617,8,1,kol_sell,0x2a879bebf3b9dbe7fdb16462c737a1eeeccabf6fb2810b2e451af9518c4930a7,3,4737,4374,4455
1779300210776720523,normal_tip,G,0x39414de231a9e3e14eb7e2e3945760f484444444,BNBAGENT,50000000000000000,34877934347635504,-15122065652364500,-0.015122,-9.82,-0.302441,5818,7098,649.09,99433635,99433650,7,1,kol_sell,0xfdb39e2469482b71d4a3c2f628b31c31ca6c96cf36db05559bad8430ae50bb6e,2,5741,4569,4952
1779300210776719293,fast_tip,G,0x39414de231a9e3e14eb7e2e3945760f484444444,BNBAGENT,50000000000000000,34877934347635504,-15122065652364500,-0.015122,-9.82,-0.302441,5818,7098,649.09,99433635,99433652,7,1,kol_sell,0xfdb39e2469482b71d4a3c2f628b31c31ca6c96cf36db05559bad8430ae50bb6e,2,5741,4569,4952
1779300234430647929,normal_tip,N,0xae31a269f67ace763b61e941202344787bad4444,CMC,35000000000000000,27114635738237424,-7885364261762579,-0.007885,-5.12,-0.225296,42223,52635,649.09,99433687,99433708,10,1,kol_sell,0x0b7eb05606a888d25afae1f208eb55d83f658e98a3589575cca6524a9b29e77e,3,66636,13168,40776
1779300234430646619,fast_tip,N,0xae31a269f67ace763b61e941202344787bad4444,CMC,35000000000000000,27114635738237424,-7885364261762579,-0.007885,-5.12,-0.225296,42223,52635,649.09,99433687,99433709,10,1,kol_sell,0x0b7eb05606a888d25afae1f208eb55d83f658e98a3589575cca6524a9b29e77e,3,66636,13168,40776
1779300333771198980,fast_tip,C,0xae31a269f67ace763b61e941202344787bad4444,CMC,35000000000000000,65514219397230632,30514219397230632,0.030514,19.80,0.871835,49365,51641,649.04,99433906,99433946,18,1,kol_sell,0xc8b3e45fe5d2be12350743fc7aa484c208233a5dd3dc585b882fbc3a6900a8d1,2,92070,96524,96663
1779300333771200000,normal_tip,C,0xae31a269f67ace763b61e941202344787bad4444,CMC,35000000000000000,65514219397230632,30514219397230632,0.030514,19.80,0.871835,49365,51641,649.04,99433906,99433947,18,1,kol_sell,0xc8b3e45fe5d2be12350743fc7aa484c208233a5dd3dc585b882fbc3a6900a8d1,2,92070,96524,96663
1779300424417183776,fast_tip,C,0x48b41487d5deff883eb46d6d3d16ed74dbb01cb8,CMC,50000000000000000,51953632568167912,1953632568167912,0.001954,1.27,0.039073,12814,14358,648.85,99434106,99434119,7,1,kol_sell,0x193ae302838fab0c8db8c754d2fbe74bbf40fdd10b80f86589decf1542eea965,3,16575,15981,14919
1779300424417184756,normal_tip,C,0x48b41487d5deff883eb46d6d3d16ed74dbb01cb8,CMC,50000000000000000,51953632568167912,1953632568167912,0.001954,1.27,0.039073,12814,14358,648.85,99434106,99434123,7,1,kol_sell,0x193ae302838fab0c8db8c754d2fbe74bbf40fdd10b80f86589decf1542eea965,3,16575,15981,14919
1779300614779435237,fast_tip,M,0x5ceaec9266a7d646a186e3f50cdef1906ee34444,CMC,40000000000000000,98682748720414304,58682748720414296,0.058683,38.08,1.467069,237486,239030,648.96,99433297,99434566,18,1,kol_sell,0x236c87489e40e2c8da5d26ad9652ac93e8747bdcb6c6382437eac465eaf864dd,2,484350,599267,589704
1779300614779414508,normal_tip,M,0x5ceaec9266a7d646a186e3f50cdef1906ee34444,CMC,40000000000000000,98682748720414304,58682748720414296,0.058683,38.08,1.467069,237486,239030,648.96,99433297,99434567,18,1,kol_sell,0x236c87489e40e2c8da5d26ad9652ac93e8747bdcb6c6382437eac465eaf864dd,2,484350,599267,589704
1779300614779433797,fast_tip,C,0x6f82ffa491c283dd74b09c94071392afc76b4444,EX677,33055500000000000,27868543356886820,-5186956643113180,-0.005187,-3.37,-0.156917,21496,23434,648.87,99433634,99434594,31,1,kol_sell,0x621171adf03632094fff6dc8cd2a966f5227ab8dda2154f149af2cec1ec2136f,1,20895,20895,19757
1779300614779415338,normal_tip,C,0x6f82ffa491c283dd74b09c94071392afc76b4444,EX677,33055500000000000,27868543356886820,-5186956643113180,-0.005187,-3.37,-0.156917,21496,23434,648.87,99433634,99434595,31,1,kol_sell,0x621171adf03632094fff6dc8cd2a966f5227ab8dda2154f149af2cec1ec2136f,1,20895,20895,19757
1779300962606048251,fast_tip,C,0xae31a269f67ace763b61e941202344787bad4444,CMC,35000000000000000,26442586494220340,-8557413505779665,-0.008557,-5.55,-0.244498,105671,111933,648.90,99435294,99435522,103,1,kol_sell,0x1b324b4df67c8fec8cf9e6a701979195e0c808082de93972f874c9a57aa5610d,1,91144,91144,84566
1779300962606049611,normal_tip,C,0xae31a269f67ace763b61e941202344787bad4444,CMC,35000000000000000,26442586494220340,-8557413505779665,-0.008557,-5.55,-0.244498,105671,111933,648.90,99435294,99435523,103,1,kol_sell,0x1b324b4df67c8fec8cf9e6a701979195e0c808082de93972f874c9a57aa5610d,1,91144,91144,84566
1779301754161826584,normal_tip,C,0x5f225300989c75cc315d1e9669ca0b9105db5709,CMC,50000000000000000,59424784827455960,9424784827455956,0.009425,6.11,0.188496,79623,87905,648.79,99437045,99437846,363,1,kol_sell,0xe74d3546a2c498942b77cb450d3b228a9b506caf796618667cd05457a38a00ef,3,141760,54457,104475
1779301754161825255,fast_tip,C,0x5f225300989c75cc315d1e9669ca0b9105db5709,CMC,50000000000000000,59424784827455960,9424784827455956,0.009425,6.11,0.188496,79623,87905,648.79,99437045,99437847,363,1,kol_sell,0xe74d3546a2c498942b77cb450d3b228a9b506caf796618667cd05457a38a00ef,3,141760,54457,104475
1779302698824485733,fast_tip,C,0x3fa61eb8351dd16a53bc5995780b13d3ae6d4444,小火種,50000000000000000,52740061037958416,2740061037958416,0.002740,1.78,0.054801,171971,181627,648.03,99439133,99439391,117,1,kol_sell,0xc093745fe45fe778402d7ea646b33d4bdf360ff6e4b474ad21383f369f080c8e,3,214972,186048,191580
1779302698824487063,normal_tip,C,0x3fa61eb8351dd16a53bc5995780b13d3ae6d4444,小火種,50000000000000000,52740061037958416,2740061037958416,0.002740,1.78,0.054801,171971,181627,648.03,99439133,99439392,117,1,kol_sell,0xc093745fe45fe778402d7ea646b33d4bdf360ff6e4b474ad21383f369f080c8e,3,214972,186048,191580
1779304513522780137,normal_tip,N,0x9b4944d94cf2d78dda99f3f2a1dc68fc4db84444,Arnold,35000000000000000,37976157084443440,2976157084443438,0.002976,1.93,0.085033,13604,17580,648.17,99443153,99443209,26,1,kol_sell,0x3828f2eae603e0818c0833a11346e8dd1be0225c7aea9336da8ae3183ed6838c,2,26307,14061,19075
1779304513522779058,fast_tip,N,0x9b4944d94cf2d78dda99f3f2a1dc68fc4db84444,Arnold,35000000000000000,37976157084443440,2976157084443438,0.002976,1.93,0.085033,13604,17580,648.17,99443153,99443212,26,1,kol_sell,0x3828f2eae603e0818c0833a11346e8dd1be0225c7aea9336da8ae3183ed6838c,2,26307,14061,19075
1779304633399777819,fast_tip,N,0xca5c286cee3cc5e9dbfb55ce92cde7c966c14444,乐观,40000000000000000,33088624702019712,-6911375297980291,-0.006911,-4.48,-0.172784,4290,5068,647.99,99443419,99443422,2,1,kol_sell,0xe0686dc04b9d65c59d56ffae373f65a4e78e81efc3b991e1e9a82b1abb61e1c3,2,4788,3876,4192
1779304633399778909,normal_tip,N,0xca5c286cee3cc5e9dbfb55ce92cde7c966c14444,乐观,40000000000000000,33088624702019712,-6911375297980291,-0.006911,-4.48,-0.172784,4290,5068,647.99,99443419,99443425,2,1,kol_sell,0xe0686dc04b9d65c59d56ffae373f65a4e78e81efc3b991e1e9a82b1abb61e1c3,2,4788,3876,4192
1779304642527236382,fast_tip,B,0xcff990e01374c1c3ad76fe89c19b0c17d1cd4444,Optimistic,70000000000000000,108887134000037088,38887134000037088,0.038887,25.21,0.555530,15203,25021,648.20,99443439,99443454,7,2,kol_sell,0xe3b3466254584d7d89f877ed27575150e04d874e0293b1dab4ab96e666462c49,8,38673,26056,38921
1779304642527237691,normal_tip,B,0xcff990e01374c1c3ad76fe89c19b0c17d1cd4444,Optimistic,70000000000000000,108887134000037088,38887134000037088,0.038887,25.21,0.555530,15203,25021,648.20,99443439,99443455,7,2,kol_sell,0xe3b3466254584d7d89f877ed27575150e04d874e0293b1dab4ab96e666462c49,8,38673,26056,38921
1779304660584235954,fast_tip,N,0x3e3a1f78aa1f80b1079aec241ca48b0312fe4444,乐观的人,35000000000000000,42569601827520984,7569601827520978,0.007570,4.91,0.216274,19967,20977,648.17,99443479,99443511,15,1,kol_sell,0xe8987816c4114e64a0f7730e5f58e9c045cc9ea6ed7cb3af7bdbb1feb70a48a6,1,26753,26753,25514
1779304660584237674,normal_tip,N,0x3e3a1f78aa1f80b1079aec241ca48b0312fe4444,乐观的人,35000000000000000,42569601827520984,7569601827520978,0.007570,4.91,0.216274,19967,20977,648.17,99443479,99443514,15,1,kol_sell,0xe8987816c4114e64a0f7730e5f58e9c045cc9ea6ed7cb3af7bdbb1feb70a48a6,1,26753,26753,25514
1779304640301563752,normal_tip,I,0xcff990e01374c1c3ad76fe89c19b0c17d1cd4444,Optimistic,50000000000000000,47958638280399776,-2041361719600225,-0.002041,-1.32,-0.040827,11440,17055,648.17,99443434,99443514,36,1,kol_sell,0xcbe3c2e6790b8bd1835ed6b8f22ca7d52146ca991f37cf0d74a5bfeb1db95e4b,2,23469,16172,16359
1779304640301562462,fast_tip,I,0xcff990e01374c1c3ad76fe89c19b0c17d1cd4444,Optimistic,50000000000000000,47958638280399776,-2041361719600225,-0.002041,-1.32,-0.040827,11440,17055,648.17,99443434,99443515,36,1,kol_sell,0xcbe3c2e6790b8bd1835ed6b8f22ca7d52146ca991f37cf0d74a5bfeb1db95e4b,2,23469,16172,16359
1779304737758607125,fast_tip,N,0x71c7c2197c1ee20ac386d631bf48a66c456c4444,OG,40000000000000000,67123401651765152,27123401651765156,0.027123,17.58,0.678085,7638,6699,648.30,99443650,99443654,2,1,kol_sell,0x0c5129380ac49413c04cce62273da53e9e718c3049ffb84e8e3b9d8763b5f75a,3,6008,47885,11242
1779304737758608204,normal_tip,N,0x71c7c2197c1ee20ac386d631bf48a66c456c4444,OG,40000000000000000,67123401651765152,27123401651765156,0.027123,17.58,0.678085,7638,6699,648.30,99443650,99443657,2,1,kol_sell,0x0c5129380ac49413c04cce62273da53e9e718c3049ffb84e8e3b9d8763b5f75a,3,6008,47885,11242
1779304842443085821,normal_tip,C,0x71c7c2197c1ee20ac386d631bf48a66c456c4444,OG,50000000000000000,62294919719905368,12294919719905366,0.012295,7.98,0.245898,33109,36001,649.19,99443883,99444023,63,1,kol_sell,0xbcb28bbe6bd4ad87ae84c8f38ef2e43b765958bc4f279845fb655e00b9d0c372,3,52401,37204,44853
1779304842443072931,fast_tip,C,0x71c7c2197c1ee20ac386d631bf48a66c456c4444,OG,50000000000000000,62294919719905368,12294919719905366,0.012295,7.98,0.245898,33109,36001,649.19,99443883,99444024,63,1,kol_sell,0xbcb28bbe6bd4ad87ae84c8f38ef2e43b765958bc4f279845fb655e00b9d0c372,3,52401,37204,44853
1779304886370164241,fast_tip,A,0x71c7c2197c1ee20ac386d631bf48a66c456c4444,OG,32500000000000000,27042949362934000,-5457050637066002,-0.005457,-3.54,-0.167909,51877,55515,649.19,99443980,99444062,37,1,kol_sell,0xd106a3be7f2a7c2fa94c5dce505fdd2c8b4ed6ea51fe95dffb3421531e1e61c2,4,61211,8142,46193
1779304886370165531,normal_tip,A,0x71c7c2197c1ee20ac386d631bf48a66c456c4444,OG,32500000000000000,27042949362934000,-5457050637066002,-0.005457,-3.54,-0.167909,51877,55515,649.19,99443980,99444063,37,1,kol_sell,0xd106a3be7f2a7c2fa94c5dce505fdd2c8b4ed6ea51fe95dffb3421531e1e61c2,4,61211,8142,46193
1779304912260305549,fast_tip,E,0x71c7c2197c1ee20ac386d631bf48a66c456c4444,OG,56250000000000000,50583267554109336,-5666732445890665,-0.005667,-3.68,-0.100742,45394,52639,649.19,99444038,99444064,11,1,kol_sell,0xb432a9e149c5435581e44c11377cf0970ae697cf9f5ad9d17ba85c4c99cdff8a,4,60993,8252,47336
1779304912260311879,normal_tip,E,0x71c7c2197c1ee20ac386d631bf48a66c456c4444,OG,56250000000000000,50583267554109336,-5666732445890665,-0.005667,-3.68,-0.100742,45394,52639,649.19,99444038,99444064,11,1,kol_sell,0xb432a9e149c5435581e44c11377cf0970ae697cf9f5ad9d17ba85c4c99cdff8a,4,60993,8252,47336
1779305102642855270,fast_tip,A,0x71c7c2197c1ee20ac386d631bf48a66c456c4444,OG,32500000000000000,18395852092811512,-14104147907188488,-0.014104,-9.16,-0.433974,35909,39641,649.38,99444461,99445231,347,1,kol_sell,0x231ac89eeec6e7ba9b9ba9ec6dc5cb9758116dbcdaf772784cbbe04bb3604c1c,2,42147,9087,22438
1779305102642856910,normal_tip,A,0x71c7c2197c1ee20ac386d631bf48a66c456c4444,OG,32500000000000000,18395852092811512,-14104147907188488,-0.014104,-9.16,-0.433974,35909,39641,649.38,99444461,99445232,347,1,kol_sell,0x231ac89eeec6e7ba9b9ba9ec6dc5cb9758116dbcdaf772784cbbe04bb3604c1c,2,42147,9087,22438
1779305670128102166,fast_tip,N,0x5e125dddfd01084addd469188f3fb436c1724444,ATOS,40000000000000000,27325066362045704,-12674933637954296,-0.012675,-8.23,-0.316873,6020,7081,649.16,99445720,99445814,43,1,kol_sell,0x07ecea58893bbabf785536c0995d6405ba31bbf5ea88601b4bab2d1bad491f60,2,5654,4484,4838
1779305670128103656,normal_tip,N,0x5e125dddfd01084addd469188f3fb436c1724444,ATOS,40000000000000000,27325066362045704,-12674933637954296,-0.012675,-8.23,-0.316873,6020,7081,649.16,99445720,99445817,43,1,kol_sell,0x07ecea58893bbabf785536c0995d6405ba31bbf5ea88601b4bab2d1bad491f60,2,5654,4484,4838
1779305928678860326,normal_tip,L,0x9b4944d94cf2d78dda99f3f2a1dc68fc4db84444,Arnold,50000000000000000,60000729894772424,10000729894772422,0.010001,6.50,0.200015,17853,17853,649.78,99446294,99447089,360,1,kol_sell,0x90161881c8330d0fd9373a7fd19818eb30a75da580610bc80cdc957d44866bf7,1,21423,21423,21423
1779305928678858696,fast_tip,L,0x9b4944d94cf2d78dda99f3f2a1dc68fc4db84444,Arnold,50000000000000000,60000729894772424,10000729894772422,0.010001,6.50,0.200015,17853,17853,649.78,99446294,99447093,360,1,kol_sell,0x90161881c8330d0fd9373a7fd19818eb30a75da580610bc80cdc957d44866bf7,1,21423,21423,21423
1779303056402393323,normal_tip,C,0xcdbb0d64333febb294380b99931e1e938f304444,CZ,35000000000000000,35000000000000004,0,0.000000,0.00,0.000000,4732,4732,649.94,99439922,99448617,3921,1,timeout,0xd9b2aad9b5754f6727ef30201f4db606cae6b55b84e46dbc54efa1c7ff875428,0,4732,4732,4732
1779303056402392133,fast_tip,C,0xcdbb0d64333febb294380b99931e1e938f304444,CZ,35000000000000000,35000000000000004,0,0.000000,0.00,0.000000,4732,4732,649.94,99439922,99448621,3921,1,timeout,0xd9b2aad9b5754f6727ef30201f4db606cae6b55b84e46dbc54efa1c7ff875428,0,4732,4732,4732
1779307315619042315,normal_tip,I,0xb5fbe9ad457305646366ad1bdf7f9267dffa4444,MEMES,150000000000000000,275058127670510528,125058127670510528,0.125058,81.22,0.833721,8554,19606,649.46,99449368,99449374,3,1,kol_sell,0xec3bae15be2c86f018f4c06eae0e4c22639d6469e677519b3e9ebab274fe4f6b,23,17929,46610,35951
1779307315619040746,fast_tip,I,0xb5fbe9ad457305646366ad1bdf7f9267dffa4444,MEMES,150000000000000000,275058127670510528,125058127670510528,0.125058,81.22,0.833721,8554,19606,649.46,99449368,99449377,4,1,kol_sell,0xec3bae15be2c86f018f4c06eae0e4c22639d6469e677519b3e9ebab274fe4f6b,23,17929,46610,35951
1779307331972499936,fast_tip,H,0xb5fbe9ad457305646366ad1bdf7f9267dffa4444,MEMES,600000000000000000,234040829693213664,-365959170306786304,-0.365959,-237.68,-0.609932,61446,61446,649.46,99449405,99449431,12,1,kol_sell,0xeb2b8f10cfbe4d9d9f536ca4040164361972699c6f0e45ff1b32028190a49ed1,1,29701,29701,23968
1779307331972501416,normal_tip,H,0xb5fbe9ad457305646366ad1bdf7f9267dffa4444,MEMES,600000000000000000,234040829693213664,-365959170306786304,-0.365959,-237.68,-0.609932,61446,61446,649.46,99449405,99449433,12,1,kol_sell,0xeb2b8f10cfbe4d9d9f536ca4040164361972699c6f0e45ff1b32028190a49ed1,1,29701,29701,23968
1779307316533236195,normal_tip,N,0xb5fbe9ad457305646366ad1bdf7f9267dffa4444,MEMES,40000000000000000,70941896862055352,30941896862055348,0.030942,20.10,0.773547,14999,20255,649.46,99449371,99449442,32,1,kol_sell,0xeb9589c5f623c2930f0cacb958255ce2f1e3a162f7801988fb3e1c295c520f1c,2,33543,41799,35922
1779307316533234755,fast_tip,N,0xb5fbe9ad457305646366ad1bdf7f9267dffa4444,MEMES,40000000000000000,70941896862055352,30941896862055348,0.030942,20.10,0.773547,14999,20255,649.46,99449371,99449443,32,1,kol_sell,0xeb9589c5f623c2930f0cacb958255ce2f1e3a162f7801988fb3e1c295c520f1c,2,33543,41799,35922
1779300614779434977,fast_tip,O,0xfc4411996e47f07fee0bcc83290ac3f88fe14444,幸运刮刮乐,35000000000000000,35000000000000004,0,0.000000,0.00,0.000000,17350,18440,648.86,99351493,99481075,20996,1,timeout,0x54de145f39750399e870af327ff7e62ea0aec97f43a6034f274a67393333ba11,0,18440,18440,18440
1779300614779433457,normal_tip,O,0xfc4411996e47f07fee0bcc83290ac3f88fe14444,幸运刮刮乐,35000000000000000,35000000000000004,0,0.000000,0.00,0.000000,17350,18440,648.86,99351493,99481078,20996,1,timeout,0x54de145f39750399e870af327ff7e62ea0aec97f43a6034f274a67393333ba11,0,18440,18440,18440
1779328906410429759,fast_tip,A,0x20644a40f5b4b95f5dc96dc34b2a0e696f2f4444,STARMAN,32500000000000000,38114647714914000,5614647714913996,0.005615,3.66,0.172758,12538,13541,652.34,99497259,99497758,226,1,kol_sell,0x39e2d9848a68410bc278c035176d3d570bd850224006c93b79c67550fe6e3b3f,3,15959,16433,15880
1779328906410431449,normal_tip,A,0x20644a40f5b4b95f5dc96dc34b2a0e696f2f4444,STARMAN,32500000000000000,38114647714914000,5614647714913996,0.005615,3.66,0.172758,12538,13541,652.34,99497259,99497762,227,1,kol_sell,0x39e2d9848a68410bc278c035176d3d570bd850224006c93b79c67550fe6e3b3f,3,15959,16433,15880
1779328913100148766,fast_tip,A,0x2ed038ad699d7ecea0a02ed99ff6ac396d024444,STARMAN,32500000000000000,66058312747282464,33558312747282464,0.033558,21.93,1.032563,7607,8685,653.39,99497274,99499452,984,1,kol_sell,0x58070215f54b3d5e9ceb3e60763d34ed7cd89f44f1973c27e88a7d2ce7b239dc,2,11848,24744,17653
1779328913100150336,normal_tip,A,0x2ed038ad699d7ecea0a02ed99ff6ac396d024444,STARMAN,32500000000000000,66058312747282464,33558312747282464,0.033558,21.93,1.032563,7607,8685,653.39,99497274,99499456,984,1,kol_sell,0x58070215f54b3d5e9ceb3e60763d34ed7cd89f44f1973c27e88a7d2ce7b239dc,2,11848,24744,17653
1779331928475392339,normal_tip,A,0xb1c59263b4f2d1e719f9ceb9ef18c40a9c704444,摸鱼,32500000000000000,23318371132304480,-9181628867695520,-0.009182,-6.01,-0.282512,9662,9541,654.11,99503964,99504019,25,1,kol_sell,0x7f24b1152e7dbfca8247f757c4a88998f010fd543f7f66014e3da6d229092824,1,8113,8113,6846
1779331928475391089,fast_tip,A,0xb1c59263b4f2d1e719f9ceb9ef18c40a9c704444,摸鱼,32500000000000000,23318371132304480,-9181628867695520,-0.009182,-6.01,-0.282512,9662,9541,654.11,99503964,99504022,26,1,kol_sell,0x7f24b1152e7dbfca8247f757c4a88998f010fd543f7f66014e3da6d229092824,1,8113,8113,6846
1779332546619420778,fast_tip,A,0x756dbf7fdac1880ee96a8cc4bc57ffdff2eb4444,龙飞船,32500000000000000,29180871309315652,-3319128690684351,-0.003319,-2.17,-0.102127,4885,5859,653.10,99505336,99505364,13,1,kol_sell,0x6ea557ab93d6d23fc50d26933f9df31245f4e4f39dd1d25eef5d09aaabc8a4ce,1,5702,5260,5260
1779332546619421908,normal_tip,A,0x756dbf7fdac1880ee96a8cc4bc57ffdff2eb4444,龙飞船,32500000000000000,29180871309315652,-3319128690684351,-0.003319,-2.17,-0.102127,4885,5859,653.10,99505336,99505367,13,1,kol_sell,0x6ea557ab93d6d23fc50d26933f9df31245f4e4f39dd1d25eef5d09aaabc8a4ce,1,5702,5260,5260
1779332264280552983,normal_tip,A,0xdfd2baa55b6efbc192c529c88c5a64727a384444,心机小猴,32500000000000000,37464420834668400,4964420834668401,0.004964,3.24,0.152751,4477,5084,653.26,99504710,99505578,392,1,kol_sell,0xac24f8ddc06581963f4ca3e38181f77fb46efd451d3808d86c469b278659d3b4,2,5980,6201,5860
1779332264280551473,fast_tip,A,0xdfd2baa55b6efbc192c529c88c5a64727a384444,心机小猴,32500000000000000,37464420834668400,4964420834668401,0.004964,3.24,0.152751,4477,5084,653.26,99504710,99505582,393,1,kol_sell,0xac24f8ddc06581963f4ca3e38181f77fb46efd451d3808d86c469b278659d3b4,2,5980,6201,5860
1779329212547855116,fast_tip,A,0xfc8b10aa328470d447f0a83fe3ae249b0b8e4444,Techno King,32500000000000000,32500000000000000,0,0.000000,0.00,0.000000,5000,5232,652.94,99497936,99505738,3516,1,timeout,0xa0812c6a6b7ce29cc9ef5478452b2a3cec4b212a7b5d11212980ac5a8085b1d8,0,5232,5232,5232
1779329212547856285,normal_tip,A,0xfc8b10aa328470d447f0a83fe3ae249b0b8e4444,Techno King,32500000000000000,32500000000000000,0,0.000000,0.00,0.000000,5000,5232,652.94,99497936,99505741,3516,1,timeout,0xa0812c6a6b7ce29cc9ef5478452b2a3cec4b212a7b5d11212980ac5a8085b1d8,0,5232,5232,5232
1779333899845521047,fast_tip,A,0xa36a398443d6b6a95254f018eb2b26b946d94444,星际人,32500000000000000,42722496372018096,10222496372018094,0.010222,6.68,0.314538,6674,9303,653.78,99508340,99508350,5,1,kol_sell,0x8bfe84ebeabff19d2acb7097a3928288419a7ad523bf2e4dcdf9e4075952230d,4,8757,18484,12229
1779333899845522217,normal_tip,A,0xa36a398443d6b6a95254f018eb2b26b946d94444,星际人,32500000000000000,42722496372018096,10222496372018094,0.010222,6.68,0.314538,6674,9303,653.78,99508340,99508353,6,1,kol_sell,0x8bfe84ebeabff19d2acb7097a3928288419a7ad523bf2e4dcdf9e4075952230d,4,8757,18484,12229
1779334245238212501,fast_tip,O,0x6e6124f49b1d980cb94674ffe053d33038964444,星侠,35000000000000000,27034327248551336,-7965672751448667,-0.007966,-5.21,-0.227591,5906,6245,654.65,99509106,99509153,21,1,kol_sell,0x59538bcf8e10ff485825b0547d7071f6be6ce4a8d08821829afcc1a7872899b8,1,5276,5276,4824
1779334245238214941,normal_tip,O,0x6e6124f49b1d980cb94674ffe053d33038964444,星侠,35000000000000000,27034327248551336,-7965672751448667,-0.007966,-5.21,-0.227591,5906,6245,654.65,99509106,99509156,22,1,kol_sell,0x59538bcf8e10ff485825b0547d7071f6be6ce4a8d08821829afcc1a7872899b8,1,5276,5276,4824
1779334521456286102,normal_tip,A,0x6f55eebc1a7871bac89fd203a206c2b0f6634444,SPCX,60000000000000000,55768634262309480,-4231365737690520,-0.004231,-2.77,-0.070523,75618,82978,654.10,99509720,99510124,182,1,kol_sell,0x41867c4a18c701df4514f2a9c947c401daa8750b09ca3711ee254706a72cc476,1,81004,73138,77126
1779334521456285002,fast_tip,A,0x6f55eebc1a7871bac89fd203a206c2b0f6634444,SPCX,60000000000000000,55768634262309480,-4231365737690520,-0.004231,-2.77,-0.070523,75618,82978,654.10,99509720,99510125,182,1,kol_sell,0x41867c4a18c701df4514f2a9c947c401daa8750b09ca3711ee254706a72cc476,1,81004,73138,77126
1779336050676962135,normal_tip,C,0xb63c4ffeaddabf48e0df12685bce89507a0d4444,做自己的第一,75000000000000000,290081877959697984,215081877959697952,0.215082,140.75,2.867758,5701,10046,654.39,99513115,99513137,9,1,kol_sell,0x2699f3305fd047e7a475a65d3c2ad699588b8edd90d63141bebe11c326b906af,5,45419,19199,38854
1779336050676960705,fast_tip,C,0xb63c4ffeaddabf48e0df12685bce89507a0d4444,做自己的第一,75000000000000000,290081877959697984,215081877959697952,0.215082,140.75,2.867758,5701,10046,654.39,99513115,99513141,11,1,kol_sell,0x2699f3305fd047e7a475a65d3c2ad699588b8edd90d63141bebe11c326b906af,5,45419,19199,38854
1779336054030574149,fast_tip,B,0xb63c4ffeaddabf48e0df12685bce89507a0d4444,做自己的第一,97500000000000000,89429098450716864,-8070901549283138,-0.008071,-5.28,-0.082778,16813,42881,654.39,99513123,99513149,12,3,kol_sell,0x1d72c7523479c4fdbd38a107c1c650735dbfb2d31c809765c130bd422d6d7232,23,45103,24386,39332
1779336054030575639,normal_tip,B,0xb63c4ffeaddabf48e0df12685bce89507a0d4444,做自己的第一,97500000000000000,89429098450716864,-8070901549283138,-0.008071,-5.28,-0.082778,16813,42881,654.39,99513123,99513150,12,3,kol_sell,0x1d72c7523479c4fdbd38a107c1c650735dbfb2d31c809765c130bd422d6d7232,23,45103,24386,39332
1779336082966715684,fast_tip,A,0xbe3eb2079dd06debdbe111552367450037c04444,做自己的第一,100000000000000000,86621253801968208,-13378746198031796,-0.013379,-8.76,-0.133787,39957,40510,654.47,99513186,99513217,14,1,kol_sell,0xbc6fae770275bd3ada298f112a0fa01a82553e6cb02e4b388b7c43df0cfc8cb0,1,40998,40998,35090
1779336082966717404,normal_tip,A,0xbe3eb2079dd06debdbe111552367450037c04444,做自己的第一,100000000000000000,86621253801968208,-13378746198031796,-0.013379,-8.76,-0.133787,39957,40510,654.47,99513186,99513220,15,1,kol_sell,0xbc6fae770275bd3ada298f112a0fa01a82553e6cb02e4b388b7c43df0cfc8cb0,1,40998,40998,35090
1779336079321989784,fast_tip,G,0xb63c4ffeaddabf48e0df12685bce89507a0d4444,做自己的第一,50000000000000000,15792253585085650,-34207746414914352,-0.034208,-22.39,-0.684155,44657,48671,654.47,99513178,99513228,22,1,kol_sell,0xbb23845af5082b2c76a153fe0e2582b0e91f764e5d7653fe65e9fcbc0ff14d2b,1,16373,16373,15373
1779336079321991114,normal_tip,G,0xb63c4ffeaddabf48e0df12685bce89507a0d4444,做自己的第一,50000000000000000,15792253585085650,-34207746414914352,-0.034208,-22.39,-0.684155,44657,48671,654.47,99513178,99513229,23,1,kol_sell,0xbb23845af5082b2c76a153fe0e2582b0e91f764e5d7653fe65e9fcbc0ff14d2b,1,16373,16373,15373
1779336122091955550,normal_tip,A,0xb63c4ffeaddabf48e0df12685bce89507a0d4444,做自己的第一,60000000000000000,49755420219309728,-10244579780690266,-0.010245,-6.71,-0.170743,16385,20012,654.52,99513273,99513297,11,1,kol_sell,0xbba667f0ae06f41c220c0a8a529563ed7cdfbd1a14a6e607e13429c06f6bbf31,2,20774,12087,16595
1779336122091953680,fast_tip,A,0xb63c4ffeaddabf48e0df12685bce89507a0d4444,做自己的第一,60000000000000000,49755420219309728,-10244579780690266,-0.010245,-6.71,-0.170743,16385,20012,654.52,99513273,99513298,11,1,kol_sell,0xbba667f0ae06f41c220c0a8a529563ed7cdfbd1a14a6e607e13429c06f6bbf31,2,20774,12087,16595
1779336297140091926,normal_tip,C,0x0a09ccca5437d52f21f5145fa6c73b7b54314444,No.1,35000000000000000,18197627137195448,-16802372862804556,-0.016802,-11.00,-0.480068,23827,28676,654.54,99513662,99513682,10,1,kol_sell,0x2ef020ef1e09b1457bc01da81284d42121b97d2ba78b3482b7e780c5813a9bab,2,25715,7952,14909
1779336297140090676,fast_tip,C,0x0a09ccca5437d52f21f5145fa6c73b7b54314444,No.1,35000000000000000,18197627137195448,-16802372862804556,-0.016802,-11.00,-0.480068,23827,28676,654.54,99513662,99513685,10,1,kol_sell,0x2ef020ef1e09b1457bc01da81284d42121b97d2ba78b3482b7e780c5813a9bab,2,25715,7952,14909
1779336294104726516,normal_tip,O,0x0a09ccca5437d52f21f5145fa6c73b7b54314444,No.1,35000000000000000,11393200709862856,-23606799290137148,-0.023607,-15.45,-0.674480,23059,22098,654.58,99513655,99513746,41,1,kol_sell,0x39718f9d9d68ad2345f5e7999bbba89e817652614cb6132ff9fa869baa4c678e,1,7398,7398,7193
1779336294104725096,fast_tip,O,0x0a09ccca5437d52f21f5145fa6c73b7b54314444,No.1,35000000000000000,11393200709862856,-23606799290137148,-0.023607,-15.45,-0.674480,23059,22098,654.58,99513655,99513748,41,1,kol_sell,0x39718f9d9d68ad2345f5e7999bbba89e817652614cb6132ff9fa869baa4c678e,1,7398,7398,7193
1779336387569960451,fast_tip,C,0xd6925d42cef5c72d3056f28506c2e3a5ca1d4444,B1nance,33055500000000000,26899196858460820,-6156303141539182,-0.006156,-4.03,-0.186241,7508,7810,654.58,99513862,99513868,3,1,kol_sell,0x74347db19749237795f5642557e524052d392e798d3cd619c965764c8f94bb11,1,7039,7039,6355
1779336387569962161,normal_tip,C,0xd6925d42cef5c72d3056f28506c2e3a5ca1d4444,B1nance,33055500000000000,26899196858460820,-6156303141539182,-0.006156,-4.03,-0.186241,7508,7810,654.58,99513862,99513871,3,1,kol_sell,0x74347db19749237795f5642557e524052d392e798d3cd619c965764c8f94bb11,1,7039,7039,6355
1779336299834997863,normal_tip,A,0x8705bdc5a37be7b7f0b2916baf7fb3c679274444,1,157500000000000000,282126000322587936,124626000322587936,0.124626,81.58,0.791276,141899,115924,654.58,99513668,99513921,114,2,kol_sell,0x587dc091e88e16050444187ffc5ea463f947795742fa206eec59ecf10459bd2b,6,191254,242192,207651
1779336299834996643,fast_tip,A,0x8705bdc5a37be7b7f0b2916baf7fb3c679274444,1,157500000000000000,282126000322587936,124626000322587936,0.124626,81.58,0.791276,141899,115924,654.58,99513668,99513922,114,2,kol_sell,0x587dc091e88e16050444187ffc5ea463f947795742fa206eec59ecf10459bd2b,6,191254,242192,207651
1779336407978441504,fast_tip,B,0x8705bdc5a37be7b7f0b2916baf7fb3c679274444,1,100000000000000000,99002790129400736,-997209870599272,-0.000997,-0.65,-0.009972,203240,204745,653.76,99513908,99514461,249,1,kol_sell,0xc32c1a17543cd67666ab8bc08fba68456089f0099269d5d974ba13718422771a,1,202343,202343,202704
1779336407978442794,normal_tip,B,0x8705bdc5a37be7b7f0b2916baf7fb3c679274444,1,100000000000000000,99002790129400736,-997209870599272,-0.000997,-0.65,-0.009972,203240,204745,653.76,99513908,99514462,249,1,kol_sell,0xc32c1a17543cd67666ab8bc08fba68456089f0099269d5d974ba13718422771a,1,202343,202343,202704
1779336662121110647,fast_tip,B,0x5c1af7d5bc468292b54b30203123b75356184444,NEXF,32500000000000000,83415974290956448,50915974290956440,0.050916,33.29,1.566645,27462,16627,653.76,99514472,99514485,6,1,kol_sell,0x22dc5f082bc433781004f59b2097863222f8eab6e321e1b1b2b21a45a030e000,5,44226,94876,42676
1779336662121111887,normal_tip,B,0x5c1af7d5bc468292b54b30203123b75356184444,NEXF,32500000000000000,83415974290956448,50915974290956440,0.050916,33.29,1.566645,27462,16627,653.76,99514472,99514488,7,1,kol_sell,0x22dc5f082bc433781004f59b2097863222f8eab6e321e1b1b2b21a45a030e000,5,44226,94876,42676
1779336661045764035,normal_tip,C,0x5c1af7d5bc468292b54b30203123b75356184444,NEXF,75000000000000000,199736265615017312,124736265615017312,0.124736,81.55,1.663150,20205,16539,653.76,99514470,99514516,21,1,kol_sell,0xc9cff818a20cef21e6b722f7155476a16cdc335951de5407f299cf34bdb0f294,3,51185,72625,44046
1779336661045762445,fast_tip,C,0x5c1af7d5bc468292b54b30203123b75356184444,NEXF,75000000000000000,199736265615017312,124736265615017312,0.124736,81.55,1.663150,20205,16539,653.76,99514470,99514517,21,1,kol_sell,0xc9cff818a20cef21e6b722f7155476a16cdc335951de5407f299cf34bdb0f294,3,51185,72625,44046
1779336712489531644,normal_tip,A,0x5c1af7d5bc468292b54b30203123b75356184444,NEXF,105000000000000000,109195545540491760,4195545540491757,0.004196,2.74,0.039958,67965,73098,653.75,99514584,99514595,5,1,kol_sell,0x1d1b8590775597cf55f2cc7ac771c5885778c07eed57fd1e3721cdcb12637908,6,105750,9808,76019
1779336712489530264,fast_tip,A,0x5c1af7d5bc468292b54b30203123b75356184444,NEXF,105000000000000000,109195545540491760,4195545540491757,0.004196,2.74,0.039958,67965,73098,653.75,99514584,99514596,5,1,kol_sell,0x1d1b8590775597cf55f2cc7ac771c5885778c07eed57fd1e3721cdcb12637908,6,105750,9808,76019
1779336769064409441,fast_tip,A,0x3097979c4e36a9aced58bb82015c3560cb0d4444,NFAI,50000000000000000,51258049245021904,1258049245021902,0.001258,0.82,0.025161,26110,34220,653.55,99514710,99514721,6,1,kol_sell,0xa832b5cdab8b31c24fe1694163c2c8c1dde20797aa3f32dc824027fee4d47513,3,40574,27646,35081
1779336769064410881,normal_tip,A,0x3097979c4e36a9aced58bb82015c3560cb0d4444,NFAI,50000000000000000,51258049245021904,1258049245021902,0.001258,0.82,0.025161,26110,34220,653.55,99514710,99514724,6,1,kol_sell,0xa832b5cdab8b31c24fe1694163c2c8c1dde20797aa3f32dc824027fee4d47513,3,40574,27646,35081
1779336790356661404,fast_tip,A,0x3097979c4e36a9aced58bb82015c3560cb0d4444,NFAI,32500000000000000,14636251261399964,-17863748738600038,-0.017864,-11.67,-0.549654,41746,46741,653.42,99514757,99514784,12,1,kol_sell,0xf3e618502ce582186a804f5d18d0dd399b7cfce55066a8029bf0bbd777da73eb,2,27641,15220,21050
1779336790356662564,normal_tip,A,0x3097979c4e36a9aced58bb82015c3560cb0d4444,NFAI,32500000000000000,14636251261399964,-17863748738600038,-0.017864,-11.67,-0.549654,41746,46741,653.42,99514757,99514786,12,1,kol_sell,0xf3e618502ce582186a804f5d18d0dd399b7cfce55066a8029bf0bbd777da73eb,2,27641,15220,21050
1779336795220204760,normal_tip,C,0x5c1af7d5bc468292b54b30203123b75356184444,NEXF,50000000000000000,38898607045793944,-11101392954206056,-0.011101,-7.25,-0.222028,23302,23282,653.42,99514768,99514786,8,1,kol_sell,0x707d9ee48249dbfa6de16fb8a9718f509fa31803fc5c40c2471b46b0a9d20e7a,1,24882,24882,18113
1779336795220203090,fast_tip,C,0x5c1af7d5bc468292b54b30203123b75356184444,NEXF,50000000000000000,38898607045793944,-11101392954206056,-0.011101,-7.25,-0.222028,23302,23282,653.42,99514768,99514787,8,1,kol_sell,0x707d9ee48249dbfa6de16fb8a9718f509fa31803fc5c40c2471b46b0a9d20e7a,1,24882,24882,18113
1779336811060335602,fast_tip,A,0x3097979c4e36a9aced58bb82015c3560cb0d4444,NFAI,32500000000000000,16821286004977420,-15678713995022582,-0.015679,-10.24,-0.482422,22652,25329,653.42,99514803,99514882,36,1,kol_sell,0xddd38169b3695bf3ea1792b1971b132b3580d57ae70bcd612494ac05d2a0c05a,1,15220,15220,13110
1779336811060336762,normal_tip,A,0x3097979c4e36a9aced58bb82015c3560cb0d4444,NFAI,32500000000000000,16821286004977420,-15678713995022582,-0.015679,-10.24,-0.482422,22652,25329,653.42,99514803,99514884,36,1,kol_sell,0xddd38169b3695bf3ea1792b1971b132b3580d57ae70bcd612494ac05d2a0c05a,1,15220,15220,13110
1779336857686502691,fast_tip,A,0x3097979c4e36a9aced58bb82015c3560cb0d4444,NFAI,32500000000000000,21721461417791064,-10778538582208938,-0.010779,-7.04,-0.331647,11415,11229,653.54,99514907,99514972,30,1,kol_sell,0xa27a4c0bcec3cb7742bb8c82cb20b9767ef3ab67dcb64d34302a34360c438ab2,1,8500,8500,7505
1779336857686504181,normal_tip,A,0x3097979c4e36a9aced58bb82015c3560cb0d4444,NFAI,32500000000000000,21721461417791064,-10778538582208938,-0.010779,-7.04,-0.331647,11415,11229,653.54,99514907,99514974,30,1,kol_sell,0xa27a4c0bcec3cb7742bb8c82cb20b9767ef3ab67dcb64d34302a34360c438ab2,1,8500,8500,7505
1779336786289609340,normal_tip,A,0x5c1af7d5bc468292b54b30203123b75356184444,NEXF,32500000000000000,18163698203838812,-14336301796161188,-0.014336,-9.37,-0.441117,15483,16694,653.54,99514748,99514979,104,1,kol_sell,0x03a98d2eb3fbd8a22ec08c114d7d6b968553eb7c3244021053a1f5e2e4b610f5,1,9805,9805,9330
1779336786289607690,fast_tip,A,0x5c1af7d5bc468292b54b30203123b75356184444,NEXF,32500000000000000,18163698203838812,-14336301796161188,-0.014336,-9.37,-0.441117,15483,16694,653.54,99514748,99514980,104,1,kol_sell,0x03a98d2eb3fbd8a22ec08c114d7d6b968553eb7c3244021053a1f5e2e4b610f5,1,9805,9805,9330
1779336895210771729,normal_tip,A,0x5c1af7d5bc468292b54b30203123b75356184444,NEXF,32500000000000000,33722634865783028,1222634865783028,0.001223,0.80,0.037620,7843,9242,653.47,99514990,99515161,77,1,kol_sell,0xf4db9e191f72a246bcc8c38329e762a042519e93252a096c8665dc78dc47d18b,2,10780,9208,9590
1779336895210770359,fast_tip,A,0x5c1af7d5bc468292b54b30203123b75356184444,NEXF,32500000000000000,33722634865783028,1222634865783028,0.001223,0.80,0.037620,7843,9242,653.47,99514990,99515162,77,1,kol_sell,0xf4db9e191f72a246bcc8c38329e762a042519e93252a096c8665dc78dc47d18b,2,10780,9208,9590
1779336740274723031,normal_tip,A,0x8705bdc5a37be7b7f0b2916baf7fb3c679274444,1,60000000000000000,52066671549931536,-7933328450068458,-0.007933,-5.19,-0.132222,144406,147449,653.75,99514646,99515313,301,1,kol_sell,0xe9b3083b62b4fa2c56d6208cd22f5303115520b86dddd2822fd6a2e250f14a6d,3,157070,49337,127953
1779336740274721431,fast_tip,A,0x8705bdc5a37be7b7f0b2916baf7fb3c679274444,1,60000000000000000,52066671549931536,-7933328450068458,-0.007933,-5.19,-0.132222,144406,147449,653.75,99514646,99515314,301,1,kol_sell,0xe9b3083b62b4fa2c56d6208cd22f5303115520b86dddd2822fd6a2e250f14a6d,3,157070,49337,127953
1779337118342574563,fast_tip,A,0x827fcd59c08b0ec3e6d7b9debbb3519e497f4444,C1Z,32500000000000000,27166826548825856,-5333173451174147,-0.005333,-3.49,-0.164098,4707,5394,653.49,99515484,99515566,38,1,kol_sell,0x65ceafcf933523595b322e3f2f9f719e18df20d986f7c07971996772af571e89,1,4509,4509,4509
1779337118342575573,normal_tip,A,0x827fcd59c08b0ec3e6d7b9debbb3519e497f4444,C1Z,32500000000000000,27166826548825856,-5333173451174147,-0.005333,-3.49,-0.164098,4707,5394,653.49,99515484,99515569,38,1,kol_sell,0x65ceafcf933523595b322e3f2f9f719e18df20d986f7c07971996772af571e89,1,4509,4509,4509
1779337424375454805,normal_tip,B,0xac5431206d1f31cef4458291850bfb15847e4444,Bonance,32500000000000000,30882682311293452,-1617317688706550,-0.001617,-1.06,-0.049764,6009,6298,653.70,99516164,99516169,3,1,kol_sell,0x78787c78c8f4831f164dfa16c84e3562573e7b5768261ad9824ddd2c7bdbce03,1,6062,6062,5985
1779337424375453415,fast_tip,B,0xac5431206d1f31cef4458291850bfb15847e4444,Bonance,32500000000000000,30882682311293452,-1617317688706550,-0.001617,-1.06,-0.049764,6009,6298,653.70,99516164,99516172,3,1,kol_sell,0x78787c78c8f4831f164dfa16c84e3562573e7b5768261ad9824ddd2c7bdbce03,1,6062,6062,5985
1779301617731188676,fast_tip,M,0x5ceaec9266a7d646a186e3f50cdef1906ee34444,CMC,50000000000000000,49407055515714792,-592944484285207,-0.000593,-0.39,-0.011859,515565,515553,653.56,99436743,99518835,37012,1,kol_sell,0x78debcc93531db0a2d90c6e16fa16d8ad6a37ed73383ebce38b89f10242c5586,0,509439,509439,509439
1779301617731189936,normal_tip,M,0x5ceaec9266a7d646a186e3f50cdef1906ee34444,CMC,50000000000000000,49407055515714792,-592944484285207,-0.000593,-0.39,-0.011859,515565,515553,653.56,99436743,99518836,37012,1,kol_sell,0x78debcc93531db0a2d90c6e16fa16d8ad6a37ed73383ebce38b89f10242c5586,0,509439,509439,509439
1779336747578543612,fast_tip,C,0x8705bdc5a37be7b7f0b2916baf7fb3c679274444,1,50000000000000000,27190628397247124,-22809371602752876,-0.022809,-14.90,-0.456187,156557,160406,653.29,99514662,99519159,2028,1,kol_sell,0x3490237bfe5d033e5c1859ca528ac60198183e6fe32537153421e005d1258e57,1,92200,92200,87231
1779336747578545262,normal_tip,C,0x8705bdc5a37be7b7f0b2916baf7fb3c679274444,1,50000000000000000,27190628397247124,-22809371602752876,-0.022809,-14.90,-0.456187,156557,160406,653.29,99514662,99519160,2029,1,kol_sell,0x3490237bfe5d033e5c1859ca528ac60198183e6fe32537153421e005d1258e57,1,92200,92200,87231
1779338850751821051,normal_tip,O,0x96e72efa4937263cd6193cd4818f123aa4344444,萝卜宝宝,35000000000000000,35895612669475260,895612669475257,0.000896,0.59,0.025589,8516,10163,653.71,99519325,99519407,38,1,kol_sell,0xefac4168ca3326dbdec79a70f6cbdf7b13193d3f7103e230d09f5d5802faa533,1,10998,10423,10423
1779338850751819771,fast_tip,O,0x96e72efa4937263cd6193cd4818f123aa4344444,萝卜宝宝,35000000000000000,35895612669475260,895612669475257,0.000896,0.59,0.025589,8516,10163,653.71,99519325,99519410,38,1,kol_sell,0xefac4168ca3326dbdec79a70f6cbdf7b13193d3f7103e230d09f5d5802faa533,1,10998,10423,10423
1779338948893403384,normal_tip,C,0x44ef0108f62dc698f9b40d1d391de9069f334444,骑手小赵,33055500000000000,29170360357666956,-3885139642333047,-0.003885,-2.54,-0.117534,13009,12646,653.75,99519542,99519558,7,1,kol_sell,0x827a54f65ebe58baf531c3cb9d13994d3d9393cdd6f126c6139bc5895b124298,1,12410,12410,11160
1779338948893402084,fast_tip,C,0x44ef0108f62dc698f9b40d1d391de9069f334444,骑手小赵,33055500000000000,29170360357666956,-3885139642333047,-0.003885,-2.54,-0.117534,13009,12646,653.75,99519542,99519560,8,1,kol_sell,0x827a54f65ebe58baf531c3cb9d13994d3d9393cdd6f126c6139bc5895b124298,1,12410,12410,11160
1779338951185133182,fast_tip,B,0x44ef0108f62dc698f9b40d1d391de9069f334444,骑手小赵,65000000000000000,73128861809188672,8128861809188676,0.008129,5.31,0.125059,11203,15462,653.75,99519547,99519591,20,2,kol_sell,0x9f294126114f5c0d822f4789ff21b291dcdc38e49706affa172134d71e7dfba4,6,22595,11447,17395
1779338951185135272,normal_tip,B,0x44ef0108f62dc698f9b40d1d391de9069f334444,骑手小赵,65000000000000000,73128861809188672,8128861809188676,0.008129,5.31,0.125059,11203,15462,653.75,99519547,99519592,20,2,kol_sell,0x9f294126114f5c0d822f4789ff21b291dcdc38e49706affa172134d71e7dfba4,6,22595,11447,17395
1779338975138325862,fast_tip,A,0x44ef0108f62dc698f9b40d1d391de9069f334444,骑手小赵,50000000000000000,38483515596997784,-11516484403002216,-0.011516,-7.53,-0.230330,15290,19864,653.74,99519601,99519634,15,1,kol_sell,0x18ff04c683f93fbb7ee45d849f818141d294f576b32571ea83558acad9c2b0d8,3,18673,13323,15289
1779338975138327382,normal_tip,A,0x44ef0108f62dc698f9b40d1d391de9069f334444,骑手小赵,50000000000000000,38483515596997784,-11516484403002216,-0.011516,-7.53,-0.230330,15290,19864,653.74,99519601,99519636,15,1,kol_sell,0x18ff04c683f93fbb7ee45d849f818141d294f576b32571ea83558acad9c2b0d8,3,18673,13323,15289
1779339014041554209,fast_tip,A,0x44ef0108f62dc698f9b40d1d391de9069f334444,骑手小赵,32500000000000000,35604806558237440,3104806558237437,0.003105,2.03,0.095533,10718,12926,653.43,99519687,99519699,5,1,kol_sell,0x1c60033786ca9459cb46ffe5825771a7d2ddb81ca8dd25fd2e802b66cfa53cff,2,13316,15005,14161
1779339014041555609,normal_tip,A,0x44ef0108f62dc698f9b40d1d391de9069f334444,骑手小赵,32500000000000000,35604806558237440,3104806558237437,0.003105,2.03,0.095533,10718,12926,653.43,99519687,99519701,6,1,kol_sell,0x1c60033786ca9459cb46ffe5825771a7d2ddb81ca8dd25fd2e802b66cfa53cff,2,13316,15005,14161
1779339068675840026,fast_tip,A,0x1c799380874f3585a90c65642779d2b3b6e44444,外卖人生,32500000000000000,24027653046150196,-8472346953849807,-0.008472,-5.54,-0.260688,5224,5753,653.63,99519808,99519830,10,1,kol_sell,0xee6a9565e630f2f38fee3d695f40d1ad0746dcb0fec057aacbc72ab7ef46b39e,1,4635,4635,4253
1779339068675841805,normal_tip,A,0x1c799380874f3585a90c65642779d2b3b6e44444,外卖人生,32500000000000000,24027653046150196,-8472346953849807,-0.008472,-5.54,-0.260688,5224,5753,653.63,99519808,99519832,10,1,kol_sell,0xee6a9565e630f2f38fee3d695f40d1ad0746dcb0fec057aacbc72ab7ef46b39e,1,4635,4635,4253
1779339341428260286,normal_tip,A,0xfa59d7713d99bb794609a1a41a5a4e0ea8a84444,ELONGATE,32500000000000000,28570839677586916,-3929160322413083,-0.003929,-2.57,-0.120897,4224,4751,653.79,99520414,99520489,34,1,kol_sell,0x03576f37da7350cb01dde5a4fbabae37905d66c458ab93511fd0a24b0b3bcc9e,1,4177,4177,4177
1779339341428258456,fast_tip,A,0xfa59d7713d99bb794609a1a41a5a4e0ea8a84444,ELONGATE,32500000000000000,28570839677586916,-3929160322413083,-0.003929,-2.57,-0.120897,4224,4751,653.79,99520414,99520492,35,1,kol_sell,0x03576f37da7350cb01dde5a4fbabae37905d66c458ab93511fd0a24b0b3bcc9e,1,4177,4177,4177
1779300614779432897,fast_tip,M,0x5f6fd60ad6cd8751b4c521bc00fa02abfeca4444,背手负鼠,100000000000000000,130845709177687840,30845709177687836,0.030846,20.17,0.308457,843240,839159,653.88,99364881,99521299,39126,1,kol_sell,0x16d12571a10298055c37d35bb0769181e7f25ae84fc24df3af4b49f00ec3e678,1,1077978,1077978,1098003
1779300614779433067,normal_tip,M,0x5f6fd60ad6cd8751b4c521bc00fa02abfeca4444,背手负鼠,100000000000000000,130845709177687840,30845709177687836,0.030846,20.17,0.308457,843240,839159,653.88,99364881,99521300,39126,1,kol_sell,0x16d12571a10298055c37d35bb0769181e7f25ae84fc24df3af4b49f00ec3e678,1,1077978,1077978,1098003
1779323331436194632,normal_tip,O,0x525ff913318e71dc23065265f5d392db20b04444,背手小咪,35000000000000000,35000000000000004,0,0.000000,0.00,0.000000,12322,12322,654.39,99484890,99521548,16522,1,timeout,0x8734d415ac05979cf4149c18b1584e2f2a9fe3d7af41580a4ccf38805d6b3915,0,12322,12322,12322
1779323331436193332,fast_tip,O,0x525ff913318e71dc23065265f5d392db20b04444,背手小咪,35000000000000000,35000000000000004,0,0.000000,0.00,0.000000,12322,12322,654.39,99484890,99521551,16522,1,timeout,0x8734d415ac05979cf4149c18b1584e2f2a9fe3d7af41580a4ccf38805d6b3915,0,12322,12322,12322
1779339852476889880,normal_tip,A,0x525ff913318e71dc23065265f5d392db20b04444,背手小咪,32500000000000000,22615443327963748,-9884556672036252,-0.009885,-6.47,-0.304140,24724,24782,654.56,99521548,99521688,64,1,kol_sell,0xcccd4d408c52a88d1a76fc5abdaddbe2a0b99dd20d37de97b413bf851119ee62,1,18451,18451,17245
1779339852476888670,fast_tip,A,0x525ff913318e71dc23065265f5d392db20b04444,背手小咪,32500000000000000,22615443327963748,-9884556672036252,-0.009885,-6.47,-0.304140,24724,24782,654.56,99521548,99521691,64,1,kol_sell,0xcccd4d408c52a88d1a76fc5abdaddbe2a0b99dd20d37de97b413bf851119ee62,1,18451,18451,17245
1779340408172523826,fast_tip,A,0xd4876557188a4ea965cb60f50963be8bae674444,卡西法,32500000000000000,29954602657165200,-2545397342834800,-0.002545,-1.66,-0.078320,4251,4895,653.26,99522781,99522854,34,1,kol_sell,0x9e8dd6b5bd1ff40c9958214f0fa70317a92acd435243ae6eba2ea520e67d2e8f,1,4512,4512,4512
1779340408172525456,normal_tip,A,0xd4876557188a4ea965cb60f50963be8bae674444,卡西法,32500000000000000,29954602657165200,-2545397342834800,-0.002545,-1.66,-0.078320,4251,4895,653.26,99522781,99522857,34,1,kol_sell,0x9e8dd6b5bd1ff40c9958214f0fa70317a92acd435243ae6eba2ea520e67d2e8f,1,4512,4512,4512
1779300614779411818,normal_tip,M,0x975d03cff1c8ed46d8c86de35bcaac1a5a7c4444,红色小狗,50000000000000000,50000000000000000,0,0.000000,0.00,0.000000,15808,19328,653.41,99326726,99523275,40017,1,kol_sell,0x295ec8cb4f8b448101b79412233cfebdb22456be32bcb27410429be102f0c983,0,19328,19328,19328
1779300614779422287,fast_tip,M,0x975d03cff1c8ed46d8c86de35bcaac1a5a7c4444,红色小狗,50000000000000000,50000000000000000,0,0.000000,0.00,0.000000,15808,19328,653.41,99326726,99523276,40017,1,kol_sell,0x295ec8cb4f8b448101b79412233cfebdb22456be32bcb27410429be102f0c983,0,19328,19328,19328
1779300614779411008,fast_tip,N,0x708559dfa8fcc534c953d63de933254a10c04444,4GUY,50000000000000000,93816048755331712,43816048755331712,0.043816,28.60,0.876321,54580,57964,652.71,99381225,99525391,40971,1,kol_sell,0x9b53edb42eeb9a21e98d47cde062f50f3eaef8dde1c94bb7b5ba34b466531e4b,1,89232,89232,108759
1779300614779415538,normal_tip,N,0x708559dfa8fcc534c953d63de933254a10c04444,4GUY,50000000000000000,93816048755331712,43816048755331712,0.043816,28.60,0.876321,54580,57964,652.71,99381225,99525392,40972,1,kol_sell,0x9b53edb42eeb9a21e98d47cde062f50f3eaef8dde1c94bb7b5ba34b466531e4b,1,89232,89232,108759
1779343193855259850,normal_tip,B,0xbd938c1e72bc6120bbae3c1196b4eb36b3b64444,灵,32500000000000000,24390425706242324,-8109574293757676,-0.008110,-5.29,-0.249525,6862,8010,652.12,99528958,99528976,9,1,kol_sell,0x06d7720da629ed1b5d7b1a30665d989489fd655fe48ef7aedb021a477b4bd06f,1,6521,6521,6011
1779343193855258750,fast_tip,B,0xbd938c1e72bc6120bbae3c1196b4eb36b3b64444,灵,32500000000000000,24390425706242324,-8109574293757676,-0.008110,-5.29,-0.249525,6862,8010,652.12,99528958,99528979,9,1,kol_sell,0x06d7720da629ed1b5d7b1a30665d989489fd655fe48ef7aedb021a477b4bd06f,1,6521,6521,6011
1779343281790576750,fast_tip,D,0xa5df347f5b227ce66b320d0177c5c8f771c64444,灵,50000000000000000,99739219297810288,49739219297810280,0.049739,32.42,0.994784,24127,30162,651.79,99529153,99529405,113,1,kol_sell,0xd36e014b20c649f018815a2d4139ca921bd1d5409d8ef9b8398dc1b944dd0ea5,3,46564,59078,60168
1779343281790578200,normal_tip,D,0xa5df347f5b227ce66b320d0177c5c8f771c64444,灵,50000000000000000,99739219297810288,49739219297810280,0.049739,32.42,0.994784,24127,30162,651.79,99529153,99529406,114,1,kol_sell,0xd36e014b20c649f018815a2d4139ca921bd1d5409d8ef9b8398dc1b944dd0ea5,3,46564,59078,60168
1779343718865887915,fast_tip,B,0x0598075dc4d1c9484daa80c62313aad39fc77777,TLS,50000000000000000,38833714349251584,-11166285650748418,-0.011166,-7.27,-0.223326,15557,17690,651.32,99530122,99530215,43,1,kol_sell,0x21f4e8d89f1ea994fcf838ab934068f7b1f178bcce1dbf838f31721ada115a91,3,906,1130,13739
1779343718865889035,normal_tip,B,0x0598075dc4d1c9484daa80c62313aad39fc77777,TLS,50000000000000000,38833714349251584,-11166285650748418,-0.011166,-7.27,-0.223326,15557,17690,651.32,99530122,99530219,43,1,kol_sell,0x21f4e8d89f1ea994fcf838ab934068f7b1f178bcce1dbf838f31721ada115a91,3,906,1130,13739
1779343959066536708,fast_tip,O,0xa5df347f5b227ce66b320d0177c5c8f771c64444,灵,75000000000000000,62817247226226600,-12182752773773398,-0.012183,-7.94,-0.162437,131567,128415,651.74,99530655,99530703,22,1,kol_sell,0x7d4bda814295dce55ea2d2408d51ff14ba6f1da676fd54988d5262affc77dbc6,1,103883,103883,107556
1779343959066537988,normal_tip,O,0xa5df347f5b227ce66b320d0177c5c8f771c64444,灵,75000000000000000,62817247226226600,-12182752773773398,-0.012183,-7.94,-0.162437,131567,128415,651.74,99530655,99530704,22,1,kol_sell,0x7d4bda814295dce55ea2d2408d51ff14ba6f1da676fd54988d5262affc77dbc6,1,103883,103883,107556
1779344154415273880,fast_tip,O,0x0598075dc4d1c9484daa80c62313aad39fc77777,TLS,70000000000000000,540018817030716736,470018817030716736,0.470019,306.33,6.714555,77591,77531,651.74,99531088,99532400,591,2,kol_sell,0x306a3b0e8f1487d079b64a64323a7b4bc17d095c83fd015b20e462e84add726f,1,487061,834427,598114
1779344154415274870,normal_tip,O,0x0598075dc4d1c9484daa80c62313aad39fc77777,TLS,70000000000000000,540018817030716736,470018817030716736,0.470019,306.33,6.714555,77591,77531,651.74,99531088,99532401,591,2,kol_sell,0x306a3b0e8f1487d079b64a64323a7b4bc17d095c83fd015b20e462e84add726f,1,487061,834427,598114
1779345627919420174,normal_tip,A,0xc3126fd8b5f80d04ce98ce140bdbb621480a4444,太空探索技术公司,55000000000000006,68971050295899648,13971050295899636,0.013971,9.09,0.254019,25048,21154,650.72,99534358,99534396,17,1,kol_sell,0x15da8c72266076b4eb469f985b59e4ef24238f72d8d4909c2cdc3d1a569db4bc,3,30568,19701,26528
1779345627919418744,fast_tip,A,0xc3126fd8b5f80d04ce98ce140bdbb621480a4444,太空探索技术公司,55000000000000006,68971050295899648,13971050295899636,0.013971,9.09,0.254019,25048,21154,650.72,99534358,99534398,18,1,kol_sell,0x15da8c72266076b4eb469f985b59e4ef24238f72d8d4909c2cdc3d1a569db4bc,3,30568,19701,26528
1779345648291651841,fast_tip,D,0x16a56bba51c740ed360ba0d4761627c974244444,SPCX,75000000000000000,49261586525659152,-25738413474340848,-0.025738,-16.74,-0.343179,20354,22580,650.56,99534403,99534457,24,1,kol_sell,0xb823912961deaf69208c6d92b9321f930018569bce1bed92214d7f52ed0ea3d2,1,16445,16445,14831
1779345648291652941,normal_tip,D,0x16a56bba51c740ed360ba0d4761627c974244444,SPCX,75000000000000000,49261586525659152,-25738413474340848,-0.025738,-16.74,-0.343179,20354,22580,650.56,99534403,99534459,25,1,kol_sell,0xb823912961deaf69208c6d92b9321f930018569bce1bed92214d7f52ed0ea3d2,1,16445,16445,14831
1779345786484983519,normal_tip,B,0xceb485fafe4a1c558374d22eedc5127795dd4444,收益满满,32500000000000000,24840968981493740,-7659031018506263,-0.007659,-4.98,-0.235662,5622,5121,650.84,99534710,99534719,5,1,kol_sell,0x4b03a3ad4991d3ac3eacfa4e904f45afacd42d1963fe1e1e596652daafe223e6,1,4834,4834,3914
1779345786484982329,fast_tip,B,0xceb485fafe4a1c558374d22eedc5127795dd4444,收益满满,32500000000000000,24840968981493740,-7659031018506263,-0.007659,-4.98,-0.235662,5622,5121,650.84,99534710,99534722,5,1,kol_sell,0x4b03a3ad4991d3ac3eacfa4e904f45afacd42d1963fe1e1e596652daafe223e6,1,4834,4834,3914
1779345729576772235,normal_tip,A,0x16a56bba51c740ed360ba0d4761627c974244444,SPCX,32500000000000000,28065047833819312,-4434952166180689,-0.004435,-2.89,-0.136460,13444,15704,650.80,99534583,99534800,98,1,kol_sell,0xa069271d0b41ef1c362d24ada4e05a89966e92bb540489cca06726b8fa27d2c0,1,13713,13713,13561
1779345729576771225,fast_tip,A,0x16a56bba51c740ed360ba0d4761627c974244444,SPCX,32500000000000000,28065047833819312,-4434952166180689,-0.004435,-2.89,-0.136460,13444,15704,650.80,99534583,99534802,98,1,kol_sell,0xa069271d0b41ef1c362d24ada4e05a89966e92bb540489cca06726b8fa27d2c0,1,13713,13713,13561
1779346399294212881,fast_tip,A,0x9a02930629e6563988584df10172fd061f464444,BabyOptimus,32500000000000000,17999217979457898,-14500782020542102,-0.014501,-9.43,-0.446178,9003,11755,650.65,99536071,99536174,47,1,kol_sell,0x443da5e72a11f61461cf47b17e797e581b40378610ab30d05dbc704d4ffe1b03,1,6991,6991,6510
1779346399294214351,normal_tip,A,0x9a02930629e6563988584df10172fd061f464444,BabyOptimus,32500000000000000,17999217979457898,-14500782020542102,-0.014501,-9.43,-0.446178,9003,11755,650.65,99536071,99536177,48,1,kol_sell,0x443da5e72a11f61461cf47b17e797e581b40378610ab30d05dbc704d4ffe1b03,1,6991,6991,6510
1779345683455594536,fast_tip,A,0xa5df347f5b227ce66b320d0177c5c8f771c64444,灵,50000000000000000,62738198607052736,12738198607052734,0.012738,8.29,0.254764,52352,54304,650.65,99534481,99536209,778,1,kol_sell,0x4266c3a46430630d7acf2befc6e52a54ef0be9405b31c530e1e6d8fd59888b1f,1,68842,68842,68138
1779345683455595586,normal_tip,A,0xa5df347f5b227ce66b320d0177c5c8f771c64444,灵,50000000000000000,62738198607052736,12738198607052734,0.012738,8.29,0.254764,52352,54304,650.65,99534481,99536210,778,1,kol_sell,0x4266c3a46430630d7acf2befc6e52a54ef0be9405b31c530e1e6d8fd59888b1f,1,68842,68842,68138
1779346829709754355,fast_tip,O,0x6c071be3c5d4933619dfc0e7a53d6a2ff2584444,平行链,35000000000000000,30248107603965688,-4751892396034317,-0.004752,-3.09,-0.135768,9872,10494,650.70,99537025,99537134,50,1,kol_sell,0x9ed743d14463dd6fc96925fedeffb6cd3cfdf958a6ea6aa4fecb5e728eb71153,1,9759,9759,9069
1779346829709755835,normal_tip,O,0x6c071be3c5d4933619dfc0e7a53d6a2ff2584444,平行链,35000000000000000,30248107603965688,-4751892396034317,-0.004752,-3.09,-0.135768,9872,10494,650.70,99537025,99537137,50,1,kol_sell,0x9ed743d14463dd6fc96925fedeffb6cd3cfdf958a6ea6aa4fecb5e728eb71153,1,9759,9759,9069
1779347333432553287,fast_tip,B,0x8bcf54e66dfd0ccfd4725a65c145762cdaa54444,💎🤲,32500000000000000,24851604210162792,-7648395789837208,-0.007648,-4.98,-0.235335,5702,7013,650.99,99538144,99538176,15,1,kol_sell,0xab27213e799e6b4810081301c20ce736006574cfd004b25f20487355f04dca37,2,7116,5156,5363
1779347333432554637,normal_tip,B,0x8bcf54e66dfd0ccfd4725a65c145762cdaa54444,💎🤲,32500000000000000,24851604210162792,-7648395789837208,-0.007648,-4.98,-0.235335,5702,7013,650.99,99538144,99538179,15,1,kol_sell,0xab27213e799e6b4810081301c20ce736006574cfd004b25f20487355f04dca37,2,7116,5156,5363
1779347776147239875,fast_tip,B,0xb3ddd7a160b5e1f30fdfa4b30c27c43887154444,小行星犬,32500000000000000,30562283361406440,-1937716638593562,-0.001938,-1.26,-0.059622,6081,6005,651.11,99539126,99539182,26,1,kol_sell,0xabfe178b8a8a9a1d41048878ad1df83b21c6ec3fa90ca266abcca358e01348d4,2,8497,4689,5647
1779347776147241685,normal_tip,B,0xb3ddd7a160b5e1f30fdfa4b30c27c43887154444,小行星犬,32500000000000000,30562283361406440,-1937716638593562,-0.001938,-1.26,-0.059622,6081,6005,651.11,99539126,99539185,26,1,kol_sell,0xabfe178b8a8a9a1d41048878ad1df83b21c6ec3fa90ca266abcca358e01348d4,2,8497,4689,5647
1779349055591565214,fast_tip,O,0xd1b3e6717b1f780e4ff7202120a635e9869a7777,TLSDOG,35000000000000000,2367938949269796,-32632061050730208,-0.032632,-21.25,-0.932345,4173,4727,651.18,99541963,99541989,13,1,kol_sell,0xfb9397ad52ee8a3d99c218e52320e77ca6db2e17ba4d44398f1bcbc50abb04b7,5,280,176,320
1779349055591566864,normal_tip,O,0xd1b3e6717b1f780e4ff7202120a635e9869a7777,TLSDOG,35000000000000000,2367938949269796,-32632061050730208,-0.032632,-21.25,-0.932345,4173,4727,651.18,99541963,99541992,13,1,kol_sell,0xfb9397ad52ee8a3d99c218e52320e77ca6db2e17ba4d44398f1bcbc50abb04b7,5,280,176,320
1779350566391897923,normal_tip,D,0xc3126fd8b5f80d04ce98ce140bdbb621480a4444,太空探索技术公司,34500000000000000,23573973292695496,-10926026707304508,-0.010926,-7.14,-0.316696,19556,22428,653.12,99545314,99545321,3,1,kol_sell,0x2866384173bdb4cd856043b969bc641bbf09cea897669550c95fb4c1437ed72f,1,16722,16722,15325
1779350566391896113,fast_tip,D,0xc3126fd8b5f80d04ce98ce140bdbb621480a4444,太空探索技术公司,34500000000000000,23573973292695496,-10926026707304508,-0.010926,-7.14,-0.316696,19556,22428,653.12,99545314,99545324,4,1,kol_sell,0x2866384173bdb4cd856043b969bc641bbf09cea897669550c95fb4c1437ed72f,1,16722,16722,15325
1779352234581986897,normal_tip,O,0x7927de8f3d8f75b4c4d6932fea156190a7644444,BNB充气城堡,35000000000000000,29886556409300464,-5113443590699540,-0.005113,-3.35,-0.146098,5020,6908,654.66,99549016,99549025,4,1,kol_sell,0x1087aa4296bb78e41f38d5d975c052a6c5c1430de35837650650c09f86859008,2,6661,5434,5899
1779352234581985317,fast_tip,O,0x7927de8f3d8f75b4c4d6932fea156190a7644444,BNB充气城堡,35000000000000000,29886556409300464,-5113443590699540,-0.005113,-3.35,-0.146098,5020,6908,654.66,99549016,99549028,5,1,kol_sell,0x1087aa4296bb78e41f38d5d975c052a6c5c1430de35837650650c09f86859008,2,6661,5434,5899
1779352320563726273,fast_tip,O,0x0280435400070987335e0ff6d22adf8ca8d04444,BNB充气城堡,35000000000000000,25925948533694036,-9074051466305966,-0.009074,-5.94,-0.259259,11916,13280,654.40,99549207,99549262,25,1,kol_sell,0x79cff8ef2f73ad81b31d897bc2c65c0ce38304999233bc33e631ec161f45f8b7,1,11170,11170,9837
1779352320563727943,normal_tip,O,0x0280435400070987335e0ff6d22adf8ca8d04444,BNB充气城堡,35000000000000000,25925948533694036,-9074051466305966,-0.009074,-5.94,-0.259259,11916,13280,654.40,99549207,99549265,25,1,kol_sell,0x79cff8ef2f73ad81b31d897bc2c65c0ce38304999233bc33e631ec161f45f8b7,1,11170,11170,9837
1779353375488272345,fast_tip,O,0x0414b2de9960de26cccefa9051c6aea329c64444,BGPT,35000000000000000,21001765577663708,-13998234422336296,-0.013998,-9.16,-0.399950,15924,15854,654.15,99551549,99551558,4,1,kol_sell,0x2f8decee72cf3416c4c9a7a13235df9cbc707c3939506a380a9d62c87f220005,1,10560,10560,9513
1779353375488274615,normal_tip,O,0x0414b2de9960de26cccefa9051c6aea329c64444,BGPT,35000000000000000,21001765577663708,-13998234422336296,-0.013998,-9.16,-0.399950,15924,15854,654.15,99551549,99551560,5,1,kol_sell,0x2f8decee72cf3416c4c9a7a13235df9cbc707c3939506a380a9d62c87f220005,1,10560,10560,9513
1779353381780679950,normal_tip,A,0x0414b2de9960de26cccefa9051c6aea329c64444,BGPT,32500000000000000,44266672714204632,11766672714204632,0.011767,7.70,0.362051,13489,13302,654.01,99551563,99551601,17,1,kol_sell,0xd9ebc5b91b2af070eeea7d410a8a9670e96ca59e3eec0cc14b23c8b69fd12e63,3,23874,4465,18118
1779353381780678090,fast_tip,A,0x0414b2de9960de26cccefa9051c6aea329c64444,BGPT,32500000000000000,44266672714204632,11766672714204632,0.011767,7.70,0.362051,13489,13302,654.01,99551563,99551603,17,1,kol_sell,0xd9ebc5b91b2af070eeea7d410a8a9670e96ca59e3eec0cc14b23c8b69fd12e63,3,23874,4465,18118
1779353409966712002,fast_tip,D,0x00e12c5635b7c0f93ced80e0566ccb5596544444,BGPT,34500000000000000,51046716900894528,16546716900894528,0.016547,10.82,0.479615,5802,9679,654.01,99551626,99551639,6,1,kol_sell,0x807ba769f49415c30bb81f68b3027e08ea28aac5ecaf82b64a57285b00449643,3,19157,5475,14322
1779353409966713072,normal_tip,D,0x00e12c5635b7c0f93ced80e0566ccb5596544444,BGPT,34500000000000000,51046716900894528,16546716900894528,0.016547,10.82,0.479615,5802,9679,654.01,99551626,99551641,6,1,kol_sell,0x807ba769f49415c30bb81f68b3027e08ea28aac5ecaf82b64a57285b00449643,3,19157,5475,14322
1779353425857626632,normal_tip,D,0x5c7065821f6ced2a36720720c85e5d94b8aa4444,BGPT,34500000000000000,17944720700319418,-16555279299680586,-0.016555,-10.83,-0.479863,6145,7649,653.98,99551661,99551685,11,1,kol_sell,0x3b07d5e8935d2bc2e380059216be42c9577c1f6568c034c02e4ce04c15bd69dc,1,4400,4400,3978
1779353425857625312,fast_tip,D,0x5c7065821f6ced2a36720720c85e5d94b8aa4444,BGPT,34500000000000000,17944720700319418,-16555279299680586,-0.016555,-10.83,-0.479863,6145,7649,653.98,99551661,99551687,11,1,kol_sell,0x3b07d5e8935d2bc2e380059216be42c9577c1f6568c034c02e4ce04c15bd69dc,1,4400,4400,3978
1779353487994448527,normal_tip,A,0xe42fe2c48cd9fbcba20f12c75518a7cf1a734444,BGPT,55000000000000006,66301183975658152,11301183975658144,0.011301,7.39,0.205476,20145,18597,653.78,99551799,99551839,18,1,kol_sell,0xa4df30c0ffcb60af3018b34a861e0dac5ef1903b8fbd1ae751cf1370b8eae4c8,6,26192,13231,22418
1779353487994446767,fast_tip,A,0xe42fe2c48cd9fbcba20f12c75518a7cf1a734444,BGPT,55000000000000006,66301183975658152,11301183975658144,0.011301,7.39,0.205476,20145,18597,653.78,99551799,99551840,18,1,kol_sell,0xa4df30c0ffcb60af3018b34a861e0dac5ef1903b8fbd1ae751cf1370b8eae4c8,6,26192,13231,22418
1779353549623527215,normal_tip,D,0x7981dcdc97cbba350fee82a3403cd498f9a04444,币安队长,34500000000000000,33546379539802112,-953620460197889,-0.000954,-0.62,-0.027641,12022,10221,653.73,99551936,99551941,2,1,kol_sell,0x6ac66871f5c7a3e45872fed6245969fb00ac04497c945878490f853350262066,1,11228,11228,9939
1779353549623525895,fast_tip,D,0x7981dcdc97cbba350fee82a3403cd498f9a04444,币安队长,34500000000000000,33546379539802112,-953620460197889,-0.000954,-0.62,-0.027641,12022,10221,653.73,99551936,99551943,3,1,kol_sell,0x6ac66871f5c7a3e45872fed6245969fb00ac04497c945878490f853350262066,1,11228,11228,9939
1779353532065379925,normal_tip,D,0x44e9f4b7f9dc585cdd464ad00aa7a50b0fea4444,Bchatgpt,34500000000000000,24805172498937504,-9694827501062500,-0.009695,-6.34,-0.281009,10282,11327,653.73,99551897,99551952,25,1,kol_sell,0xe620d3f5937718a6cdab85f2e79941e3fd8d99c3f447e9dd1e07fdb17478f3c3,1,8136,8136,8144
1779353532065378545,fast_tip,D,0x44e9f4b7f9dc585cdd464ad00aa7a50b0fea4444,Bchatgpt,34500000000000000,24805172498937504,-9694827501062500,-0.009695,-6.34,-0.281009,10282,11327,653.73,99551897,99551954,25,1,kol_sell,0xe620d3f5937718a6cdab85f2e79941e3fd8d99c3f447e9dd1e07fdb17478f3c3,1,8136,8136,8144
1779353561769001165,fast_tip,B,0x0a3b38bd93adc79186d6ccda8d57d7b85af84444,币安队长,32500000000000000,21565127909266716,-10934872090733284,-0.010935,-7.15,-0.336458,7138,6730,653.73,99551963,99551972,4,1,kol_sell,0x87c86d1b51a95673974aca4353594e5cad3d5ec7109d2646fd3094b61f321050,1,5008,5008,4465
1779353561769003045,normal_tip,B,0x0a3b38bd93adc79186d6ccda8d57d7b85af84444,币安队长,32500000000000000,21565127909266716,-10934872090733284,-0.010935,-7.15,-0.336458,7138,6730,653.73,99551963,99551974,4,1,kol_sell,0x87c86d1b51a95673974aca4353594e5cad3d5ec7109d2646fd3094b61f321050,1,5008,5008,4465
1779353577319880799,fast_tip,A,0x0a3b38bd93adc79186d6ccda8d57d7b85af84444,币安队长,32500000000000000,24173548640517852,-8326451359482151,-0.008326,-5.44,-0.256199,5589,6614,653.73,99551997,99552010,6,1,kol_sell,0xb275dbc733c21ffa3922e8141eabfcf0b401a342c772391151fc8d75f49fe831,1,5415,5415,4920
1779353577319882169,normal_tip,A,0x0a3b38bd93adc79186d6ccda8d57d7b85af84444,币安队长,32500000000000000,24173548640517852,-8326451359482151,-0.008326,-5.44,-0.256199,5589,6614,653.73,99551997,99552012,6,1,kol_sell,0xb275dbc733c21ffa3922e8141eabfcf0b401a342c772391151fc8d75f49fe831,1,5415,5415,4920
1779353589022935233,normal_tip,A,0xe42fe2c48cd9fbcba20f12c75518a7cf1a734444,BGPT,32500000000000000,41151112849896704,8651112849896704,0.008651,5.66,0.266188,8965,9530,653.73,99552023,99552059,16,1,kol_sell,0x4c48a57e171152b251f5ee6283c435ce143fc18cebf7f1953ae14bf09070bb7e,4,9189,13513,12067
1779353589022934093,fast_tip,A,0xe42fe2c48cd9fbcba20f12c75518a7cf1a734444,BGPT,32500000000000000,41151112849896704,8651112849896704,0.008651,5.66,0.266188,8965,9530,653.73,99552023,99552061,17,1,kol_sell,0x4c48a57e171152b251f5ee6283c435ce143fc18cebf7f1953ae14bf09070bb7e,4,9189,13513,12067
1779353945793319916,normal_tip,A,0x44e9f4b7f9dc585cdd464ad00aa7a50b0fea4444,Bchatgpt,55000000000000006,49672546805736264,-5327453194263740,-0.005327,-3.49,-0.096863,26875,29846,654.23,99552813,99552881,31,1,kol_sell,0x1779a4e7f41614fd8915937675fbad8ab9a5aabaf8d97a0b7ff7e97f7ae5e86f,4,35434,9466,26955
1779353945793318046,fast_tip,A,0x44e9f4b7f9dc585cdd464ad00aa7a50b0fea4444,Bchatgpt,55000000000000006,49672546805736264,-5327453194263740,-0.005327,-3.49,-0.096863,26875,29846,654.23,99552813,99552883,31,1,kol_sell,0x1779a4e7f41614fd8915937675fbad8ab9a5aabaf8d97a0b7ff7e97f7ae5e86f,4,35434,9466,26955
1779355270970034099,normal_tip,O,0x432e1b949dec1976d035e3b810330852cffb4444,币安队长,35000000000000000,49098779626191592,14098779626191590,0.014099,9.23,0.402822,32284,33555,654.66,99555753,99555799,21,1,kol_sell,0x512b95138349134929f3161d8c4bb0dded54a35395276f2f20d083df912bcfd5,1,37612,57518,47071
1779355270970032409,fast_tip,O,0x432e1b949dec1976d035e3b810330852cffb4444,币安队长,35000000000000000,49098779626191592,14098779626191590,0.014099,9.23,0.402822,32284,33555,654.66,99555753,99555800,21,1,kol_sell,0x512b95138349134929f3161d8c4bb0dded54a35395276f2f20d083df912bcfd5,1,37612,57518,47071
1779355462025008399,fast_tip,D,0xc728f0ea2d860ec3773d6f624fe94fa1bf8c4444,啥币,34500000000000000,47079388918846176,12579388918846176,0.012579,8.24,0.364620,5070,6125,654.77,99556177,99556202,11,1,kol_sell,0x095237e72b694ca2d6bf19417f021646a73fa5a1d9148d0f757edea2502a726d,2,11879,7417,8359
1779355462025009379,normal_tip,D,0xc728f0ea2d860ec3773d6f624fe94fa1bf8c4444,啥币,34500000000000000,47079388918846176,12579388918846176,0.012579,8.24,0.364620,5070,6125,654.77,99556177,99556204,12,1,kol_sell,0x095237e72b694ca2d6bf19417f021646a73fa5a1d9148d0f757edea2502a726d,2,11879,7417,8359
1779356521089239961,fast_tip,B,0x8125663450be613a6f19275773dfcdb6c2974444,凳子,32500000000000000,42914393052749080,10414393052749076,0.010414,6.80,0.320443,10374,10509,652.52,99558528,99558548,9,1,kol_sell,0x294b8ecef933051734001a5683d66fb9898c4b209499a9714afbce18ccd6ffba,4,16413,10009,13876
1779356521089241471,normal_tip,B,0x8125663450be613a6f19275773dfcdb6c2974444,凳子,32500000000000000,42914393052749080,10414393052749076,0.010414,6.80,0.320443,10374,10509,652.52,99558528,99558550,10,1,kol_sell,0x294b8ecef933051734001a5683d66fb9898c4b209499a9714afbce18ccd6ffba,4,16413,10009,13876
1779357040267370194,normal_tip,B,0x82c002a92b6c14128ce8e55aa277c323514a4444,甜瓜麝香,32500000000000000,30443049440524924,-2056950559475075,-0.002057,-1.34,-0.063291,13786,12671,653.03,99559680,99559701,10,1,kol_sell,0x30103c29801aa5751c017d39c3df426e4ea4796807f336c86e67f06bede64e58,1,13146,13146,11869
1779357040267368254,fast_tip,B,0x82c002a92b6c14128ce8e55aa277c323514a4444,甜瓜麝香,32500000000000000,30443049440524924,-2056950559475075,-0.002057,-1.34,-0.063291,13786,12671,653.03,99559680,99559703,10,1,kol_sell,0x30103c29801aa5751c017d39c3df426e4ea4796807f336c86e67f06bede64e58,1,13146,13146,11869
1779357621279151276,fast_tip,B,0x6c5745139d3854bb3bcc16ab630e5a34d0cc4444,瞅你咋地,35000000000000000,48444393723534744,13444393723534738,0.013444,8.77,0.384126,9475,11246,652.64,99560969,99560980,5,1,kol_sell,0xc593f5c5de7b65cb3d539fe2cf53daedaea7c85b40562f00e119a4383c68492f,8,15573,16720,15566
1779357621279152426,normal_tip,B,0x6c5745139d3854bb3bcc16ab630e5a34d0cc4444,瞅你咋地,35000000000000000,48444393723534744,13444393723534738,0.013444,8.77,0.384126,9475,11246,652.64,99560969,99560982,6,1,kol_sell,0xc593f5c5de7b65cb3d539fe2cf53daedaea7c85b40562f00e119a4383c68492f,8,15573,16720,15566
1779357623472049969,fast_tip,A,0x6c5745139d3854bb3bcc16ab630e5a34d0cc4444,瞅你咋地,32500000000000000,36211087254030128,3711087254030125,0.003711,2.42,0.114187,12361,12644,652.64,99560974,99560986,5,1,kol_sell,0xb8f9ff83f2e853660a1f579e9b0fce202bb20d56ad47894e7cc687e85d1bd6b9,4,15878,7835,14087
1779357623472051419,normal_tip,A,0x6c5745139d3854bb3bcc16ab630e5a34d0cc4444,瞅你咋地,32500000000000000,36211087254030128,3711087254030125,0.003711,2.42,0.114187,12361,12644,652.64,99560974,99560988,6,1,kol_sell,0xb8f9ff83f2e853660a1f579e9b0fce202bb20d56ad47894e7cc687e85d1bd6b9,4,15878,7835,14087
1779357808512804121,normal_tip,C,0xd408aac5c5fe6b0df1f7cf68b81ed1b85a924444,Custom Tabs,33055500000000000,22881509498468544,-10173990501531456,-0.010174,-6.64,-0.307785,8436,11035,653.01,99561384,99561393,4,1,kol_sell,0x903fc59a4ec4575805bbfeb7189ac5863ace5b735c2ab6ea3b8746ff7feb8784,1,9257,9257,7638
1779357808512803051,fast_tip,C,0xd408aac5c5fe6b0df1f7cf68b81ed1b85a924444,Custom Tabs,33055500000000000,22881509498468544,-10173990501531456,-0.010174,-6.64,-0.307785,8436,11035,653.01,99561384,99561395,5,1,kol_sell,0x903fc59a4ec4575805bbfeb7189ac5863ace5b735c2ab6ea3b8746ff7feb8784,1,9257,9257,7638
1779358490049946447,normal_tip,O,0xf3f882d95e59671896dc60472d696b0701d04444,披萨猫,35000000000000000,33358628685870328,-1641371314129676,-0.001641,-1.07,-0.046896,9974,8544,652.82,99562895,99562899,2,1,kol_sell,0x1426e8b2f20afeede075133a7b123626699d1d91ab4412c6a470517a7cfff5c4,1,7142,7142,8143
1779358490049945207,fast_tip,O,0xf3f882d95e59671896dc60472d696b0701d04444,披萨猫,35000000000000000,33358628685870328,-1641371314129676,-0.001641,-1.07,-0.046896,9974,8544,652.82,99562895,99562901,3,1,kol_sell,0x1426e8b2f20afeede075133a7b123626699d1d91ab4412c6a470517a7cfff5c4,1,7142,7142,8143
1779358489364917652,fast_tip,D,0xf3f882d95e59671896dc60472d696b0701d04444,披萨猫,34500000000000000,41500605502816856,7000605502816851,0.007001,4.57,0.202916,4776,8952,652.82,99562893,99562909,7,1,kol_sell,0xed9b5850623f428d574892094ad65398154b4d7301ee36d826ccf76de0708b6b,3,10267,5581,10768
1779358489364918902,normal_tip,D,0xf3f882d95e59671896dc60472d696b0701d04444,披萨猫,34500000000000000,41500605502816856,7000605502816851,0.007001,4.57,0.202916,4776,8952,652.82,99562893,99562910,7,1,kol_sell,0xed9b5850623f428d574892094ad65398154b4d7301ee36d826ccf76de0708b6b,3,10267,5581,10768
1779358539376080774,normal_tip,O,0xd99418322d29db72b99e3df5541e39e4236a4444,CWP,35000000000000000,30941299450862912,-4058700549137092,-0.004059,-2.65,-0.115963,10289,12198,652.94,99563004,99563029,11,1,kol_sell,0x930b1eb18bd166e6305fea9639c0c482ce3e0dd20fb26eeecc021d74858859c3,1,11223,11223,10783
1779358539376079354,fast_tip,O,0xd99418322d29db72b99e3df5541e39e4236a4444,CWP,35000000000000000,30941299450862912,-4058700549137092,-0.004059,-2.65,-0.115963,10289,12198,652.94,99563004,99563031,11,1,kol_sell,0x930b1eb18bd166e6305fea9639c0c482ce3e0dd20fb26eeecc021d74858859c3,1,11223,11223,10783
1779361859363961832,fast_tip,C,0x455fdd4d5e1389b2d93a3d5c9a50a543df4a4444,币甲神谕,33055500000000000,30033716815077460,-3021783184922542,-0.003022,-1.96,-0.091415,4957,4957,648.04,99570368,99570396,13,1,kol_sell,0xb7b2c1080b32c92909a478a1f4ad64e2fa7a07364294c594e84ce0978c1f7d13,2,5306,4747,4504
1779361859363963252,normal_tip,C,0x455fdd4d5e1389b2d93a3d5c9a50a543df4a4444,币甲神谕,33055500000000000,30033716815077460,-3021783184922542,-0.003022,-1.96,-0.091415,4957,4957,648.04,99570368,99570398,13,1,kol_sell,0xb7b2c1080b32c92909a478a1f4ad64e2fa7a07364294c594e84ce0978c1f7d13,2,5306,4747,4504
1779362123789222344,normal_tip,O,0xc847c1669b8c07cfcae56ae34f03d45575a14444,Snoo,35000000000000000,25100107747496996,-9899892252503008,-0.009900,-6.42,-0.282854,9107,10883,648.49,99570955,99571015,27,1,kol_sell,0x99b14b8226af546a2e0b1512eae00c9c513626bcc4c3cb8d1d847d3eb56a4563,1,8673,8673,7805
1779362123789221044,fast_tip,O,0xc847c1669b8c07cfcae56ae34f03d45575a14444,Snoo,35000000000000000,25100107747496996,-9899892252503008,-0.009900,-6.42,-0.282854,9107,10883,648.49,99570955,99571017,28,1,kol_sell,0x99b14b8226af546a2e0b1512eae00c9c513626bcc4c3cb8d1d847d3eb56a4563,1,8673,8673,7805
1779372025978976596,fast_tip,B,0x14d99f7f8cc69fe4ecfec9e952bfdb3e09274444,3,35000000000000000,18514494776526083,-16485505223473917,-0.016486,-10.70,-0.471014,0,0,648.88,99592923,99592936,6,1,kol_sell,0xc887e81b6076547c5240d38c37b361da10e7b090f20045164f3b40cf7e77546b
1779372025978978006,normal_tip,B,0x14d99f7f8cc69fe4ecfec9e952bfdb3e09274444,3,35000000000000000,18514494776526083,-16485505223473917,-0.016486,-10.70,-0.471014,0,0,648.88,99592923,99592938,6,1,kol_sell,0xc887e81b6076547c5240d38c37b361da10e7b090f20045164f3b40cf7e77546b
1779372034916694941,fast_tip,B,0x4eed277685c9f9b7655d68bae3d7cecf06be4444,三人行必有我师,35000000000000000,26501482287376558,-8498517712623442,-0.008499,-5.51,-0.242815,0,0,648.88,99592943,99592948,2,1,kol_sell,0xbcad6e17fabe04ae831c35d97a49fdd1d2fdda277a4dcfa4db368ba1a19483fb
1779372034916696821,normal_tip,B,0x4eed277685c9f9b7655d68bae3d7cecf06be4444,三人行必有我师,35000000000000000,26501482287376558,-8498517712623442,-0.008499,-5.51,-0.242815,0,0,648.88,99592943,99592951,3,1,kol_sell,0xbcad6e17fabe04ae831c35d97a49fdd1d2fdda277a4dcfa4db368ba1a19483fb
1779372040390060217,fast_tip,B,0x4eed277685c9f9b7655d68bae3d7cecf06be4444,三人行必有我师,35000000000000000,23140568691476736,-11859431308523264,-0.011859,-7.70,-0.338841,0,0,649.21,99592955,99593023,30,1,kol_sell,0xac1943e4b68920ec327586b96eb770b89d796e804b624fd07aa886ed21429084
1779372040390061517,normal_tip,B,0x4eed277685c9f9b7655d68bae3d7cecf06be4444,三人行必有我师,35000000000000000,23140568691476736,-11859431308523264,-0.011859,-7.70,-0.338841,0,0,649.21,99592955,99593023,30,1,kol_sell,0xac1943e4b68920ec327586b96eb770b89d796e804b624fd07aa886ed21429084
1779300614779415138,normal_tip,O,0x06a96044e8b835812359ad9e7c4c0a8847c84444,OPAI,35000000000000000,18452327432452590,-16547672567547410,-0.016548,-10.74,-0.472791,0,0,648.75,99421228,99593938,71870,1,kol_sell,0x4628f00c85f9e61c4086932cffe9a9b6ba62acff85ed6020ed25115904bdcb6d
1779300614779432547,fast_tip,O,0x06a96044e8b835812359ad9e7c4c0a8847c84444,OPAI,35000000000000000,18452327432452590,-16547672567547410,-0.016548,-10.74,-0.472791,0,0,648.75,99421228,99593943,71871,1,kol_sell,0x4628f00c85f9e61c4086932cffe9a9b6ba62acff85ed6020ed25115904bdcb6d
1779372786756087872,fast_tip,D,0x9651510c764afc00c1b06e55838d61844c62ffff,PreList,34500000000000000,39869400158661560,5369400158661560,0.005369,3.48,0.155635,0,0,648.73,99594610,99594692,37,1,kol_sell,0x79119ce6e0fc43dd9e79dd56f020b5fd7046fae85a4047dfc9bc1da7e13e50d3
1779372786756089102,normal_tip,D,0x9651510c764afc00c1b06e55838d61844c62ffff,PreList,34500000000000000,40299193977582072,5799193977582072,0.005799,3.76,0.168093,0,0,648.73,99594610,99594695,38,1,kol_sell,0x79119ce6e0fc43dd9e79dd56f020b5fd7046fae85a4047dfc9bc1da7e13e50d3
1779374315471564954,normal_tip,A,0x1f6d93f4c86b040d07c62601d4873f39b3264444,moondog,32500000000000000,29027075025099952,-3472924974900048,-0.003473,-2.26,-0.106859,0,0,650.22,99598003,99598016,6,1,kol_sell,0x15709be0fef3fa6c5a21ac664de289a788116a60d8ab6fad6572544fbf6bb76b
1779374315471563604,fast_tip,A,0x1f6d93f4c86b040d07c62601d4873f39b3264444,moondog,32500000000000000,32126022515776208,-373977484223792,-0.000374,-0.24,-0.011507,0,0,650.22,99598003,99598019,7,1,kol_sell,0x15709be0fef3fa6c5a21ac664de289a788116a60d8ab6fad6572544fbf6bb76b
1779374563404309344,fast_tip,A,0xc42a91f28476f4c39f156b0d1f9b328de9454444,BROWN,34000000000000000,29895273040942476,-4104726959057524,-0.004105,-2.66,-0.120727,0,0,648.54,99598554,99599026,214,1,kol_sell,0x6eaf796900a65429067c8013dbd320457024009c4286fa994f8242ca970440b8
1779374563404310814,normal_tip,A,0xc42a91f28476f4c39f156b0d1f9b328de9454444,BROWN,34000000000000000,29895273040942476,-4104726959057524,-0.004105,-2.66,-0.120727,0,0,648.54,99598554,99599030,214,1,kol_sell,0x6eaf796900a65429067c8013dbd320457024009c4286fa994f8242ca970440b8
